{"type": "FeatureCollection", "crs": {"type": "name", "properties": {"name": "EPSG:32644"}}, "features": [{"type": "Feature", "geometry": {"type": "MultiPolygon", "coordinates": [[[[80.29209854461267, 13.177597874471934], [80.29209854461267, 13.17749973184334], [80.29189795251236, 13.177499771229671], [80.29189795251236, 13.177597826805867], [80.29179982462215, 13.177597841742696], [80.29179982462215, 13.177401643708777], [80.29189795251236, 13.177401628726448], [80.29189795251236, 13.177299136019132], [80.29170169661799, 13.177299078982122], [80.29170169661799, 13.176897809736069], [80.29159914677956, 13.176897743846576], [80.29159914677956, 13.177098465261532], [80.29150110357554, 13.177098483410493], [80.29150110357554, 13.17720097585327], [80.2913004250235, 13.177201011609519], [80.2913004250235, 13.17709843220996], [80.29139846846037, 13.177098414150054], [80.29139846846037, 13.177000359090556], [80.29150110357554, 13.177000341321776], [80.29150110357554, 13.176701565271163], [80.29139846846037, 13.176701583112415], [80.29139846846037, 13.176599004108487], [80.29119787469806, 13.176599043286055], [80.29119787469806, 13.176500901669003], [80.29109974599486, 13.17650091654926], [80.29109974599486, 13.176599058143548], [80.29089906648962, 13.176599006815714], [80.29089906648962, 13.176701585698495], [80.29080102247329, 13.176701603628707], [80.29080102247329, 13.17679965830984], [80.29050221286153, 13.176799708165952], [80.29050221286153, 13.176701566549129], [80.2903996615674, 13.176701587155668], [80.2903996615674, 13.177401630775428], [80.29030153193726, 13.177401645092173], [80.29030153193726, 13.177597842430908], [80.29019898039961, 13.177597862727039], [80.29019898039961, 13.177700442278786], [80.29030153193726, 13.177700422007513], [80.29030153193726, 13.177798477374576], [80.29050221286153, 13.177798529814924], [80.29050221286154, 13.177901109608728], [80.29069838650778, 13.177901077755514], [80.29069838650778, 13.177597862782125], [80.29089906648962, 13.177597827761042], [80.29089906648962, 13.177901042878249], [80.29100161717768, 13.177901109336464], [80.29100161717768, 13.177999165026959], [80.29109974599486, 13.177999150537806], [80.29109974599486, 13.178199873525443], [80.29119787469806, 13.178199859039255], [80.29119787469806, 13.178297915015044], [80.2913004250235, 13.178297981431054], [80.2913004250235, 13.178498617998534], [80.29150110357554, 13.178498582857708], [80.29150110357554, 13.17860116348164], [80.29159914677956, 13.178601145680847], [80.29159914677956, 13.178801782887922], [80.29170169661799, 13.178801849240164], [80.29170169661799, 13.178297907547481], [80.29179982462215, 13.178297979822954], [80.29179982462215, 13.177901057505828], [80.29189795251236, 13.17790104263932], [80.29189795251236, 13.177999185543763], [80.29200050198811, 13.177999164556105], [80.29200050198811, 13.177597892726848], [80.29209854461267, 13.177597874471934]], [[80.29050221286153, 13.177401697344004], [80.29050221286153, 13.177499752517827], [80.2903996615674, 13.177499772930908], [80.2903996615674, 13.177401630775428], [80.29050221286153, 13.177401697344004]], [[80.29170169661799, 13.177901072328734], [80.29170169661799, 13.177700436552215], [80.29179982462215, 13.17770042168277], [80.29179982462215, 13.177901057505828], [80.29170169661799, 13.177901072328734]], [[80.29119787469806, 13.176897818871655], [80.29119787469806, 13.17679967701454], [80.29139846846037, 13.176799637932074], [80.29139846846037, 13.176897779835715], [80.29119787469806, 13.176897818871655]], [[80.2906983865078, 13.177401665259216], [80.29069838650778, 13.177299085837202], [80.29080102247329, 13.177299068466164], [80.29080102247329, 13.17740164791306], [80.2906983865078, 13.177401665259216]], [[80.29089906648962, 13.177499772416466], [80.29089906648962, 13.177299137679853], [80.29100161717768, 13.177299116986298], [80.29100161717768, 13.177401696481894], [80.29109974599486, 13.17740168185416], [80.29109974599486, 13.177499737166544], [80.29089906648962, 13.177499772416466]], [[80.29119787469806, 13.177499722517956], [80.29119787469806, 13.177597864937503], [80.29150110357554, 13.17759789561536], [80.29150110357554, 13.177700388477158], [80.2913004250235, 13.177700423996553], [80.2913004250235, 13.177798479595262], [80.29139846846037, 13.17779854870347], [80.29139846846037, 13.177901041708735], [80.29119787469806, 13.177901080269079], [80.29119787469806, 13.177700444731585], [80.29100161717768, 13.177700386886283], [80.29100161717768, 13.177597894145551], [80.29109974599486, 13.17759787956333], [80.29109974599486, 13.177499737166544], [80.29119787469806, 13.177499722517956]], [[80.29050221286153, 13.177299117969557], [80.29050221286153, 13.177000341893946], [80.29060034225864, 13.177000327394971], [80.29060034225864, 13.176897748333772], [80.29069838650778, 13.176897817543207], [80.2906983865078, 13.177201030778965], [80.29060034225864, 13.177200961499047], [80.29060034225864, 13.177299103539887], [80.29050221286153, 13.177299117969557]]], [[[80.29200050198811, 13.179501857480119], [80.29200050198811, 13.179399362986022], [80.29209854461267, 13.179399345148486], [80.29209854461267, 13.179599983903215], [80.29220117887745, 13.179599966439692], [80.29220117887745, 13.179800692580033], [80.29229922126915, 13.1798006747464], [80.29229922126915, 13.179898732262284], [80.29240177025788, 13.179898798556218], [80.29240177025788, 13.180001293566482], [80.292499897449, 13.180001278919624], [80.292499897449, 13.180099423650782], [80.29270057315219, 13.180099388179277], [80.29270057315219, 13.1802019704381], [80.29279869999625, 13.180201955705012], [80.29279869999625, 13.180300100666688], [80.29290124837874, 13.180300079818341], [80.29290124837874, 13.180201934832883], [80.29310183809707, 13.180201982824117], [80.29310183809707, 13.180099400467967], [80.2932980907391, 13.180099457562], [80.2932980907391, 13.180001312645588], [80.29340063851544, 13.180001291492962], [80.29340063851544, 13.179898796240632], [80.2932980907391, 13.179898730410295], [80.2932980907391, 13.179800672662823], [80.29310183809707, 13.179800615707565], [80.29310183809707, 13.179898760417244], [80.29290124837875, 13.17989879957765], [80.29290124837875, 13.179600015449445], [80.29279869999625, 13.179600036467422], [80.29279869999625, 13.179301253142194], [80.29290124837874, 13.179301232051827], [80.29290124837875, 13.17919865050051], [80.29279869999625, 13.179198671615731], [80.29279869999625, 13.179100614545833], [80.29290124837875, 13.179100593406856], [80.29290124837875, 13.178998012023987], [80.29270057315219, 13.178998048200082], [80.29270057315219, 13.178801847499614], [80.29249989744899, 13.178801796579554], [80.292499897449, 13.178601158945115], [80.29229922126915, 13.178601194944754], [80.29229922126915, 13.178498614127196], [80.29240177025788, 13.17849859307426], [80.29240177025788, 13.178400536658245], [80.29229922126915, 13.178400470728425], [80.29229922126915, 13.178297977085851], [80.29200050198811, 13.17829794413325], [80.29200050198811, 13.178400524709858], [80.29220117887745, 13.178400488886455], [80.29220117887745, 13.17849863226249], [80.29200050198811, 13.178498581032818], [80.29200050198811, 13.17860116177789], [80.29209854461267, 13.178601143755426], [80.29209854461267, 13.178801781199427], [80.29200050198811, 13.178801799175409], [80.29200050198811, 13.178997999551019], [80.29189795251236, 13.17899802029664], [80.29189795251236, 13.178899876589824], [80.29179982462215, 13.178899891224674], [80.29179982462215, 13.17880183462617], [80.29170169661799, 13.178801849240164], [80.29170169661799, 13.179198687384732], [80.29179982462215, 13.179198672862764], [80.29179982462215, 13.179301254146948], [80.29189795251236, 13.179301239605177], [80.29189795251236, 13.179501878103645], [80.29200050198811, 13.179501857480119]], [[80.29240177025788, 13.179100593328096], [80.29249989744899, 13.179100578472354], [80.29249989744899, 13.179198635472943], [80.29240177025788, 13.179198650305942], [80.29240177025788, 13.179100593328096]]], [[[80.29119787469806, 13.178998056110679], [80.29119787469806, 13.17889991256631], [80.29100161717768, 13.178899941170354], [80.29100161717768, 13.178699217079126], [80.29080102247329, 13.178699254900677], [80.29080102247329, 13.17860119869479], [80.29069838650778, 13.178601128743608], [80.29069838650778, 13.178498635320699], [80.29060034225864, 13.178498565739165], [80.29060034225864, 13.178400509740888], [80.2903996615674, 13.17840045710371], [80.2903996615674, 13.17869923653115], [80.2906983865078, 13.17869927193204], [80.29069838650778, 13.178899908872866], [80.29080102247329, 13.178899891890174], [80.29080102247329, 13.178998035342413], [80.2906983865078, 13.178998052301305], [80.29069838650778, 13.179198689732765], [80.29060034225864, 13.179198706995257], [80.29060034225864, 13.179399344709685], [80.29069838650778, 13.17939932749369], [80.29069838650778, 13.179501908679141], [80.29100161717768, 13.179501854401444], [80.29100161717768, 13.179599998383765], [80.29109974599486, 13.179599984265915], [80.29109974599486, 13.179800622876217], [80.29119787469806, 13.179800695768593], [80.29119787469806, 13.180001334755014], [80.2913004250235, 13.18000131457759], [80.2913004250235, 13.179898732826844], [80.29139846846037, 13.179898715415783], [80.29139846846037, 13.180001297190303], [80.29150110357554, 13.180001280149442], [80.29150110357554, 13.180202006616721], [80.29159914677956, 13.180201989186843], [80.29159914677956, 13.180300046862444], [80.29170169661799, 13.180300113578829], [80.29170169661799, 13.18009938685519], [80.29159914677956, 13.180099407195172], [80.29159914677956, 13.180001349680579], [80.29170169661799, 13.180001329316832], [80.29170169661799, 13.179800690091376], [80.29159914677956, 13.179800623496373], [80.29159914677956, 13.179599984649117], [80.29150110357554, 13.179600002218482], [80.29150110357554, 13.179399363747175], [80.29139846846037, 13.179399293926979], [80.29139846846037, 13.179100599088722], [80.2913004250235, 13.17910061668471], [80.2913004250235, 13.178998035690112], [80.29119787469806, 13.178998056110679]], [[80.29150110357554, 13.179698059388269], [80.29139846846037, 13.179698076502683], [80.29139846846037, 13.179600019356675], [80.29150110357554, 13.179600002218482], [80.29150110357554, 13.179698059388269]]], [[[80.29390002570011, 13.181000142995204], [80.293998151151, 13.181000127914267], [80.293998151151, 13.181098273795271], [80.29410069807753, 13.181098252583332], [80.29410069807753, 13.181499537900441], [80.29430136997826, 13.181499588647354], [80.29430136997826, 13.181700231895256], [80.29439949496296, 13.181700216798298], [80.29439949496296, 13.181798363334615], [80.29450204140228, 13.181798342105907], [80.29450204140228, 13.181998985939408], [80.29460016615386, 13.18199897082255], [80.29460016615386, 13.182199615031932], [80.29450204140228, 13.18219963010227], [80.29450204140228, 13.182302214560833], [80.29439949496296, 13.182302235667484], [80.29439949496296, 13.182199651233773], [80.29430136997826, 13.182199666214938], [80.29430136997826, 13.182699102575274], [80.29439949496296, 13.182699087709905], [80.29439949496296, 13.182801672562748], [80.29450204140228, 13.182801651577082], [80.29450204140228, 13.182997859534607], [80.29460016615386, 13.182997844649325], [80.29460016615386, 13.18319849049827], [80.29489887624278, 13.183198523397337], [80.29489887624278, 13.18310037562094], [80.29500142207586, 13.183100354475714], [80.29500142207586, 13.182997856236605], [80.29520209183681, 13.182997819866157], [80.29520209183681, 13.182400320947332], [80.29500142207587, 13.182400270591089], [80.29500142207586, 13.182199625862024], [80.29480083686806, 13.182199665657466], [80.29480083686806, 13.181999021352821], [80.2946982057615, 13.181998952433121], [80.2946982057615, 13.181900892675948], [80.29460016615386, 13.181900911088091], [80.29460016615386, 13.181602120864937], [80.29450204140228, 13.1816021360738], [80.29450204140228, 13.181298909189168], [80.29439949496296, 13.181298930538853], [80.29439949496296, 13.181098287903207], [80.29430136997826, 13.181098216130858], [80.29430136997826, 13.18100015718833], [80.29439949496296, 13.181000141929077], [80.29439949496296, 13.180902083042502], [80.29430136997826, 13.180902011315768], [80.29430136997826, 13.180799515089731], [80.29419882329533, 13.180799536467214], [80.29419882329533, 13.18100017851721], [80.29410069807753, 13.181000193687298], [80.29410069807753, 13.180799464675214], [80.293998151151, 13.18079948595953], [80.293998151151, 13.180701427326994], [80.29390002570011, 13.180701355468695], [80.29390002570011, 13.18050071405102], [80.29380198516611, 13.18050073243312], [80.29380198516611, 13.180300091391342], [80.29390002570013, 13.18030007296277], [80.29390002570013, 13.180099432203933], [80.29380198516611, 13.18009945067899], [80.29380198516611, 13.18020194619687], [80.29369943787698, 13.180201967487234], [80.29369943787698, 13.180500753651101], [80.29360131207912, 13.180500768715097], [80.29360131207912, 13.180701409991167], [80.29369943787698, 13.180701394973692], [80.29369943787698, 13.180799453536961], [80.29390002570013, 13.180799501086993], [80.29390002570011, 13.181000142995204]]], [[[80.2932980907391, 13.181999029661435], [80.2932980907391, 13.182101526650309], [80.29340063851544, 13.182101593015894], [80.29340063851544, 13.182199652633283], [80.29349876454638, 13.182199638052357], [80.29349876454638, 13.182302222267623], [80.29369943787698, 13.182302186932935], [80.29369943787698, 13.182199689678555], [80.29380198516611, 13.182199668872158], [80.29380198516611, 13.181999025041279], [80.29369943787698, 13.18199895888691], [80.29369943787698, 13.18170025606946], [80.29360131207912, 13.181700270855345], [80.29360131207912, 13.181602124582998], [80.29349876454638, 13.181602145440968], [80.29349876454638, 13.181499561813268], [80.29340063851544, 13.181499576556519], [80.29340063851544, 13.181401430491892], [80.29319996447508, 13.181401465982132], [80.29319996447508, 13.181602108546508], [80.29310183809707, 13.181602123133212], [80.29310183809707, 13.181700269289662], [80.29299928995806, 13.18170020288289], [80.29299928995806, 13.181798349094304], [80.29290124837874, 13.181798366775933], [80.29290124837874, 13.18230223732409], [80.29299928995806, 13.182302219759181], [80.29299928995806, 13.182101576140736], [80.29310183809707, 13.182101555635708], [80.29310183809707, 13.181998971685122], [80.2932980907391, 13.181999029661435]]], [[[80.2959022214982, 13.18389860463081], [80.2959022214982, 13.18380045605961], [80.29579967675875, 13.183800477453618], [80.29579967675875, 13.183501681740216], [80.29559900841753, 13.183501718414899], [80.29559900841753, 13.183399132683737], [80.29539833959957, 13.183399169224664], [80.29539833959957, 13.183198522667793], [80.29530021577519, 13.183198450850682], [80.29530021577519, 13.183301036340998], [80.29509954624736, 13.183301072656885], [80.29509954624736, 13.183399133630298], [80.29489887624278, 13.183399169717326], [80.29489887624278, 13.183599816366629], [80.29500142207586, 13.183599795342376], [80.29500142207586, 13.183697943543509], [80.29509954624736, 13.183697928598608], [80.29509954624736, 13.183800427448443], [80.29520209183681, 13.183800493390553], [80.29520209183681, 13.183898554788327], [80.29530021577519, 13.18389853980075], [80.29530021577519, 13.183800478380245], [80.29570155340062, 13.183800492685869], [80.29570155340062, 13.184099202048975], [80.29579967675875, 13.184099273897253], [80.29579967675875, 13.18429992212276], [80.29629904976044, 13.184299917427131], [80.29629904976044, 13.18409926896482], [80.29609838260566, 13.184099218798726], [80.29609838260566, 13.184001157032275], [80.29600025959456, 13.184001085339487], [80.29600025959456, 13.183898586103208], [80.2959022214982, 13.18389860463081]]], [[[80.29819864686186, 13.185200664156055], [80.29789986341677, 13.185200631077933], [80.29789986341677, 13.185098043363492], [80.29769920006571, 13.185098081190311], [80.29769920006571, 13.184901868379622], [80.29760107891452, 13.184901884200748], [80.29760107891452, 13.184999947037847], [80.29749853623781, 13.18499996893038], [80.29749853623781, 13.184901906117032], [80.2972978719331, 13.184901856659861], [80.2972978719331, 13.184799269342019], [80.29749853623781, 13.184799318750493], [80.29749853623781, 13.18470116908598], [80.29740041485348, 13.184701184864444], [80.29740041485348, 13.184598684702088], [80.2972978719331, 13.184598619586621], [80.2972978719331, 13.184701206736124], [80.2969991703286, 13.184701176020706], [80.2969991703286, 13.184598675955552], [80.29719975031563, 13.184598635299679], [80.29719975031563, 13.184500572877427], [80.29710171361164, 13.18450059179823], [80.29710171361164, 13.184398004864603], [80.2969991703286, 13.184398026670964], [80.2969991703286, 13.18450052656792], [80.29690104836402, 13.184500542170968], [80.29690104836402, 13.184598691535856], [80.29670038263961, 13.184598641679695], [80.29670038263961, 13.184500579373173], [80.29659783886925, 13.184500513956552], [80.29659783886925, 13.18439801415683], [80.29640159389358, 13.184397957998492], [80.29640159389358, 13.184299895922159], [80.29629904976044, 13.184299917427131], [80.29629904976044, 13.184500566218722], [80.29640159389358, 13.18450054476234], [80.29640159389358, 13.184799343341894], [80.2964997164384, 13.184799328030058], [80.2964997164384, 13.184901828142438], [80.29659783886925, 13.184901899822774], [80.29659783886925, 13.18479931267461], [80.29679850483731, 13.184799275707181], [80.29679850483731, 13.184901862903969], [80.29719975031563, 13.184901872302637], [80.29719975031563, 13.184999935046731], [80.29740041485348, 13.184999984639598], [80.29740041485348, 13.185098047508871], [80.29749853623781, 13.185098031822381], [80.29749853623781, 13.185200619439522], [80.29760107891452, 13.18520059759557], [80.29760107891452, 13.185298747684746], [80.29789986341677, 13.185298694223848], [80.29789986341677, 13.185401282106625], [80.29819864686186, 13.185401315326455], [80.29819864686186, 13.185499378702538], [80.29830118868841, 13.185499356605764], [80.29830118868841, 13.18560194475416], [80.29850185060896, 13.185601906618977], [80.29850185060896, 13.185499405434813], [80.29839930902608, 13.185499427624784], [80.29839930902608, 13.185298689185561], [80.29819864686186, 13.185298727371226], [80.29819864686186, 13.185200664156055]]], [[[80.29410069807753, 13.18429987089778], [80.29410069807753, 13.184500518646685], [80.29419882329533, 13.184500591299392], [80.29419882329533, 13.184701239424234], [80.29430136997826, 13.184701218991918], [80.29430136997826, 13.184799280903318], [80.29439949496296, 13.18479926652484], [80.29439949496296, 13.185000002246637], [80.29450204140228, 13.184999981793487], [80.29450204140228, 13.185098043991006], [80.29460016615386, 13.185098029592611], [80.29460016615386, 13.185200616507016], [80.29439949496296, 13.185200651286177], [80.29439949496296, 13.185499363150548], [80.29430136997826, 13.185499377366709], [80.29430136997826, 13.185601964545365], [80.29419882329533, 13.185601984759487], [80.29419882329533, 13.186199497907658], [80.29430136997826, 13.186199477838286], [80.29430136997826, 13.186101327791608], [80.29439949496296, 13.186101400727438], [80.29439949496296, 13.185998813106016], [80.29450204140228, 13.185998792894805], [80.29450204140228, 13.185700079738066], [80.29460016615386, 13.185700065479232], [80.29460016615386, 13.185601915764064], [80.29489887624278, 13.185601950360816], [80.29489887624278, 13.185499363037286], [80.29500142207587, 13.185499429485269], [80.29500142207587, 13.185298692657994], [80.29509954624736, 13.185298765096181], [80.29509954624736, 13.185200615587256], [80.29520209183681, 13.185200594857543], [80.29520209183681, 13.184999945437436], [80.29530021577519, 13.18499993070518], [80.29530021577519, 13.184701219424886], [80.29520209183681, 13.184701234226388], [80.29520209183681, 13.184598647584991], [80.29530021577519, 13.184598632759712], [80.29530021577519, 13.184500570777699], [80.29520209183681, 13.18450058562572], [80.29520209183681, 13.184299850342995], [80.29509954624736, 13.184299871290879], [80.29509954624736, 13.184201809595002], [80.29500142207586, 13.184201824423088], [80.29500142207586, 13.18409923824938], [80.29480083686806, 13.184099190133649], [80.29480083686806, 13.184001128667967], [80.29460016615386, 13.184001164198142], [80.29460016615386, 13.183898578290092], [80.29450204140228, 13.183898592966555], [80.29450204140228, 13.183800444720204], [80.29430136997826, 13.183800480073955], [80.29430136997826, 13.18369789440676], [80.293998151151, 13.183697950208913], [80.293998151151, 13.184001095672572], [80.29390002570011, 13.184001110057734], [80.29390002570013, 13.184099258325501], [80.293998151151, 13.184099243963097], [80.293998151151, 13.18420182989353], [80.29390002570011, 13.184201757221166], [80.29390002570013, 13.184299905650006], [80.29410069807753, 13.18429987089778]], [[80.29480083686806, 13.185098081594218], [80.29500142207586, 13.18509804317209], [80.29500142207587, 13.18520063018381], [80.29480083686806, 13.185200668557327], [80.29480083686806, 13.185098081594218]]], [[[80.2959022214982, 13.187898399950425], [80.2959022214982, 13.188099054457872], [80.29579967675875, 13.188099074810786], [80.29579967675875, 13.188299729598775], [80.29600025959456, 13.188299691785966], [80.29600025959456, 13.188397843990867], [80.29609838260566, 13.188397829691464], [80.29609838260566, 13.188500332722494], [80.29620092698245, 13.188500399342495], [80.29620092698245, 13.188397809272118], [80.29659783886925, 13.188397832386194], [80.29659783886925, 13.188500335538215], [80.29679850483731, 13.188500387339435], [80.29679850483731, 13.18859845287582], [80.29690104836402, 13.188598432179814], [80.29690104836402, 13.188701022588162], [80.2972978719331, 13.188701041498419], [80.2972978719331, 13.188901697984216], [80.29740041485348, 13.188901677129651], [80.29740041485348, 13.189097896218534], [80.2972978719331, 13.189097917025592], [80.2972978719331, 13.189200420933766], [80.29719975031563, 13.189200435580368], [80.29719975031563, 13.189401092838716], [80.2972978719331, 13.189401078238609], [80.2972978719331, 13.189499231628144], [80.29769920006571, 13.189499160692801], [80.29769920006571, 13.189200436730543], [80.29780174249876, 13.189200415761869], [80.29780174249876, 13.189298569107281], [80.29789986341677, 13.189298554215812], [80.29789986341677, 13.189401058437893], [80.29810052629101, 13.189401109483185], [80.29810052629101, 13.189601767497745], [80.29819864686186, 13.189601752543705], [80.29819864686186, 13.189900477838338], [80.29830118868841, 13.189900543823057], [80.29830118868841, 13.190101202751832], [80.2983993090261, 13.190101187824318], [80.29839930902608, 13.19049806892617], [80.29850185060896, 13.190498047946406], [80.29850185060896, 13.190801300507628], [80.29859997071347, 13.190801285653132], [80.29859997071347, 13.19089935345116], [80.29869809070397, 13.19089933857575], [80.29869809070397, 13.191001931349007], [80.298800631924, 13.191001910352407], [80.298800631924, 13.190899317554308], [80.29920195291444, 13.190899332230087], [80.29920195291444, 13.190399943614008], [80.29909932715624, 13.19039996171358], [80.29909932715624, 13.19030180718369], [80.29929998718005, 13.190301857566173], [80.29929998718005, 13.190199265233977], [80.29939810635706, 13.190199249885163], [80.29939810635706, 13.189900523014547], [80.299701305797, 13.189900551253388], [80.299701305797, 13.189200420664331], [80.29950064672698, 13.189200458184889], [80.29950064672697, 13.188901646665041], [80.29939810635706, 13.188901668495298], [80.29939810635706, 13.188799164328774], [80.29929998718005, 13.188799092986596], [80.29929998718005, 13.188598435719873], [80.29909932715624, 13.188598473160798], [80.29909932715624, 13.18870097708681], [80.29900129265765, 13.1887009958788], [80.29900129265765, 13.188500338914581], [80.29909932715624, 13.188500320076148], [80.29909932715624, 13.18839781631827], [80.29900129265765, 13.188397835180421], [80.29900129265765, 13.188299682279487], [80.29909932715624, 13.188299663394615], [80.29909932715624, 13.18800094137306], [80.2988987516813, 13.18800098214341], [80.2988987516813, 13.187300863753029], [80.29900129265765, 13.187300841767213], [80.29900129265765, 13.187002122254098], [80.2988987516813, 13.18700214431223], [80.2988987516813, 13.186801490183404], [80.298800631924, 13.186801419083631], [80.298800631924, 13.186498263236913], [80.29859997071347, 13.186498214205374], [80.29859997071347, 13.186301998730539], [80.29819864686186, 13.186301987320084], [80.29819864686186, 13.186199485622572], [80.29810052629101, 13.186199501364978], [80.29810052629101, 13.186101350437012], [80.29789986341677, 13.18610138797079], [80.29789986341677, 13.185998799500696], [80.29769920006571, 13.18599883690068], [80.29769920006571, 13.185900686226843], [80.29760107891452, 13.185900701816507], [80.29760107891452, 13.185798113587198], [80.29749853623781, 13.185798135286461], [80.29749853623781, 13.185700071833036], [80.29740041485348, 13.185700087380015], [80.29740041485348, 13.18560193701525], [80.29719975031563, 13.185601974149348], [80.29719975031563, 13.185499386267935], [80.2969991703286, 13.185499426497143], [80.2969991703286, 13.185401276386502], [80.29679850483731, 13.185401313251008], [80.29679850483731, 13.185298725635201], [80.29670038263961, 13.185298740964074], [80.29670038263961, 13.185401328556107], [80.29659783886925, 13.185401262920724], [80.29659783886925, 13.185298762365923], [80.2959022214982, 13.185298709538184], [80.2959022214982, 13.185401296936673], [80.29559900841753, 13.185401266705052], [80.29559900841753, 13.18560191697191], [80.29539833959957, 13.185601952468714], [80.29539833959957, 13.18570001535673], [80.29530021577519, 13.185700029970313], [80.29530021577519, 13.185798179926637], [80.29520209183681, 13.18579810746147], [80.29520209183681, 13.185900695109144], [80.29509954624736, 13.18590071566928], [80.29509954624736, 13.186101366518766], [80.29500142207586, 13.186101380906512], [80.29500142207586, 13.186199444103005], [80.29480083686806, 13.186199482003277], [80.29480083686806, 13.186302069890358], [80.2946982057615, 13.186301999924297], [80.2946982057615, 13.186400150224092], [80.29480083686806, 13.186400133201284], [80.29480083686806, 13.186498196590833], [80.29509954624736, 13.186498231549198], [80.29509954624736, 13.186400168090373], [80.29530021577519, 13.186400133243524], [80.29530021577519, 13.186301982804085], [80.29539833959957, 13.186302055342827], [80.29539833959957, 13.186101404022363], [80.2955008848263, 13.186101383372044], [80.2955008848263, 13.185998795483567], [80.29559900841753, 13.185998780850051], [80.29559900841753, 13.185900717675949], [80.29570155340062, 13.185900696883813], [80.29570155340062, 13.185798109115034], [80.29579967675875, 13.185798181358317], [80.29579967675875, 13.185900682138366], [80.2959022214982, 13.185900748265619], [80.2959022214982, 13.185798160448147], [80.29600025959456, 13.185798142360404], [80.29600025959456, 13.185900730201642], [80.29609838260566, 13.185900715323443], [80.29609838260566, 13.18579812745843], [80.29629904976044, 13.185798178430941], [80.29629904976044, 13.185700028242913], [80.29670038263961, 13.18570004253517], [80.29670038263961, 13.185798105803604], [80.29690104836402, 13.185798156229069], [80.29690104836402, 13.185900744288706], [80.2969991703286, 13.18590072901017], [80.2969991703286, 13.185998792508776], [80.29719975031563, 13.185998839529043], [80.29719975031563, 13.186101340816437], [80.2972978719331, 13.186101325451634], [80.2972978719331, 13.186199476193416], [80.29740041485348, 13.186199454684534], [80.29740041485348, 13.186302043201872], [80.29769920006571, 13.18630199072046], [80.29769920006571, 13.186400141716375], [80.29760107891452, 13.186400157190304], [80.29760107891452, 13.186498221228861], [80.29780174249876, 13.1864981841547], [80.29780174249876, 13.186698924279387], [80.29789986341677, 13.186698908785509], [80.29789986341677, 13.186498255627745], [80.29799798422079, 13.186498240043754], [80.29799798422079, 13.186600828956584], [80.29810052629101, 13.186600807219687], [80.29810052629101, 13.18669887153486], [80.29819864686186, 13.186698855908178], [80.29819864686186, 13.186801445037924], [80.29830118868841, 13.186801423256394], [80.29830118868841, 13.187198293561265], [80.29839930902608, 13.187198277961118], [80.29839930902608, 13.187300867558408], [80.29850185060896, 13.18730084580458], [80.29850185060896, 13.18780030795913], [80.29859997071347, 13.187800292409285], [80.29859997071347, 13.18789835780187], [80.29850185060896, 13.187898373328993], [80.29850185060896, 13.188000963538311], [80.29859997071347, 13.18800094803496], [80.29859997071347, 13.18809901358841], [80.29830118868841, 13.18809906602105], [80.29830118868841, 13.187800258038225], [80.29819864686186, 13.18780027957793], [80.29819864686186, 13.187599624471687], [80.29810052629101, 13.18759963988965], [80.29810052629101, 13.187501487838077], [80.29799798422079, 13.187501509356908], [80.29799798422079, 13.187300854835922], [80.29789986341677, 13.187300870233924], [80.29789986341677, 13.187198280757706], [80.29780174249876, 13.187198296135861], [80.29780174249876, 13.18700207990796], [80.29760107891452, 13.187002116743352], [80.29760107891452, 13.18689952759014], [80.29769920006571, 13.186899512231937], [80.29769920006571, 13.18680144784888], [80.29760107891452, 13.186801463229806], [80.29760107891452, 13.186600810045457], [80.29740041485348, 13.186600759875187], [80.29740041485348, 13.186400107115256], [80.29710171361164, 13.186400162352122], [80.29710171361164, 13.186302011494773], [80.29679850483731, 13.186302069277707], [80.29679850483731, 13.18640013305163], [80.29670038263961, 13.186400148125239], [80.29670038263961, 13.186698864544013], [80.2964997164384, 13.18669890052199], [80.2964997164384, 13.18689955334503], [80.29620092698245, 13.186899516767978], [80.29620092698245, 13.187002105581731], [80.29600025959456, 13.187002140961987], [80.29600025959456, 13.187100205112232], [80.2959022214982, 13.187100222898465], [80.2959022214982, 13.187198287104627], [80.29570155340062, 13.187198322120373], [80.29570155340062, 13.187398975384228], [80.29609838260566, 13.187398995229298], [80.29609838260566, 13.187501497423344], [80.29620092698245, 13.187501563800737], [80.29620092698245, 13.187599628397903], [80.29629904976044, 13.187599613824288], [80.29629904976044, 13.187702203249025], [80.29620092698245, 13.187702217798865], [80.29620092698245, 13.187898347393547], [80.2959022214982, 13.187898399950425]], [[80.29620092698245, 13.187398974568064], [80.29629904976044, 13.187398959947942], [80.29629904976044, 13.187501549204395], [80.29620092698245, 13.187501563800737], [80.29620092698245, 13.187398974568064]], [[80.29819864686186, 13.1892004367507], [80.29830118868841, 13.189200415549983], [80.29830118868841, 13.189298569011228], [80.29819864686186, 13.189298503172687], [80.29819864686186, 13.1892004367507]], [[80.2972978719331, 13.186801434327437], [80.29740041485348, 13.18680141296431], [80.29740041485348, 13.186899564291727], [80.2972978719331, 13.186899585631078], [80.2972978719331, 13.186801434327437]], [[80.29719975031563, 13.187002102853215], [80.2972978719331, 13.187002087697163], [80.2972978719331, 13.187100239161827], [80.29719975031563, 13.18710016728142], [80.29719975031563, 13.187002102853215]], [[80.29600025959456, 13.188099036902921], [80.29609838260566, 13.188099022534253], [80.29609838260566, 13.18820161232919], [80.29600025959456, 13.188201626674077], [80.29600025959456, 13.188099036902921]]], [[[80.30060205508596, 13.188598452034963], [80.30060205508596, 13.188701043340416], [80.30070017274976, 13.188701027065733], [80.30070017274976, 13.188799093666962], [80.30079829029951, 13.188799164387053], [80.30079829029951, 13.188901668892633], [80.30090082896882, 13.18890164641192], [80.30090082896882, 13.189200458920142], [80.30099894628536, 13.189200442628339], [80.30099894628536, 13.1892985096991], [80.30119960179428, 13.189298557879043], [80.30119960179428, 13.189499217194498], [80.30130213997613, 13.189499194671987], [80.30130213997613, 13.189601786902413], [80.30140025682624, 13.189601770525183], [80.30140025682624, 13.18969983801058], [80.30160091138123, 13.18969988601616], [80.30160091138123, 13.1901992746051], [80.30140025682624, 13.190199313379445], [80.30140025682624, 13.190101158476995], [80.30130213997613, 13.190101174738556], [80.30130213997613, 13.189998582089403], [80.30110148471094, 13.189998620687183], [80.30110148471094, 13.190199281104235], [80.30090082896882, 13.190199319424536], [80.30090082896882, 13.190301825127987], [80.30079829029951, 13.190301847269815], [80.30079829029951, 13.190399915176872], [80.30070017274976, 13.190399931101643], [80.30070017274976, 13.190101202822232], [80.30060205508596, 13.190101218772574], [80.30060205508596, 13.189998626293036], [80.30049951605376, 13.189998648369443], [80.30049951605376, 13.189797988566738], [80.30029885888084, 13.189797939513586], [80.30029885888084, 13.189900531751377], [80.30040139815677, 13.189900509744449], [80.30040139815677, 13.190101169668772], [80.30049951605376, 13.190101153807614], [80.30049951605376, 13.190199308501219], [80.30060205508596, 13.190199286473383], [80.30060205508596, 13.190498014923008], [80.30070017274976, 13.190497999064576], [80.30070017274976, 13.190600591986579], [80.30079829029951, 13.190600576108297], [80.30079829029951, 13.19069873127179], [80.30090082896882, 13.190698709226016], [80.30090082896882, 13.190899370696016], [80.30099894628536, 13.19089935479773], [80.30099894628536, 13.191198085236437], [80.30110148471094, 13.191198150235742], [80.30110148471094, 13.191300656824472], [80.30119960179428, 13.191300640929937], [80.30119960179428, 13.191501303528545], [80.30130213997613, 13.191501368508263], [80.30130213997613, 13.191599437493313], [80.30149837356231, 13.19159940562061], [80.30149837356231, 13.191701999659415], [80.30169902788408, 13.19170196150757], [80.30169902788408, 13.191800117763282], [80.30189968172888, 13.191800079475474], [80.3018996817289, 13.191898235856401], [80.30199779788445, 13.191898219745408], [80.30199779788445, 13.192098883702116], [80.30219845101907, 13.192098845284153], [80.30219845101907, 13.191701955428874], [80.30210033509674, 13.191701971674522], [80.30210033509674, 13.191599464507814], [80.30219845101907, 13.191599448238422], [80.30219845101907, 13.191501379045757], [80.30210033509674, 13.19150130831999], [80.30210033509674, 13.191198138463927], [80.30230098798759, 13.19119809952617], [80.30230098798759, 13.19089936816874], [80.30219845101907, 13.190899390816453], [80.30219845101907, 13.190698728731423], [80.30230098798759, 13.19069870603515], [80.30230098798759, 13.190600637540568], [80.30219845101907, 13.190600573243325], [80.30219845101907, 13.19049806697544], [80.30210033509674, 13.190497996482751], [80.30210033509674, 13.190199266976], [80.30199779788445, 13.190199289699905], [80.30199779788445, 13.189998628858028], [80.30189968172888, 13.189998645408965], [80.30189968172888, 13.189900490551711], [80.30199779788445, 13.189900560994746], [80.30199779788445, 13.189699900642777], [80.30180156545929, 13.189699846822878], [80.30180156545929, 13.18979800149643], [80.30169902788408, 13.189797937162071], [80.30169902788408, 13.189601801974218], [80.30160091138123, 13.189601731467837], [80.30160091138124, 13.189499226181391], [80.30149837356231, 13.189499161826381], [80.30149837356231, 13.189298502369411], [80.30130213997613, 13.189298535307968], [80.30130213997613, 13.189200468166954], [80.30119960179428, 13.18920040374573], [80.30119960179428, 13.189097898892683], [80.30130213997613, 13.189097876273046], [80.30130213997613, 13.188999809292874], [80.30119960179428, 13.188999744920347], [80.30119960179428, 13.18879908642408], [80.30099894628536, 13.188799125496777], [80.30099894628536, 13.188701058826313], [80.30090082896882, 13.188700988218171], [80.30090082896882, 13.188598483855907], [80.30099894628536, 13.188598467424669], [80.30099894628536, 13.188500400915053], [80.30079829029951, 13.188500352931364], [80.30079829029951, 13.18829969544442], [80.30060205508596, 13.188299728223313], [80.30060205508596, 13.188000918126065], [80.30049951605376, 13.188000940685985], [80.30049951605376, 13.187800284159854], [80.30029885888084, 13.187800323069263], [80.30029885888084, 13.18770217034688], [80.300098201231, 13.187702209120381], [80.300098201231, 13.187599618774712], [80.30020074075063, 13.187599596304066], [80.30020074075063, 13.18750153078012], [80.300098201231, 13.187501553274505], [80.300098201231, 13.187398963097124], [80.30000008286758, 13.18739897940587], [80.30000008286758, 13.187300827074816], [80.29990204941488, 13.187300846590894], [80.29990204941488, 13.187198343643738], [80.29979942450765, 13.187198275830216], [80.29979942450765, 13.186899556004319], [80.299701305797, 13.186899572295966], [80.299701305797, 13.186698917954955], [80.2995987656708, 13.186698853397706], [80.2995987656708, 13.186600788735406], [80.29950064672697, 13.186600805007087], [80.29950064672697, 13.186301999837664], [80.29939810635706, 13.186302022297223], [80.29939810635706, 13.186199433295664], [80.29929998718005, 13.186199449571156], [80.29929998718005, 13.186302038548947], [80.29920195291444, 13.186302057985307], [80.29920195291444, 13.186101404861319], [80.29909932715624, 13.186101336989058], [80.29909932715624, 13.185998835241595], [80.29900129265765, 13.185998767645719], [80.29900129265765, 13.185700051312853], [80.29869809070397, 13.185700025122584], [80.29869809070397, 13.185499373225252], [80.29859997071347, 13.18549938935184], [80.29859997071347, 13.185601977572695], [80.29850185060896, 13.185601906618977], [80.29850185060896, 13.185700057239163], [80.29859997071347, 13.18570004120268], [80.29859997071347, 13.185798104911303], [80.29869809070397, 13.185798175867033], [80.29869809070397, 13.185998828254638], [80.298800631924, 13.185998806046804], [80.298800631924, 13.18610139473525], [80.2988987516813, 13.186101378658972], [80.2988987516813, 13.186199442758642], [80.29900129265765, 13.186199507519643], [80.29900129265765, 13.186302009411548], [80.29909932715624, 13.18630199006429], [80.29909932715624, 13.186400141384908], [80.29920195291444, 13.18640012231614], [80.29920195291444, 13.186600775930227], [80.29929998718005, 13.18660075656301], [80.29929998718005, 13.186698908169932], [80.29939810635706, 13.186698892010156], [80.29939810635706, 13.186899546207396], [80.29950064672698, 13.186899523892476], [80.29950064672698, 13.187100178467473], [80.2995987656708, 13.18710016231148], [80.2995987656708, 13.187198314388464], [80.29939810635706, 13.187198265750046], [80.29939810635706, 13.18710020073382], [80.29929998718005, 13.187100216800616], [80.29929998718005, 13.187198281794128], [80.29920195291444, 13.187198301023043], [80.29920195291444, 13.187300890814898], [80.29929998718005, 13.187300871609729], [80.29929998718005, 13.187398936764117], [80.29939810635706, 13.187398920766526], [80.29939810635706, 13.187501510774188], [80.29950064672697, 13.187501488604996], [80.29950064672698, 13.187898362306049], [80.2995987656708, 13.187898346334979], [80.2995987656708, 13.188500403117665], [80.299701305797, 13.188500381097054], [80.299701305797, 13.188901696018444], [80.29979942450765, 13.188901680190622], [80.29979942450765, 13.189097900391717], [80.30000008286758, 13.189097862550955], [80.30000008286758, 13.189298520968695], [80.300098201231, 13.189298505099995], [80.300098201231, 13.189401096870379], [80.30020074075063, 13.18940107483578], [80.30020074075063, 13.18920041615473], [80.300098201231, 13.189200438237902], [80.300098201231, 13.189097846635777], [80.30029885888084, 13.189097895539174], [80.30029885888084, 13.189200400174114], [80.30040139815677, 13.189200465013593], [80.30040139815677, 13.189298531945948], [80.30070017274976, 13.189298564532724], [80.30070017274976, 13.189097905783077], [80.30079829029951, 13.189097889556704], [80.30079829029951, 13.188999822693233], [80.30070017274976, 13.188999751926524], [80.30070017274976, 13.188901685164446], [80.30049951605376, 13.188901723734553], [80.30049951605376, 13.188999790450168], [80.30040139815677, 13.188999806566455], [80.30040139815677, 13.188799148448423], [80.30049951605376, 13.188799132285661], [80.30049951605376, 13.188598474450263], [80.30060205508596, 13.188598452034963]], [[80.30199779788445, 13.191198160946119], [80.30199779788445, 13.190801274199883], [80.30210033509674, 13.19080125162165], [80.30210033509674, 13.191001913828295], [80.30219845101907, 13.191001897420517], [80.30219845101907, 13.191100053230521], [80.30210033509674, 13.191099982597994], [80.30210033509674, 13.191198138463927], [80.30199779788445, 13.191198160946119]], [[80.30060205508596, 13.188999768132009], [80.30060205508596, 13.18909792196582], [80.30049951605376, 13.189097857244406], [80.30049951605376, 13.188999790450168], [80.30060205508596, 13.188999768132009]], [[80.30180156545929, 13.190301828586744], [80.30180156545929, 13.190399896726179], [80.30169902788408, 13.190399919262735], [80.30169902788408, 13.19030185114703], [80.30180156545929, 13.190301828586744]], [[80.3018996817289, 13.190399967328833], [80.30189968172888, 13.190498035569645], [80.30199779788445, 13.19049801913437], [80.30199779788445, 13.19060061237084], [80.30189968172888, 13.190600628782354], [80.30189968172888, 13.190698697183983], [80.30180156545929, 13.190698713529164], [80.30180156545929, 13.190600558133088], [80.30169902788408, 13.190600580621082], [80.30169902788408, 13.190498074474101], [80.30180156545929, 13.190498051961296], [80.30180156545929, 13.190399896726179], [80.3018996817289, 13.190399967328833]], [[80.30020074075063, 13.188500375761546], [80.30029885888084, 13.188500359618756], [80.30029885888084, 13.18859842596616], [80.30020074075063, 13.188598442086228], [80.30020074075063, 13.188500375761546]], [[80.30029885888084, 13.18829970236853], [80.30049951605376, 13.18829966369566], [80.30049951605376, 13.188397816943986], [80.30040139815677, 13.188397833199716], [80.30040139815677, 13.188500337272918], [80.30029885888084, 13.188500359618756], [80.30029885888084, 13.18829970236853]], [[80.30020074075063, 13.188299718557795], [80.30020074075063, 13.18820156545745], [80.300098201231, 13.188201587782396], [80.300098201231, 13.188099084032935], [80.30000008286758, 13.18809901316448], [80.30000008286758, 13.188000947286644], [80.29990204941488, 13.188000966640692], [80.29990204941488, 13.18780031039772], [80.29979942450765, 13.187800242437918], [80.29979942450765, 13.187599586572851], [80.299701305797, 13.187599602702328], [80.299701305797, 13.187501537294088], [80.29990204941488, 13.187501502014541], [80.29990204941488, 13.187702157767347], [80.30000008286758, 13.18770222535888], [80.30000008286758, 13.187800290997231], [80.300098201231, 13.187800274781459], [80.300098201231, 13.188000931117354], [80.30020074075063, 13.188000908743849], [80.30020074075063, 13.188099061683188], [80.30029885888084, 13.188099045447434], [80.30029885888084, 13.18829970236853], [80.30020074075063, 13.188299718557795]], [[80.29990204941488, 13.188500346290917], [80.29990204941488, 13.188397842338622], [80.30000008286758, 13.188397823076425], [80.30000008286758, 13.188500327052445], [80.29990204941488, 13.188500346290917]]], [[[80.29240177025788, 13.190801251491706], [80.29229922126915, 13.190801269563673], [80.29229922126915, 13.190899335901337], [80.29240177025788, 13.190899317853132], [80.29240177025788, 13.191099975621961], [80.29220117887745, 13.191100008837436], [80.29220117887745, 13.19089935116371], [80.29209854461267, 13.190899365886722], [80.29209854461267, 13.191100023511789], [80.29200050198811, 13.191100038638512], [80.29200050198811, 13.191198105146352], [80.29209854461267, 13.191198090042343], [80.29209854461267, 13.191300681465876], [80.29189795251236, 13.191300714310595], [80.29189795251236, 13.1915013724986], [80.29179982462215, 13.19150129719526], [80.29179982462215, 13.191599450993937], [80.29209854461267, 13.19159940660114], [80.29209854461267, 13.191701998361108], [80.29220117887745, 13.191701983832761], [80.29220117887745, 13.191800137885537], [80.29179982462215, 13.191800109625213], [80.29179982462215, 13.19189817664752], [80.29170169661799, 13.191898188224272], [80.29170169661799, 13.192000780138448], [80.29150110357554, 13.19200072527456], [80.29150110357554, 13.192299538712875], [80.29139846846037, 13.192299552770695], [80.29139846846037, 13.19240205793146], [80.2913004250235, 13.192402072445493], [80.2913004250235, 13.192798954350195], [80.29119787469806, 13.192798971426281], [80.29119787469806, 13.193200292379883], [80.2913004250235, 13.193200275401049], [80.2913004250235, 13.19310212043445], [80.29150110357554, 13.193102179236279], [80.29150110357554, 13.192999586447547], [80.29179982462215, 13.192999630464293], [80.29179982462215, 13.192798969866388], [80.29189795251236, 13.192798958454903], [80.29189795251236, 13.192700803671462], [80.29200050198811, 13.192700873262867], [80.29200050198811, 13.192798941053457], [80.29240177025788, 13.192798966664546], [80.29240177025788, 13.192299491305993], [80.29209854461267, 13.192299538336377], [80.29209854461267, 13.192201383906898], [80.29200050198811, 13.192201398778467], [80.29200050198811, 13.192098893639853], [80.29209854461267, 13.192098878744533], [80.29209854461267, 13.19200072447598], [80.29220117887745, 13.192000797036265], [80.29220117887745, 13.191898205000921], [80.29229922126915, 13.191898189969951], [80.29229922126915, 13.191800122831841], [80.29240177025788, 13.191800105001894], [80.29240177025788, 13.191702037918612], [80.292499897449, 13.191702025985078], [80.29249989744899, 13.19189816027571], [80.29259802452613, 13.191898235360217], [80.29259802452611, 13.191599422126782], [80.29270057315219, 13.191599404109354], [80.29270057315219, 13.191501337117622], [80.29279869999625, 13.191501325004689], [80.29279869999625, 13.191198161811856], [80.29290124837874, 13.191198143603955], [80.29290124837874, 13.191099989871569], [80.29279869999625, 13.19110000810325], [80.29279869999625, 13.191001941488972], [80.29290124837874, 13.19100192323352], [80.29290124837875, 13.190899331865772], [80.29299928995806, 13.19089931629239], [80.29299928995806, 13.18990055573893], [80.29290124837874, 13.18990048452884], [80.29290124837875, 13.189998637299047], [80.29270057315219, 13.18999858124408], [80.29270057315219, 13.19010117180795], [80.29259802452613, 13.190101190188388], [80.29259802452611, 13.190301846741509], [80.29249989744899, 13.190301859043362], [80.29249989744899, 13.190698735262446], [80.29240177025788, 13.19069866041334], [80.29240177025788, 13.190801251491706]], [[80.29209854461267, 13.191501339748985], [80.29200050198811, 13.19150135478274], [80.29200050198811, 13.191398763214755], [80.29229922126915, 13.191398805424427], [80.29229922126915, 13.191501310049052], [80.29220117887745, 13.191501325171968], [80.29220117887745, 13.191599479063807], [80.29209854461267, 13.19159940660114], [80.29209854461267, 13.191501339748985]], [[80.29150110357554, 13.192798925991427], [80.29150110357554, 13.192598265864284], [80.29159914677956, 13.192598251306544], [80.29159914677956, 13.192700843782665], [80.29179982462215, 13.192700815105704], [80.29179982462215, 13.192798969866388], [80.29150110357554, 13.192798925991427]], [[80.29279869999625, 13.190101159370348], [80.29279869999625, 13.19019931227774], [80.29270057315219, 13.190199237677579], [80.29270057315219, 13.19010117180795], [80.29279869999625, 13.190101159370348]]], [[[80.30359858851334, 13.193699643030582], [80.30350047421861, 13.193699659436122], [80.30350047421861, 13.193601588259149], [80.30339793870726, 13.193601610810349], [80.30339793870726, 13.193298347803431], [80.30350047421861, 13.193298325178862], [80.30350047421861, 13.193102183546548], [80.30329982417926, 13.19310213565399], [80.30329982417926, 13.192999627024246], [80.3030991736629, 13.192999578997926], [80.3030991736629, 13.192901508474767], [80.3032017095372, 13.192901485893007], [80.3032017095372, 13.192798977455054], [80.3030991736629, 13.19279891304263], [80.3030991736629, 13.192500177214692], [80.30300105878759, 13.192500193675933], [80.30300105878759, 13.192299528585835], [80.30289852266952, 13.192299551220007], [80.30289852266952, 13.192098886507441], [80.30280040756097, 13.192098815953974], [80.30280040756097, 13.192598302766042], [80.30269787119913, 13.19259823821593], [80.30269787119913, 13.19270083338264], [80.30280040756097, 13.192700810938788], [80.30280040756097, 13.192901476591683], [80.30269787119913, 13.19290149898698], [80.30269787119913, 13.19310216492029], [80.30280040756097, 13.193102142573544], [80.30280040756097, 13.193298370900822], [80.30289852266952, 13.193298354713619], [80.30289852266952, 13.193601617362905], [80.30300105878759, 13.193601595043774], [80.30300105878759, 13.193998404791135], [80.3030991736629, 13.193998475696665], [80.3030991736629, 13.194801062336508], [80.3032017095372, 13.194801040214344], [80.3032017095372, 13.19509986875009], [80.30329982417926, 13.195099852801615], [80.30329982417926, 13.19530052262358], [80.30339793870726, 13.195300506677937], [80.30339793870726, 13.195501176875243], [80.30350047421861, 13.195501154783624], [80.30350047421861, 13.195701825358356], [80.30359858851334, 13.195701809416411], [80.30359858851334, 13.196000553409228], [80.30379923784238, 13.196000602404576], [80.30379923784238, 13.196201186917811], [80.3039018578869, 13.196201255059341], [80.3039018578869, 13.196401926971568], [80.30399988669441, 13.196401907784509], [80.30399988669441, 13.19629930920082], [80.30409800040854, 13.196299293175123], [80.30409800040854, 13.196598125999762], [80.30399988669441, 13.196598054934384], [80.30399988669441, 13.196700653768367], [80.30409800040854, 13.196700637835594], [80.30409800040854, 13.196798711633225], [80.30420062008977, 13.19679877978097], [80.30420062008977, 13.197101965010498], [80.30440126798749, 13.197101926958378], [80.30440126798749, 13.197298162437793], [80.30449938123498, 13.197298146464865], [80.30449938123498, 13.197400746006352], [80.30490067513266, 13.1974007564817], [80.30490067513266, 13.197498831025838], [80.30499878779952, 13.197498814877274], [80.30499878779952, 13.197601414707831], [80.30510132136588, 13.197601392380287], [80.30510132136588, 13.197101969465855], [80.30490067513266, 13.197102008154634], [80.30490067513266, 13.196901334621995], [80.30479814132251, 13.196901270003368], [80.30479814132251, 13.19670068387034], [80.30470002842236, 13.19670061309236], [80.30470002842236, 13.196500027334459], [80.30460191540813, 13.196499956559462], [80.30460191540813, 13.196401882884409], [80.30449938123498, 13.196401905269996], [80.30449938123498, 13.1962012330747], [80.30440126798749, 13.19620124930158], [80.30440126798749, 13.196000577481586], [80.30429864855026, 13.196000596642477], [80.30429864855026, 13.195599254086233], [80.30420062008977, 13.195599273591698], [80.30420062008977, 13.195398602853281], [80.30409800040854, 13.195398622066623], [80.30409800040854, 13.195197951705678], [80.30399988669441, 13.195197967986356], [80.30399988669441, 13.195099808472694], [80.3039018578869, 13.195099827960943], [80.3039018578869, 13.195001755569399], [80.30379923784238, 13.195001687719182], [80.30379923784238, 13.19460043593082], [80.30370112378093, 13.19460045221701], [80.30370112378093, 13.194301624547814], [80.30379923784238, 13.194301695212637], [80.30379923784238, 13.194101026791127], [80.30370112378093, 13.194100956172901], [80.30370112378093, 13.193900375146816], [80.30359858851334, 13.193900310699085], [80.30359858851334, 13.193699643030582]], [[80.30359858851334, 13.19430164702288], [80.30359858851334, 13.19419905029628], [80.30370112378093, 13.194199114816499], [80.30370112378093, 13.194301624547814], [80.30359858851334, 13.19430164702288]]], [[[80.30239910367669, 13.197101941839499], [80.30250164040147, 13.19710200762133], [80.30250164040147, 13.197200081370687], [80.30259975585733, 13.197200066219867], [80.30259975585733, 13.197498813163055], [80.30280040756097, 13.197498863777113], [80.30280040756097, 13.197400702697099], [80.30300105878759, 13.197400753082176], [80.30300105878759, 13.196700661158765], [80.30280040756097, 13.196700611105694], [80.30280040756097, 13.196598099583975], [80.30289852266952, 13.196598084160884], [80.30289852266952, 13.196500010801701], [80.30280040756097, 13.196500026247502], [80.30280040756097, 13.195898012580853], [80.30269787119913, 13.195898034251107], [80.30269787119913, 13.195799874478013], [80.30259975585733, 13.19579988999671], [80.30259975585733, 13.195300477379067], [80.30239910367669, 13.195300514645773], [80.30239910367669, 13.195099845250642], [80.30230098798759, 13.195099860798601], [80.30230098798759, 13.19489919177883], [80.30219845101907, 13.194899213458678], [80.30219845101907, 13.19419913716431], [80.30210033509674, 13.194199065811855], [80.30210033509674, 13.193998398363629], [80.30199779788445, 13.193998420168194], [80.30199779788445, 13.194399755296454], [80.30210033509674, 13.194399733589], [80.30210033509674, 13.194497892101085], [80.30199779788445, 13.19449782676481], [80.30199779788445, 13.194600423353952], [80.3018996817289, 13.19460043883912], [80.30189968172888, 13.194497842273748], [80.30169902788408, 13.19449787928391], [80.30169902788408, 13.194600388780717], [80.30160091138123, 13.194600404133045], [80.30160091138124, 13.194301664965815], [80.30149837356231, 13.194301686464916], [80.30149837356231, 13.194399757739038], [80.30140025682624, 13.194399773048614], [80.30140025682624, 13.194497844378583], [80.30130213997613, 13.194497859621805], [80.30130213997613, 13.194301630066166], [80.30110148471094, 13.19430166662588], [80.30110148471094, 13.193998403529452], [80.30099894628536, 13.193998424869855], [80.30099894628536, 13.19360161699871], [80.30090082896882, 13.193601545251965], [80.30090082896882, 13.193298371052556], [80.30099894628536, 13.193298355709953], [80.30099894628536, 13.192901463089493], [80.30090082896882, 13.19290147852403], [80.30090082896882, 13.192598306058537], [80.30079829029951, 13.19259824062618], [80.30079829029951, 13.192299506911395], [80.30070017274976, 13.192299522396151], [80.30070017274976, 13.192201452989558], [80.30060205508596, 13.192201381435353], [80.30060205508596, 13.192098874213112], [80.30040139815677, 13.192098824161643], [80.30040139815677, 13.192000754985076], [80.30020074075063, 13.192000791815572], [80.30020074075063, 13.191898197840754], [80.300098201231, 13.191898219270929], [80.300098201231, 13.191800063307682], [80.30000008286758, 13.191800078596875], [80.30000008286758, 13.191702009752664], [80.299701305797, 13.191701974521342], [80.299701305797, 13.191599467935498], [80.2995987656708, 13.191599402188512], [80.2995987656708, 13.191501333598078], [80.29939810635706, 13.191501369935377], [80.29939810635706, 13.191702032009193], [80.29929998718005, 13.191701959992418], [80.29929998718005, 13.192098847130445], [80.29920195291444, 13.192098865225098], [80.29920195291444, 13.192000796326377], [80.29909932715624, 13.192000727020451], [80.29909932715624, 13.192201389771371], [80.29900129265765, 13.19220140775315], [80.29900129265765, 13.19209890091852], [80.2988987516813, 13.192098834725162], [80.2988987516813, 13.192201428552604], [80.298800631924, 13.192201443215534], [80.298800631924, 13.192098849411854], [80.29869809070397, 13.192098870142903], [80.29869809070397, 13.192700859294693], [80.298800631924, 13.192700838709387], [80.298800631924, 13.19310216655261], [80.2988987516813, 13.19310215209837], [80.2988987516813, 13.193499043400491], [80.29900129265765, 13.19349902291517], [80.29900129265765, 13.193601617941075], [80.29909932715624, 13.193601600283385], [80.29909932715624, 13.193699670440916], [80.29920195291444, 13.193699653140886], [80.29920195291444, 13.193797810419644], [80.29929998718005, 13.193797792718216], [80.29929998718005, 13.19390030104792], [80.29950064672698, 13.193900352955353], [80.29950064672698, 13.193998423445196], [80.2995987656708, 13.193998408887335], [80.2995987656708, 13.194199075149898], [80.29979942450765, 13.194199126927442], [80.29979942450765, 13.194301635714146], [80.29990204941488, 13.194301618234354], [80.29990204941488, 13.194399776158113], [80.30000008286758, 13.194399758284959], [80.30000008286758, 13.194497829290572], [80.300098201231, 13.194497814626326], [80.300098201231, 13.19460041075513], [80.30020074075063, 13.194600389979012], [80.30020074075063, 13.194698548211571], [80.30040139815677, 13.194698512658967], [80.30040139815677, 13.194801109029438], [80.30049951605376, 13.19480109425699], [80.30049951605376, 13.195099833865704], [80.30040139815677, 13.195099848568955], [80.30040139815677, 13.19519792022833], [80.30049951605376, 13.195197905547795], [80.30049951605376, 13.195398574203338], [80.30060205508596, 13.195398553433893], [80.30060205508596, 13.195501150439592], [80.30070017274976, 13.195501135740063], [80.30070017274976, 13.19570180498767], [80.30079829029951, 13.195701790290995], [80.30079829029951, 13.195799949545087], [80.30090082896882, 13.195799928733935], [80.30090082896882, 13.195898001069729], [80.30099894628536, 13.195897986329262], [80.30099894628536, 13.196000583849612], [80.30110148471094, 13.196000562993753], [80.30110148471094, 13.196201233250028], [80.30119960179428, 13.196201218490565], [80.30119960179428, 13.196401889122164], [80.30130213997613, 13.196401868270168], [80.30130213997613, 13.196598101191718], [80.30140025682624, 13.196598086434946], [80.30140025682624, 13.196798757811978], [80.30149837356231, 13.196798743058041], [80.30149837356231, 13.197101926352813], [80.30160091138123, 13.197101992553105], [80.30160091138124, 13.197998232737007], [80.30169902788408, 13.197998218171627], [80.30169902788408, 13.198100817621107], [80.30160091138123, 13.19810083216273], [80.30160091138123, 13.198399580598318], [80.30169902788408, 13.19839956612589], [80.30169902788408, 13.198502165911554], [80.30180156545929, 13.198502145335686], [80.30180156545929, 13.198600220044039], [80.30169902788408, 13.19860024059617], [80.30169902788408, 13.19889899031902], [80.30180156545929, 13.198898969839181], [80.30180156545929, 13.199001570067985], [80.30169902788408, 13.199001503499888], [80.30169902788408, 13.199202178956279], [80.30180156545929, 13.19920224557308], [80.30180156545929, 13.19950099683644], [80.30189968172888, 13.199500982529846], [80.3018996817289, 13.199599058060604], [80.30210033509674, 13.19959902328376], [80.30210033509674, 13.199799699909132], [80.30219845101907, 13.19979968553882], [80.30219845101907, 13.199897848401754], [80.30230098798759, 13.199897827931457], [80.30230098798759, 13.200000342093889], [80.30219845101907, 13.200000362539377], [80.30219845101907, 13.200201039868642], [80.30210033509674, 13.200201054146012], [80.30210033509674, 13.2004017317575], [80.30219845101907, 13.200401717526608], [80.30219845101907, 13.200299116029022], [80.30230098798759, 13.200299182679974], [80.30230098798759, 13.20040169717823], [80.30259975585733, 13.200401735031281], [80.30259975585733, 13.200597887937734], [80.30250164040147, 13.200597902301709], [80.30250164040147, 13.200700504122969], [80.30259975585733, 13.200700489782745], [80.30259975585733, 13.200901081424279], [80.30269787119913, 13.20090115411153], [80.30269787119913, 13.200999230947986], [80.30259975585733, 13.200999245262674], [80.30259975585733, 13.201101760418982], [80.30269787119913, 13.201101746128037], [80.30269787119913, 13.201199910149933], [80.30289852266952, 13.201199875405027], [80.30289852266952, 13.20140055503066], [80.30300105878759, 13.201400534598504], [80.30300105878759, 13.201498611904883], [80.30329982417926, 13.201498649583952], [80.30329982417926, 13.201601165327535], [80.30339793870726, 13.201601237866104], [80.30339793870726, 13.201699315425037], [80.30350047421861, 13.201699294832965], [80.30350047421861, 13.201498614432857], [80.30359858851334, 13.201498599833116], [80.30359858851334, 13.201601202674322], [80.30370112378093, 13.201601181965232], [80.30370112378093, 13.201699259594328], [80.30379923784238, 13.201699331977236], [80.30379923784238, 13.2019980907386], [80.30399988669441, 13.201998055369616], [80.30399988669441, 13.201899977432197], [80.30409800040854, 13.20189996270321], [80.30409800040854, 13.201998040663339], [80.30429864855026, 13.201998092048287], [80.30429864855026, 13.20180184908789], [80.30440126798749, 13.201801831331665], [80.30440126798749, 13.201899996309205], [80.30449938123498, 13.201899981401665], [80.30449938123498, 13.201801903427079], [80.30479814132251, 13.201801852265067], [80.30479814132251, 13.201699335990936], [80.30510132136588, 13.201699278235395], [80.30510132136588, 13.201801881608649], [80.30530196712202, 13.201801844962162], [80.305301967122, 13.201601163540582], [80.30510132136588, 13.201601200282067], [80.30510132136588, 13.201498684102425], [80.30499878779952, 13.201498618461715], [80.30499878779952, 13.201400540692733], [80.30490067513266, 13.201400555938056], [80.30490067513266, 13.201297952949432], [80.30479814132251, 13.20129797428956], [80.30479814132251, 13.201101819244194], [80.30460191540813, 13.201101762625791], [80.30460191540813, 13.200999246984857], [80.30449938123498, 13.200999181233243], [80.30449938123498, 13.20090110397964], [80.30440126798749, 13.200901119118434], [80.30440126798749, 13.200798603693926], [80.30420062008977, 13.200798552971039], [80.30420062008977, 13.20070047594721], [80.30409800040854, 13.200700493876747], [80.30409800040854, 13.200597891668762], [80.30399988669441, 13.200597906699205], [80.30399988669441, 13.200401666119667], [80.3039018578869, 13.20040168438157], [80.3039018578869, 13.200299169495809], [80.30379923784238, 13.200299100359063], [80.30379923784238, 13.200201023827976], [80.30370112378093, 13.200201038817417], [80.30370112378093, 13.200098524148121], [80.30359858851334, 13.200098458196466], [80.30359858851334, 13.200000381872462], [80.30339793870726, 13.200000417822192], [80.30339793870726, 13.19989781637006], [80.3032017095372, 13.199897846088696], [80.3032017095372, 13.19979968299321], [80.3030991736629, 13.199799703905976], [80.3030991736629, 13.199701627936784], [80.30289852266952, 13.199701663573663], [80.30289852266952, 13.199599062492732], [80.30269787119913, 13.199599097995645], [80.30269787119913, 13.199500935256324], [80.30259975585733, 13.19950094991797], [80.30259975585733, 13.19939843610109], [80.30250164040147, 13.199398363719268], [80.30250164040147, 13.199300288209766], [80.30239910367669, 13.199300308917925], [80.30239910367669, 13.198198944879614], [80.30230098798759, 13.198198872687213], [80.30230098798759, 13.197802049983778], [80.30219845101907, 13.197802070961197], [80.30219845101907, 13.197699471640954], [80.30210033509674, 13.197699486497648], [80.30210033509674, 13.197498813312947], [80.30199779788445, 13.197498834270474], [80.30199779788445, 13.197101927097426], [80.30189968172888, 13.19710194200326], [80.3018996817289, 13.196999430363652], [80.30199779788445, 13.196999415434073], [80.30199779788445, 13.196901341962102], [80.3018996817289, 13.196901269892734], [80.30189968172888, 13.196798758421103], [80.30180156545929, 13.196798773353514], [80.30180156545929, 13.196299357603404], [80.30219845101907, 13.196299291034869], [80.30219845101907, 13.196401889182106], [80.30230098798759, 13.196401867865879], [80.30230098798759, 13.196299356715132], [80.30239910367669, 13.19629934144496], [80.30239910367669, 13.196798757899755], [80.30230098798759, 13.196798773054272], [80.30230098798759, 13.196901284623074], [80.30239910367669, 13.196901269492296], [80.30239910367669, 13.197101941839499]], [[80.30149837356231, 13.19449782909173], [80.30149837356231, 13.194600425559848], [80.30140025682624, 13.194600440822944], [80.30140025682624, 13.194497844378583], [80.30149837356231, 13.19449782909173]], [[80.30239910367669, 13.196201268440694], [80.30250164040147, 13.196201246982662], [80.30250164040147, 13.196098648930073], [80.30259975585733, 13.196098633524189], [80.30259975585733, 13.196401902895717], [80.30269787119913, 13.196401887516426], [80.30269787119913, 13.196798793076887], [80.30259975585733, 13.196798721342537], [80.30259975585733, 13.196598049397094], [80.30250164040147, 13.19659806468733], [80.30250164040147, 13.196299320010658], [80.30239910367669, 13.19629934144496], [80.30239910367669, 13.196201268440694]], [[80.30259975585733, 13.196901320005423], [80.30250164040147, 13.196901335225428], [80.30250164040147, 13.1967987365863], [80.30259975585733, 13.196798721342537], [80.30259975585733, 13.196901320005423]], [[80.3018996817289, 13.19519791978217], [80.3018996817289, 13.195099847775746], [80.30219845101907, 13.195099795409442], [80.30219845101907, 13.195197954505536], [80.3018996817289, 13.19519791978217]], [[80.3018996817289, 13.195001688827558], [80.30189968172888, 13.19489917894618], [80.30199779788445, 13.194899163530199], [80.30199779788445, 13.195001760455652], [80.3018996817289, 13.195001688827558]], [[80.30180156545929, 13.19489919431853], [80.30180156545929, 13.194801035553965], [80.30189968172888, 13.194801107179051], [80.30189968172888, 13.19489917894618], [80.30180156545929, 13.19489919431853]], [[80.3018996817289, 13.194698510445512], [80.30199779788445, 13.194698494983056], [80.30199779788445, 13.19480109174035], [80.30189968172888, 13.194801107179051], [80.3018996817289, 13.194698510445512]], [[80.30160091138123, 13.194899144029218], [80.30160091138124, 13.194801072331323], [80.30169902788408, 13.194801057025469], [80.30169902788408, 13.19489921576628], [80.30160091138123, 13.194899144029218]], [[80.30079829029951, 13.194100970158015], [80.30079829029951, 13.193900303487682], [80.30090082896882, 13.19390036923609], [80.30090082896882, 13.194101035955136], [80.30079829029951, 13.194100970158015]]], [[[80.30350047421861, 13.199398364952451], [80.30359858851334, 13.199398436890196], [80.30359858851334, 13.199599026873047], [80.30370112378093, 13.19959909270352], [80.30370112378093, 13.199701606954902], [80.30379923784238, 13.19970159184983], [80.30379923784238, 13.199799755005216], [80.3039018578869, 13.19979973699657], [80.3039018578869, 13.199897813230184], [80.30399988669441, 13.199897794851724], [80.30399988669441, 13.200000396449665], [80.30409800040854, 13.200000381280883], [80.30409800040854, 13.20009845772053], [80.30440126798749, 13.200098490036156], [80.30440126798749, 13.20000041352626], [80.30460191540813, 13.20000037666383], [80.30460191540813, 13.199799698524382], [80.30470002842236, 13.19979968304135], [80.30470002842236, 13.19970160670148], [80.30479814132251, 13.199701591152094], [80.30479814132251, 13.199599076635206], [80.30470002842236, 13.19959909220832], [80.30470002842236, 13.199398414679717], [80.30460191540813, 13.199398430255648], [80.30460191540813, 13.199300267235799], [80.30470002842236, 13.19930033866109], [80.30470002842236, 13.199202175697101], [80.30460191540813, 13.199202191318463], [80.30460191540813, 13.199099677266963], [80.30470002842236, 13.199099661621867], [80.30470002842236, 13.199001585842426], [80.30449938123498, 13.199001536243253], [80.30449938123498, 13.198899022384484], [80.30440126798749, 13.198898950963192], [80.30440126798749, 13.198698361746521], [80.30429864855026, 13.198698293230763], [80.30429864855026, 13.198502142578956], [80.30420062008977, 13.198502161412994], [80.30420062008977, 13.198198885694339], [80.30409800040854, 13.198198904229608], [80.30409800040854, 13.198100829310755], [80.3039018578869, 13.19810077669051], [80.3039018578869, 13.197900189017435], [80.30379923784238, 13.197900120463297], [80.30379923784238, 13.197802045852866], [80.30339793870726, 13.197802032993929], [80.30339793870726, 13.19799826913018], [80.30329982417926, 13.197998284451156], [80.30329982417926, 13.198301472005147], [80.30339793870726, 13.198301456754375], [80.30339793870726, 13.198502131869013], [80.30329982417926, 13.198502147073318], [80.30329982417926, 13.199001573572623], [80.30339793870726, 13.199001558483955], [80.30339793870726, 13.199300310384098], [80.30350047421861, 13.199300289211628], [80.30350047421861, 13.199398364952451]], [[80.30350047421861, 13.198502110503437], [80.30350047421861, 13.198198922309166], [80.30359858851334, 13.19819890694541], [80.30359858851334, 13.19799823223248], [80.30370112378093, 13.197998210651727], [80.30370112378093, 13.198100810586272], [80.30379923784238, 13.198100795110562], [80.30379923784238, 13.1981988699602], [80.30399988669441, 13.198198919815484], [80.30399988669441, 13.198399595047354], [80.3039018578869, 13.198399526749215], [80.3039018578869, 13.198502127068544], [80.30379923784238, 13.198502145391407], [80.30379923784238, 13.19880089635664], [80.30370112378093, 13.19880091167026], [80.30370112378093, 13.198698311149297], [80.30359858851334, 13.19869833256067], [80.30359858851334, 13.198600257357585], [80.30350047421861, 13.198600185605219], [80.30350047421861, 13.198899023622221], [80.30339793870726, 13.198898957868387], [80.30339793870726, 13.198502131869013], [80.30350047421861, 13.198502110503437]], [[80.30359858851334, 13.198899008420566], [80.30359858851334, 13.199001522061291], [80.30350047421861, 13.199001537239209], [80.30350047421861, 13.198899023622221], [80.30359858851334, 13.198899008420566]], [[80.30370112378093, 13.19909966329493], [80.30379923784238, 13.19909964805049], [80.30379923784238, 13.199202161907685], [80.30370112378093, 13.199202177128393], [80.30370112378093, 13.19909966329493]]], [[[80.30130213997613, 13.20479839472004], [80.30130213997613, 13.204700315166566], [80.30140025682624, 13.204700302286323], [80.30140025682624, 13.204602135761572], [80.30149837356231, 13.204602209841978], [80.30149837356231, 13.20449960499731], [80.30160091138123, 13.204499585966051], [80.30160091138123, 13.204298988907768], [80.30169902788408, 13.204298975801636], [80.30169902788408, 13.20409829199843], [80.30180156545929, 13.204098272776752], [80.30180156545929, 13.203902114637257], [80.3018996817289, 13.203902101349929], [80.30189968172888, 13.203799496994039], [80.30199779788445, 13.203799570665874], [80.30199779788445, 13.203701404723931], [80.30210033509674, 13.203701472293822], [80.30210033509674, 13.203598868057254], [80.30230098798759, 13.203598834992006], [80.30230098798759, 13.203500756166978], [80.30239910367669, 13.203500742564488], [80.30239910367669, 13.203398225449945], [80.30259975585733, 13.203398192017826], [80.30259975585733, 13.20330011328416], [80.30269787119913, 13.203300099502284], [80.30269787119913, 13.203202020824381], [80.30280040756097, 13.203202000921381], [80.30280040756097, 13.203099483959562], [80.30300105878759, 13.203099450020838], [80.30300105878759, 13.20300137143329], [80.30329982417926, 13.20300132314666], [80.30329982417926, 13.202898806231806], [80.30350047421861, 13.202898771743659], [80.30350047421861, 13.202800693201048], [80.3032017095372, 13.202800741900967], [80.3032017095372, 13.202898820374429], [80.30289852266952, 13.202898787634242], [80.30289852266952, 13.203001391478137], [80.30259975585733, 13.203001352194905], [80.30259975585733, 13.203202034628973], [80.30239910367669, 13.203201981127743], [80.30239910367669, 13.203099464263087], [80.30230098798759, 13.203099477958501], [80.30230098798759, 13.203201994799413], [80.30219845101907, 13.203202014470206], [80.30219845101907, 13.203300093032432], [80.30210033509674, 13.203300106592103], [80.30210033509674, 13.2033981852101], [80.3018996817289, 13.203398218187788], [80.30189968172888, 13.203500735181425], [80.30180156545929, 13.203500748561707], [80.30180156545929, 13.203701431435196], [80.30160091138123, 13.203701463997415], [80.30160091138123, 13.204098305151037], [80.30149837356231, 13.204098324279395], [80.30149837356231, 13.204200841761425], [80.30130213997613, 13.204200867796919], [80.30130213997613, 13.204298946950793], [80.30110148471094, 13.204298978775574], [80.30110148471094, 13.204499575597248], [80.30090082896882, 13.204499607144406], [80.30090082896882, 13.20470029122633], [80.30079829029951, 13.204700309883448], [80.30079829029951, 13.204798389320214], [80.30090082896882, 13.204798370686834], [80.30090082896882, 13.204900975636777], [80.30119960179428, 13.204900931535226], [80.30119960179428, 13.204798413540043], [80.30130213997613, 13.20479839472004]]], [[[80.30269787119913, 13.20420082572428], [80.30269787119913, 13.204098307951883], [80.30280040756097, 13.204098288265737], [80.30280040756097, 13.20429897259087], [80.30300105878759, 13.20429893922011], [80.30300105878759, 13.204401544260906], [80.3032017095372, 13.204401510756124], [80.3032017095372, 13.204298992693932], [80.30329982417926, 13.20429897887552], [80.30329982417926, 13.204098294313726], [80.30339793870726, 13.204098280405184], [80.30339793870726, 13.204000200926494], [80.30359858851334, 13.204000166870543], [80.30359858851334, 13.204098333422799], [80.30350047421861, 13.204098260393506], [80.30350047421861, 13.204298945050313], [80.30379923784238, 13.204298984029174], [80.30379923784238, 13.204401502235992], [80.30470002842236, 13.204401527083718], [80.30470002842236, 13.204298921631374], [80.30490067513266, 13.20429897355957], [80.30490067513266, 13.20440149203296], [80.30519943379947, 13.204401529187376], [80.30519943379947, 13.204298923614056], [80.305301967122, 13.204298989840833], [80.305301967122, 13.204200822733112], [80.30540007932231, 13.204200894985059], [80.30540007932231, 13.204000209588783], [80.30560072436808, 13.20400017371106], [80.30560072436808, 13.204098340727322], [80.30569883622098, 13.204098325795057], [80.30569883622098, 13.2042008442938], [80.30580136893671, 13.204200823237032], [80.30580136893671, 13.204298990460465], [80.30589948055632, 13.204298975485376], [80.30589948055632, 13.204401494200487], [80.30619823568681, 13.204401530001876], [80.30619823568681, 13.204499610450066], [80.30630085281396, 13.204499592463034], [80.30630085281396, 13.204401511991101], [80.30659960652326, 13.204401547248791], [80.30659960652326, 13.20429894133634], [80.3067021381444, 13.204298919884447], [80.3067021381444, 13.204401525821707], [80.30680024871661, 13.20440151046958], [80.30680024871661, 13.204499591057123], [80.3070008904328, 13.204499641169855], [80.3070008904328, 13.204602160319295], [80.3070990006576, 13.20460214488068], [80.3070990006576, 13.204700312726171], [80.30720153167185, 13.20470029113913], [80.30720153167185, 13.205199660471056], [80.30729964166333, 13.205199732110112], [80.30729964166333, 13.205101563818214], [80.3074022574509, 13.205101632492939], [80.3074022574509, 13.204999025800154], [80.30750028219188, 13.204999007045442], [80.30750028219188, 13.204499638178763], [80.30779911667076, 13.20449958808178], [80.30779911667076, 13.204602194452644], [80.30790164683414, 13.204602172516338], [80.30790164683414, 13.204401485278185], [80.30770100726014, 13.204401523059559], [80.30770100726014, 13.204298916880411], [80.30759839183595, 13.204298935567587], [80.30759839183595, 13.204200854955836], [80.3074022574509, 13.204200889648739], [80.3074022574509, 13.204098283709868], [80.30720153167185, 13.20409831795107], [80.30720153167185, 13.204000237591698], [80.30689835917474, 13.204000209561226], [80.30689835917474, 13.203902129350535], [80.30639887883463, 13.203902128453315], [80.30639887883463, 13.203799523007513], [80.30619823568681, 13.203799559706436], [80.30619823568681, 13.203701479818367], [80.30589948055632, 13.203701444510854], [80.30589948055632, 13.203598839353987], [80.30580136893671, 13.203598854491139], [80.30580136893671, 13.203701459624252], [80.30569883622098, 13.203701480801803], [80.30569883622098, 13.203598875693503], [80.305301967122, 13.203598854696867], [80.305301967122, 13.203500775176906], [80.30470002842236, 13.203500795129065], [80.30470002842236, 13.20339819043069], [80.30429864855026, 13.203398257704196], [80.30429864855026, 13.203300091550364], [80.3039018578869, 13.203300158571048], [80.3039018578869, 13.203398237606287], [80.30329982417926, 13.203398250652034], [80.30329982417926, 13.203500767984636], [80.30300105878759, 13.203500815919137], [80.30300105878759, 13.20359889490634], [80.30280040756097, 13.203598841581973], [80.30280040756097, 13.203902129663554], [80.30259975585733, 13.203902076012849], [80.30259975585733, 13.204000155228194], [80.30250164040147, 13.204000168804304], [80.30250164040147, 13.204098335102305], [80.30239910367669, 13.204098267622635], [80.30239910367669, 13.204200872349622], [80.30230098798759, 13.204200885789973], [80.30230098798759, 13.204401483019348], [80.30250164040147, 13.20440153717869], [80.30250164040147, 13.2042989322589], [80.30259975585733, 13.20429891875197], [80.30259975585733, 13.204200839297577], [80.30269787119913, 13.20420082572428]], [[80.30600209804683, 13.204298957588808], [80.30600209804683, 13.204200877346564], [80.30610012441456, 13.20420085902975], [80.30610012441456, 13.20429893929467], [80.30600209804683, 13.204298957588808]], [[80.30399988669441, 13.204298949749534], [80.30399988669441, 13.20420086997088], [80.30409800040854, 13.204200855774607], [80.30409800040854, 13.204298935575968], [80.30399988669441, 13.204298949749534]], [[80.30379923784238, 13.204200817269722], [80.30379923784238, 13.204098299230743], [80.3039018578869, 13.204098282262969], [80.3039018578869, 13.204200887354032], [80.30379923784238, 13.204200817269722]], [[80.30399988669441, 13.20409826485609], [80.30399988669441, 13.204000185238009], [80.30409800040854, 13.204000170995272], [80.30409800040854, 13.203902091432958], [80.30420062008977, 13.203902074278645], [80.30420062008977, 13.204000240891881], [80.30429864855026, 13.204000223329507], [80.30429864855026, 13.20409830301679], [80.30399988669441, 13.20409826485609]]], [[[80.30630085281396, 13.200201008776665], [80.30630085281396, 13.2000004165285], [80.30639887883463, 13.200000397107615], [80.30639887883463, 13.199701641383626], [80.30619823568681, 13.199701592997522], [80.30619823568681, 13.199799756708869], [80.30630085281396, 13.199799737584144], [80.30630085281396, 13.199897814373214], [80.30610012441456, 13.199897849600895], [80.30610012441456, 13.200098441586077], [80.30600209804683, 13.200098460851521], [80.30600209804683, 13.200201063102485], [80.30610012441456, 13.200201043860774], [80.30610012441456, 13.20029912092462], [80.30619823568681, 13.200299104890794], [80.30619823568681, 13.200401707357294], [80.30630085281396, 13.200401688378282], [80.30630085281396, 13.200700445740173], [80.30639887883463, 13.200700426481156], [80.30639887883463, 13.200798591039256], [80.30650149571775, 13.20079857206298], [80.30650149571775, 13.201101768839017], [80.30659960652326, 13.201101752812441], [80.30659960652326, 13.201199917738574], [80.30680024871661, 13.20119987944413], [80.30680024871661, 13.201297957469576], [80.30689835917474, 13.201297941355516], [80.30689835917474, 13.200999182115432], [80.30680024871661, 13.200999198298643], [80.30680024871661, 13.200901120512327], [80.3067021381444, 13.20090113667459], [80.3067021381444, 13.20059794025142], [80.30659960652326, 13.200597875573063], [80.30659960652326, 13.200499798154436], [80.30650149571775, 13.200499814320336], [80.30650149571775, 13.200201057306165], [80.30630085281396, 13.200201008776665]], [[80.3067021381444, 13.200999214438207], [80.30659960652326, 13.200999236688064], [80.30659960652326, 13.200901158948165], [80.3067021381444, 13.20090113667459], [80.3067021381444, 13.200999214438207]]], [[[80.30540007932231, 13.202800716519187], [80.30540007932231, 13.202898795501667], [80.30549819140853, 13.202898780381], [80.30549819140852, 13.203001384854637], [80.30569883622098, 13.203001348414865], [80.30569883622098, 13.203099427627066], [80.30630085281396, 13.203099494634927], [80.30630085281396, 13.203001328256397], [80.30639887883463, 13.20300139655632], [80.30639887883463, 13.202898791864538], [80.30630085281396, 13.202898810615235], [80.30630085281396, 13.2028007314242], [80.30619823568681, 13.202800662795736], [80.30619823568681, 13.202698145347254], [80.30600209804683, 13.202698179490083], [80.30600209804683, 13.202600013502225], [80.30580136893671, 13.202600047178414], [80.30580136893671, 13.202501968342098], [80.30560072436808, 13.202501918085131], [80.30560072436808, 13.202301322401857], [80.30549819140853, 13.202301256798522], [80.30549819140852, 13.202198739937192], [80.30540007932231, 13.202198755219905], [80.30540007932231, 13.20210058977158], [80.305301967122, 13.202100605033369], [80.305301967122, 13.202198683432846], [80.30519943379946, 13.202198704741672], [80.30519943379947, 13.202501904050065], [80.30540007932231, 13.202501954672039], [80.30540007932231, 13.202698112237316], [80.30549819140852, 13.202698184096711], [80.30549819140852, 13.202800701375821], [80.30540007932231, 13.202800716519187]]], [[[80.30820039487492, 13.205101575856688], [80.30829850370479, 13.205101559999951], [80.30829850370479, 13.20519972852325], [80.3084010332612, 13.205199706499211], [80.3084010332612, 13.205297788095894], [80.30829850370479, 13.205297810096218], [80.30829850370479, 13.205400330227082], [80.3084010332612, 13.205400395280567], [80.3084010332612, 13.205498477037802], [80.30849914185774, 13.205498461183634], [80.30849914185774, 13.205801671015497], [80.30860175618626, 13.205801652272804], [80.30860175618626, 13.2058997343975], [80.3084010332612, 13.205899768877753], [80.3084010332612, 13.205997851034477], [80.30849914185774, 13.20599783529586], [80.30849914185774, 13.206100443090145], [80.30860175618626, 13.20610042441977], [80.30860175618626, 13.206198506783457], [80.30869977953347, 13.206198574802436], [80.30869977953347, 13.206800473401154], [80.30879788778255, 13.206800544745418], [80.30879788778255, 13.206898627714523], [80.30890050174766, 13.206898609098259], [80.30890050174766, 13.207201822679618], [80.30899860976328, 13.20720180699732], [80.30899860976328, 13.207799359401816], [80.30939988226154, 13.207799371541235], [80.30939988226154, 13.207500594692114], [80.30949798969635, 13.207500578856731], [80.30949798969635, 13.207398056679672], [80.30939988226154, 13.207398072538776], [80.30939988226154, 13.207099296667346], [80.30949798969635, 13.20709928073912], [80.30949798969634, 13.206800505526505], [80.30939988226154, 13.206800521523856], [80.30939988226154, 13.206501747108332], [80.30930177471264, 13.206501763131156], [80.30930177471264, 13.206399154806693], [80.30919924625103, 13.206399176959607], [80.30919924625103, 13.206100403663442], [80.30910113846876, 13.206100419689843], [80.30910113846876, 13.20580164719083], [80.30899860976328, 13.20580166939489], [80.30899860976328, 13.205699148759068], [80.30890050174766, 13.20569907775969], [80.30890050174766, 13.205498475282075], [80.30869977953347, 13.20549842319508], [80.30869977953347, 13.205199652445991], [80.30860175618626, 13.20519967168756], [80.30860175618626, 13.205101590122908], [80.30849914185774, 13.205101609034998], [80.30849914185774, 13.204900920696277], [80.30829850370479, 13.204900958784982], [80.30829850370479, 13.204798352043133], [80.30820039487492, 13.204798367970026], [80.30820039487492, 13.204602205747124], [80.30790164683414, 13.204602172516338], [80.30790164683414, 13.204798334600891], [80.30799975601144, 13.20479840583543], [80.30799975601144, 13.204900925476394], [80.30820039487492, 13.204900974688137], [80.30820039487492, 13.205101575856688]]], [[[80.30770100726014, 13.20729994376671], [80.30770100726014, 13.20720186073049], [80.30779911667076, 13.207201845581974], [80.30779911667076, 13.207099237035532], [80.30790164683414, 13.207099302733122], [80.30790164683414, 13.207001132780876], [80.30809786507464, 13.207001189198813], [80.30809786507464, 13.206898580747934], [80.3084010332612, 13.206898609203789], [80.3084010332612, 13.2065017526152], [80.30799975601144, 13.20650173988683], [80.30799975601144, 13.206399218907297], [80.30770100726014, 13.206399184137279], [80.30770100726014, 13.206599874550433], [80.30750028219188, 13.206599820849531], [80.30750028219188, 13.206697990387505], [80.3074022574509, 13.206697921719682], [80.3074022574509, 13.206800529834211], [80.30720153167185, 13.206800475766252], [80.30720153167185, 13.207001166599614], [80.3074022574509, 13.207001133732776], [80.3074022574509, 13.20720182498961], [80.30759839183595, 13.20720179168495], [80.30759839183595, 13.207299961727575], [80.30770100726014, 13.20729994376671]]], [[[80.31199952070136, 13.20860201806683], [80.31199952070136, 13.208499407332024], [80.31190141617645, 13.208499424049535], [80.31190141617645, 13.208401339081966], [80.31179889087505, 13.208401361959902], [80.31179889087505, 13.208200666658161], [80.31170078611672, 13.208200683355479], [80.31170078611672, 13.207901903906839], [80.3115982605714, 13.207901926812156], [80.3115982605714, 13.207799316760193], [80.31150015557968, 13.207799333461072], [80.31150015557968, 13.207598726317146], [80.31140205047383, 13.207598655989546], [80.31140205047383, 13.207500571857912], [80.3110007024875, 13.207500560416497], [80.3110007024875, 13.20689865511383], [80.31089817609109, 13.20689859090544], [80.31089817609109, 13.206800507450316], [80.3110007024875, 13.206800484604372], [80.3110007024875, 13.20659987933077], [80.31120133421274, 13.206599839586968], [80.31120133421274, 13.206501756300666], [80.31080007028496, 13.206501748668163], [80.31080007028496, 13.206301056948066], [80.3107019643647, 13.206301073640335], [80.3107019643647, 13.206198552174905], [80.31059935259118, 13.206198571798954], [80.31059935259118, 13.206800473095369], [80.3107019643647, 13.20680054064743], [80.3107019643647, 13.207201838927357], [80.31080007028496, 13.207201822443455], [80.31080007028496, 13.207398077059665], [80.31089817609109, 13.207398060577502], [80.31089817609109, 13.207799360998491], [80.3110007024875, 13.207799338393961], [80.3110007024875, 13.208098117099308], [80.31109880806024, 13.208098100689789], [80.31109880806022, 13.208298795492253], [80.31120133421274, 13.208298772915118], [80.31120133421274, 13.208401296257133], [80.31140205047383, 13.208401347443223], [80.31140205047383, 13.208499432295257], [80.31150015557968, 13.208499415799965], [80.31150015557968, 13.208602026413901], [80.3115982605714, 13.208602009898685], [80.3115982605714, 13.208700094956594], [80.31170078611672, 13.208700072244152], [80.31170078611672, 13.208900768316626], [80.31179889087505, 13.208900751781217], [80.31179889087505, 13.208998837124435], [80.31190141617645, 13.20899881439089], [80.31190141617645, 13.209101425519737], [80.31199952070136, 13.209101408941452], [80.31199952070136, 13.209302105812014], [80.31210213077127, 13.209302086287037], [80.31210213077127, 13.209199474941755], [80.31220023506269, 13.20919954532933], [80.31220023506269, 13.208798152062165], [80.31210213077127, 13.208798168799904], [80.31210213077127, 13.208601998372522], [80.31199952070136, 13.20860201806683]], [[80.31179889087505, 13.20860197055804], [80.31190141617645, 13.208601947728587], [80.31190141617645, 13.208700119888675], [80.31179889087505, 13.20870005566233], [80.31179889087505, 13.20860197055804]], [[80.31129943955209, 13.207901892629174], [80.31150015557968, 13.2079019434893], [80.31150015557968, 13.208000027964646], [80.31129943955209, 13.20799997705804], [80.31129943955209, 13.207901892629174]], [[80.31080007028496, 13.20659983186161], [80.31089817609109, 13.206599815194803], [80.31089817609109, 13.206697985519861], [80.31080007028496, 13.20669791513352], [80.31080007028496, 13.20659983186161]]], [[[80.30600209804683, 13.211299757188078], [80.30610012441456, 13.211299740512734], [80.30610012441456, 13.211397826455155], [80.30600209804683, 13.211397843107807], [80.30600209804683, 13.211500367782094], [80.30610012441456, 13.211500438186022], [80.30610012441456, 13.21199983390794], [80.30619823568681, 13.211999820582323], [80.30619823568681, 13.212097907107092], [80.30610012441456, 13.212097920410008], [80.30610012441456, 13.212401144839498], [80.30630085281396, 13.2124011155324], [80.30630085281396, 13.2124992024017], [80.30639887883463, 13.21249927290448], [80.30639887883463, 13.212797972778272], [80.30650149571775, 13.212798043740435], [80.30650149571775, 13.212900569705464], [80.30639887883463, 13.212900585752354], [80.30639887883463, 13.212998673043577], [80.30650149571775, 13.21299865702043], [80.30650149571775, 13.21310118315306], [80.30659960652326, 13.213101256937788], [80.30659960652326, 13.212601769110876], [80.3067021381444, 13.212601836700596], [80.3067021381444, 13.212200524542506], [80.30659960652326, 13.21220045705011], [80.30659960652326, 13.211999845028576], [80.30650149571775, 13.211999858532861], [80.30650149571775, 13.211901684983014], [80.30639887883463, 13.211901701271684], [80.30639887883463, 13.211598477862605], [80.3067021381444, 13.211598515249737], [80.3067021381444, 13.21170104026108], [80.3070008904328, 13.211701080124234], [80.3070008904328, 13.211799166596], [80.30729964166333, 13.21179920612347], [80.30729964166333, 13.211598507393324], [80.30750028219188, 13.21159847338288], [80.30750028219188, 13.211397861919155], [80.30759839183595, 13.211397847830948], [80.30759839183595, 13.211299761541692], [80.30770100726014, 13.211299744548851], [80.30770100726014, 13.211201658314264], [80.30779911667076, 13.211201644091314], [80.30779911667076, 13.211099119231854], [80.30790164683414, 13.211099098866413], [80.30790164683414, 13.210898400996344], [80.30799975601144, 13.210898386613916], [80.30799975601144, 13.210702214726606], [80.30809786507464, 13.21070220025511], [80.30809786507464, 13.21050158997397], [80.30820039487492, 13.210501569325091], [80.30820039487492, 13.210399044953567], [80.30829850370479, 13.210399030322618], [80.30829850370479, 13.210300944669847], [80.3084010332612, 13.210300923879126], [80.3084010332612, 13.21019831259431], [80.30849914185774, 13.210198384860071], [80.30849914185774, 13.2098996028022], [80.30860175618626, 13.209899585051176], [80.30860175618626, 13.20960080364872], [80.30869977953347, 13.209600785424485], [80.30869977953347, 13.20940017665955], [80.30849914185774, 13.209400125770136], [80.30849914185774, 13.209600821472039], [80.3084010332612, 13.209600836376984], [80.3084010332612, 13.209698921493711], [80.30829850370479, 13.209698942429974], [80.30829850370479, 13.209801466240133], [80.30820039487492, 13.209801481009354], [80.30820039487492, 13.209899566240074], [80.30809786507464, 13.209899587034501], [80.30809786507464, 13.21000211096381], [80.30799975601144, 13.210002125597304], [80.30799975601144, 13.210100210942015], [80.30790164683414, 13.210100225509139], [80.30790164683414, 13.210198310909577], [80.30770100726014, 13.21019834594793], [80.30770100726014, 13.210399042577759], [80.30750028219188, 13.210398987075525], [80.30750028219188, 13.210300901607546], [80.3074022574509, 13.210300919136518], [80.3074022574509, 13.210198308093545], [80.30729964166333, 13.210198325213883], [80.30729964166333, 13.209801458979669], [80.3074022574509, 13.209801528795232], [80.30740225745089, 13.209600833284446], [80.30750028219188, 13.209600815593621], [80.30750028219188, 13.209498292144279], [80.3074022574509, 13.209498309858807], [80.3074022574509, 13.209199530279452], [80.30729964166333, 13.209199547641509], [80.30729964166333, 13.208900768862238], [80.30740225745089, 13.208900751427862], [80.3074022574509, 13.208298757332981], [80.30750028219188, 13.208298739341135], [80.30750028219188, 13.208200655552568], [80.3074022574509, 13.208200673567097], [80.3074022574509, 13.207598682908435], [80.30720153167185, 13.20759871549236], [80.30720153167185, 13.207500632332795], [80.30689835917474, 13.207500601796863], [80.30689835917474, 13.20759868488622], [80.30680024871661, 13.207598699542066], [80.30680024871661, 13.207500616475407], [80.30659960652326, 13.207500564757767], [80.30659960652326, 13.207598734808155], [80.30650149571775, 13.207598662300839], [80.30650149571775, 13.207901875896464], [80.30639887883463, 13.207901893153318], [80.30639887883463, 13.20799997644799], [80.30659960652326, 13.20800003181536], [80.30659960652326, 13.208098115234991], [80.30639887883463, 13.208098146851642], [80.30639887883463, 13.208298752397775], [80.30630085281396, 13.208298769899871], [80.30630085281396, 13.208401292056372], [80.30619823568681, 13.20840130909894], [80.30619823568681, 13.208798169771462], [80.30630085281396, 13.208798152824963], [80.30630085281396, 13.208900762429971], [80.30650149571775, 13.208900728052003], [80.30650149571775, 13.20969889309719], [80.30639887883463, 13.209698909919059], [80.30639887883463, 13.210002128633311], [80.30630085281396, 13.210002145741553], [80.30630085281396, 13.210198315722904], [80.30619823568681, 13.21019833233048], [80.30619823568681, 13.210501552135575], [80.30610012441456, 13.210501565807975], [80.30610012441456, 13.211000957464192], [80.30600209804683, 13.211000974208613], [80.30600209804683, 13.211099059889488], [80.30610012441456, 13.211099043167746], [80.30610012441456, 13.211201654648736], [80.30600209804683, 13.211201671346753], [80.30600209804683, 13.211299757188078]], [[80.30750028219188, 13.210599683938518], [80.3074022574509, 13.210599701398428], [80.3074022574509, 13.210501528760211], [80.30750028219188, 13.210501598310081], [80.30750028219188, 13.210599683938518]], [[80.3074022574509, 13.211001008983773], [80.30729964166333, 13.211001025909827], [80.30729964166333, 13.211099111891112], [80.30720153167185, 13.211099125915467], [80.30720153167185, 13.211299736749314], [80.3070990006576, 13.211299756740555], [80.3070990006576, 13.211099058922407], [80.3070008904328, 13.21109907285746], [80.3070008904328, 13.211000986945358], [80.3070990006576, 13.211000972987609], [80.3070990006576, 13.210898448465215], [80.3070008904328, 13.210898462446702], [80.3070008904328, 13.210702203989175], [80.3070990006576, 13.210702189962284], [80.3070990006576, 13.210501580154034], [80.30729964166333, 13.21050154580715], [80.30729964166333, 13.21059963138911], [80.3074022574509, 13.210599701398428], [80.3074022574509, 13.211001008983773]]], [[[80.30860175618626, 13.216298364022409], [80.30860175618626, 13.216400980456207], [80.30879788778255, 13.21640095033926], [80.30879788778255, 13.21660165763196], [80.30910113846876, 13.216601608262868], [80.30910113846876, 13.216699699137054], [80.30919924625103, 13.216699685562899], [80.30919924625103, 13.216797776538142], [80.30949798969634, 13.216797816611008], [80.30949798969635, 13.216900346641811], [80.30969862499626, 13.216900400175762], [80.30969862499626, 13.216998491426915], [80.31009997917882, 13.216998514233333], [80.31009997917882, 13.216900335851738], [80.3105013314515, 13.216900357834163], [80.3105013314515, 13.216797827560669], [80.31059935259118, 13.216797810154887], [80.31059935259118, 13.216601627634724], [80.3107019643647, 13.216601610527377], [80.3107019643647, 13.216499080454826], [80.31059935259118, 13.216499097586976], [80.31059935259118, 13.216400919489075], [80.3105013314515, 13.21640093698657], [80.3105013314515, 13.216298407130123], [80.31059935259118, 13.216298389608934], [80.31059935259118, 13.21620029870867], [80.3105013314515, 13.216200316252529], [80.3105013314515, 13.216102225453303], [80.31059935259118, 13.216102207886786], [80.31059935259118, 13.215999678256104], [80.3105013314515, 13.215999608809337], [80.3105013314515, 13.215901518170476], [80.31039871943388, 13.215901535353751], [80.31039871943388, 13.21579900593919], [80.31030061304676, 13.21579902025577], [80.31030061304676, 13.215598313563675], [80.31019808579929, 13.215598333957576], [80.31019808579929, 13.215402153539813], [80.31009997917882, 13.215402080822393], [80.31009997917882, 13.214702048447002], [80.31019808579929, 13.214702033965986], [80.31019808579929, 13.213899390606018], [80.31039871943388, 13.213899442080937], [80.31039871943388, 13.214001969908885], [80.31059935259118, 13.21400193421419], [80.31059935259118, 13.214198199615561], [80.3107019643647, 13.214198181926784], [80.3107019643647, 13.214398799483758], [80.31080007028496, 13.214398784664601], [80.31080007028496, 13.214702018141715], [80.31089817609109, 13.214702003349014], [80.31089817609109, 13.214898270008117], [80.3110007024875, 13.214898249119273], [80.3110007024875, 13.215000777927116], [80.31109880806024, 13.215000763114205], [80.31109880806022, 13.215098940208044], [80.31120133421274, 13.215098919274347], [80.31120133421274, 13.215299538539787], [80.31129943955209, 13.215299523706644], [80.31129943955209, 13.215402139958622], [80.31140205047383, 13.215402122235089], [80.31140205047383, 13.21550021268334], [80.31150015557968, 13.215500197807252], [80.31150015557968, 13.215598288356567], [80.3115982605714, 13.215598360496408], [80.3115982605714, 13.215700890033508], [80.31170078611672, 13.21570086901289], [80.31170078611672, 13.215798959768964], [80.31179889087505, 13.215798944828967], [80.31179889087505, 13.215999652558414], [80.31190141617645, 13.215999631516642], [80.31190141617645, 13.216298430824274], [80.31199952070136, 13.21629841591046], [80.31199952070136, 13.216400946129253], [80.31210213077127, 13.216400928321299], [80.31210213077127, 13.216601637178417], [80.31229833923997, 13.216601607268624], [80.31229833923997, 13.216797790574953], [80.31240086393413, 13.216797856531576], [80.31240086393413, 13.216900387264495], [80.31249896787801, 13.216900372267512], [80.31249896787801, 13.217100995090746], [80.31260149232824, 13.217101061027535], [80.31260149232824, 13.217199153110657], [80.31269959603871, 13.217199138093438], [80.31269959603871, 13.217301669233668], [80.31280220525673, 13.217301738355918], [80.31280220525673, 13.21739983064579], [80.31290030873367, 13.217399815585608], [80.31290030873367, 13.217497907976526], [80.31299841209648, 13.21749789289534], [80.31299841209648, 13.217698516931154], [80.31310093593945, 13.21769858278043], [80.31310093593945, 13.217801114434735], [80.31319903906883, 13.217801099334327], [80.31319903906883, 13.217899192114908], [80.31339966556381, 13.21789924275244], [80.31339966556381, 13.217801149925416], [80.31360037659235, 13.217801116524933], [80.31360037659235, 13.21769858474986], [80.31349776834563, 13.21769851590292], [80.31349776834563, 13.217600423213543], [80.31339966556381, 13.217600438493369], [80.31339966556381, 13.217698531160059], [80.31330164767908, 13.217698549603561], [80.31330164767908, 13.217600456959527], [80.31319903906883, 13.217600475035997], [80.31319903906883, 13.217497856486899], [80.31310093593945, 13.217497871657423], [80.31310093593945, 13.217301686861186], [80.31299841209648, 13.217301708146508], [80.31299841209648, 13.217100997720738], [80.31290030873367, 13.217101012893698], [80.31290030873367, 13.216998481872489], [80.31280220525673, 13.216998497025472], [80.31280220525673, 13.216900405056215], [80.31269959603871, 13.216900336031314], [80.31269959603871, 13.216797805226207], [80.31260149232824, 13.216797820336234], [80.31260149232824, 13.21669972857373], [80.31249896787801, 13.216699749772088], [80.31249896787801, 13.21660165811165], [80.31240086393413, 13.216601586139907], [80.31240086393413, 13.216499055656515], [80.31229833923997, 13.216499076810008], [80.31229833923997, 13.216298368027669], [80.31220023506269, 13.216298383074538], [80.31220023506269, 13.216200291803872], [80.31210213077127, 13.216200306829741], [80.31210213077127, 13.215901507619469], [80.31190141617645, 13.215901540553812], [80.31190141617645, 13.21559830332586], [80.31170078611672, 13.215598339451013], [80.31170078611672, 13.215402158337834], [80.3115982605714, 13.215402092393859], [80.3115982605714, 13.215299563106305], [80.31150015557968, 13.215299578072475], [80.31150015557968, 13.21520148776184], [80.31140205047383, 13.215201502707016], [80.31140205047383, 13.215000796470358], [80.31129943955209, 13.215000814290963], [80.31129943955209, 13.214800108431008], [80.31120133421274, 13.214800123379662], [80.31120133421274, 13.214702033537272], [80.31109880806024, 13.214702054566887], [80.31109880806024, 13.21459943894871], [80.3110007024875, 13.21459945385446], [80.3110007024875, 13.214398835828144], [80.31089817609109, 13.21439885683769], [80.31089817609109, 13.214198152151972], [80.31080007028496, 13.214198167061214], [80.31080007028496, 13.214001988602604], [80.3107019643647, 13.214002003513553], [80.3107019643647, 13.213899388576692], [80.31059935259118, 13.213899406337747], [80.31059935259118, 13.213698702610214], [80.3105013314515, 13.21369872073216], [80.31050133145149, 13.213498104414427], [80.31039871943388, 13.213498122179143], [80.31039871943388, 13.21319933074708], [80.31030061304676, 13.213199345665016], [80.31030061304676, 13.213101257310358], [80.31009997917882, 13.213101206124271], [80.31009997917882, 13.212998679121062], [80.30980123786563, 13.212998642543031], [80.30980123786563, 13.212798027701037], [80.30960051779483, 13.21279797297375], [80.30960051779483, 13.213301903915196], [80.30980123786563, 13.213301871846417], [80.30980123786563, 13.213801279260997], [80.3098993448336, 13.213801264704607], [80.3098993448336, 13.21400196826841], [80.3100018724442, 13.214001947627654], [80.3100018724442, 13.214300740733934], [80.3098993448336, 13.21430076130246], [80.3098993448336, 13.214800172897013], [80.30980123786563, 13.214800100186338], [80.30980123786563, 13.215098895094094], [80.30969862499627, 13.215098912145526], [80.30969862499626, 13.215798946121232], [80.30980123786563, 13.215799016275865], [80.30980123786563, 13.21590154554592], [80.3098993448336, 13.215901531475398], [80.3098993448336, 13.215999621974964], [80.3100018724442, 13.21599960181707], [80.3100018724442, 13.216200309023764], [80.31009997917882, 13.216200294933023], [80.31009997917882, 13.216298385717723], [80.3100018724442, 13.216298399785783], [80.3100018724442, 13.216499020443711], [80.30980123786563, 13.216499054413195], [80.30980123786563, 13.216601584267867], [80.3098993448336, 13.216601657396572], [80.3098993448336, 13.216699748455506], [80.3100018724442, 13.21669972846684], [80.3100018724442, 13.216797819627853], [80.30960051779483, 13.216797796832813], [80.30960051779483, 13.21669970576469], [80.30949798969634, 13.216699725566595], [80.30949798969635, 13.216298397362618], [80.30939988226154, 13.216298411162628], [80.30939988226154, 13.215999613618248], [80.30930177471264, 13.215999627443697], [80.30930177471264, 13.215901537082408], [80.30919924625103, 13.215901556938238], [80.30919924625103, 13.21579894077722], [80.30910113846876, 13.215798954559762], [80.30910113846876, 13.215598335472137], [80.30899860976328, 13.215598355307899], [80.30899860976328, 13.215299559750244], [80.30890050174766, 13.215299573558996], [80.30890050174766, 13.215098868346429], [80.30879788778255, 13.215098884978419], [80.30879788778255, 13.214898267178425], [80.30860175618626, 13.214898210954578], [80.30860175618626, 13.215098915697592], [80.30869977953347, 13.215098898744223], [80.30869977953347, 13.215402132448311], [80.30890050174766, 13.215402102194043], [80.30890050174766, 13.215598282011156], [80.30879788778255, 13.215598298522297], [80.30879788778255, 13.215700914418434], [80.30890050174766, 13.215700897932118], [80.30890050174766, 13.21579898804023], [80.30869977953347, 13.215799018106633], [80.30869977953347, 13.21570084100855], [80.30849914185774, 13.215700874169976], [80.30849914185774, 13.215798964185176], [80.30829850370479, 13.215798997117476], [80.30829850370479, 13.215901526023998], [80.3084010332612, 13.215901506587304], [80.3084010332612, 13.216200303188748], [80.30849914185774, 13.216200289810793], [80.30849914185774, 13.216298380225021], [80.30860175618626, 13.216298364022409]]], [[[80.30729964166333, 13.217199134758726], [80.30729964166333, 13.217301664592824], [80.3074022574509, 13.217301736228942], [80.3074022574509, 13.21739982726925], [80.30750028219188, 13.217399811381418], [80.30750028219188, 13.217600432654882], [80.30770100726014, 13.217600491571538], [80.30770100726014, 13.21769858291965], [80.30820039487492, 13.217698593897577], [80.30820039487492, 13.217801124366643], [80.30829850370479, 13.217801111448425], [80.30829850370479, 13.217899203095097], [80.30849914185774, 13.217899258194397], [80.30849914185774, 13.218001788903289], [80.30869977953347, 13.21800175683049], [80.30869977953347, 13.2180998487303], [80.30890050174766, 13.218099906791112], [80.30890050174766, 13.218197998815777], [80.30939988226154, 13.21819800766348], [80.30939988226154, 13.218001736423176], [80.30930177471264, 13.218001749785447], [80.30930177471264, 13.217899218882428], [80.30919924625103, 13.217899238255349], [80.30919924625103, 13.217801146400195], [80.30910113846876, 13.217801072681548], [80.30910113846876, 13.217698541994622], [80.30879788778255, 13.217698590579323], [80.30879788778255, 13.217600411939571], [80.30860175618626, 13.217600441501755], [80.30860175618626, 13.217497911103157], [80.3084010332612, 13.217497853055601], [80.3084010332612, 13.217399761705812], [80.30820039487492, 13.217399793791369], [80.30820039487492, 13.21730170256635], [80.30809786507464, 13.217301721571163], [80.30809786507464, 13.217199104506554], [80.30779911667076, 13.21719914928978], [80.30779911667076, 13.21710105831793], [80.30770100726014, 13.217101071175751], [80.30770100726014, 13.216998454374927], [80.30759839183595, 13.216998469988605], [80.30759839183595, 13.21690037922354], [80.30750028219188, 13.216900392038418], [80.30750028219188, 13.216797775453912], [80.3074022574509, 13.216797791480921], [80.3074022574509, 13.216601610440588], [80.30729964166333, 13.216601626011169], [80.30729964166333, 13.216400919428061], [80.3070008904328, 13.21640096369133], [80.3070008904328, 13.216601583096322], [80.30680024871661, 13.216601614284492], [80.30680024871661, 13.216699704626128], [80.30659960652326, 13.216699735585141], [80.30659960652326, 13.216797825958725], [80.30680024871661, 13.216797795046128], [80.30680024871661, 13.21690041146113], [80.3070990006576, 13.216900367821854], [80.3070990006576, 13.217199165936183], [80.30729964166333, 13.217199134758726]]], [[[80.31319903906883, 13.218501154496588], [80.31310093593945, 13.21850116943512], [80.31310093593945, 13.218599262752196], [80.31299841209648, 13.218599283724004], [80.31299841209648, 13.219201249252428], [80.31310093593945, 13.219201315465845], [80.31310093593945, 13.21929940934213], [80.31339966556381, 13.219299358848843], [80.31339966556381, 13.219201264903495], [80.31349776834563, 13.219201249993814], [80.31349776834563, 13.219098717074598], [80.31360037659235, 13.219098699221306], [80.31360037659235, 13.218898072613268], [80.31369847914063, 13.218898057544104], [80.31369847914063, 13.218799963850152], [80.31380100213235, 13.218799942601025], [80.31380100213235, 13.218701848961716], [80.3138991044472, 13.218701833757857], [80.3138991044472, 13.218599301158532], [80.3140017122055, 13.218599282997557], [80.3140017122055, 13.217899225950834], [80.3138991044472, 13.217899244281087], [80.3138991044472, 13.218001776295926], [80.31380100213235, 13.218001791661651], [80.31380100213235, 13.218099884741788], [80.31360037659235, 13.218099834374632], [80.31360037659235, 13.218001741340945], [80.31349776834563, 13.218001759459503], [80.31349776834563, 13.217899227541707], [80.31339966556381, 13.21789924275244], [80.31339966556381, 13.218300492842937], [80.31330164767908, 13.218300511147387], [80.31330164767908, 13.218398604350618], [80.31319903906883, 13.218398622234078], [80.31319903906883, 13.218501154496588]]], [[[80.31009997917882, 13.220699496094278], [80.31009997917882, 13.22099830556741], [80.31019808579929, 13.220998292542868], [80.31019808579929, 13.221301541886364], [80.31009997917882, 13.221301467800101], [80.31009997917882, 13.221502183718059], [80.31019808579929, 13.22150217081008], [80.31019808579929, 13.221399636768217], [80.31030061304676, 13.221399617776482], [80.31030061304676, 13.221800963409972], [80.3105013314515, 13.221800934725643], [80.3105013314515, 13.222099660119332], [80.31059935259118, 13.222099730980043], [80.31059935259118, 13.222300361397089], [80.3107019643647, 13.222300345668337], [80.3107019643647, 13.222701694624085], [80.31089817609109, 13.222701668783055], [80.31089817609109, 13.222799764944769], [80.31080007028496, 13.22279977786444], [80.31080007028496, 13.222897874081776], [80.31089817609109, 13.22289786118479], [80.31089817609109, 13.223000396646272], [80.3110007024875, 13.223000464757565], [80.3110007024875, 13.223098561181537], [80.31109880806024, 13.223098548241598], [80.31109880806022, 13.223000451794935], [80.31120133421274, 13.223000432770796], [80.31120133421274, 13.222799800925772], [80.31109880806022, 13.222799732956474], [80.31109880806022, 13.222701636748367], [80.3110007024875, 13.222701649780111], [80.3110007024875, 13.222501018517876], [80.31089817609109, 13.222501037569316], [80.31089817609109, 13.22239841548294], [80.31080007028496, 13.222398428495445], [80.31080007028496, 13.221899071980483], [80.3107019643647, 13.221898998023585], [80.3107019643647, 13.221600272976415], [80.31059935259118, 13.221600288874518], [80.31059935259118, 13.221198943613773], [80.3107019643647, 13.221198927618586], [80.3107019643647, 13.221100832780401], [80.31109880806022, 13.221100860447685], [80.31109880806022, 13.220998326522917], [80.31129943955209, 13.220998293499857], [80.31129943955209, 13.220802103945747], [80.31120133421274, 13.2208021175062], [80.31120133421274, 13.220400774283197], [80.31109880806024, 13.220400793935594], [80.31109880806024, 13.220101985211887], [80.3110007024875, 13.220101998844912], [80.3110007024875, 13.219901371828128], [80.31089817609109, 13.219901391507824], [80.31089817609109, 13.220102018476133], [80.31080007028496, 13.220102032019788], [80.31080007028496, 13.220200126083098], [80.31059935259118, 13.220200068757206], [80.31059935259118, 13.220101974740391], [80.31030061304676, 13.220102020870957], [80.31030061304676, 13.220200114818676], [80.31019808579929, 13.220200134100324], [80.31019808579929, 13.220699570040871], [80.31009997917882, 13.220699496094278]], [[80.31059935259118, 13.220298249892403], [80.3105013314515, 13.220298179449264], [80.3105013314515, 13.220200085376781], [80.31059935259118, 13.220200068757206], [80.31059935259118, 13.220298249892403]]], [[[80.31140205047383, 13.223401755738271], [80.31140205047383, 13.22349985257545], [80.31150015557968, 13.223499839549534], [80.31150015557968, 13.223597936487707], [80.31140205047383, 13.22359794949093], [80.31140205047383, 13.223700485658425], [80.3115982605714, 13.223700546698366], [80.3115982605714, 13.223999277483083], [80.31150015557968, 13.223999290437192], [80.31150015557968, 13.224199924381974], [80.3115982605714, 13.224199911474264], [80.3115982605714, 13.224298008993951], [80.31150015557968, 13.224298021878965], [80.31150015557968, 13.224400558654285], [80.3115982605714, 13.224400545792982], [80.3115982605714, 13.22449864347281], [80.31150015557968, 13.224498656311425], [80.31150015557968, 13.224601280297414], [80.3115982605714, 13.224601267482537], [80.3115982605714, 13.224900000456625], [80.31170078611672, 13.224899981658993], [80.31170078611672, 13.225198802475091], [80.31179889087505, 13.225198789709015], [80.31179889087505, 13.225301327308054], [80.31190141617645, 13.225301308513991], [80.31190141617645, 13.225399406982882], [80.31269959603871, 13.22539946253795], [80.31269959603871, 13.225502000522185], [80.31310093593945, 13.225502025912396], [80.31310093593945, 13.225600124818966], [80.31319903906883, 13.225600111521914], [80.31319903906883, 13.22569821052946], [80.31330164767908, 13.225698194411244], [80.31330164767908, 13.225501996426997], [80.31339966556381, 13.225501979786054], [80.31339966556381, 13.225600078761694], [80.3138991044472, 13.225600089360002], [80.3138991044472, 13.225501990268828], [80.3140017122055, 13.22550197377695], [80.3140017122055, 13.225399435477897], [80.31339966556381, 13.225399441632558], [80.31339966556381, 13.225301342817044], [80.31310093593945, 13.225301302040531], [80.31310093593945, 13.22519876412667], [80.31299841209648, 13.225198783504], [80.31299841209648, 13.225100684941445], [80.31280220525673, 13.225100624500145], [80.31280220525673, 13.224899988468943], [80.31269959603871, 13.224900004547461], [80.31269959603871, 13.224801906292498], [80.31260149232824, 13.224801919551615], [80.31260149232824, 13.224601284102977], [80.31269959603871, 13.224601270797459], [80.31269959603871, 13.224498646521184], [80.31260149232824, 13.224498659850434], [80.31260149232824, 13.224199927145055], [80.31249896787801, 13.224199946531188], [80.31249896787801, 13.223999225070695], [80.31229833923997, 13.223999257767279], [80.31229833923997, 13.223700526489383], [80.31220023506269, 13.223700539824446], [80.31220023506269, 13.223597916421163], [80.31199952070136, 13.223597945803487], [80.31199952070136, 13.223499848749777], [80.31179889087505, 13.223499881227502], [80.31179889087505, 13.22340178429849], [80.31170078611672, 13.223401710437683], [80.31170078611672, 13.223299174447234], [80.3115982605714, 13.223299193631693], [80.3115982605714, 13.223201096909309], [80.31150015557968, 13.223201110048013], [80.31150015557968, 13.223098487231248], [80.31129943955209, 13.223098516211836], [80.31129943955209, 13.22300041971878], [80.31120133421274, 13.223000432770796], [80.31120133421274, 13.223098529241158], [80.31109880806024, 13.223098548241598], [80.31109880806022, 13.223401716370754], [80.31120133421274, 13.223401784485954], [80.31120133421274, 13.223299161573934], [80.31129943955209, 13.223299148591014], [80.31129943955209, 13.223401771526769], [80.31140205047383, 13.223401755738271]], [[80.31190141617645, 13.225198770890175], [80.31199952070136, 13.225198758034713], [80.31199952070136, 13.22530129568224], [80.31190141617645, 13.225301308513991], [80.31190141617645, 13.225198770890175]]], [[[80.31369847914063, 13.234099087225047], [80.3138991044472, 13.2340991450784], [80.3138991044472, 13.234001039207891], [80.3140017122055, 13.234001024771057], [80.3140017122055, 13.233599722859207], [80.3138991044472, 13.233599737393071], [80.3138991044472, 13.233399086976455], [80.31380100213235, 13.233399011732292], [80.31380100213235, 13.233300993492584], [80.31369847914063, 13.233300924188647], [80.31369847914063, 13.23310027435422], [80.31360037659235, 13.233100286139686], [80.31360037659235, 13.233002181134665], [80.31339966556381, 13.233002207344587], [80.31339966556381, 13.232899662937292], [80.31330164767908, 13.232899590819924], [80.31330164767908, 13.232801573093486], [80.31310093593945, 13.232801512076458], [80.31310093593945, 13.232698967908663], [80.31290030873367, 13.23269899704015], [80.31290030873367, 13.232600892517036], [80.31280220525673, 13.232600904062203], [80.31280220525673, 13.232400255793399], [80.31269959603871, 13.232400183009036], [80.31269959603871, 13.232698935705807], [80.31280220525673, 13.232699008562635], [80.31280220525673, 13.232801552658241], [80.31290030873367, 13.232801541159464], [80.31290030873367, 13.23289964584257], [80.31299841209648, 13.232899634322758], [80.31299841209648, 13.233100283498795], [80.31310093593945, 13.233100266030469], [80.31310093593945, 13.233198370998174], [80.31330164767908, 13.233198432203205], [80.31330164767908, 13.233300976835807], [80.31319903906883, 13.233300991115518], [80.31319903906883, 13.233399009216102], [80.31330164767908, 13.233399082009973], [80.31330164767908, 13.233501626809792], [80.31339966556381, 13.233501612016676], [80.31339966556381, 13.233599717373478], [80.31349776834563, 13.233599705792946], [80.31349776834563, 13.233697811250652], [80.31360037659235, 13.23369779692762], [80.31360037659235, 13.233800342048605], [80.31369847914063, 13.23380033042499], [80.31369847914063, 13.234099087225047]], [[80.31349776834563, 13.233501600413456], [80.31360037659235, 13.233501586042973], [80.31360037659235, 13.233599691446189], [80.31349776834563, 13.233599705792946], [80.31349776834563, 13.233501600413456]]], [[[80.31199952070136, 13.327298785907015], [80.31199952070136, 13.327401321090019], [80.31210213077127, 13.327401330123994], [80.31210213077127, 13.327499422508842], [80.31260149232824, 13.327499465685253], [80.31260149232824, 13.327401373184994], [80.31249896787801, 13.327401367640539], [80.31249896787801, 13.327298832336878], [80.31210213077127, 13.327298794916201], [80.31210213077127, 13.32720070268937], [80.31199952070136, 13.327200693703896], [80.31199952070136, 13.327098158686068], [80.31190141617645, 13.327098147980756], [80.31190141617645, 13.327000055958331], [80.31199952070136, 13.32700006664097], [80.31199952070136, 13.326901974673135], [80.31210213077127, 13.326901983586389], [80.31210213077127, 13.326799361674372], [80.31220023506269, 13.32679937222057], [80.31220023506269, 13.326398032406217], [80.31229833923997, 13.326398042815638], [80.31229833923997, 13.326299951252961], [80.31240086393413, 13.326299956625455], [80.31240086393413, 13.326201865116358], [80.31249896787801, 13.32620187539043], [80.31249896787801, 13.326099341074368], [80.31280220525673, 13.326099277740454], [80.31280220525673, 13.326201899244769], [80.31290030873367, 13.326201822223721], [80.31290030873367, 13.326001196344356], [80.31299841209648, 13.326001206347998], [80.31299841209648, 13.325800580745506], [80.31310093593945, 13.325800585669196], [80.31310093593945, 13.325399248222505], [80.31299841209648, 13.325399243395744], [80.31299841209648, 13.325198531648763], [80.31310093593945, 13.325198536427047], [80.31310093593945, 13.325100445623875], [80.31299841209648, 13.325100440869281], [80.31299841209648, 13.324101591914722], [80.31290030873367, 13.324101669463774], [80.31290030873367, 13.323900959855026], [80.31280220525673, 13.323900950292836], [80.31280220525673, 13.32349961925212], [80.31249896787801, 13.323499684441462], [80.31249896787801, 13.323401508002865], [80.31240086393413, 13.32340158548914], [80.31240086393413, 13.323298966389999], [80.31220023506269, 13.32329895204931], [80.31220023506269, 13.323401571099945], [80.31210213077127, 13.323401561339203], [80.31210213077127, 13.323499650573039], [80.31199952070136, 13.323499642482366], [80.31199952070136, 13.323700263905057], [80.31210213077127, 13.323700272044238], [80.31210213077127, 13.323798448626695], [80.31199952070136, 13.323798440463776], [80.31199952070136, 13.3246991072896], [80.31190141617645, 13.324699184252701], [80.31190141617645, 13.324997897930078], [80.31179889087505, 13.32499789263794], [80.31179889087505, 13.326799423537699], [80.31170078611672, 13.326799412811438], [80.31170078611672, 13.327098131385988], [80.31179889087505, 13.327098142181306], [80.31179889087505, 13.327200677150666], [80.31190141617645, 13.32720068297488], [80.31190141617645, 13.327298775155326], [80.31199952070136, 13.327298785907015]]], [[[80.3098993448336, 13.326099278868456], [80.3098993448336, 13.326500615544603], [80.3100018724442, 13.326500622090316], [80.3100018724442, 13.326701247404504], [80.31030061304676, 13.326701276746093], [80.31030061304676, 13.326799368163273], [80.3110007024875, 13.326799348050455], [80.3110007024875, 13.327000061433242], [80.31089817609109, 13.327000055235185], [80.31089817609109, 13.327098147025788], [80.31080007028496, 13.32709813582638], [80.31080007028496, 13.327200670554479], [80.3110007024875, 13.327200688024124], [80.3110007024875, 13.32709815324755], [80.31120133421274, 13.327098170484643], [80.31120133421274, 13.32700007862397], [80.31129943955209, 13.327000002505368], [80.31129943955209, 13.327098181504036], [80.31140205047383, 13.32709810367782], [80.31140205047383, 13.326901919941085], [80.31129943955209, 13.326901910699345], [80.31129943955209, 13.326299945801958], [80.31120133421274, 13.326299934967114], [80.31120133421274, 13.326099309732566], [80.31109880806024, 13.326099303846162], [80.31109880806024, 13.32589867898332], [80.31089817609109, 13.32589866221924], [80.31089817609109, 13.325800571373472], [80.3105013314515, 13.325800532448904], [80.31050133145149, 13.32569799894581], [80.31030061304676, 13.32569797847282], [80.31030061304676, 13.325599887923229], [80.3100018724442, 13.325599859357075], [80.3100018724442, 13.325301145572206], [80.3098993448336, 13.3253011393163], [80.3098993448336, 13.325198606369865], [80.30980123786563, 13.325198595161577], [80.30980123786563, 13.325100505120819], [80.30969862499627, 13.32510049556357], [80.30969862499626, 13.32559991916393], [80.30960051779483, 13.325599907772801], [80.30960051779483, 13.325898621991941], [80.30969862499626, 13.325898633452141], [80.30969862499627, 13.326001166926543], [80.30980123786563, 13.326001176701606], [80.30980123786563, 13.326099267451905], [80.3098993448336, 13.326099278868456]]], [[[80.31220023506269, 13.327998869381469], [80.31210213077127, 13.327998858557992], [80.31210213077127, 13.327798230160832], [80.31179889087505, 13.32779820419521], [80.31179889087505, 13.327602019172259], [80.31170078611672, 13.327602008260456], [80.31170078611672, 13.327298758465712], [80.31150015557968, 13.327298828707605], [80.31150015557968, 13.327200736619833], [80.31140205047383, 13.327200725666772], [80.31140205047383, 13.327298817731865], [80.31129943955209, 13.32729880839417], [80.31129943955209, 13.327401343408104], [80.31120133421274, 13.327401332318617], [80.31120133421274, 13.327602046766449], [80.31089817609109, 13.327602022947657], [80.31089817609109, 13.327798207554357], [80.31140205047383, 13.327798252152995], [80.31140205047383, 13.32840022443785], [80.31150015557968, 13.328400235668214], [80.31150015557968, 13.328498328700675], [80.31170078611672, 13.32849825902499], [80.31170078611672, 13.328600882239803], [80.31179889087505, 13.328600893382522], [80.31179889087505, 13.328801522929242], [80.31190141617645, 13.32880152914013], [80.31190141617645, 13.328899622581327], [80.31210213077127, 13.328899643099293], [80.31210213077127, 13.328801549611713], [80.31220023506269, 13.328801560620741], [80.31220023506269, 13.327998869381469]], [[80.31190141617645, 13.328600899544949], [80.31199952070136, 13.328600823481077], [80.31199952070136, 13.328801540239214], [80.31190141617645, 13.32880152914013], [80.31190141617645, 13.328600899544949]]], [[[80.31269959603871, 13.328199541924198], [80.31269959603871, 13.328302078017819], [80.31280220525673, 13.328302086941042], [80.31280220525673, 13.328600897011347], [80.31269959603871, 13.32860088801589], [80.31269959603871, 13.328698981483498], [80.31260149232824, 13.32869897072222], [80.31260149232824, 13.328801507203272], [80.31269959603871, 13.328801517988243], [80.31269959603871, 13.32900214828373], [80.31260149232824, 13.32900213745238], [80.31260149232824, 13.32919841216856], [80.31269959603871, 13.32919833592814], [80.31269959603871, 13.329399053980003], [80.31260149232824, 13.329399043056918], [80.31260149232824, 13.32989848730998], [80.31249896787801, 13.329898481162417], [80.31249896787801, 13.330001018606009], [80.31260149232824, 13.330001024778337], [80.31260149232824, 13.330099119325778], [80.31290030873367, 13.330099150763177], [80.31290030873367, 13.330201688468849], [80.31299841209648, 13.33020169944338], [80.31299841209648, 13.330099074596182], [80.31319903906883, 13.330099091418775], [80.31319903906883, 13.330000996733304], [80.31349776834563, 13.33000102402953], [80.31349776834563, 13.329898486344733], [80.31360037659235, 13.329898495279277], [80.31360037659235, 13.329800400659037], [80.31380100213235, 13.329800329670302], [80.31380100213235, 13.329501603137592], [80.31360037659235, 13.329501587149753], [80.31360037659235, 13.329300955624262], [80.31369847914063, 13.329300966076499], [80.31369847914063, 13.329198341802082], [80.31380100213235, 13.329198347218087], [80.31380100213235, 13.329002159064753], [80.31369847914063, 13.32900215369613], [80.31369847914063, 13.328899616785018], [80.31360037659235, 13.328899606425544], [80.31360037659235, 13.32900214331296], [80.31349776834563, 13.329002134595079], [80.31349776834563, 13.328899597732445], [80.31330164767908, 13.328899580044624], [80.31330164767908, 13.328801486279964], [80.31310093593945, 13.328801554026466], [80.31310093593945, 13.328698930307896], [80.31319903906883, 13.32869894084507], [80.31319903906883, 13.328600847262114], [80.31310093593945, 13.328600836747608], [80.31310093593945, 13.328400206908846], [80.31319903906883, 13.328400217376977], [80.31319903906883, 13.328302124029273], [80.31339966556381, 13.328302139818476], [80.31339966556381, 13.328101423203158], [80.31319903906883, 13.328101407508816], [80.31319903906883, 13.327998871459776], [80.31310093593945, 13.327998861084405], [80.31310093593945, 13.327700139364316], [80.31299841209648, 13.327700133981878], [80.31299841209648, 13.327798226809136], [80.31290030873367, 13.327798216390136], [80.31290030873367, 13.327700123585547], [80.31280220525673, 13.327700113145209], [80.31280220525673, 13.327602020440548], [80.31249896787801, 13.327601995585944], [80.31249896787801, 13.32770008822053], [80.31269959603871, 13.327700104367509], [80.31269959603871, 13.327798197125714], [80.31260149232824, 13.327798186572663], [80.31260149232824, 13.328199531278372], [80.31269959603871, 13.328199541924198]]], [[[80.3143985403721, 13.222398466648473], [80.3143985403721, 13.222501002539637], [80.31450106251256, 13.22250098185876], [80.31450106251256, 13.222599078693733], [80.31470177091913, 13.222599133601694], [80.31470177091913, 13.222701669733619], [80.3148979733384, 13.222701640329344], [80.3148979733384, 13.222799737416311], [80.31500049487151, 13.22279980361784], [80.31500049487151, 13.222897900806885], [80.31520120208907, 13.22289786835853], [80.31520120208907, 13.223000404860473], [80.3152993027746, 13.223000390026794], [80.3152993027746, 13.22309848744508], [80.31570063030024, 13.22309850582329], [80.31570063030024, 13.22320112965653], [80.3157987304046, 13.2232011146468], [80.3157987304046, 13.223299212340825], [80.31590125084224, 13.223299191200965], [80.31590125084224, 13.223401728207005], [80.3161019559152, 13.22340178221944], [80.3161019559152, 13.223499880143773], [80.31620005555253, 13.223499865024335], [80.31620005555253, 13.223597963049652], [80.31719889718, 13.223597965698126], [80.31719889718, 13.223499867441834], [80.31739951415604, 13.223499830044945], [80.31739951415604, 13.223401731820601], [80.31760021566143, 13.223401784467995], [80.31760021566143, 13.223201061897093], [80.317698313555, 13.22320104604125], [80.317698313555, 13.223000410795237], [80.31780083168222, 13.223000388698992], [80.31780083168222, 13.222897851568703], [80.31789892934228, 13.22289783555344], [80.31789892934228, 13.222701639913248], [80.31780083168222, 13.222701655973852], [80.31780083168222, 13.222599119092841], [80.31789892934228, 13.222599103008541], [80.31789892934226, 13.222501005387782], [80.31780083168222, 13.222501021494747], [80.31780083168222, 13.22230038734325], [80.317698313555, 13.22230032256559], [80.317698313555, 13.222398419979749], [80.3175021176537, 13.222398452018698], [80.3175021176537, 13.222500988660064], [80.31739951415604, 13.22250100750827], [80.31739951415604, 13.222599105013556], [80.31719889718, 13.222599142836101], [80.31719889718, 13.22270167957165], [80.31710079870518, 13.222701695320454], [80.31710079870518, 13.222500974129401], [80.31699819471896, 13.222500992790659], [80.31699819471896, 13.22259909020314], [80.31690009601056, 13.222599105886266], [80.31690009601056, 13.222701642549566], [80.31669947784582, 13.222701679868747], [80.31669947784582, 13.222799777372375], [80.31649877419558, 13.222799724189414], [80.31649877419558, 13.222897908767994], [80.31629815507566, 13.222897858585805], [80.31629815507566, 13.22300039535291], [80.31599935071313, 13.223000443941585], [80.31599935071313, 13.22289790724667], [80.31590125084224, 13.22289783537287], [80.31590125084226, 13.222799737975555], [80.31570063030024, 13.22279977433856], [80.31570063030024, 13.222701677065919], [80.31559802460967, 13.222701695026393], [80.31559802460967, 13.222599071635077], [80.31549992427175, 13.222599086694581], [80.31549992427175, 13.222500989628585], [80.31540182381967, 13.222501004667066], [80.31540182381967, 13.222599101710387], [80.3152993027746, 13.222599122786857], [80.3152993027746, 13.222501025767226], [80.31520120208907, 13.222501040716347], [80.31520120208907, 13.222398417588622], [80.31509859579062, 13.222398435389744], [80.31509859579062, 13.222300338576758], [80.3148979733384, 13.222300374444691], [80.3148979733384, 13.222197751557937], [80.31479987218584, 13.222197766398407], [80.31479987218584, 13.222099669814716], [80.31470177091913, 13.222099684634173], [80.31470177091913, 13.22200158815148], [80.31450106251256, 13.222001620568617], [80.31450106251256, 13.221898998027426], [80.3143985403721, 13.221899018853719], [80.3143985403721, 13.221800922601371], [80.31430043863838, 13.22180093731115], [80.31430043863838, 13.221698402027924], [80.31419791625396, 13.221698335767513], [80.31419791625396, 13.221800958067744], [80.3140998142868, 13.221800972688156], [80.3140998142868, 13.221698350411652], [80.3140017122055, 13.221698365012086], [80.3140017122055, 13.222001618803953], [80.3140998142868, 13.222001604273629], [80.3140998142868, 13.222300332690379], [80.31430043863838, 13.222300384591678], [80.31430043863838, 13.2223984812201], [80.3143985403721, 13.222398466648473]]], [[[80.31479987218584, 13.228699124473938], [80.3148979733384, 13.228699198183286], [80.3148979733384, 13.228400366606117], [80.31479987218584, 13.228400380012713], [80.31479987218584, 13.228297839103297], [80.31520120208907, 13.228297863311903], [80.31520120208907, 13.22819976176692], [80.31509859579062, 13.22819977816549], [80.31509859579062, 13.228101676722494], [80.31520120208907, 13.2281016603002], [80.31520120208907, 13.227901018236237], [80.3152993027746, 13.227901004535381], [80.3152993027746, 13.227798463921673], [80.31549992427175, 13.227798430287056], [80.31549992427175, 13.227700329071443], [80.31540182381967, 13.227700342908076], [80.31540182381967, 13.227602241793413], [80.31549992427175, 13.227602227934106], [80.31549992427175, 13.227499687521076], [80.31559802460967, 13.227499673594359], [80.31559802460967, 13.227401572594433], [80.3157987304046, 13.227401541731316], [80.3157987304046, 13.227200900527198], [80.31599935071313, 13.227200866155052], [80.31599935071313, 13.226902124489314], [80.31620005555253, 13.226902180070068], [80.31620005555253, 13.226799553025842], [80.31590125084226, 13.226799598806789], [80.31590125084224, 13.226598958536526], [80.31599935071313, 13.22659894422281], [80.31599935071313, 13.2263002040197], [80.31570063030024, 13.22630016606559], [80.31570063030024, 13.226398266210387], [80.31520120208907, 13.22639825875786], [80.31520120208907, 13.226500798180057], [80.3148979733384, 13.22650084887169], [80.3148979733384, 13.226598948991004], [80.31479987218584, 13.226598962814037], [80.31479987218584, 13.226799602563348], [80.31470177091913, 13.226799616296287], [80.31470177091913, 13.227098356799091], [80.31459916401282, 13.227098373231206], [80.31459916401282, 13.227000272782485], [80.31450106251256, 13.227000199334014], [80.31450106251256, 13.227098299759987], [80.3143985403721, 13.227098319330336], [80.3143985403721, 13.227200859142378], [80.31430043863838, 13.227200872603744], [80.31430043863838, 13.227298973143425], [80.31450106251256, 13.227299027228662], [80.31450106251256, 13.227401567232878], [80.31470177091913, 13.22740153736971], [80.31470177091913, 13.227602178382377], [80.31479987218584, 13.227602251881054], [80.31479987218584, 13.227798453910218], [80.31470177091913, 13.227798380366044], [80.31470177091913, 13.228101649709217], [80.31459916401283, 13.228101665898757], [80.31459916401282, 13.2284004094929], [80.31450106251256, 13.228400422766336], [80.31450106251256, 13.228699167017213], [80.3143985403721, 13.228699186200867], [80.3143985403721, 13.22889982918751], [80.31430043863838, 13.228899842256103], [80.31430043863838, 13.228997944151253], [80.3143985403721, 13.228997931105352], [80.3143985403721, 13.229198574579415], [80.31450106251256, 13.229198555516392], [80.31450106251256, 13.2291004534148], [80.31459916401283, 13.229100440303188], [80.31459916401283, 13.22899789885854], [80.31479987218584, 13.228997956708007], [80.31479987218584, 13.228801752764909], [80.31459916401283, 13.22880169500838], [80.31459916401283, 13.228699153812837], [80.31470177091913, 13.228699137767759], [80.31470177091913, 13.228498494965136], [80.31479987218584, 13.22849848162493], [80.31479987218584, 13.228699124473938]], [[80.31500049487151, 13.226799568911636], [80.31500049487151, 13.226701468608525], [80.31509859579062, 13.226701454719809], [80.31509859579062, 13.226598915155057], [80.31549992427175, 13.226598937211481], [80.31549992427175, 13.226701476873265], [80.31540182381967, 13.226701490940783], [80.31540182381967, 13.226799591336727], [80.31509859579062, 13.226799555045595], [80.31509859579062, 13.227000282309298], [80.31500049487151, 13.22700020908324], [80.31500049487151, 13.22720093662812], [80.31479987218584, 13.227200883044304], [80.31479987218584, 13.226799602563348], [80.31500049487151, 13.226799568911636]], [[80.31559802460967, 13.226701462762037], [80.31559802460967, 13.226799563203333], [80.31549992427175, 13.226799577291885], [80.31549992427175, 13.226701476873265], [80.31559802460967, 13.226701462762037]], [[80.31459916401283, 13.228899796894328], [80.31450106251256, 13.228899810052322], [80.31450106251256, 13.228801708189051], [80.31459916401283, 13.22880169500838], [80.31459916401283, 13.228899796894328]], [[80.31520120208907, 13.227000265620731], [80.31520120208907, 13.226902165111063], [80.3152993027746, 13.226902151179315], [80.3152993027746, 13.227000251711665], [80.31520120208907, 13.227000265620731]]], [[[80.3143985403721, 13.237198204897203], [80.3143985403721, 13.237001988062808], [80.31430043863838, 13.237001999258325], [80.31430043863838, 13.236899451300474], [80.31419791625396, 13.236899468409858], [80.31419791625396, 13.236801360238045], [80.3140998142868, 13.236801371390497], [80.3140998142868, 13.236698823648283], [80.31419791625396, 13.236698812472124], [80.31419791625396, 13.236498156861469], [80.31430043863838, 13.236498139655154], [80.31430043863838, 13.23610126896985], [80.31419791625396, 13.236101286272035], [80.31419791625396, 13.23599873908934], [80.3140998142868, 13.235998750427346], [80.3140998142868, 13.235798008952562], [80.3140017122055, 13.235798020293238], [80.3140017122055, 13.235699913044702], [80.3138991044472, 13.235699927070758], [80.3138991044472, 13.236101235733981], [80.31380100213235, 13.236101246915066], [80.31380100213235, 13.236400009372884], [80.31369847914063, 13.236400026370196], [80.31369847914063, 13.236600681584628], [80.31380100213235, 13.236600664635784], [80.31380100213235, 13.236899428305737], [80.31369847914063, 13.236899445182415], [80.31369847914063, 13.237001992994728], [80.31360037659235, 13.23700200387812], [80.31360037659235, 13.237198220343325], [80.31349776834563, 13.237198233819939], [80.31349776834563, 13.23730078183263], [80.31339966556381, 13.237300792557448], [80.31339966556381, 13.237398900942653], [80.31360037659235, 13.23739887681242], [80.31360037659235, 13.237300768380813], [80.31369847914063, 13.237300757566494], [80.31369847914063, 13.237398866020781], [80.3138991044472, 13.237398838383664], [80.3138991044472, 13.237501386660487], [80.3140017122055, 13.23750146012293], [80.3140017122055, 13.23770211727614], [80.31430043863838, 13.237702078515944], [80.31430043863838, 13.237599529974926], [80.31450106251256, 13.237599501883778], [80.31450106251256, 13.237198187766502], [80.3143985403721, 13.237198204897203]], [[80.3140017122055, 13.237398824768393], [80.3140998142868, 13.237398900850673], [80.3140998142868, 13.237300792303525], [80.31430043863838, 13.23730076425409], [80.31430043863838, 13.237398872847619], [80.31419791625396, 13.237398889836367], [80.31419791625396, 13.237501438185465], [80.3140017122055, 13.23750146012293], [80.3140017122055, 13.237398824768393]]], [[[80.31710079870518, 13.23909778876252], [80.31710079870518, 13.239298449983092], [80.3173014159147, 13.239298420141358], [80.3173014159147, 13.239400970822729], [80.3175021176537, 13.239401031134859], [80.3175021176537, 13.237800187417344], [80.31739951415604, 13.237800202567962], [80.31739951415604, 13.238799062292518], [80.3173014159147, 13.238798987356187], [80.3173014159147, 13.239097758825967], [80.31719889718, 13.239097776802813], [80.31719889718, 13.23899966618525], [80.31710079870518, 13.238999678167627], [80.31710079870518, 13.238500246830288], [80.31699819471896, 13.238500261624568], [80.31699819471896, 13.238000832433736], [80.31710079870518, 13.238000817518744], [80.31710079870518, 13.237898268051998], [80.31699819471896, 13.237898282991765], [80.31699819471896, 13.237800173376396], [80.31690009601056, 13.237800185546481], [80.31690009601056, 13.23850027363286], [80.31680199718797, 13.238500285597418], [80.31680199718797, 13.238901606135553], [80.31690009601056, 13.238901594263742], [80.31690009601056, 13.23899970473408], [80.31699819471896, 13.238999692841196], [80.31699819471896, 13.239097803412385], [80.31710079870518, 13.23909778876252]]], [[[80.31349776834563, 13.241501232275231], [80.31349776834563, 13.241398680764412], [80.31339966556381, 13.241398690541788], [80.31339966556381, 13.242402009905481], [80.31319903906883, 13.242401947665526], [80.31319903906883, 13.242500060068366], [80.31310093593945, 13.24250006945786], [80.31310093593945, 13.242798846947766], [80.31299841209648, 13.242798862072997], [80.31299841209648, 13.243102080105787], [80.31310093593945, 13.243102065053808], [80.31310093593945, 13.243298291007411], [80.31319903906883, 13.24329828180248], [80.31319903906883, 13.243498948020829], [80.31330164767908, 13.243498936207104], [80.31330164767908, 13.24399829628377], [80.31319903906883, 13.243998307976756], [80.31319903906883, 13.244301529104924], [80.31280220525673, 13.244301570563279], [80.31280220525673, 13.244502238227907], [80.31260149232824, 13.244502171212188], [80.31260149232824, 13.244698399164562], [80.31299841209648, 13.244698448733608], [80.31299841209648, 13.244600334626506], [80.31319903906883, 13.244600311032594], [80.31319903906883, 13.244698425186078], [80.31310093593945, 13.244698434067292], [80.31310093593945, 13.244800988228958], [80.31330164767908, 13.24480096787257], [80.31330164767908, 13.245001636586744], [80.31339966556381, 13.245001624449902], [80.31339966556381, 13.245300408216403], [80.31349776834563, 13.245300399341106], [80.31349776834563, 13.244502251131797], [80.31360037659235, 13.24450223942129], [80.31360037659235, 13.244301571379067], [80.31369847914063, 13.244301562183306], [80.31369847914063, 13.24410089442149], [80.31380100213235, 13.244100879284447], [80.31380100213235, 13.243998325536227], [80.3140017122055, 13.243998304161266], [80.3140017122055, 13.243900277437046], [80.31430043863838, 13.243900243039835], [80.31430043863838, 13.243802129267175], [80.31450106251256, 13.243802104108108], [80.31450106251256, 13.24310207689999], [80.31459916401283, 13.243102067025173], [80.31459916401282, 13.242598182107841], [80.31470177091913, 13.242598169423117], [80.31470177091913, 13.242299391292402], [80.31479987218584, 13.242299381142516], [80.31479987218584, 13.242000690723664], [80.3148979733384, 13.242000680460972], [80.3148979733384, 13.241701903641259], [80.31500049487151, 13.241701887365618], [80.31500049487151, 13.240600458534011], [80.31509859579062, 13.240600534913517], [80.31509859579062, 13.239998548708433], [80.31520120208907, 13.239998535162266], [80.31520120208907, 13.23979787369931], [80.31509859579062, 13.239797887293982], [80.31509859579062, 13.239601665992751], [80.31500049487151, 13.23960167689946], [80.31500049487151, 13.239499126607079], [80.31509859579062, 13.23949911567667], [80.31509859579062, 13.239401005225012], [80.31500049487151, 13.239401016178098], [80.31500049487151, 13.239298466052832], [80.3148979733384, 13.239298482908964], [80.3148979733384, 13.239200372663559], [80.31479987218584, 13.239200383573564], [80.31479987218584, 13.239097746609668], [80.31470177091913, 13.239097757499648], [80.31470177091913, 13.239699738738258], [80.31479987218584, 13.239699727987434], [80.31479987218584, 13.239998499881082], [80.31470177091913, 13.239998510562843], [80.31470177091913, 13.240199172116492], [80.31459916401283, 13.240199185381202], [80.31459916401283, 13.240497958345216], [80.3143985403721, 13.240497898100543], [80.3143985403721, 13.240600536134307], [80.31430043863838, 13.24060045944275], [80.31430043863838, 13.240497908487892], [80.31419791625396, 13.24049792472806], [80.31419791625396, 13.240600475658141], [80.3140017122055, 13.240600496162715], [80.3140017122055, 13.240497945280046], [80.3138991044472, 13.240497958145987], [80.3138991044472, 13.240301736284126], [80.31380100213235, 13.240301746494096], [80.31380100213235, 13.24039985736326], [80.31369847914063, 13.240399873394342], [80.31369847914063, 13.240899221375381], [80.31380100213235, 13.240899292520211], [80.31380100213235, 13.241099955115416], [80.3138991044472, 13.241099945089982], [80.3138991044472, 13.241198056617696], [80.3140017122055, 13.241198043921028], [80.3140017122055, 13.241701922401429], [80.31380100213235, 13.241701857806667], [80.31380100213235, 13.241599306055502], [80.31360037659235, 13.241599331617335], [80.31360037659235, 13.24150121983908], [80.31349776834563, 13.241501232275231]], [[80.3140998142868, 13.241701912425652], [80.3140998142868, 13.241599360602198], [80.31419791625396, 13.241599350558964], [80.31419791625396, 13.241501238642485], [80.3143985403721, 13.241501212489272], [80.3143985403721, 13.241398660760696], [80.31450106251256, 13.2413986446446], [80.31450106251256, 13.241300619873591], [80.3143985403721, 13.241300548957684], [80.3143985403721, 13.241197997396185], [80.31450106251256, 13.241197981231617], [80.31450106251256, 13.241099956620314], [80.31479987218584, 13.24109992280858], [80.31479987218584, 13.24139869809901], [80.31470177091913, 13.2413987084571], [80.31470177091913, 13.241501260259012], [80.31459916401283, 13.241501273208925], [80.31459916401282, 13.241599298162283], [80.31470177091913, 13.241599372292033], [80.31470177091913, 13.24170192426101], [80.31459916401282, 13.241701937162414], [80.31459916401283, 13.241799962275461], [80.31470177091913, 13.241800036453867], [80.31470177091913, 13.24189806166869], [80.31459916401282, 13.241898074522672], [80.31459916401282, 13.242201291482491], [80.31430043863838, 13.242201327481318], [80.31430043863838, 13.242098775193584], [80.31419791625396, 13.242098791047063], [80.31419791625396, 13.241898126636872], [80.3140998142868, 13.24189813661105], [80.3140998142868, 13.24180002447927], [80.3140017122055, 13.24180003443237], [80.3140017122055, 13.241701922401429], [80.3140998142868, 13.241701912425652]], [[80.31360037659235, 13.241701883320017], [80.31349776834563, 13.241701895707639], [80.31349776834563, 13.241599344029758], [80.31360037659235, 13.241599331617335], [80.31360037659235, 13.241701883320017]], [[80.31459916401283, 13.241001834671208], [80.31459916401283, 13.240899283309922], [80.31479987218584, 13.24089925974093], [80.31479987218584, 13.241001811150712], [80.31459916401283, 13.241001834671208]]], [[[80.31660137878976, 13.244502236810543], [80.31649877419558, 13.244502249921215], [80.31649877419558, 13.244800947600869], [80.31640067490592, 13.244800957930337], [80.31640067490592, 13.245099743323784], [80.31629815507566, 13.245099759431525], [80.31629815507566, 13.245197874699407], [80.31620005555253, 13.245197797788835], [80.31620005555253, 13.245300353115256], [80.31599935071313, 13.2453003758808], [80.31599935071313, 13.245398491239314], [80.31590125084224, 13.2453985012079], [80.31590125084226, 13.245501056629125], [80.3157987304046, 13.245501072407116], [80.3157987304046, 13.245599187879028], [80.31570063030024, 13.245599110652734], [80.31570063030024, 13.245701753251485], [80.31549992427175, 13.245701688312371], [80.31549992427175, 13.24579980387491], [80.31540182381967, 13.245799813527938], [80.31540182381967, 13.245897929145903], [80.31520120208907, 13.245897954136058], [80.31520120208907, 13.246098538475797], [80.31540182381967, 13.24609860063974], [80.31540182381967, 13.24600048486202], [80.31549992427175, 13.246000475255366], [80.31549992427175, 13.246201146962571], [80.31559802460967, 13.24620113735853], [80.31559802460967, 13.246098581428026], [80.31570063030024, 13.246098569123482], [80.31570063030024, 13.246201125078779], [80.3157987304046, 13.246201115385203], [80.3157987304046, 13.246299231414422], [80.31590125084224, 13.246299215829184], [80.31590125084226, 13.246598004503378], [80.3157987304046, 13.246598020016462], [80.3157987304046, 13.246901249399453], [80.31590125084226, 13.246901233959589], [80.31590125084226, 13.247101907323154], [80.31599935071313, 13.247101897748264], [80.31599935071313, 13.247199927480743], [80.3157987304046, 13.247199952400702], [80.3157987304046, 13.247498743186158], [80.31599935071313, 13.247498718407419], [80.31599935071313, 13.247699392790066], [80.31629815507566, 13.247699361588726], [80.31629815507566, 13.247601331390028], [80.31640067490592, 13.247601315886367], [80.31640067490592, 13.247699346108735], [80.31680199718797, 13.247699385755556], [80.31680199718797, 13.247601268379807], [80.31690009601056, 13.247601258518456], [80.31690009601056, 13.24749870110828], [80.31699819471896, 13.247498691179455], [80.31699819471896, 13.24719998660993], [80.31690009601056, 13.247199996607776], [80.31690009601056, 13.247101879606845], [80.31680199718797, 13.247101889583599], [80.31680199718797, 13.246798658990063], [80.31669947784582, 13.246798674874663], [80.31669947784582, 13.246299212391031], [80.31680199718797, 13.246299196385824], [80.31680199718797, 13.245599151195448], [80.31690009601056, 13.245599140871418], [80.31690009601056, 13.245398469482263], [80.31680199718797, 13.245398479852666], [80.31680199718797, 13.244899109981569], [80.31669947784582, 13.244899039266135], [80.31669947784582, 13.244698456170465], [80.31680199718797, 13.244698439778738], [80.31680199718797, 13.243900202194377], [80.31669947784582, 13.243900218778853], [80.31669947784582, 13.244399671539622], [80.31660137878976, 13.24439968205135], [80.31660137878976, 13.244502236810543]], [[80.31660137878976, 13.244698379554602], [80.31660137878976, 13.244600351672782], [80.31669947784582, 13.244600341207427], [80.31669947784582, 13.244698456170465], [80.31660137878976, 13.244698379554602]]], [[[80.31570063030024, 13.251997938795668], [80.31559802460967, 13.251997949674186], [80.31559802460967, 13.252399313031233], [80.31549992427175, 13.252399321202683], [80.31549992427175, 13.252301200388173], [80.31540182381967, 13.252301208538519], [80.31540182381967, 13.252501803390587], [80.31549992427175, 13.252501882350431], [80.31549992427175, 13.253201877520603], [80.31559802460967, 13.253201956598986], [80.31559802460967, 13.253299991088276], [80.31590125084226, 13.253300045641478], [80.31590125084226, 13.253398080278773], [80.31599935071313, 13.25339815922361], [80.31599935071313, 13.253500721322538], [80.3161019559152, 13.253500710619912], [80.3161019559152, 13.253598745463044], [80.31629815507566, 13.253598816158132], [80.31629815507566, 13.25370137849611], [80.31649877419558, 13.253701356192893], [80.31649877419558, 13.253598793806457], [80.31660137878976, 13.253598782894374], [80.31660137878976, 13.253398098626695], [80.31710079870518, 13.253398134687105], [80.31710079870518, 13.253300012707934], [80.31719889718, 13.253300004030136], [80.31719889718, 13.253201882106342], [80.31760021566143, 13.253201925501562], [80.31760021566143, 13.253300047518183], [80.317698313555, 13.253300038617494], [80.317698313555, 13.253598758456265], [80.31780083168222, 13.25359874374771], [80.31780083168222, 13.253701306448777], [80.31789892934228, 13.253701297551263], [80.31789892934228, 13.253598821891599], [80.31800153223196, 13.253598810325888], [80.31800153223196, 13.25370137307551], [80.31870155772751, 13.253701294932418], [80.31870155772751, 13.253500696570109], [80.31879965433913, 13.25350068722423], [80.31879965433913, 13.253201879782823], [80.31870155772751, 13.253201889197735], [80.31870155772751, 13.252698045188902], [80.31859904069596, 13.252698060535026], [80.31859904069596, 13.252501817075705], [80.31839834156915, 13.252501838626735], [80.31839834156914, 13.25239927677855], [80.31820214729747, 13.252399295577241], [80.31820214729747, 13.252301174137969], [80.31780083168222, 13.252301219757843], [80.31780083168222, 13.251801733687433], [80.317698313555, 13.251801748829836], [80.317698313555, 13.25160106696711], [80.31780083168222, 13.25160113883992], [80.31780083168222, 13.251400457255144], [80.317698313555, 13.251400472494419], [80.317698313555, 13.251199791284632], [80.31760021566143, 13.251199800670614], [80.31760021566143, 13.25110168032476], [80.317698313555, 13.251101670916107], [80.317698313555, 13.25059783667754], [80.31760021566143, 13.250597846202611], [80.31760021566143, 13.250401606546843], [80.3175021176537, 13.250401616073486], [80.3175021176537, 13.25029905618839], [80.31739951415604, 13.250299068318391], [80.31739951415604, 13.250098389042208], [80.3173014159147, 13.250098398549353], [80.3173014159147, 13.249902159826567], [80.31719889718, 13.249902175194684], [80.31719889718, 13.249701496659288], [80.31710079870518, 13.24970150616862], [80.31710079870518, 13.249799625284924], [80.31699819471896, 13.249799637348318], [80.31699819471896, 13.249701518255735], [80.31690009601056, 13.249701527675503], [80.31690009601056, 13.24979964674542], [80.31669947784582, 13.249799584196545], [80.31669947784582, 13.249701552235168], [80.31649877419558, 13.249701486313594], [80.31649877419558, 13.249799605290677], [80.31629815507566, 13.249799629437756], [80.31629815507566, 13.250000307706909], [80.31620005555253, 13.250000316745261], [80.31620005555253, 13.25009834882879], [80.31599935071313, 13.250098369325709], [80.31599935071313, 13.249902218267197], [80.31570063030024, 13.24990216368614], [80.31570063030024, 13.249799604651837], [80.31549992427175, 13.249799624834061], [80.31549992427175, 13.250200980943912], [80.31540182381967, 13.250200902517498], [80.31540182381967, 13.250700379280826], [80.31559802460967, 13.250700362196358], [80.31559802460967, 13.250901041600228], [80.31570063030024, 13.250901030456559], [80.31570063030024, 13.250999150203555], [80.31559802460967, 13.250999161323502], [80.31559802460967, 13.251101721330658], [80.31570063030024, 13.251101710235504], [80.31570063030024, 13.251199743079209], [80.31559802460967, 13.25119975415067], [80.31559802460967, 13.251601114910224], [80.31570063030024, 13.251601103935782], [80.31570063030024, 13.251699224239756], [80.31559802460967, 13.251699235190479], [80.31559802460967, 13.251899829156292], [80.3157987304046, 13.251899896941048], [80.3157987304046, 13.252100491328093], [80.31570063030024, 13.252100499658182], [80.31570063030024, 13.251997938795668]], [[80.3157987304046, 13.25169921581692], [80.3157987304046, 13.251801776454744], [80.31570063030024, 13.251801784853875], [80.31570063030024, 13.251699224239756], [80.3157987304046, 13.25169921581692]], [[80.3175021176537, 13.251297843350672], [80.31760021566143, 13.25129792109453], [80.31760021566143, 13.25180175807672], [80.3175021176537, 13.251801767279831], [80.3175021176537, 13.251297843350672]]], [[[80.32519846891653, 13.268897959989186], [80.32539915184425, 13.268897939972227], [80.32539915184425, 13.269000517216067], [80.32550174560012, 13.269000505867256], [80.32550174560012, 13.26909864226417], [80.32559983429375, 13.26909863348368], [80.32559983429375, 13.269299260443672], [80.32569792287316, 13.269299251665666], [80.32569792287316, 13.26949996607548], [80.32580043126644, 13.269499951470577], [80.32580043126644, 13.269201187464928], [80.32569792287316, 13.269201202141877], [80.32569792287316, 13.269098624659367], [80.32580043126644, 13.26909860995768], [80.32580043126644, 13.269000473491799], [80.32569792287316, 13.269000488217152], [80.32569792287316, 13.26889799797868], [80.32559983429375, 13.26889791977184], [80.32559983429375, 13.268701734406633], [80.32550174560012, 13.268701743278724], [80.32550174560012, 13.268398540480657], [80.32559983429375, 13.268398531538582], [80.32559983429375, 13.26830039567484], [80.3258986046107, 13.268300452987788], [80.3258986046107, 13.268197876204308], [80.32580043126644, 13.26819788208941], [80.32580043126644, 13.268099746338644], [80.32559983429375, 13.268099770336068], [80.32559983429375, 13.26800163470953], [80.32539915184425, 13.268001655333146], [80.32539915184425, 13.267899078918234], [80.32480160660671, 13.267899137245085], [80.32480160660671, 13.268001713515764], [80.32469909699768, 13.268001640939032], [80.32469909699768, 13.268197911853884], [80.32460100725498, 13.268197920439901], [80.32460100725498, 13.268300409833262], [80.32480160660671, 13.268300473919911], [80.32480160660671, 13.268799860818692], [80.32519846891653, 13.268799823821645], [80.32519846891653, 13.268897959989186]]], [[[80.32209942521342, 13.270699449017936], [80.32209942521342, 13.270601312136318], [80.32220193798622, 13.270601299477292], [80.32220193798622, 13.270498808755189], [80.32230003052263, 13.270498801772192], [80.32230003052263, 13.270298087346259], [80.32239820794689, 13.270298083511603], [80.32239820794689, 13.269999319969969], [80.32250072035609, 13.26999939410379], [80.32250072035609, 13.269901257685133], [80.32259881254461, 13.269901250430665], [80.32259881254461, 13.269798673115643], [80.32180064142031, 13.269798653796855], [80.32180064142031, 13.270699471925193], [80.32189873442398, 13.270699465167834], [80.32189873442398, 13.270801955983112], [80.32200133244342, 13.270802033783054], [80.32200133244342, 13.270699455864968], [80.32209942521342, 13.270699449017936]]], [[[80.32650056195611, 13.27200148508989], [80.32650056195611, 13.271600134795412], [80.32659864948636, 13.271600213225579], [80.32659864948636, 13.270998233626585], [80.32650056195611, 13.27099815533577], [80.32650056195611, 13.27090010427938], [80.32639796941704, 13.2709001156364], [80.32639796941704, 13.270998166669125], [80.32629988165304, 13.270998175367785], [80.32629988165304, 13.271100754571691], [80.32609920087172, 13.27110077437183], [80.32609920087172, 13.27139954317797], [80.32600111275973, 13.27139955165051], [80.32600111275973, 13.272202164216628], [80.32620179377479, 13.272202145026185], [80.32620179377479, 13.27209956493229], [80.32639796941704, 13.272099548087143], [80.32639796941704, 13.272001496181087], [80.32650056195611, 13.27200148508989]]], [[[80.32489969611579, 13.273098408326524], [80.32489969611579, 13.273597814719317], [80.32480160660671, 13.2735978221485], [80.32480160660671, 13.273901037196522], [80.32469909699768, 13.2739010502736], [80.32469909699768, 13.274101684600147], [80.32460100725498, 13.274101691823374], [80.32460100725498, 13.27440046682559], [80.32449841240187, 13.274400476449873], [80.32449841240188, 13.274899887628013], [80.32460100725498, 13.2748998781243], [80.32460100725498, 13.274998018994921], [80.32469909699768, 13.274998011978589], [80.32469909699768, 13.275198648084322], [80.32480160660671, 13.275198635320205], [80.32480160660671, 13.275399358881588], [80.32489969611579, 13.275399351868252], [80.32489969611579, 13.275599988719597], [80.32499787051005, 13.275599984947453], [80.32499787051005, 13.275800622170532], [80.32510037975543, 13.275800609412046], [80.32510037975543, 13.275501917759083], [80.32519846891653, 13.275501910635876], [80.32519846891653, 13.275399328047598], [80.32530106291688, 13.275399318337206], [80.32530106291688, 13.274998045231692], [80.32539915184425, 13.274998037902503], [80.32539915184425, 13.274899896847497], [80.32530106291688, 13.274899904199337], [80.32530106291688, 13.27469926829385], [80.32539915184425, 13.274699260895694], [80.32539915184425, 13.272902259997545], [80.32530106291688, 13.272902267810457], [80.32530106291688, 13.272799687353304], [80.32519846891653, 13.272799697691239], [80.32519846891653, 13.2725989781609], [80.32510037975543, 13.27259898595414], [80.32510037975543, 13.272701566196378], [80.32499787051005, 13.272701579702268], [80.32499787051005, 13.2730984039764], [80.32489969611579, 13.273098408326524]]], [[[80.32119865048578, 13.308200477178453], [80.32119865048578, 13.30829855652387], [80.32130124935777, 13.308298556628648], [80.32130124935777, 13.308401165500868], [80.32160003492196, 13.308401169789947], [80.32160003492196, 13.308499249386452], [80.32220193798622, 13.3084992482794], [80.32220193798622, 13.30840116854395], [80.32239820794689, 13.308401175283652], [80.32239820794689, 13.308298566146512], [80.32270140971144, 13.308298563501635], [80.32270140971144, 13.308200483809328], [80.32290201358714, 13.308200481391632], [80.32290201358714, 13.308097872298585], [80.32300019030983, 13.308097876930052], [80.32300019030983, 13.308200486046816], [80.32309828191674, 13.308200487411154], [80.32309828191674, 13.30809787827071], [80.32320079347402, 13.308097874190219], [80.32320079347402, 13.308200483355412], [80.32329888484733, 13.308200484629891], [80.32329888484733, 13.30809787544101], [80.32370025927682, 13.308097875723453], [80.32370025927682, 13.307999795959036], [80.32379835006851, 13.307999796963456], [80.32379835006851, 13.307901717253822], [80.3239008607738, 13.307901712798293], [80.3239008607738, 13.30779919081528], [80.3243022323348, 13.307799189712261], [80.3243022323348, 13.30770102294025], [80.32440032242546, 13.30770102360606], [80.32440032242546, 13.307500422136435], [80.32449841240188, 13.307500422712009], [80.32449841240188, 13.307397813811713], [80.32460100725498, 13.307397812153022], [80.32460100725498, 13.307099044712949], [80.32469909699768, 13.307099045106003], [80.32469909699768, 13.306898444467429], [80.32480160660671, 13.306898439348291], [80.32480160660671, 13.30670219417862], [80.32489969611579, 13.306702194390226], [80.32489969611579, 13.306599673156212], [80.32480160660671, 13.306599672968261], [80.32480160660671, 13.306501594132538], [80.32469909699768, 13.306501512243665], [80.32469909699768, 13.306398991223675], [80.32440032242546, 13.306398992570625], [80.32440032242546, 13.306300913985966], [80.32419963711776, 13.306300915426817], [80.32419963711776, 13.306702201730246], [80.32399895133189, 13.306702202797702], [80.32399895133189, 13.306800281606588], [80.32320079347402, 13.306800284954422], [80.32320079347402, 13.307299738050796], [80.32309828191674, 13.307299742323787], [80.32309828191674, 13.307701030813863], [80.32300019030983, 13.307701029564823], [80.32300019030983, 13.307799196036067], [80.32270140971144, 13.307799194080745], [80.32270140971144, 13.307701027678522], [80.32259881254461, 13.307701028374048], [80.32259881254461, 13.307598506870772], [80.32230003052263, 13.30759850450893], [80.32230003052263, 13.307500425461932], [80.32220193798622, 13.307500423901642], [80.32220193798622, 13.307299736689957], [80.32209942521342, 13.307299740495365], [80.32209942521342, 13.307201661730563], [80.32220193798622, 13.307201657901482], [80.32220193798622, 13.306898450342688], [80.32230003052263, 13.306898451764], [80.32230003052263, 13.307000972617443], [80.32259881254461, 13.307000974559113], [80.32259881254461, 13.306898453633577], [80.32279950166627, 13.306898453941864], [80.32279950166627, 13.306800288228777], [80.32200133244342, 13.30680028720505], [80.32200133244342, 13.306898452733734], [80.32189873442398, 13.306898453295053], [80.32189873442398, 13.307000974051673], [80.32180064142031, 13.307000972426941], [80.32180064142031, 13.307099050964327], [80.32160003492196, 13.307099052893061], [80.32160003492196, 13.307397818223206], [80.32150185656755, 13.307397813125792], [80.32150185656755, 13.307598500165252], [80.32169812815923, 13.307598507161602], [80.32169812815921, 13.307701028447552], [80.32180064142031, 13.307701024926807], [80.32180064142031, 13.30779919112092], [80.32160003492196, 13.30779919271909], [80.32160003492196, 13.30770102657133], [80.32130124935777, 13.307701022774646], [80.32130124935777, 13.30759850158446], [80.32119865048578, 13.30759850164874], [80.32119865048578, 13.307701022814165], [80.32089994850169, 13.307701021717373], [80.32089994850169, 13.307901708962328], [80.32099804255405, 13.307901711198499], [80.32099804255405, 13.307999790261741], [80.32110055666698, 13.307999787140822], [80.32110055666698, 13.308200474963158], [80.32119865048578, 13.308200477178453]]], [[[80.31349776834563, 13.324498519871256], [80.31349776834563, 13.324601053110264], [80.31339966556381, 13.32460104365424], [80.31339966556381, 13.325198560477533], [80.31349776834563, 13.325198570071661], [80.31349776834563, 13.325399194940111], [80.31360037659235, 13.3253992027871], [80.31360037659235, 13.32559991514212], [80.31369847914063, 13.325599924738983], [80.31369847914063, 13.325800550348957], [80.31380100213235, 13.325800554944443], [80.31380100213235, 13.325898646460884], [80.3138991044472, 13.32589865603679], [80.3138991044472, 13.326001190525725], [80.31459916401283, 13.326001244691804], [80.31459916401283, 13.325898622918567], [80.31470177091913, 13.325898630369524], [80.31470177091913, 13.326001165052256], [80.31479987218584, 13.326001174247791], [80.31479987218584, 13.325898639541375], [80.31549992427175, 13.325898603539576], [80.31549992427175, 13.325800511630737], [80.31559802460967, 13.32580052042189], [80.31559802460967, 13.32569798568799], [80.3157987304046, 13.325698001299278], [80.3157987304046, 13.325599909479447], [80.31570063030024, 13.325599900824665], [80.31570063030024, 13.325501809104777], [80.31549992427175, 13.325501793496212], [80.31549992427175, 13.325399259031988], [80.31540182381967, 13.325399250289541], [80.31540182381967, 13.325301158796742], [80.3152993027746, 13.325301155072273], [80.3152993027746, 13.325198533706832], [80.31520120208907, 13.325198524920783], [80.31520120208907, 13.325100433632455], [80.3152993027746, 13.325100442395835], [80.3152993027746, 13.32499790831056], [80.31509859579062, 13.324997892571902], [80.31509859579062, 13.324297840860755], [80.31520120208907, 13.324297847690541], [80.31520120208907, 13.324199757111822], [80.3152993027746, 13.324199765667078], [80.3152993027746, 13.324101588028878], [80.31540182381967, 13.324101591463727], [80.31540182381967, 13.323999058176316], [80.31549992427175, 13.323999066595226], [80.31549992427175, 13.323900976182927], [80.31559802460967, 13.32390098453517], [80.31559802460967, 13.323798364251656], [80.31520120208907, 13.323798422840335], [80.31520120208907, 13.32360224254722], [80.31509859579062, 13.32360223588555], [80.31509859579062, 13.323700325969751], [80.31500049487151, 13.323700317439883], [80.31500049487151, 13.323798407578712], [80.3148979733384, 13.323798404028954], [80.3148979733384, 13.323999027302678], [80.31470177091913, 13.323999096994847], [80.31470177091913, 13.32349967393053], [80.31459916401283, 13.32349966705936], [80.31459916401282, 13.323401577248632], [80.3143985403721, 13.32340156487578], [80.3143985403721, 13.323298945293828], [80.31369847914063, 13.323298982055084], [80.31369847914063, 13.323401514354586], [80.31349776834563, 13.32340158501497], [80.31349776834563, 13.32349967457127], [80.31339966556381, 13.323499665369802], [80.31339966556381, 13.32360219776245], [80.31349776834563, 13.323602206987614], [80.31349776834563, 13.324199719155079], [80.31360037659235, 13.324199726712127], [80.31360037659235, 13.324498527500536], [80.31349776834563, 13.324498519871256]], [[80.31430043863838, 13.325399256916691], [80.31450106251256, 13.325399183208708], [80.31450106251256, 13.325501804546622], [80.31430043863838, 13.3255017910913], [80.31430043863838, 13.325399256916691]]], [[[80.317698313555, 13.326901900950418], [80.31780083168222, 13.326901903936685], [80.31780083168222, 13.326701274614386], [80.31809962965839, 13.326701296555456], [80.31809962965839, 13.326799389774232], [80.31800153223196, 13.32679938187443], [80.31800153223196, 13.326901918095416], [80.31789892934228, 13.32690191195019], [80.31789892934228, 13.327499446144367], [80.3183002444904, 13.32749947140932], [80.3183002444904, 13.327602008278792], [80.31859904069596, 13.327602030171184], [80.31859904069596, 13.327499493229583], [80.31870155772751, 13.327499495937822], [80.31870155772751, 13.327298778110404], [80.31889775083654, 13.327298793468675], [80.31889775083654, 13.327200699672263], [80.31920096519802, 13.327200715367505], [80.31920096519802, 13.327098178611024], [80.31929906122829, 13.32709809892479], [80.31929906122829, 13.327200722821976], [80.31940166241334, 13.327200728382486], [80.31940166241334, 13.327298822295267], [80.31929906122829, 13.327298816711073], [80.31929906122829, 13.327499447703524], [80.31940166241334, 13.327499453336179], [80.31940166241334, 13.327601990471457], [80.31949975820997, 13.327601997928577], [80.31949975820997, 13.327700092180047], [80.31970045471367, 13.32770010515675], [80.31970045471367, 13.32740137951172], [80.31979855016247, 13.327401386788477], [80.31979855016247, 13.327298762605299], [80.31990106573477, 13.327298764702773], [80.31990106573477, 13.327401388910715], [80.31999916095003, 13.327401396097482], [80.31999916095003, 13.327098140866076], [80.31979855016247, 13.32709813170027], [80.31979855016247, 13.32670131381907], [80.31999916095003, 13.326701322797492], [80.31999916095003, 13.326299975929519], [80.31990106573477, 13.326299968997096], [80.31990106573477, 13.326398062315684], [80.31979855016247, 13.326398060435544], [80.31979855016247, 13.326299967140617], [80.31949975820997, 13.326299947803031], [80.31949975820997, 13.326201854654387], [80.31929906122829, 13.326201842201373], [80.31929906122829, 13.326099306243645], [80.31889775083654, 13.326099284134493], [80.31889775083654, 13.326201819995351], [80.31879965433913, 13.326201899707868], [80.31879965433913, 13.326299992694913], [80.31870155772751, 13.326299985224459], [80.31870155772751, 13.326201892260071], [80.31839834156914, 13.326201876585396], [80.31839834156914, 13.326299969479757], [80.31780083168222, 13.326299929823294], [80.31780083168222, 13.32639802265692], [80.3175021176537, 13.326398090890233], [80.3175021176537, 13.326500626660268], [80.31760021566143, 13.326500634715078], [80.31760021566143, 13.326598727660475], [80.317698313555, 13.326598735693937], [80.317698313555, 13.326901900950418]]], [[[80.32110055666698, 13.329300895978884], [80.32110055666698, 13.329399079056794], [80.3213993429429, 13.329399011267775], [80.3213993429429, 13.329300915239882], [80.32150185656755, 13.329300917069935], [80.32150185656755, 13.329100282135764], [80.32169812815921, 13.329100299065772], [80.32169812815921, 13.329002203204123], [80.32189873442398, 13.32900221152632], [80.32189873442398, 13.32930094255584], [80.32200133244342, 13.329300947403782], [80.32200133244342, 13.328899590268048], [80.32209942521342, 13.328899596858614], [80.32209942521342, 13.328801501062388], [80.32200133244342, 13.32880149449447], [80.32200133244342, 13.328698955744455], [80.32189873442398, 13.328698951041856], [80.32189873442398, 13.32860085544996], [80.32180064142031, 13.328600848838338], [80.32180064142031, 13.328498310301901], [80.32160003492196, 13.328498302127606], [80.32160003492196, 13.328400206762668], [80.32150185656755, 13.328400196811366], [80.32150185656755, 13.328302101546349], [80.32110055666698, 13.328302081398661], [80.32110055666698, 13.328400176571037], [80.32099804255405, 13.328400174770145], [80.32099804255405, 13.328600895457278], [80.32110055666698, 13.328600897306591], [80.32110055666698, 13.328801531246992], [80.32099804255405, 13.32880152934928], [80.32099804255405, 13.32930098107961], [80.32110055666698, 13.329300895978884]]], [[[80.31940166241334, 13.331298610752947], [80.31959785389242, 13.331298627330547], [80.31959785389242, 13.331200530222908], [80.31970045471367, 13.331200536609268], [80.31970045471367, 13.330999899466601], [80.31979855016247, 13.33099982045451], [80.31979855016247, 13.330901723535773], [80.31990106573477, 13.330901726502601], [80.31990106573477, 13.330397913671586], [80.31970045471367, 13.33039790285758], [80.31970045471367, 13.330701078789174], [80.31959785389242, 13.330701072523443], [80.31959785389242, 13.33079916923788], [80.31929906122829, 13.330799233580944], [80.31929906122829, 13.330701136935442], [80.31940166241334, 13.330701056221837], [80.31940166241334, 13.330598516535689], [80.31959785389242, 13.330598532789939], [80.3195978538924, 13.330500436233464], [80.31949975820997, 13.330500428151003], [80.31949975820997, 13.330397888606289], [80.31940166241334, 13.330397880503494], [80.31940166241334, 13.33029978415029], [80.3190003525102, 13.330299758261049], [80.3190003525102, 13.330397854521584], [80.31889775083654, 13.330397848000548], [80.31889775083654, 13.330500474519262], [80.3190003525102, 13.330500393945739], [80.3190003525102, 13.330598577483643], [80.319098448774, 13.330598498693409], [80.319098448774, 13.330799222025039], [80.3190003525102, 13.33079921364951], [80.3190003525102, 13.33090175340396], [80.319098448774, 13.330901761803187], [80.319098448774, 13.331097955394666], [80.31929906122829, 13.33109796709165], [80.31929906122829, 13.331200507164047], [80.31940166241334, 13.33120051369062], [80.31940166241334, 13.331298610752947]]]]}, "properties": {"source": "GMW v4.0.19", "year": 2020, "area_ha": 139.41}}]}