{"type": "FeatureCollection", "features": [{"type": "Feature", "geometry": {"type": "Point", "coordinates": [324960.0, 1143130.0]}, "properties": {"d": -100.0, "s": 1, "base": 1, "post": -1, "recover": 0, "q1": 0}}, {"type": "Feature", "geometry": {"type": "Point", "coordinates": [324960.0, 1143120.0]}, "properties": {"d": -90.0, "s": 1, "base": 1, "post": -1, "recover": 0, "q1": 0}}, {"type": "Feature", "geometry": {"type": "Point", "coordinates": [324960.0, 1143110.0]}, "properties": {"d": -80.0, "s": 1, "base": 1, "post": -1, "recover": 0, "q1": 0}}, {"type": "Feature", "geometry": {"type": "Point", "coordinates": [324960.0, 1143100.0]}, "properties": {"d": -70.0, "s": 1, "base": 1, "post": -1, "recover": -1, "q1": -1}}, {"type": "Feature", "geometry": {"type": "Point", "coordinates": [324960.0, 1143090.0]}, "properties": {"d": -60.0, "s": 1, "base": 1, "post": -1, "recover": -1, "q1": -1}}, {"type": "Feature", "geometry": {"type": "Point", "coordinates": [324960.0, 1143080.0]}, "properties": {"d": -50.0, "s": 1, "base": 1, "post": -1, "recover": -1, "q1": -1}}, {"type": "Feature", "geometry": {"type": "Point", "coordinates": [324960.0, 1143070.0]}, "properties": {"d": -40.0, "s": 1, "base": 0, "post": -1, "recover": -1, "q1": -1}}, {"type": "Feature", "geometry": {"type": "Point", "coordinates": [324960.0, 1143060.0]}, "properties": {"d": -30.0, "s": 1, "base": 0, "post": -1, "recover": -1, "q1": -1}}, {"type": "Feature", "geometry": {"type": "Point", "coordinates": [324960.0, 1143050.0]}, "properties": {"d": -20.0, "s": 1, "base": 0, "post": -1, "recover": -1, "q1": -1}}, {"type": "Feature", "geometry": {"type": "Point", "coordinates": [324960.0, 1143040.0]}, "properties": {"d": -10.0, "s": 1, "base": 1, "post": -1, "recover": -1, "q1": -1}}, {"type": "Feature", "geometry": {"type": "Point", "coordinates": [324960.0, 1143030.0]}, "properties": {"d": 0.0, "s": 1, "base": 0, "post": -1, "recover": -1, "q1": -1}}, {"type": "Feature", "geometry": {"type": "Point", "coordinates": [324960.0, 1143020.0]}, "properties": {"d": 10.0, "s": 1, "base": 0, "post": -1, "recover": -1, "q1": -1}}, {"type": "Feature", "geometry": {"type": "Point", "coordinates": [324960.0, 1143010.0]}, "properties": {"d": 20.0, "s": 1, "base": 0, "post": -1, "recover": -1, "q1": -1}}, {"type": "Feature", "geometry": {"type": "Point", "coordinates": [324960.0, 1143000.0]}, "properties": {"d": 30.0, "s": 1, "base": 0, "post": -1, "recover": -1, "q1": -1}}, {"type": "Feature", "geometry": {"type": "Point", "coordinates": [324960.0, 1142990.0]}, "properties": {"d": 40.0, "s": 1, "base": 0, "post": -1, "recover": -1, "q1": -1}}, {"type": "Feature", "geometry": {"type": "Point", "coordinates": [324960.0, 1142980.0]}, "properties": {"d": 50.0, "s": 1, "base": 0, "post": -1, "recover": -1, "q1": -1}}, {"type": "Feature", "geometry": {"type": "Point", "coordinates": [324960.0, 1142970.0]}, "properties": {"d": 60.0, "s": 1, "base": 0, "post": -1, "recover": -1, "q1": -1}}, {"type": "Feature", "geometry": {"type": "Point", "coordinates": [324960.0, 1142960.0]}, "properties": {"d": 70.0, "s": 1, "base": 0, "post": -1, "recover": 0, "q1": 0}}, {"type": "Feature", "geometry": {"type": "Point", "coordinates": [324960.0, 1142950.0]}, "properties": {"d": 80.0, "s": 1, "base": 0, "post": -1, "recover": 0, "q1": 0}}, {"type": "Feature", "geometry": {"type": "Point", "coordinates": [324960.0, 1142940.0]}, "properties": {"d": 90.0, "s": 1, "base": 1, "post": -1, "recover": 0, "q1": 0}}, {"type": "Feature", "geometry": {"type": "Point", "coordinates": [324960.0, 1142930.0]}, "properties": {"d": 100.0, "s": 1, "base": 1, "post": -1, "recover": 1, "q1": 0}}, {"type": "Feature", "geometry": {"type": "Point", "coordinates": [324960.0, 1142920.0]}, "properties": {"d": 110.0, "s": 1, "base": 1, "post": -1, "recover": 1, "q1": 0}}, {"type": "Feature", "geometry": {"type": "Point", "coordinates": [324960.0, 1142910.0]}, "properties": {"d": 120.0, "s": 1, "base": 1, "post": -1, "recover": 1, "q1": 0}}, {"type": "Feature", "geometry": {"type": "Point", "coordinates": [324960.0, 1142900.0]}, "properties": {"d": 130.0, "s": 1, "base": 1, "post": -1, "recover": 1, "q1": 1}}, {"type": "Feature", "geometry": {"type": "Point", "coordinates": [324960.0, 1142890.0]}, "properties": {"d": 140.0, "s": 1, "base": 1, "post": -1, "recover": 1, "q1": 1}}, {"type": "Feature", "geometry": {"type": "Point", "coordinates": [324960.0, 1142880.0]}, "properties": {"d": 150.0, "s": 1, "base": 1, "post": -1, "recover": 1, "q1": 1}}, {"type": "Feature", "geometry": {"type": "Point", "coordinates": [324890.0, 1176180.0]}, "properties": {"d": -100.0, "s": 2, "base": 0, "post": 0, "recover": 0, "q1": 0}}, {"type": "Feature", "geometry": {"type": "Point", "coordinates": [324900.0, 1176180.0]}, "properties": {"d": -90.0, "s": 2, "base": 0, "post": 0, "recover": 0, "q1": 0}}, {"type": "Feature", "geometry": {"type": "Point", "coordinates": [324910.0, 1176180.0]}, "properties": {"d": -80.0, "s": 2, "base": 0, "post": 0, "recover": 0, "q1": 0}}, {"type": "Feature", "geometry": {"type": "Point", "coordinates": [324920.0, 1176180.0]}, "properties": {"d": -70.0, "s": 2, "base": 0, "post": 0, "recover": 0, "q1": 0}}, {"type": "Feature", "geometry": {"type": "Point", "coordinates": [324930.0, 1176180.0]}, "properties": {"d": -60.0, "s": 2, "base": 0, "post": 0, "recover": 0, "q1": 0}}, {"type": "Feature", "geometry": {"type": "Point", "coordinates": [324940.0, 1176180.0]}, "properties": {"d": -50.0, "s": 2, "base": 0, "post": 0, "recover": 0, "q1": 0}}, {"type": "Feature", "geometry": {"type": "Point", "coordinates": [324950.0, 1176180.0]}, "properties": {"d": -40.0, "s": 2, "base": 0, "post": 0, "recover": 0, "q1": 0}}, {"type": "Feature", "geometry": {"type": "Point", "coordinates": [324960.0, 1176180.0]}, "properties": {"d": -30.0, "s": 2, "base": 0, "post": 0, "recover": 0, "q1": 0}}, {"type": "Feature", "geometry": {"type": "Point", "coordinates": [324970.0, 1176180.0]}, "properties": {"d": -20.0, "s": 2, "base": 0, "post": 0, "recover": 0, "q1": 0}}, {"type": "Feature", "geometry": {"type": "Point", "coordinates": [324980.0, 1176180.0]}, "properties": {"d": -10.0, "s": 2, "base": 0, "post": 0, "recover": 0, "q1": 0}}, {"type": "Feature", "geometry": {"type": "Point", "coordinates": [324990.0, 1176180.0]}, "properties": {"d": 0.0, "s": 2, "base": 0, "post": 0, "recover": 0, "q1": 0}}, {"type": "Feature", "geometry": {"type": "Point", "coordinates": [325000.0, 1176180.0]}, "properties": {"d": 10.0, "s": 2, "base": 0, "post": 0, "recover": 0, "q1": 0}}, {"type": "Feature", "geometry": {"type": "Point", "coordinates": [325010.0, 1176180.0]}, "properties": {"d": 20.0, "s": 2, "base": 0, "post": 0, "recover": 0, "q1": 0}}, {"type": "Feature", "geometry": {"type": "Point", "coordinates": [325020.0, 1176180.0]}, "properties": {"d": 30.0, "s": 2, "base": 0, "post": 0, "recover": 0, "q1": 0}}, {"type": "Feature", "geometry": {"type": "Point", "coordinates": [325030.0, 1176180.0]}, "properties": {"d": 40.0, "s": 2, "base": 0, "post": 0, "recover": 0, "q1": 0}}, {"type": "Feature", "geometry": {"type": "Point", "coordinates": [325040.0, 1176180.0]}, "properties": {"d": 50.0, "s": 2, "base": 0, "post": 0, "recover": 0, "q1": 0}}, {"type": "Feature", "geometry": {"type": "Point", "coordinates": [325050.0, 1176180.0]}, "properties": {"d": 60.0, "s": 2, "base": 0, "post": 0, "recover": 0, "q1": 0}}, {"type": "Feature", "geometry": {"type": "Point", "coordinates": [325060.0, 1176180.0]}, "properties": {"d": 70.0, "s": 2, "base": 0, "post": 0, "recover": 0, "q1": 0}}, {"type": "Feature", "geometry": {"type": "Point", "coordinates": [325070.0, 1176180.0]}, "properties": {"d": 80.0, "s": 2, "base": 0, "post": 0, "recover": 0, "q1": 0}}, {"type": "Feature", "geometry": {"type": "Point", "coordinates": [325080.0, 1176180.0]}, "properties": {"d": 90.0, "s": 2, "base": 0, "post": 0, "recover": 0, "q1": 0}}, {"type": "Feature", "geometry": {"type": "Point", "coordinates": [325090.0, 1176180.0]}, "properties": {"d": 100.0, "s": 2, "base": 0, "post": 0, "recover": 0, "q1": 0}}, {"type": "Feature", "geometry": {"type": "Point", "coordinates": [325100.0, 1176180.0]}, "properties": {"d": 110.0, "s": 2, "base": 0, "post": 0, "recover": 0, "q1": 0}}, {"type": "Feature", "geometry": {"type": "Point", "coordinates": [325110.0, 1176180.0]}, "properties": {"d": 120.0, "s": 2, "base": 0, "post": 0, "recover": 0, "q1": 0}}, {"type": "Feature", "geometry": {"type": "Point", "coordinates": [325120.0, 1176180.0]}, "properties": {"d": 130.0, "s": 2, "base": 0, "post": 0, "recover": 0, "q1": 0}}, {"type": "Feature", "geometry": {"type": "Point", "coordinates": [325130.0, 1176180.0]}, "properties": {"d": 140.0, "s": 2, "base": 0, "post": 0, "recover": 0, "q1": 0}}, {"type": "Feature", "geometry": {"type": "Point", "coordinates": [325140.0, 1176180.0]}, "properties": {"d": 150.0, "s": 2, "base": 0, "post": 0, "recover": 0, "q1": 0}}, {"type": "Feature", "geometry": {"type": "Point", "coordinates": [324920.0, 1183590.0]}, "properties": {"d": -100.0, "s": 3, "base": 0, "post": 0, "recover": 0, "q1": 0}}, {"type": "Feature", "geometry": {"type": "Point", "coordinates": [324930.0, 1183590.0]}, "properties": {"d": -90.0, "s": 3, "base": 0, "post": 0, "recover": 0, "q1": 0}}, {"type": "Feature", "geometry": {"type": "Point", "coordinates": [324940.0, 1183590.0]}, "properties": {"d": -80.0, "s": 3, "base": 0, "post": 0, "recover": 0, "q1": -1}}, {"type": "Feature", "geometry": {"type": "Point", "coordinates": [324950.0, 1183590.0]}, "properties": {"d": -70.0, "s": 3, "base": 0, "post": 0, "recover": 0, "q1": -1}}, {"type": "Feature", "geometry": {"type": "Point", "coordinates": [324960.0, 1183590.0]}, "properties": {"d": -60.0, "s": 3, "base": 0, "post": 0, "recover": 0, "q1": 0}}, {"type": "Feature", "geometry": {"type": "Point", "coordinates": [324970.0, 1183590.0]}, "properties": {"d": -50.0, "s": 3, "base": 0, "post": 0, "recover": 0, "q1": 0}}, {"type": "Feature", "geometry": {"type": "Point", "coordinates": [324980.0, 1183590.0]}, "properties": {"d": -40.0, "s": 3, "base": 0, "post": 0, "recover": 0, "q1": -1}}, {"type": "Feature", "geometry": {"type": "Point", "coordinates": [324990.0, 1183590.0]}, "properties": {"d": -30.0, "s": 3, "base": 0, "post": 0, "recover": 0, "q1": -1}}, {"type": "Feature", "geometry": {"type": "Point", "coordinates": [325000.0, 1183590.0]}, "properties": {"d": -20.0, "s": 3, "base": 0, "post": 0, "recover": 0, "q1": -1}}, {"type": "Feature", "geometry": {"type": "Point", "coordinates": [325010.0, 1183590.0]}, "properties": {"d": -10.0, "s": 3, "base": 0, "post": 0, "recover": 0, "q1": -1}}, {"type": "Feature", "geometry": {"type": "Point", "coordinates": [325020.0, 1183590.0]}, "properties": {"d": 0.0, "s": 3, "base": 0, "post": 0, "recover": 0, "q1": 0}}, {"type": "Feature", "geometry": {"type": "Point", "coordinates": [325030.0, 1183590.0]}, "properties": {"d": 10.0, "s": 3, "base": 0, "post": 0, "recover": 0, "q1": 0}}, {"type": "Feature", "geometry": {"type": "Point", "coordinates": [325040.0, 1183590.0]}, "properties": {"d": 20.0, "s": 3, "base": 0, "post": 0, "recover": 0, "q1": 0}}, {"type": "Feature", "geometry": {"type": "Point", "coordinates": [325050.0, 1183590.0]}, "properties": {"d": 30.0, "s": 3, "base": 0, "post": 0, "recover": 0, "q1": 0}}, {"type": "Feature", "geometry": {"type": "Point", "coordinates": [325060.0, 1183590.0]}, "properties": {"d": 40.0, "s": 3, "base": 0, "post": 0, "recover": 0, "q1": 0}}, {"type": "Feature", "geometry": {"type": "Point", "coordinates": [325070.0, 1183590.0]}, "properties": {"d": 50.0, "s": 3, "base": 0, "post": 0, "recover": 0, "q1": 0}}, {"type": "Feature", "geometry": {"type": "Point", "coordinates": [325080.0, 1183590.0]}, "properties": {"d": 60.0, "s": 3, "base": 0, "post": 0, "recover": 0, "q1": 0}}, {"type": "Feature", "geometry": {"type": "Point", "coordinates": [325090.0, 1183590.0]}, "properties": {"d": 70.0, "s": 3, "base": 0, "post": 0, "recover": 0, "q1": 0}}, {"type": "Feature", "geometry": {"type": "Point", "coordinates": [325100.0, 1183590.0]}, "properties": {"d": 80.0, "s": 3, "base": 0, "post": 0, "recover": 0, "q1": 0}}, {"type": "Feature", "geometry": {"type": "Point", "coordinates": [325110.0, 1183590.0]}, "properties": {"d": 90.0, "s": 3, "base": 0, "post": 0, "recover": 0, "q1": 0}}, {"type": "Feature", "geometry": {"type": "Point", "coordinates": [325120.0, 1183590.0]}, "properties": {"d": 100.0, "s": 3, "base": 0, "post": 0, "recover": 0, "q1": 0}}, {"type": "Feature", "geometry": {"type": "Point", "coordinates": [325130.0, 1183590.0]}, "properties": {"d": 110.0, "s": 3, "base": 0, "post": 0, "recover": 0, "q1": 0}}, {"type": "Feature", "geometry": {"type": "Point", "coordinates": [325140.0, 1183590.0]}, "properties": {"d": 120.0, "s": 3, "base": 0, "post": 0, "recover": 0, "q1": 0}}, {"type": "Feature", "geometry": {"type": "Point", "coordinates": [325150.0, 1183590.0]}, "properties": {"d": 130.0, "s": 3, "base": 0, "post": 0, "recover": 0, "q1": 0}}, {"type": "Feature", "geometry": {"type": "Point", "coordinates": [325160.0, 1183590.0]}, "properties": {"d": 140.0, "s": 3, "base": 0, "post": 0, "recover": 0, "q1": 0}}, {"type": "Feature", "geometry": {"type": "Point", "coordinates": [325170.0, 1183590.0]}, "properties": {"d": 150.0, "s": 3, "base": 0, "post": 0, "recover": 0, "q1": 0}}, {"type": "Feature", "geometry": {"type": "Point", "coordinates": [372139.29, 1187010.71]}, "properties": {"d": -100.0, "s": 4, "base": 0, "post": 1, "recover": 0, "q1": 0}}, {"type": "Feature", "geometry": {"type": "Point", "coordinates": [372146.36, 1187003.64]}, "properties": {"d": -90.0, "s": 4, "base": 1, "post": 1, "recover": 0, "q1": 0}}, {"type": "Feature", "geometry": {"type": "Point", "coordinates": [372153.43, 1186996.57]}, "properties": {"d": -80.0, "s": 4, "base": 1, "post": 0, "recover": 0, "q1": 0}}, {"type": "Feature", "geometry": {"type": "Point", "coordinates": [372160.5, 1186989.5]}, "properties": {"d": -70.0, "s": 4, "base": 0, "post": 0, "recover": 0, "q1": 0}}, {"type": "Feature", "geometry": {"type": "Point", "coordinates": [372167.57, 1186982.43]}, "properties": {"d": -60.0, "s": 4, "base": 0, "post": 0, "recover": 0, "q1": 0}}, {"type": "Feature", "geometry": {"type": "Point", "coordinates": [372174.64, 1186975.36]}, "properties": {"d": -50.0, "s": 4, "base": 0, "post": 0, "recover": 0, "q1": 0}}, {"type": "Feature", "geometry": {"type": "Point", "coordinates": [372181.72, 1186968.28]}, "properties": {"d": -40.0, "s": 4, "base": 0, "post": 0, "recover": 0, "q1": 0}}, {"type": "Feature", "geometry": {"type": "Point", "coordinates": [372188.79, 1186961.21]}, "properties": {"d": -30.0, "s": 4, "base": 0, "post": 0, "recover": 0, "q1": 0}}, {"type": "Feature", "geometry": {"type": "Point", "coordinates": [372195.86, 1186954.14]}, "properties": {"d": -20.0, "s": 4, "base": 1, "post": 1, "recover": 0, "q1": 0}}, {"type": "Feature", "geometry": {"type": "Point", "coordinates": [372202.93, 1186947.07]}, "properties": {"d": -10.0, "s": 4, "base": 0, "post": 0, "recover": 0, "q1": 0}}, {"type": "Feature", "geometry": {"type": "Point", "coordinates": [372210.0, 1186940.0]}, "properties": {"d": 0.0, "s": 4, "base": 0, "post": 0, "recover": 0, "q1": 0}}, {"type": "Feature", "geometry": {"type": "Point", "coordinates": [372217.07, 1186932.93]}, "properties": {"d": 10.0, "s": 4, "base": 0, "post": 0, "recover": 0, "q1": 0}}, {"type": "Feature", "geometry": {"type": "Point", "coordinates": [372224.14, 1186925.86]}, "properties": {"d": 20.0, "s": 4, "base": 0, "post": 0, "recover": 0, "q1": 0}}, {"type": "Feature", "geometry": {"type": "Point", "coordinates": [372231.21, 1186918.79]}, "properties": {"d": 30.0, "s": 4, "base": 0, "post": 0, "recover": 0, "q1": 0}}, {"type": "Feature", "geometry": {"type": "Point", "coordinates": [372238.28, 1186911.72]}, "properties": {"d": 40.0, "s": 4, "base": 0, "post": 0, "recover": 0, "q1": 0}}, {"type": "Feature", "geometry": {"type": "Point", "coordinates": [372245.36, 1186904.64]}, "properties": {"d": 50.0, "s": 4, "base": 0, "post": 1, "recover": 0, "q1": 0}}, {"type": "Feature", "geometry": {"type": "Point", "coordinates": [372252.43, 1186897.57]}, "properties": {"d": 60.0, "s": 4, "base": 0, "post": 1, "recover": 0, "q1": 0}}, {"type": "Feature", "geometry": {"type": "Point", "coordinates": [372259.5, 1186890.5]}, "properties": {"d": 70.0, "s": 4, "base": 1, "post": 1, "recover": 0, "q1": 0}}, {"type": "Feature", "geometry": {"type": "Point", "coordinates": [372266.57, 1186883.43]}, "properties": {"d": 80.0, "s": 4, "base": 1, "post": 1, "recover": 0, "q1": 0}}, {"type": "Feature", "geometry": {"type": "Point", "coordinates": [372273.64, 1186876.36]}, "properties": {"d": 90.0, "s": 4, "base": 1, "post": 1, "recover": 0, "q1": 0}}, {"type": "Feature", "geometry": {"type": "Point", "coordinates": [372280.71, 1186869.29]}, "properties": {"d": 100.0, "s": 4, "base": 1, "post": 1, "recover": 0, "q1": 0}}, {"type": "Feature", "geometry": {"type": "Point", "coordinates": [372287.78, 1186862.22]}, "properties": {"d": 110.0, "s": 4, "base": 1, "post": 1, "recover": 0, "q1": 0}}, {"type": "Feature", "geometry": {"type": "Point", "coordinates": [372294.85, 1186855.15]}, "properties": {"d": 120.0, "s": 4, "base": 0, "post": 1, "recover": 0, "q1": 0}}, {"type": "Feature", "geometry": {"type": "Point", "coordinates": [372301.92, 1186848.08]}, "properties": {"d": 130.0, "s": 4, "base": 0, "post": 1, "recover": 0, "q1": 0}}, {"type": "Feature", "geometry": {"type": "Point", "coordinates": [372308.99, 1186841.01]}, "properties": {"d": 140.0, "s": 4, "base": 0, "post": 1, "recover": 0, "q1": 0}}, {"type": "Feature", "geometry": {"type": "Point", "coordinates": [372316.07, 1186833.93]}, "properties": {"d": 150.0, "s": 4, "base": 0, "post": 1, "recover": 0, "q1": 0}}, {"type": "Feature", "geometry": {"type": "Point", "coordinates": [374440.0, 1187070.0]}, "properties": {"d": -100.0, "s": 5, "base": -1, "post": -1, "recover": -1, "q1": -1}}, {"type": "Feature", "geometry": {"type": "Point", "coordinates": [374430.0, 1187070.0]}, "properties": {"d": -90.0, "s": 5, "base": -1, "post": -1, "recover": -1, "q1": -1}}, {"type": "Feature", "geometry": {"type": "Point", "coordinates": [374420.0, 1187070.0]}, "properties": {"d": -80.0, "s": 5, "base": -1, "post": -1, "recover": -1, "q1": -1}}, {"type": "Feature", "geometry": {"type": "Point", "coordinates": [374410.0, 1187070.0]}, "properties": {"d": -70.0, "s": 5, "base": -1, "post": -1, "recover": -1, "q1": -1}}, {"type": "Feature", "geometry": {"type": "Point", "coordinates": [374400.0, 1187070.0]}, "properties": {"d": -60.0, "s": 5, "base": -1, "post": -1, "recover": -1, "q1": -1}}, {"type": "Feature", "geometry": {"type": "Point", "coordinates": [374390.0, 1187070.0]}, "properties": {"d": -50.0, "s": 5, "base": -1, "post": -1, "recover": -1, "q1": -1}}, {"type": "Feature", "geometry": {"type": "Point", "coordinates": [374380.0, 1187070.0]}, "properties": {"d": -40.0, "s": 5, "base": -1, "post": -1, "recover": -1, "q1": -1}}, {"type": "Feature", "geometry": {"type": "Point", "coordinates": [374370.0, 1187070.0]}, "properties": {"d": -30.0, "s": 5, "base": -1, "post": -1, "recover": -1, "q1": -1}}, {"type": "Feature", "geometry": {"type": "Point", "coordinates": [374360.0, 1187070.0]}, "properties": {"d": -20.0, "s": 5, "base": -1, "post": -1, "recover": -1, "q1": -1}}, {"type": "Feature", "geometry": {"type": "Point", "coordinates": [374350.0, 1187070.0]}, "properties": {"d": -10.0, "s": 5, "base": -1, "post": -1, "recover": -1, "q1": -1}}, {"type": "Feature", "geometry": {"type": "Point", "coordinates": [374340.0, 1187070.0]}, "properties": {"d": 0.0, "s": 5, "base": 0, "post": -1, "recover": -1, "q1": -1}}, {"type": "Feature", "geometry": {"type": "Point", "coordinates": [374330.0, 1187070.0]}, "properties": {"d": 10.0, "s": 5, "base": 0, "post": -1, "recover": -1, "q1": -1}}, {"type": "Feature", "geometry": {"type": "Point", "coordinates": [374320.0, 1187070.0]}, "properties": {"d": 20.0, "s": 5, "base": 0, "post": -1, "recover": -1, "q1": -1}}, {"type": "Feature", "geometry": {"type": "Point", "coordinates": [374310.0, 1187070.0]}, "properties": {"d": 30.0, "s": 5, "base": 0, "post": -1, "recover": -1, "q1": -1}}, {"type": "Feature", "geometry": {"type": "Point", "coordinates": [374300.0, 1187070.0]}, "properties": {"d": 40.0, "s": 5, "base": 0, "post": -1, "recover": -1, "q1": -1}}, {"type": "Feature", "geometry": {"type": "Point", "coordinates": [374290.0, 1187070.0]}, "properties": {"d": 50.0, "s": 5, "base": 0, "post": -1, "recover": 0, "q1": -1}}, {"type": "Feature", "geometry": {"type": "Point", "coordinates": [374280.0, 1187070.0]}, "properties": {"d": 60.0, "s": 5, "base": 0, "post": -1, "recover": 0, "q1": -1}}, {"type": "Feature", "geometry": {"type": "Point", "coordinates": [374270.0, 1187070.0]}, "properties": {"d": 70.0, "s": 5, "base": 0, "post": -1, "recover": 0, "q1": 0}}, {"type": "Feature", "geometry": {"type": "Point", "coordinates": [374260.0, 1187070.0]}, "properties": {"d": 80.0, "s": 5, "base": 0, "post": -1, "recover": 0, "q1": 0}}, {"type": "Feature", "geometry": {"type": "Point", "coordinates": [374250.0, 1187070.0]}, "properties": {"d": 90.0, "s": 5, "base": 0, "post": -1, "recover": 0, "q1": -1}}, {"type": "Feature", "geometry": {"type": "Point", "coordinates": [374240.0, 1187070.0]}, "properties": {"d": 100.0, "s": 5, "base": 0, "post": -1, "recover": 0, "q1": -1}}, {"type": "Feature", "geometry": {"type": "Point", "coordinates": [374230.0, 1187070.0]}, "properties": {"d": 110.0, "s": 5, "base": 0, "post": -1, "recover": 0, "q1": -1}}, {"type": "Feature", "geometry": {"type": "Point", "coordinates": [374220.0, 1187070.0]}, "properties": {"d": 120.0, "s": 5, "base": 0, "post": -1, "recover": -1, "q1": -1}}, {"type": "Feature", "geometry": {"type": "Point", "coordinates": [374210.0, 1187070.0]}, "properties": {"d": 130.0, "s": 5, "base": 0, "post": -1, "recover": -1, "q1": -1}}, {"type": "Feature", "geometry": {"type": "Point", "coordinates": [374200.0, 1187070.0]}, "properties": {"d": 140.0, "s": 5, "base": 0, "post": -1, "recover": -1, "q1": -1}}, {"type": "Feature", "geometry": {"type": "Point", "coordinates": [374190.0, 1187070.0]}, "properties": {"d": 150.0, "s": 5, "base": 0, "post": -1, "recover": -1, "q1": -1}}, {"type": "Feature", "geometry": {"type": "Point", "coordinates": [374500.71, 1180669.29]}, "properties": {"d": -100.0, "s": 6, "base": 1, "post": 1, "recover": -1, "q1": -1}}, {"type": "Feature", "geometry": {"type": "Point", "coordinates": [374493.64, 1180676.36]}, "properties": {"d": -90.0, "s": 6, "base": 1, "post": 1, "recover": -1, "q1": -1}}, {"type": "Feature", "geometry": {"type": "Point", "coordinates": [374486.57, 1180683.43]}, "properties": {"d": -80.0, "s": 6, "base": 1, "post": 1, "recover": -1, "q1": -1}}, {"type": "Feature", "geometry": {"type": "Point", "coordinates": [374479.5, 1180690.5]}, "properties": {"d": -70.0, "s": 6, "base": 1, "post": 1, "recover": -1, "q1": -1}}, {"type": "Feature", "geometry": {"type": "Point", "coordinates": [374472.43, 1180697.57]}, "properties": {"d": -60.0, "s": 6, "base": 1, "post": 1, "recover": -1, "q1": -1}}, {"type": "Feature", "geometry": {"type": "Point", "coordinates": [374465.36, 1180704.64]}, "properties": {"d": -50.0, "s": 6, "base": 1, "post": 1, "recover": -1, "q1": -1}}, {"type": "Feature", "geometry": {"type": "Point", "coordinates": [374458.28, 1180711.72]}, "properties": {"d": -40.0, "s": 6, "base": 1, "post": 1, "recover": -1, "q1": -1}}, {"type": "Feature", "geometry": {"type": "Point", "coordinates": [374451.21, 1180718.79]}, "properties": {"d": -30.0, "s": 6, "base": 1, "post": 1, "recover": -1, "q1": -1}}, {"type": "Feature", "geometry": {"type": "Point", "coordinates": [374444.14, 1180725.86]}, "properties": {"d": -20.0, "s": 6, "base": 1, "post": 1, "recover": -1, "q1": -1}}, {"type": "Feature", "geometry": {"type": "Point", "coordinates": [374437.07, 1180732.93]}, "properties": {"d": -10.0, "s": 6, "base": 1, "post": 1, "recover": -1, "q1": -1}}, {"type": "Feature", "geometry": {"type": "Point", "coordinates": [374430.0, 1180740.0]}, "properties": {"d": 0.0, "s": 6, "base": 1, "post": 1, "recover": -1, "q1": -1}}, {"type": "Feature", "geometry": {"type": "Point", "coordinates": [374422.93, 1180747.07]}, "properties": {"d": 10.0, "s": 6, "base": 1, "post": 1, "recover": -1, "q1": -1}}, {"type": "Feature", "geometry": {"type": "Point", "coordinates": [374415.86, 1180754.14]}, "properties": {"d": 20.0, "s": 6, "base": 0, "post": 1, "recover": -1, "q1": -1}}, {"type": "Feature", "geometry": {"type": "Point", "coordinates": [374408.79, 1180761.21]}, "properties": {"d": 30.0, "s": 6, "base": 0, "post": 0, "recover": -1, "q1": -1}}, {"type": "Feature", "geometry": {"type": "Point", "coordinates": [374401.72, 1180768.28]}, "properties": {"d": 40.0, "s": 6, "base": 0, "post": 0, "recover": -1, "q1": -1}}, {"type": "Feature", "geometry": {"type": "Point", "coordinates": [374394.64, 1180775.36]}, "properties": {"d": 50.0, "s": 6, "base": 0, "post": 0, "recover": -1, "q1": -1}}, {"type": "Feature", "geometry": {"type": "Point", "coordinates": [374387.57, 1180782.43]}, "properties": {"d": 60.0, "s": 6, "base": 0, "post": 0, "recover": -1, "q1": -1}}, {"type": "Feature", "geometry": {"type": "Point", "coordinates": [374380.5, 1180789.5]}, "properties": {"d": 70.0, "s": 6, "base": 0, "post": 0, "recover": -1, "q1": -1}}, {"type": "Feature", "geometry": {"type": "Point", "coordinates": [374373.43, 1180796.57]}, "properties": {"d": 80.0, "s": 6, "base": 0, "post": 0, "recover": -1, "q1": -1}}, {"type": "Feature", "geometry": {"type": "Point", "coordinates": [374366.36, 1180803.64]}, "properties": {"d": 90.0, "s": 6, "base": 0, "post": 0, "recover": -1, "q1": -1}}, {"type": "Feature", "geometry": {"type": "Point", "coordinates": [374359.29, 1180810.71]}, "properties": {"d": 100.0, "s": 6, "base": 0, "post": 0, "recover": -1, "q1": -1}}, {"type": "Feature", "geometry": {"type": "Point", "coordinates": [374352.22, 1180817.78]}, "properties": {"d": 110.0, "s": 6, "base": 0, "post": 0, "recover": -1, "q1": -1}}, {"type": "Feature", "geometry": {"type": "Point", "coordinates": [374345.15, 1180824.85]}, "properties": {"d": 120.0, "s": 6, "base": 0, "post": 0, "recover": -1, "q1": -1}}, {"type": "Feature", "geometry": {"type": "Point", "coordinates": [374338.08, 1180831.92]}, "properties": {"d": 130.0, "s": 6, "base": 0, "post": 0, "recover": -1, "q1": -1}}, {"type": "Feature", "geometry": {"type": "Point", "coordinates": [374331.01, 1180838.99]}, "properties": {"d": 140.0, "s": 6, "base": 0, "post": 0, "recover": -1, "q1": -1}}, {"type": "Feature", "geometry": {"type": "Point", "coordinates": [374323.93, 1180846.07]}, "properties": {"d": 150.0, "s": 6, "base": 0, "post": 0, "recover": -1, "q1": -1}}, {"type": "Feature", "geometry": {"type": "Point", "coordinates": [370058.06, 1176990.39]}, "properties": {"d": -100.0, "s": 7, "base": 1, "post": 1, "recover": -1, "q1": -1}}, {"type": "Feature", "geometry": {"type": "Point", "coordinates": [370048.25, 1176992.35]}, "properties": {"d": -90.0, "s": 7, "base": 1, "post": 1, "recover": -1, "q1": -1}}, {"type": "Feature", "geometry": {"type": "Point", "coordinates": [370038.45, 1176994.31]}, "properties": {"d": -80.0, "s": 7, "base": 1, "post": 1, "recover": -1, "q1": -1}}, {"type": "Feature", "geometry": {"type": "Point", "coordinates": [370028.64, 1176996.27]}, "properties": {"d": -70.0, "s": 7, "base": 1, "post": 1, "recover": -1, "q1": -1}}, {"type": "Feature", "geometry": {"type": "Point", "coordinates": [370018.83, 1176998.23]}, "properties": {"d": -60.0, "s": 7, "base": 0, "post": 0, "recover": -1, "q1": -1}}, {"type": "Feature", "geometry": {"type": "Point", "coordinates": [370009.03, 1177000.19]}, "properties": {"d": -50.0, "s": 7, "base": -1, "post": -1, "recover": -1, "q1": -1}}, {"type": "Feature", "geometry": {"type": "Point", "coordinates": [369999.22, 1177002.16]}, "properties": {"d": -40.0, "s": 7, "base": 1, "post": 0, "recover": -1, "q1": -1}}, {"type": "Feature", "geometry": {"type": "Point", "coordinates": [369989.42, 1177004.12]}, "properties": {"d": -30.0, "s": 7, "base": 0, "post": 0, "recover": -1, "q1": -1}}, {"type": "Feature", "geometry": {"type": "Point", "coordinates": [369979.61, 1177006.08]}, "properties": {"d": -20.0, "s": 7, "base": 0, "post": 1, "recover": -1, "q1": -1}}, {"type": "Feature", "geometry": {"type": "Point", "coordinates": [369969.81, 1177008.04]}, "properties": {"d": -10.0, "s": 7, "base": -1, "post": 1, "recover": -1, "q1": -1}}, {"type": "Feature", "geometry": {"type": "Point", "coordinates": [369960.0, 1177010.0]}, "properties": {"d": 0.0, "s": 7, "base": -1, "post": 1, "recover": -1, "q1": -1}}, {"type": "Feature", "geometry": {"type": "Point", "coordinates": [369950.19, 1177011.96]}, "properties": {"d": 10.0, "s": 7, "base": 1, "post": -1, "recover": 0, "q1": -1}}, {"type": "Feature", "geometry": {"type": "Point", "coordinates": [369940.39, 1177013.92]}, "properties": {"d": 20.0, "s": 7, "base": 0, "post": -1, "recover": 0, "q1": -1}}, {"type": "Feature", "geometry": {"type": "Point", "coordinates": [369930.58, 1177015.88]}, "properties": {"d": 30.0, "s": 7, "base": 0, "post": 0, "recover": 0, "q1": -1}}, {"type": "Feature", "geometry": {"type": "Point", "coordinates": [369920.78, 1177017.84]}, "properties": {"d": 40.0, "s": 7, "base": 0, "post": 0, "recover": 0, "q1": -1}}, {"type": "Feature", "geometry": {"type": "Point", "coordinates": [369910.97, 1177019.81]}, "properties": {"d": 50.0, "s": 7, "base": 0, "post": 0, "recover": 0, "q1": -1}}, {"type": "Feature", "geometry": {"type": "Point", "coordinates": [369901.17, 1177021.77]}, "properties": {"d": 60.0, "s": 7, "base": 0, "post": 0, "recover": 0, "q1": -1}}, {"type": "Feature", "geometry": {"type": "Point", "coordinates": [369891.36, 1177023.73]}, "properties": {"d": 70.0, "s": 7, "base": 0, "post": 0, "recover": 0, "q1": -1}}, {"type": "Feature", "geometry": {"type": "Point", "coordinates": [369881.55, 1177025.69]}, "properties": {"d": 80.0, "s": 7, "base": 0, "post": 0, "recover": 0, "q1": -1}}, {"type": "Feature", "geometry": {"type": "Point", "coordinates": [369871.75, 1177027.65]}, "properties": {"d": 90.0, "s": 7, "base": 0, "post": 0, "recover": 0, "q1": -1}}, {"type": "Feature", "geometry": {"type": "Point", "coordinates": [369861.94, 1177029.61]}, "properties": {"d": 100.0, "s": 7, "base": 0, "post": 0, "recover": 0, "q1": -1}}, {"type": "Feature", "geometry": {"type": "Point", "coordinates": [369852.14, 1177031.57]}, "properties": {"d": 110.0, "s": 7, "base": 0, "post": 0, "recover": 0, "q1": -1}}, {"type": "Feature", "geometry": {"type": "Point", "coordinates": [369842.33, 1177033.53]}, "properties": {"d": 120.0, "s": 7, "base": 0, "post": 0, "recover": 0, "q1": -1}}, {"type": "Feature", "geometry": {"type": "Point", "coordinates": [369832.52, 1177035.5]}, "properties": {"d": 130.0, "s": 7, "base": 0, "post": 0, "recover": 0, "q1": -1}}, {"type": "Feature", "geometry": {"type": "Point", "coordinates": [369822.72, 1177037.46]}, "properties": {"d": 140.0, "s": 7, "base": 0, "post": 0, "recover": -1, "q1": -1}}, {"type": "Feature", "geometry": {"type": "Point", "coordinates": [369812.91, 1177039.42]}, "properties": {"d": 150.0, "s": 7, "base": 0, "post": 0, "recover": -1, "q1": -1}}, {"type": "Feature", "geometry": {"type": "Point", "coordinates": [374618.06, 1178889.61]}, "properties": {"d": -100.0, "s": 8, "base": -1, "post": 1, "recover": -1, "q1": -1}}, {"type": "Feature", "geometry": {"type": "Point", "coordinates": [374608.25, 1178887.65]}, "properties": {"d": -90.0, "s": 8, "base": -1, "post": 1, "recover": -1, "q1": -1}}, {"type": "Feature", "geometry": {"type": "Point", "coordinates": [374598.45, 1178885.69]}, "properties": {"d": -80.0, "s": 8, "base": -1, "post": 1, "recover": -1, "q1": -1}}, {"type": "Feature", "geometry": {"type": "Point", "coordinates": [374588.64, 1178883.73]}, "properties": {"d": -70.0, "s": 8, "base": -1, "post": 0, "recover": -1, "q1": -1}}, {"type": "Feature", "geometry": {"type": "Point", "coordinates": [374578.83, 1178881.77]}, "properties": {"d": -60.0, "s": 8, "base": -1, "post": 0, "recover": -1, "q1": -1}}, {"type": "Feature", "geometry": {"type": "Point", "coordinates": [374569.03, 1178879.81]}, "properties": {"d": -50.0, "s": 8, "base": -1, "post": 0, "recover": -1, "q1": -1}}, {"type": "Feature", "geometry": {"type": "Point", "coordinates": [374559.22, 1178877.84]}, "properties": {"d": -40.0, "s": 8, "base": -1, "post": 0, "recover": -1, "q1": -1}}, {"type": "Feature", "geometry": {"type": "Point", "coordinates": [374549.42, 1178875.88]}, "properties": {"d": -30.0, "s": 8, "base": -1, "post": 0, "recover": -1, "q1": -1}}, {"type": "Feature", "geometry": {"type": "Point", "coordinates": [374539.61, 1178873.92]}, "properties": {"d": -20.0, "s": 8, "base": -1, "post": 0, "recover": -1, "q1": -1}}, {"type": "Feature", "geometry": {"type": "Point", "coordinates": [374529.81, 1178871.96]}, "properties": {"d": -10.0, "s": 8, "base": -1, "post": 0, "recover": -1, "q1": -1}}, {"type": "Feature", "geometry": {"type": "Point", "coordinates": [374520.0, 1178870.0]}, "properties": {"d": 0.0, "s": 8, "base": 0, "post": 0, "recover": -1, "q1": -1}}, {"type": "Feature", "geometry": {"type": "Point", "coordinates": [374510.19, 1178868.04]}, "properties": {"d": 10.0, "s": 8, "base": 0, "post": 0, "recover": -1, "q1": -1}}, {"type": "Feature", "geometry": {"type": "Point", "coordinates": [374500.39, 1178866.08]}, "properties": {"d": 20.0, "s": 8, "base": 0, "post": 0, "recover": -1, "q1": -1}}, {"type": "Feature", "geometry": {"type": "Point", "coordinates": [374490.58, 1178864.12]}, "properties": {"d": 30.0, "s": 8, "base": 0, "post": 0, "recover": -1, "q1": -1}}, {"type": "Feature", "geometry": {"type": "Point", "coordinates": [374480.78, 1178862.16]}, "properties": {"d": 40.0, "s": 8, "base": 0, "post": 0, "recover": -1, "q1": -1}}, {"type": "Feature", "geometry": {"type": "Point", "coordinates": [374470.97, 1178860.19]}, "properties": {"d": 50.0, "s": 8, "base": 0, "post": 0, "recover": -1, "q1": -1}}, {"type": "Feature", "geometry": {"type": "Point", "coordinates": [374461.17, 1178858.23]}, "properties": {"d": 60.0, "s": 8, "base": 0, "post": 0, "recover": -1, "q1": -1}}, {"type": "Feature", "geometry": {"type": "Point", "coordinates": [374451.36, 1178856.27]}, "properties": {"d": 70.0, "s": 8, "base": 0, "post": 0, "recover": -1, "q1": -1}}, {"type": "Feature", "geometry": {"type": "Point", "coordinates": [374441.55, 1178854.31]}, "properties": {"d": 80.0, "s": 8, "base": 0, "post": 0, "recover": -1, "q1": -1}}, {"type": "Feature", "geometry": {"type": "Point", "coordinates": [374431.75, 1178852.35]}, "properties": {"d": 90.0, "s": 8, "base": 0, "post": 0, "recover": -1, "q1": -1}}, {"type": "Feature", "geometry": {"type": "Point", "coordinates": [374421.94, 1178850.39]}, "properties": {"d": 100.0, "s": 8, "base": 0, "post": 0, "recover": -1, "q1": -1}}, {"type": "Feature", "geometry": {"type": "Point", "coordinates": [374412.14, 1178848.43]}, "properties": {"d": 110.0, "s": 8, "base": 0, "post": 0, "recover": -1, "q1": -1}}, {"type": "Feature", "geometry": {"type": "Point", "coordinates": [374402.33, 1178846.47]}, "properties": {"d": 120.0, "s": 8, "base": 0, "post": 0, "recover": -1, "q1": -1}}, {"type": "Feature", "geometry": {"type": "Point", "coordinates": [374392.52, 1178844.5]}, "properties": {"d": 130.0, "s": 8, "base": 0, "post": 0, "recover": -1, "q1": -1}}, {"type": "Feature", "geometry": {"type": "Point", "coordinates": [374382.72, 1178842.54]}, "properties": {"d": 140.0, "s": 8, "base": 0, "post": 0, "recover": -1, "q1": -1}}, {"type": "Feature", "geometry": {"type": "Point", "coordinates": [374372.91, 1178840.58]}, "properties": {"d": 150.0, "s": 8, "base": 0, "post": 0, "recover": -1, "q1": -1}}, {"type": "Feature", "geometry": {"type": "Point", "coordinates": [374930.71, 1172680.71]}, "properties": {"d": -100.0, "s": 9, "base": 1, "post": 1, "recover": -1, "q1": -1}}, {"type": "Feature", "geometry": {"type": "Point", "coordinates": [374923.64, 1172673.64]}, "properties": {"d": -90.0, "s": 9, "base": 1, "post": 1, "recover": -1, "q1": -1}}, {"type": "Feature", "geometry": {"type": "Point", "coordinates": [374916.57, 1172666.57]}, "properties": {"d": -80.0, "s": 9, "base": 1, "post": 1, "recover": -1, "q1": -1}}, {"type": "Feature", "geometry": {"type": "Point", "coordinates": [374909.5, 1172659.5]}, "properties": {"d": -70.0, "s": 9, "base": 1, "post": 1, "recover": -1, "q1": -1}}, {"type": "Feature", "geometry": {"type": "Point", "coordinates": [374902.43, 1172652.43]}, "properties": {"d": -60.0, "s": 9, "base": 1, "post": 1, "recover": -1, "q1": -1}}, {"type": "Feature", "geometry": {"type": "Point", "coordinates": [374895.36, 1172645.36]}, "properties": {"d": -50.0, "s": 9, "base": 1, "post": 1, "recover": -1, "q1": -1}}, {"type": "Feature", "geometry": {"type": "Point", "coordinates": [374888.28, 1172638.28]}, "properties": {"d": -40.0, "s": 9, "base": 1, "post": 1, "recover": -1, "q1": -1}}, {"type": "Feature", "geometry": {"type": "Point", "coordinates": [374881.21, 1172631.21]}, "properties": {"d": -30.0, "s": 9, "base": 1, "post": 1, "recover": -1, "q1": -1}}, {"type": "Feature", "geometry": {"type": "Point", "coordinates": [374874.14, 1172624.14]}, "properties": {"d": -20.0, "s": 9, "base": 1, "post": 1, "recover": -1, "q1": -1}}, {"type": "Feature", "geometry": {"type": "Point", "coordinates": [374867.07, 1172617.07]}, "properties": {"d": -10.0, "s": 9, "base": 0, "post": 1, "recover": -1, "q1": -1}}, {"type": "Feature", "geometry": {"type": "Point", "coordinates": [374860.0, 1172610.0]}, "properties": {"d": 0.0, "s": 9, "base": 0, "post": 1, "recover": -1, "q1": -1}}, {"type": "Feature", "geometry": {"type": "Point", "coordinates": [374852.93, 1172602.93]}, "properties": {"d": 10.0, "s": 9, "base": 0, "post": 1, "recover": -1, "q1": -1}}, {"type": "Feature", "geometry": {"type": "Point", "coordinates": [374845.86, 1172595.86]}, "properties": {"d": 20.0, "s": 9, "base": 0, "post": 1, "recover": -1, "q1": -1}}, {"type": "Feature", "geometry": {"type": "Point", "coordinates": [374838.79, 1172588.79]}, "properties": {"d": 30.0, "s": 9, "base": 0, "post": 0, "recover": -1, "q1": -1}}, {"type": "Feature", "geometry": {"type": "Point", "coordinates": [374831.72, 1172581.72]}, "properties": {"d": 40.0, "s": 9, "base": 0, "post": 0, "recover": -1, "q1": -1}}, {"type": "Feature", "geometry": {"type": "Point", "coordinates": [374824.64, 1172574.64]}, "properties": {"d": 50.0, "s": 9, "base": 0, "post": 0, "recover": -1, "q1": -1}}, {"type": "Feature", "geometry": {"type": "Point", "coordinates": [374817.57, 1172567.57]}, "properties": {"d": 60.0, "s": 9, "base": 0, "post": 0, "recover": -1, "q1": -1}}, {"type": "Feature", "geometry": {"type": "Point", "coordinates": [374810.5, 1172560.5]}, "properties": {"d": 70.0, "s": 9, "base": 0, "post": 0, "recover": -1, "q1": -1}}, {"type": "Feature", "geometry": {"type": "Point", "coordinates": [374803.43, 1172553.43]}, "properties": {"d": 80.0, "s": 9, "base": 0, "post": 0, "recover": -1, "q1": -1}}, {"type": "Feature", "geometry": {"type": "Point", "coordinates": [374796.36, 1172546.36]}, "properties": {"d": 90.0, "s": 9, "base": 0, "post": 0, "recover": -1, "q1": -1}}, {"type": "Feature", "geometry": {"type": "Point", "coordinates": [374789.29, 1172539.29]}, "properties": {"d": 100.0, "s": 9, "base": 0, "post": 0, "recover": -1, "q1": -1}}, {"type": "Feature", "geometry": {"type": "Point", "coordinates": [374782.22, 1172532.22]}, "properties": {"d": 110.0, "s": 9, "base": 0, "post": 0, "recover": -1, "q1": -1}}, {"type": "Feature", "geometry": {"type": "Point", "coordinates": [374775.15, 1172525.15]}, "properties": {"d": 120.0, "s": 9, "base": 0, "post": 0, "recover": -1, "q1": -1}}, {"type": "Feature", "geometry": {"type": "Point", "coordinates": [374768.08, 1172518.08]}, "properties": {"d": 130.0, "s": 9, "base": 0, "post": 0, "recover": -1, "q1": -1}}, {"type": "Feature", "geometry": {"type": "Point", "coordinates": [374761.01, 1172511.01]}, "properties": {"d": 140.0, "s": 9, "base": 0, "post": 0, "recover": -1, "q1": -1}}, {"type": "Feature", "geometry": {"type": "Point", "coordinates": [374753.93, 1172503.93]}, "properties": {"d": 150.0, "s": 9, "base": 0, "post": 0, "recover": -1, "q1": -1}}, {"type": "Feature", "geometry": {"type": "Point", "coordinates": [375370.0, 1166420.0]}, "properties": {"d": -100.0, "s": 10, "base": 1, "post": 1, "recover": 1, "q1": -1}}, {"type": "Feature", "geometry": {"type": "Point", "coordinates": [375360.0, 1166420.0]}, "properties": {"d": -90.0, "s": 10, "base": 1, "post": 1, "recover": 1, "q1": -1}}, {"type": "Feature", "geometry": {"type": "Point", "coordinates": [375350.0, 1166420.0]}, "properties": {"d": -80.0, "s": 10, "base": 1, "post": 1, "recover": -1, "q1": -1}}, {"type": "Feature", "geometry": {"type": "Point", "coordinates": [375340.0, 1166420.0]}, "properties": {"d": -70.0, "s": 10, "base": 1, "post": 1, "recover": -1, "q1": -1}}, {"type": "Feature", "geometry": {"type": "Point", "coordinates": [375330.0, 1166420.0]}, "properties": {"d": -60.0, "s": 10, "base": 1, "post": 1, "recover": -1, "q1": -1}}, {"type": "Feature", "geometry": {"type": "Point", "coordinates": [375320.0, 1166420.0]}, "properties": {"d": -50.0, "s": 10, "base": 1, "post": 1, "recover": -1, "q1": -1}}, {"type": "Feature", "geometry": {"type": "Point", "coordinates": [375310.0, 1166420.0]}, "properties": {"d": -40.0, "s": 10, "base": 1, "post": 1, "recover": -1, "q1": -1}}, {"type": "Feature", "geometry": {"type": "Point", "coordinates": [375300.0, 1166420.0]}, "properties": {"d": -30.0, "s": 10, "base": 1, "post": 1, "recover": -1, "q1": -1}}, {"type": "Feature", "geometry": {"type": "Point", "coordinates": [375290.0, 1166420.0]}, "properties": {"d": -20.0, "s": 10, "base": 1, "post": 1, "recover": -1, "q1": -1}}, {"type": "Feature", "geometry": {"type": "Point", "coordinates": [375280.0, 1166420.0]}, "properties": {"d": -10.0, "s": 10, "base": 1, "post": 1, "recover": -1, "q1": -1}}, {"type": "Feature", "geometry": {"type": "Point", "coordinates": [375270.0, 1166420.0]}, "properties": {"d": 0.0, "s": 10, "base": 1, "post": 1, "recover": -1, "q1": -1}}, {"type": "Feature", "geometry": {"type": "Point", "coordinates": [375260.0, 1166420.0]}, "properties": {"d": 10.0, "s": 10, "base": 0, "post": 1, "recover": -1, "q1": -1}}, {"type": "Feature", "geometry": {"type": "Point", "coordinates": [375250.0, 1166420.0]}, "properties": {"d": 20.0, "s": 10, "base": 0, "post": 1, "recover": -1, "q1": -1}}, {"type": "Feature", "geometry": {"type": "Point", "coordinates": [375240.0, 1166420.0]}, "properties": {"d": 30.0, "s": 10, "base": 0, "post": 1, "recover": -1, "q1": -1}}, {"type": "Feature", "geometry": {"type": "Point", "coordinates": [375230.0, 1166420.0]}, "properties": {"d": 40.0, "s": 10, "base": 0, "post": 1, "recover": -1, "q1": -1}}, {"type": "Feature", "geometry": {"type": "Point", "coordinates": [375220.0, 1166420.0]}, "properties": {"d": 50.0, "s": 10, "base": 0, "post": 1, "recover": -1, "q1": -1}}, {"type": "Feature", "geometry": {"type": "Point", "coordinates": [375210.0, 1166420.0]}, "properties": {"d": 60.0, "s": 10, "base": 0, "post": 1, "recover": -1, "q1": -1}}, {"type": "Feature", "geometry": {"type": "Point", "coordinates": [375200.0, 1166420.0]}, "properties": {"d": 70.0, "s": 10, "base": 0, "post": 0, "recover": -1, "q1": -1}}, {"type": "Feature", "geometry": {"type": "Point", "coordinates": [375190.0, 1166420.0]}, "properties": {"d": 80.0, "s": 10, "base": 0, "post": 0, "recover": -1, "q1": -1}}, {"type": "Feature", "geometry": {"type": "Point", "coordinates": [375180.0, 1166420.0]}, "properties": {"d": 90.0, "s": 10, "base": 0, "post": 0, "recover": -1, "q1": -1}}, {"type": "Feature", "geometry": {"type": "Point", "coordinates": [375170.0, 1166420.0]}, "properties": {"d": 100.0, "s": 10, "base": 0, "post": 0, "recover": -1, "q1": -1}}, {"type": "Feature", "geometry": {"type": "Point", "coordinates": [375160.0, 1166420.0]}, "properties": {"d": 110.0, "s": 10, "base": 0, "post": 0, "recover": -1, "q1": -1}}, {"type": "Feature", "geometry": {"type": "Point", "coordinates": [375150.0, 1166420.0]}, "properties": {"d": 120.0, "s": 10, "base": 0, "post": 0, "recover": -1, "q1": -1}}, {"type": "Feature", "geometry": {"type": "Point", "coordinates": [375140.0, 1166420.0]}, "properties": {"d": 130.0, "s": 10, "base": 0, "post": 0, "recover": -1, "q1": -1}}, {"type": "Feature", "geometry": {"type": "Point", "coordinates": [375130.0, 1166420.0]}, "properties": {"d": 140.0, "s": 10, "base": 0, "post": 0, "recover": -1, "q1": -1}}, {"type": "Feature", "geometry": {"type": "Point", "coordinates": [375120.0, 1166420.0]}, "properties": {"d": 150.0, "s": 10, "base": 0, "post": 0, "recover": -1, "q1": -1}}, {"type": "Feature", "geometry": {"type": "Point", "coordinates": [375760.0, 1160490.0]}, "properties": {"d": -100.0, "s": 11, "base": 1, "post": 1, "recover": 1, "q1": -1}}, {"type": "Feature", "geometry": {"type": "Point", "coordinates": [375750.0, 1160490.0]}, "properties": {"d": -90.0, "s": 11, "base": 1, "post": 1, "recover": 1, "q1": -1}}, {"type": "Feature", "geometry": {"type": "Point", "coordinates": [375740.0, 1160490.0]}, "properties": {"d": -80.0, "s": 11, "base": 1, "post": 1, "recover": 1, "q1": -1}}, {"type": "Feature", "geometry": {"type": "Point", "coordinates": [375730.0, 1160490.0]}, "properties": {"d": -70.0, "s": 11, "base": 1, "post": 1, "recover": 1, "q1": -1}}, {"type": "Feature", "geometry": {"type": "Point", "coordinates": [375720.0, 1160490.0]}, "properties": {"d": -60.0, "s": 11, "base": 1, "post": 1, "recover": 1, "q1": -1}}, {"type": "Feature", "geometry": {"type": "Point", "coordinates": [375710.0, 1160490.0]}, "properties": {"d": -50.0, "s": 11, "base": 1, "post": 1, "recover": 1, "q1": -1}}, {"type": "Feature", "geometry": {"type": "Point", "coordinates": [375700.0, 1160490.0]}, "properties": {"d": -40.0, "s": 11, "base": 1, "post": 1, "recover": 1, "q1": -1}}, {"type": "Feature", "geometry": {"type": "Point", "coordinates": [375690.0, 1160490.0]}, "properties": {"d": -30.0, "s": 11, "base": 1, "post": 1, "recover": 1, "q1": -1}}, {"type": "Feature", "geometry": {"type": "Point", "coordinates": [375680.0, 1160490.0]}, "properties": {"d": -20.0, "s": 11, "base": 1, "post": 1, "recover": 1, "q1": -1}}, {"type": "Feature", "geometry": {"type": "Point", "coordinates": [375670.0, 1160490.0]}, "properties": {"d": -10.0, "s": 11, "base": 1, "post": 1, "recover": 1, "q1": -1}}, {"type": "Feature", "geometry": {"type": "Point", "coordinates": [375660.0, 1160490.0]}, "properties": {"d": 0.0, "s": 11, "base": 0, "post": 1, "recover": 1, "q1": -1}}, {"type": "Feature", "geometry": {"type": "Point", "coordinates": [375650.0, 1160490.0]}, "properties": {"d": 10.0, "s": 11, "base": 1, "post": 1, "recover": 1, "q1": -1}}, {"type": "Feature", "geometry": {"type": "Point", "coordinates": [375640.0, 1160490.0]}, "properties": {"d": 20.0, "s": 11, "base": 0, "post": 1, "recover": -1, "q1": -1}}, {"type": "Feature", "geometry": {"type": "Point", "coordinates": [375630.0, 1160490.0]}, "properties": {"d": 30.0, "s": 11, "base": 0, "post": 1, "recover": -1, "q1": -1}}, {"type": "Feature", "geometry": {"type": "Point", "coordinates": [375620.0, 1160490.0]}, "properties": {"d": 40.0, "s": 11, "base": 0, "post": 1, "recover": -1, "q1": -1}}, {"type": "Feature", "geometry": {"type": "Point", "coordinates": [375610.0, 1160490.0]}, "properties": {"d": 50.0, "s": 11, "base": 0, "post": 1, "recover": -1, "q1": -1}}, {"type": "Feature", "geometry": {"type": "Point", "coordinates": [375600.0, 1160490.0]}, "properties": {"d": 60.0, "s": 11, "base": 0, "post": 1, "recover": -1, "q1": -1}}, {"type": "Feature", "geometry": {"type": "Point", "coordinates": [375590.0, 1160490.0]}, "properties": {"d": 70.0, "s": 11, "base": 0, "post": 1, "recover": -1, "q1": -1}}, {"type": "Feature", "geometry": {"type": "Point", "coordinates": [375580.0, 1160490.0]}, "properties": {"d": 80.0, "s": 11, "base": 0, "post": 1, "recover": -1, "q1": -1}}, {"type": "Feature", "geometry": {"type": "Point", "coordinates": [375570.0, 1160490.0]}, "properties": {"d": 90.0, "s": 11, "base": 0, "post": 1, "recover": -1, "q1": -1}}, {"type": "Feature", "geometry": {"type": "Point", "coordinates": [375560.0, 1160490.0]}, "properties": {"d": 100.0, "s": 11, "base": 0, "post": 1, "recover": -1, "q1": -1}}, {"type": "Feature", "geometry": {"type": "Point", "coordinates": [375550.0, 1160490.0]}, "properties": {"d": 110.0, "s": 11, "base": 0, "post": 1, "recover": -1, "q1": -1}}, {"type": "Feature", "geometry": {"type": "Point", "coordinates": [375540.0, 1160490.0]}, "properties": {"d": 120.0, "s": 11, "base": 0, "post": 1, "recover": -1, "q1": -1}}, {"type": "Feature", "geometry": {"type": "Point", "coordinates": [375530.0, 1160490.0]}, "properties": {"d": 130.0, "s": 11, "base": 0, "post": 0, "recover": -1, "q1": -1}}, {"type": "Feature", "geometry": {"type": "Point", "coordinates": [375520.0, 1160490.0]}, "properties": {"d": 140.0, "s": 11, "base": 0, "post": 0, "recover": -1, "q1": -1}}, {"type": "Feature", "geometry": {"type": "Point", "coordinates": [375510.0, 1160490.0]}, "properties": {"d": 150.0, "s": 11, "base": 0, "post": 0, "recover": -1, "q1": -1}}, {"type": "Feature", "geometry": {"type": "Point", "coordinates": [375870.71, 1154359.29]}, "properties": {"d": -100.0, "s": 12, "base": 1, "post": 1, "recover": 1, "q1": -1}}, {"type": "Feature", "geometry": {"type": "Point", "coordinates": [375863.64, 1154366.36]}, "properties": {"d": -90.0, "s": 12, "base": 1, "post": 1, "recover": 1, "q1": -1}}, {"type": "Feature", "geometry": {"type": "Point", "coordinates": [375856.57, 1154373.43]}, "properties": {"d": -80.0, "s": 12, "base": 1, "post": 1, "recover": 1, "q1": -1}}, {"type": "Feature", "geometry": {"type": "Point", "coordinates": [375849.5, 1154380.5]}, "properties": {"d": -70.0, "s": 12, "base": 1, "post": 1, "recover": 1, "q1": -1}}, {"type": "Feature", "geometry": {"type": "Point", "coordinates": [375842.43, 1154387.57]}, "properties": {"d": -60.0, "s": 12, "base": 1, "post": 1, "recover": 1, "q1": -1}}, {"type": "Feature", "geometry": {"type": "Point", "coordinates": [375835.36, 1154394.64]}, "properties": {"d": -50.0, "s": 12, "base": 1, "post": 1, "recover": -1, "q1": -1}}, {"type": "Feature", "geometry": {"type": "Point", "coordinates": [375828.28, 1154401.72]}, "properties": {"d": -40.0, "s": 12, "base": 1, "post": 1, "recover": -1, "q1": -1}}, {"type": "Feature", "geometry": {"type": "Point", "coordinates": [375821.21, 1154408.79]}, "properties": {"d": -30.0, "s": 12, "base": 1, "post": 1, "recover": -1, "q1": -1}}, {"type": "Feature", "geometry": {"type": "Point", "coordinates": [375814.14, 1154415.86]}, "properties": {"d": -20.0, "s": 12, "base": 1, "post": 1, "recover": -1, "q1": -1}}, {"type": "Feature", "geometry": {"type": "Point", "coordinates": [375807.07, 1154422.93]}, "properties": {"d": -10.0, "s": 12, "base": 1, "post": 1, "recover": -1, "q1": -1}}, {"type": "Feature", "geometry": {"type": "Point", "coordinates": [375800.0, 1154430.0]}, "properties": {"d": 0.0, "s": 12, "base": 1, "post": 1, "recover": -1, "q1": -1}}, {"type": "Feature", "geometry": {"type": "Point", "coordinates": [375792.93, 1154437.07]}, "properties": {"d": 10.0, "s": 12, "base": 1, "post": 1, "recover": -1, "q1": -1}}, {"type": "Feature", "geometry": {"type": "Point", "coordinates": [375785.86, 1154444.14]}, "properties": {"d": 20.0, "s": 12, "base": 0, "post": 1, "recover": -1, "q1": -1}}, {"type": "Feature", "geometry": {"type": "Point", "coordinates": [375778.79, 1154451.21]}, "properties": {"d": 30.0, "s": 12, "base": 0, "post": 1, "recover": -1, "q1": -1}}, {"type": "Feature", "geometry": {"type": "Point", "coordinates": [375771.72, 1154458.28]}, "properties": {"d": 40.0, "s": 12, "base": 0, "post": 1, "recover": -1, "q1": -1}}, {"type": "Feature", "geometry": {"type": "Point", "coordinates": [375764.64, 1154465.36]}, "properties": {"d": 50.0, "s": 12, "base": 0, "post": 1, "recover": -1, "q1": -1}}, {"type": "Feature", "geometry": {"type": "Point", "coordinates": [375757.57, 1154472.43]}, "properties": {"d": 60.0, "s": 12, "base": 0, "post": 1, "recover": -1, "q1": -1}}, {"type": "Feature", "geometry": {"type": "Point", "coordinates": [375750.5, 1154479.5]}, "properties": {"d": 70.0, "s": 12, "base": 0, "post": 1, "recover": -1, "q1": -1}}, {"type": "Feature", "geometry": {"type": "Point", "coordinates": [375743.43, 1154486.57]}, "properties": {"d": 80.0, "s": 12, "base": 0, "post": 1, "recover": -1, "q1": -1}}, {"type": "Feature", "geometry": {"type": "Point", "coordinates": [375736.36, 1154493.64]}, "properties": {"d": 90.0, "s": 12, "base": 0, "post": 1, "recover": -1, "q1": -1}}, {"type": "Feature", "geometry": {"type": "Point", "coordinates": [375729.29, 1154500.71]}, "properties": {"d": 100.0, "s": 12, "base": 0, "post": 1, "recover": -1, "q1": -1}}, {"type": "Feature", "geometry": {"type": "Point", "coordinates": [375722.22, 1154507.78]}, "properties": {"d": 110.0, "s": 12, "base": 0, "post": 1, "recover": -1, "q1": -1}}, {"type": "Feature", "geometry": {"type": "Point", "coordinates": [375715.15, 1154514.85]}, "properties": {"d": 120.0, "s": 12, "base": 0, "post": 1, "recover": -1, "q1": -1}}, {"type": "Feature", "geometry": {"type": "Point", "coordinates": [375708.08, 1154521.92]}, "properties": {"d": 130.0, "s": 12, "base": 0, "post": 1, "recover": -1, "q1": -1}}, {"type": "Feature", "geometry": {"type": "Point", "coordinates": [375701.01, 1154528.99]}, "properties": {"d": 140.0, "s": 12, "base": 0, "post": 0, "recover": -1, "q1": -1}}, {"type": "Feature", "geometry": {"type": "Point", "coordinates": [375693.93, 1154536.07]}, "properties": {"d": 150.0, "s": 12, "base": 0, "post": 0, "recover": -1, "q1": -1}}, {"type": "Feature", "geometry": {"type": "Point", "coordinates": [375470.0, 1150040.0]}, "properties": {"d": -100.0, "s": 13, "base": 0, "post": 1, "recover": -1, "q1": 0}}, {"type": "Feature", "geometry": {"type": "Point", "coordinates": [375480.0, 1150040.0]}, "properties": {"d": -90.0, "s": 13, "base": 1, "post": 1, "recover": -1, "q1": 0}}, {"type": "Feature", "geometry": {"type": "Point", "coordinates": [375490.0, 1150040.0]}, "properties": {"d": -80.0, "s": 13, "base": 1, "post": 1, "recover": -1, "q1": 0}}, {"type": "Feature", "geometry": {"type": "Point", "coordinates": [375500.0, 1150040.0]}, "properties": {"d": -70.0, "s": 13, "base": 1, "post": 1, "recover": -1, "q1": 1}}, {"type": "Feature", "geometry": {"type": "Point", "coordinates": [375510.0, 1150040.0]}, "properties": {"d": -60.0, "s": 13, "base": 1, "post": 1, "recover": -1, "q1": 1}}, {"type": "Feature", "geometry": {"type": "Point", "coordinates": [375520.0, 1150040.0]}, "properties": {"d": -50.0, "s": 13, "base": 1, "post": 1, "recover": -1, "q1": 1}}, {"type": "Feature", "geometry": {"type": "Point", "coordinates": [375530.0, 1150040.0]}, "properties": {"d": -40.0, "s": 13, "base": 1, "post": 1, "recover": -1, "q1": 1}}, {"type": "Feature", "geometry": {"type": "Point", "coordinates": [375540.0, 1150040.0]}, "properties": {"d": -30.0, "s": 13, "base": 1, "post": 1, "recover": -1, "q1": 1}}, {"type": "Feature", "geometry": {"type": "Point", "coordinates": [375550.0, 1150040.0]}, "properties": {"d": -20.0, "s": 13, "base": 1, "post": 1, "recover": -1, "q1": 1}}, {"type": "Feature", "geometry": {"type": "Point", "coordinates": [375560.0, 1150040.0]}, "properties": {"d": -10.0, "s": 13, "base": 1, "post": 1, "recover": -1, "q1": 0}}, {"type": "Feature", "geometry": {"type": "Point", "coordinates": [375570.0, 1150040.0]}, "properties": {"d": 0.0, "s": 13, "base": 0, "post": 1, "recover": -1, "q1": 0}}, {"type": "Feature", "geometry": {"type": "Point", "coordinates": [375580.0, 1150040.0]}, "properties": {"d": 10.0, "s": 13, "base": 0, "post": 1, "recover": -1, "q1": 1}}, {"type": "Feature", "geometry": {"type": "Point", "coordinates": [375590.0, 1150040.0]}, "properties": {"d": 20.0, "s": 13, "base": 0, "post": 1, "recover": -1, "q1": 0}}, {"type": "Feature", "geometry": {"type": "Point", "coordinates": [375600.0, 1150040.0]}, "properties": {"d": 30.0, "s": 13, "base": 1, "post": 1, "recover": -1, "q1": 0}}, {"type": "Feature", "geometry": {"type": "Point", "coordinates": [375610.0, 1150040.0]}, "properties": {"d": 40.0, "s": 13, "base": 1, "post": 1, "recover": -1, "q1": 0}}, {"type": "Feature", "geometry": {"type": "Point", "coordinates": [375620.0, 1150040.0]}, "properties": {"d": 50.0, "s": 13, "base": 1, "post": 1, "recover": -1, "q1": 0}}, {"type": "Feature", "geometry": {"type": "Point", "coordinates": [375630.0, 1150040.0]}, "properties": {"d": 60.0, "s": 13, "base": 1, "post": 1, "recover": -1, "q1": 0}}, {"type": "Feature", "geometry": {"type": "Point", "coordinates": [375640.0, 1150040.0]}, "properties": {"d": 70.0, "s": 13, "base": 1, "post": 1, "recover": -1, "q1": 0}}, {"type": "Feature", "geometry": {"type": "Point", "coordinates": [375650.0, 1150040.0]}, "properties": {"d": 80.0, "s": 13, "base": 1, "post": 1, "recover": -1, "q1": 0}}, {"type": "Feature", "geometry": {"type": "Point", "coordinates": [375660.0, 1150040.0]}, "properties": {"d": 90.0, "s": 13, "base": 0, "post": 0, "recover": -1, "q1": 0}}, {"type": "Feature", "geometry": {"type": "Point", "coordinates": [375670.0, 1150040.0]}, "properties": {"d": 100.0, "s": 13, "base": 0, "post": 0, "recover": -1, "q1": 0}}, {"type": "Feature", "geometry": {"type": "Point", "coordinates": [375680.0, 1150040.0]}, "properties": {"d": 110.0, "s": 13, "base": 1, "post": 0, "recover": -1, "q1": 0}}, {"type": "Feature", "geometry": {"type": "Point", "coordinates": [375690.0, 1150040.0]}, "properties": {"d": 120.0, "s": 13, "base": 1, "post": 0, "recover": -1, "q1": 0}}, {"type": "Feature", "geometry": {"type": "Point", "coordinates": [375700.0, 1150040.0]}, "properties": {"d": 130.0, "s": 13, "base": 1, "post": 0, "recover": -1, "q1": 0}}, {"type": "Feature", "geometry": {"type": "Point", "coordinates": [375710.0, 1150040.0]}, "properties": {"d": 140.0, "s": 13, "base": 1, "post": 0, "recover": -1, "q1": 0}}, {"type": "Feature", "geometry": {"type": "Point", "coordinates": [375720.0, 1150040.0]}, "properties": {"d": 150.0, "s": 13, "base": 1, "post": 0, "recover": -1, "q1": 0}}, {"type": "Feature", "geometry": {"type": "Point", "coordinates": [376890.71, 1144780.71]}, "properties": {"d": -100.0, "s": 14, "base": -1, "post": 1, "recover": -1, "q1": -1}}, {"type": "Feature", "geometry": {"type": "Point", "coordinates": [376883.64, 1144773.64]}, "properties": {"d": -90.0, "s": 14, "base": -1, "post": 1, "recover": -1, "q1": -1}}, {"type": "Feature", "geometry": {"type": "Point", "coordinates": [376876.57, 1144766.57]}, "properties": {"d": -80.0, "s": 14, "base": -1, "post": 1, "recover": -1, "q1": -1}}, {"type": "Feature", "geometry": {"type": "Point", "coordinates": [376869.5, 1144759.5]}, "properties": {"d": -70.0, "s": 14, "base": -1, "post": 1, "recover": -1, "q1": -1}}, {"type": "Feature", "geometry": {"type": "Point", "coordinates": [376862.43, 1144752.43]}, "properties": {"d": -60.0, "s": 14, "base": -1, "post": 1, "recover": -1, "q1": -1}}, {"type": "Feature", "geometry": {"type": "Point", "coordinates": [376855.36, 1144745.36]}, "properties": {"d": -50.0, "s": 14, "base": -1, "post": 1, "recover": -1, "q1": -1}}, {"type": "Feature", "geometry": {"type": "Point", "coordinates": [376848.28, 1144738.28]}, "properties": {"d": -40.0, "s": 14, "base": -1, "post": 1, "recover": -1, "q1": -1}}, {"type": "Feature", "geometry": {"type": "Point", "coordinates": [376841.21, 1144731.21]}, "properties": {"d": -30.0, "s": 14, "base": -1, "post": 1, "recover": -1, "q1": -1}}, {"type": "Feature", "geometry": {"type": "Point", "coordinates": [376834.14, 1144724.14]}, "properties": {"d": -20.0, "s": 14, "base": -1, "post": 0, "recover": -1, "q1": -1}}, {"type": "Feature", "geometry": {"type": "Point", "coordinates": [376827.07, 1144717.07]}, "properties": {"d": -10.0, "s": 14, "base": -1, "post": 0, "recover": -1, "q1": -1}}, {"type": "Feature", "geometry": {"type": "Point", "coordinates": [376820.0, 1144710.0]}, "properties": {"d": 0.0, "s": 14, "base": -1, "post": 0, "recover": -1, "q1": -1}}, {"type": "Feature", "geometry": {"type": "Point", "coordinates": [376812.93, 1144702.93]}, "properties": {"d": 10.0, "s": 14, "base": -1, "post": 0, "recover": -1, "q1": -1}}, {"type": "Feature", "geometry": {"type": "Point", "coordinates": [376805.86, 1144695.86]}, "properties": {"d": 20.0, "s": 14, "base": 0, "post": 0, "recover": -1, "q1": -1}}, {"type": "Feature", "geometry": {"type": "Point", "coordinates": [376798.79, 1144688.79]}, "properties": {"d": 30.0, "s": 14, "base": 0, "post": 1, "recover": -1, "q1": -1}}, {"type": "Feature", "geometry": {"type": "Point", "coordinates": [376791.72, 1144681.72]}, "properties": {"d": 40.0, "s": 14, "base": 0, "post": 1, "recover": -1, "q1": -1}}, {"type": "Feature", "geometry": {"type": "Point", "coordinates": [376784.64, 1144674.64]}, "properties": {"d": 50.0, "s": 14, "base": 0, "post": 1, "recover": -1, "q1": -1}}, {"type": "Feature", "geometry": {"type": "Point", "coordinates": [376777.57, 1144667.57]}, "properties": {"d": 60.0, "s": 14, "base": 0, "post": 1, "recover": -1, "q1": -1}}, {"type": "Feature", "geometry": {"type": "Point", "coordinates": [376770.5, 1144660.5]}, "properties": {"d": 70.0, "s": 14, "base": 0, "post": 1, "recover": -1, "q1": -1}}, {"type": "Feature", "geometry": {"type": "Point", "coordinates": [376763.43, 1144653.43]}, "properties": {"d": 80.0, "s": 14, "base": 0, "post": 1, "recover": -1, "q1": -1}}, {"type": "Feature", "geometry": {"type": "Point", "coordinates": [376756.36, 1144646.36]}, "properties": {"d": 90.0, "s": 14, "base": 0, "post": 1, "recover": -1, "q1": -1}}, {"type": "Feature", "geometry": {"type": "Point", "coordinates": [376749.29, 1144639.29]}, "properties": {"d": 100.0, "s": 14, "base": 0, "post": 1, "recover": -1, "q1": -1}}, {"type": "Feature", "geometry": {"type": "Point", "coordinates": [376742.22, 1144632.22]}, "properties": {"d": 110.0, "s": 14, "base": 0, "post": -1, "recover": -1, "q1": -1}}, {"type": "Feature", "geometry": {"type": "Point", "coordinates": [376735.15, 1144625.15]}, "properties": {"d": 120.0, "s": 14, "base": 0, "post": -1, "recover": 0, "q1": -1}}, {"type": "Feature", "geometry": {"type": "Point", "coordinates": [376728.08, 1144618.08]}, "properties": {"d": 130.0, "s": 14, "base": 0, "post": -1, "recover": 0, "q1": -1}}, {"type": "Feature", "geometry": {"type": "Point", "coordinates": [376721.01, 1144611.01]}, "properties": {"d": 140.0, "s": 14, "base": 0, "post": -1, "recover": 0, "q1": -1}}, {"type": "Feature", "geometry": {"type": "Point", "coordinates": [376713.93, 1144603.93]}, "properties": {"d": 150.0, "s": 14, "base": 0, "post": -1, "recover": -1, "q1": -1}}, {"type": "Feature", "geometry": {"type": "Point", "coordinates": [377609.44, 1138974.72]}, "properties": {"d": -100.0, "s": 15, "base": -1, "post": -1, "recover": -1, "q1": -1}}, {"type": "Feature", "geometry": {"type": "Point", "coordinates": [377600.5, 1138970.25]}, "properties": {"d": -90.0, "s": 15, "base": -1, "post": -1, "recover": -1, "q1": -1}}, {"type": "Feature", "geometry": {"type": "Point", "coordinates": [377591.55, 1138965.78]}, "properties": {"d": -80.0, "s": 15, "base": -1, "post": -1, "recover": -1, "q1": -1}}, {"type": "Feature", "geometry": {"type": "Point", "coordinates": [377582.61, 1138961.3]}, "properties": {"d": -70.0, "s": 15, "base": -1, "post": -1, "recover": -1, "q1": -1}}, {"type": "Feature", "geometry": {"type": "Point", "coordinates": [377573.67, 1138956.83]}, "properties": {"d": -60.0, "s": 15, "base": -1, "post": -1, "recover": -1, "q1": -1}}, {"type": "Feature", "geometry": {"type": "Point", "coordinates": [377564.72, 1138952.36]}, "properties": {"d": -50.0, "s": 15, "base": -1, "post": -1, "recover": -1, "q1": -1}}, {"type": "Feature", "geometry": {"type": "Point", "coordinates": [377555.78, 1138947.89]}, "properties": {"d": -40.0, "s": 15, "base": 1, "post": -1, "recover": -1, "q1": -1}}, {"type": "Feature", "geometry": {"type": "Point", "coordinates": [377546.83, 1138943.42]}, "properties": {"d": -30.0, "s": 15, "base": -1, "post": -1, "recover": -1, "q1": -1}}, {"type": "Feature", "geometry": {"type": "Point", "coordinates": [377537.89, 1138938.94]}, "properties": {"d": -20.0, "s": 15, "base": 1, "post": -1, "recover": -1, "q1": -1}}, {"type": "Feature", "geometry": {"type": "Point", "coordinates": [377528.94, 1138934.47]}, "properties": {"d": -10.0, "s": 15, "base": 1, "post": -1, "recover": -1, "q1": -1}}, {"type": "Feature", "geometry": {"type": "Point", "coordinates": [377520.0, 1138930.0]}, "properties": {"d": 0.0, "s": 15, "base": 0, "post": -1, "recover": -1, "q1": -1}}, {"type": "Feature", "geometry": {"type": "Point", "coordinates": [377511.06, 1138925.53]}, "properties": {"d": 10.0, "s": 15, "base": 0, "post": -1, "recover": -1, "q1": -1}}, {"type": "Feature", "geometry": {"type": "Point", "coordinates": [377502.11, 1138921.06]}, "properties": {"d": 20.0, "s": 15, "base": 0, "post": -1, "recover": -1, "q1": -1}}, {"type": "Feature", "geometry": {"type": "Point", "coordinates": [377493.17, 1138916.58]}, "properties": {"d": 30.0, "s": 15, "base": 0, "post": -1, "recover": -1, "q1": -1}}, {"type": "Feature", "geometry": {"type": "Point", "coordinates": [377484.22, 1138912.11]}, "properties": {"d": 40.0, "s": 15, "base": 0, "post": -1, "recover": -1, "q1": -1}}, {"type": "Feature", "geometry": {"type": "Point", "coordinates": [377475.28, 1138907.64]}, "properties": {"d": 50.0, "s": 15, "base": 0, "post": -1, "recover": -1, "q1": -1}}, {"type": "Feature", "geometry": {"type": "Point", "coordinates": [377466.33, 1138903.17]}, "properties": {"d": 60.0, "s": 15, "base": 0, "post": -1, "recover": -1, "q1": -1}}, {"type": "Feature", "geometry": {"type": "Point", "coordinates": [377457.39, 1138898.7]}, "properties": {"d": 70.0, "s": 15, "base": 0, "post": -1, "recover": -1, "q1": -1}}, {"type": "Feature", "geometry": {"type": "Point", "coordinates": [377448.45, 1138894.22]}, "properties": {"d": 80.0, "s": 15, "base": 0, "post": -1, "recover": -1, "q1": -1}}, {"type": "Feature", "geometry": {"type": "Point", "coordinates": [377439.5, 1138889.75]}, "properties": {"d": 90.0, "s": 15, "base": 0, "post": -1, "recover": -1, "q1": -1}}, {"type": "Feature", "geometry": {"type": "Point", "coordinates": [377430.56, 1138885.28]}, "properties": {"d": 100.0, "s": 15, "base": 0, "post": -1, "recover": 0, "q1": -1}}, {"type": "Feature", "geometry": {"type": "Point", "coordinates": [377421.61, 1138880.81]}, "properties": {"d": 110.0, "s": 15, "base": 0, "post": -1, "recover": -1, "q1": -1}}, {"type": "Feature", "geometry": {"type": "Point", "coordinates": [377412.67, 1138876.33]}, "properties": {"d": 120.0, "s": 15, "base": 0, "post": -1, "recover": 0, "q1": -1}}, {"type": "Feature", "geometry": {"type": "Point", "coordinates": [377403.72, 1138871.86]}, "properties": {"d": 130.0, "s": 15, "base": 0, "post": -1, "recover": 0, "q1": -1}}, {"type": "Feature", "geometry": {"type": "Point", "coordinates": [377394.78, 1138867.39]}, "properties": {"d": 140.0, "s": 15, "base": 0, "post": -1, "recover": -1, "q1": -1}}, {"type": "Feature", "geometry": {"type": "Point", "coordinates": [377385.84, 1138862.92]}, "properties": {"d": 150.0, "s": 15, "base": 0, "post": -1, "recover": -1, "q1": -1}}, {"type": "Feature", "geometry": {"type": "Point", "coordinates": [373480.71, 1136269.29]}, "properties": {"d": -100.0, "s": 16, "base": -1, "post": 1, "recover": -1, "q1": -1}}, {"type": "Feature", "geometry": {"type": "Point", "coordinates": [373473.64, 1136276.36]}, "properties": {"d": -90.0, "s": 16, "base": -1, "post": 1, "recover": -1, "q1": -1}}, {"type": "Feature", "geometry": {"type": "Point", "coordinates": [373466.57, 1136283.43]}, "properties": {"d": -80.0, "s": 16, "base": -1, "post": 1, "recover": -1, "q1": -1}}, {"type": "Feature", "geometry": {"type": "Point", "coordinates": [373459.5, 1136290.5]}, "properties": {"d": -70.0, "s": 16, "base": -1, "post": 1, "recover": -1, "q1": -1}}, {"type": "Feature", "geometry": {"type": "Point", "coordinates": [373452.43, 1136297.57]}, "properties": {"d": -60.0, "s": 16, "base": -1, "post": 1, "recover": -1, "q1": -1}}, {"type": "Feature", "geometry": {"type": "Point", "coordinates": [373445.36, 1136304.64]}, "properties": {"d": -50.0, "s": 16, "base": -1, "post": 1, "recover": -1, "q1": -1}}, {"type": "Feature", "geometry": {"type": "Point", "coordinates": [373438.28, 1136311.72]}, "properties": {"d": -40.0, "s": 16, "base": -1, "post": 0, "recover": -1, "q1": -1}}, {"type": "Feature", "geometry": {"type": "Point", "coordinates": [373431.21, 1136318.79]}, "properties": {"d": -30.0, "s": 16, "base": -1, "post": 0, "recover": -1, "q1": 0}}, {"type": "Feature", "geometry": {"type": "Point", "coordinates": [373424.14, 1136325.86]}, "properties": {"d": -20.0, "s": 16, "base": -1, "post": 0, "recover": -1, "q1": -1}}, {"type": "Feature", "geometry": {"type": "Point", "coordinates": [373417.07, 1136332.93]}, "properties": {"d": -10.0, "s": 16, "base": -1, "post": 0, "recover": -1, "q1": -1}}, {"type": "Feature", "geometry": {"type": "Point", "coordinates": [373410.0, 1136340.0]}, "properties": {"d": 0.0, "s": 16, "base": -1, "post": 0, "recover": -1, "q1": -1}}, {"type": "Feature", "geometry": {"type": "Point", "coordinates": [373402.93, 1136347.07]}, "properties": {"d": 10.0, "s": 16, "base": 0, "post": 0, "recover": -1, "q1": -1}}, {"type": "Feature", "geometry": {"type": "Point", "coordinates": [373395.86, 1136354.14]}, "properties": {"d": 20.0, "s": 16, "base": 0, "post": 0, "recover": -1, "q1": -1}}, {"type": "Feature", "geometry": {"type": "Point", "coordinates": [373388.79, 1136361.21]}, "properties": {"d": 30.0, "s": 16, "base": 0, "post": 0, "recover": -1, "q1": -1}}, {"type": "Feature", "geometry": {"type": "Point", "coordinates": [373381.72, 1136368.28]}, "properties": {"d": 40.0, "s": 16, "base": 0, "post": 0, "recover": -1, "q1": -1}}, {"type": "Feature", "geometry": {"type": "Point", "coordinates": [373374.64, 1136375.36]}, "properties": {"d": 50.0, "s": 16, "base": 0, "post": 0, "recover": -1, "q1": -1}}, {"type": "Feature", "geometry": {"type": "Point", "coordinates": [373367.57, 1136382.43]}, "properties": {"d": 60.0, "s": 16, "base": 0, "post": 0, "recover": -1, "q1": -1}}, {"type": "Feature", "geometry": {"type": "Point", "coordinates": [373360.5, 1136389.5]}, "properties": {"d": 70.0, "s": 16, "base": 0, "post": 0, "recover": -1, "q1": -1}}, {"type": "Feature", "geometry": {"type": "Point", "coordinates": [373353.43, 1136396.57]}, "properties": {"d": 80.0, "s": 16, "base": 0, "post": 0, "recover": -1, "q1": -1}}, {"type": "Feature", "geometry": {"type": "Point", "coordinates": [373346.36, 1136403.64]}, "properties": {"d": 90.0, "s": 16, "base": 0, "post": 0, "recover": -1, "q1": -1}}, {"type": "Feature", "geometry": {"type": "Point", "coordinates": [373339.29, 1136410.71]}, "properties": {"d": 100.0, "s": 16, "base": 0, "post": 0, "recover": -1, "q1": -1}}, {"type": "Feature", "geometry": {"type": "Point", "coordinates": [373332.22, 1136417.78]}, "properties": {"d": 110.0, "s": 16, "base": 0, "post": 0, "recover": -1, "q1": -1}}, {"type": "Feature", "geometry": {"type": "Point", "coordinates": [373325.15, 1136424.85]}, "properties": {"d": 120.0, "s": 16, "base": 0, "post": 0, "recover": -1, "q1": -1}}, {"type": "Feature", "geometry": {"type": "Point", "coordinates": [373318.08, 1136431.92]}, "properties": {"d": 130.0, "s": 16, "base": 0, "post": 0, "recover": -1, "q1": -1}}, {"type": "Feature", "geometry": {"type": "Point", "coordinates": [373311.01, 1136438.99]}, "properties": {"d": 140.0, "s": 16, "base": 0, "post": 0, "recover": -1, "q1": -1}}, {"type": "Feature", "geometry": {"type": "Point", "coordinates": [373303.93, 1136446.07]}, "properties": {"d": 150.0, "s": 16, "base": 0, "post": 0, "recover": -1, "q1": -1}}, {"type": "Feature", "geometry": {"type": "Point", "coordinates": [367170.0, 1135820.0]}, "properties": {"d": -100.0, "s": 17, "base": 1, "post": 1, "recover": -1, "q1": 1}}, {"type": "Feature", "geometry": {"type": "Point", "coordinates": [367170.0, 1135830.0]}, "properties": {"d": -90.0, "s": 17, "base": 1, "post": 1, "recover": -1, "q1": 1}}, {"type": "Feature", "geometry": {"type": "Point", "coordinates": [367170.0, 1135840.0]}, "properties": {"d": -80.0, "s": 17, "base": 1, "post": 1, "recover": -1, "q1": 1}}, {"type": "Feature", "geometry": {"type": "Point", "coordinates": [367170.0, 1135850.0]}, "properties": {"d": -70.0, "s": 17, "base": 1, "post": 1, "recover": -1, "q1": 1}}, {"type": "Feature", "geometry": {"type": "Point", "coordinates": [367170.0, 1135860.0]}, "properties": {"d": -60.0, "s": 17, "base": 1, "post": 1, "recover": -1, "q1": 1}}, {"type": "Feature", "geometry": {"type": "Point", "coordinates": [367170.0, 1135870.0]}, "properties": {"d": -50.0, "s": 17, "base": 1, "post": 1, "recover": -1, "q1": 1}}, {"type": "Feature", "geometry": {"type": "Point", "coordinates": [367170.0, 1135880.0]}, "properties": {"d": -40.0, "s": 17, "base": 1, "post": 1, "recover": -1, "q1": 1}}, {"type": "Feature", "geometry": {"type": "Point", "coordinates": [367170.0, 1135890.0]}, "properties": {"d": -30.0, "s": 17, "base": 1, "post": 1, "recover": -1, "q1": 1}}, {"type": "Feature", "geometry": {"type": "Point", "coordinates": [367170.0, 1135900.0]}, "properties": {"d": -20.0, "s": 17, "base": 1, "post": 1, "recover": -1, "q1": 1}}, {"type": "Feature", "geometry": {"type": "Point", "coordinates": [367170.0, 1135910.0]}, "properties": {"d": -10.0, "s": 17, "base": 1, "post": 1, "recover": -1, "q1": 1}}, {"type": "Feature", "geometry": {"type": "Point", "coordinates": [367170.0, 1135920.0]}, "properties": {"d": 0.0, "s": 17, "base": 1, "post": 1, "recover": -1, "q1": 1}}, {"type": "Feature", "geometry": {"type": "Point", "coordinates": [367170.0, 1135930.0]}, "properties": {"d": 10.0, "s": 17, "base": 0, "post": 1, "recover": -1, "q1": -1}}, {"type": "Feature", "geometry": {"type": "Point", "coordinates": [367170.0, 1135940.0]}, "properties": {"d": 20.0, "s": 17, "base": 0, "post": 1, "recover": -1, "q1": -1}}, {"type": "Feature", "geometry": {"type": "Point", "coordinates": [367170.0, 1135950.0]}, "properties": {"d": 30.0, "s": 17, "base": 0, "post": 1, "recover": -1, "q1": -1}}, {"type": "Feature", "geometry": {"type": "Point", "coordinates": [367170.0, 1135960.0]}, "properties": {"d": 40.0, "s": 17, "base": 0, "post": 1, "recover": -1, "q1": -1}}, {"type": "Feature", "geometry": {"type": "Point", "coordinates": [367170.0, 1135970.0]}, "properties": {"d": 50.0, "s": 17, "base": 0, "post": 1, "recover": -1, "q1": -1}}, {"type": "Feature", "geometry": {"type": "Point", "coordinates": [367170.0, 1135980.0]}, "properties": {"d": 60.0, "s": 17, "base": 0, "post": 1, "recover": -1, "q1": -1}}, {"type": "Feature", "geometry": {"type": "Point", "coordinates": [367170.0, 1135990.0]}, "properties": {"d": 70.0, "s": 17, "base": 0, "post": 1, "recover": -1, "q1": -1}}, {"type": "Feature", "geometry": {"type": "Point", "coordinates": [367170.0, 1136000.0]}, "properties": {"d": 80.0, "s": 17, "base": 0, "post": 1, "recover": -1, "q1": -1}}, {"type": "Feature", "geometry": {"type": "Point", "coordinates": [367170.0, 1136010.0]}, "properties": {"d": 90.0, "s": 17, "base": 0, "post": 1, "recover": -1, "q1": -1}}, {"type": "Feature", "geometry": {"type": "Point", "coordinates": [367170.0, 1136020.0]}, "properties": {"d": 100.0, "s": 17, "base": 0, "post": 1, "recover": -1, "q1": -1}}, {"type": "Feature", "geometry": {"type": "Point", "coordinates": [367170.0, 1136030.0]}, "properties": {"d": 110.0, "s": 17, "base": 0, "post": 1, "recover": -1, "q1": -1}}, {"type": "Feature", "geometry": {"type": "Point", "coordinates": [367170.0, 1136040.0]}, "properties": {"d": 120.0, "s": 17, "base": 0, "post": 1, "recover": -1, "q1": -1}}, {"type": "Feature", "geometry": {"type": "Point", "coordinates": [367170.0, 1136050.0]}, "properties": {"d": 130.0, "s": 17, "base": 0, "post": 1, "recover": -1, "q1": -1}}, {"type": "Feature", "geometry": {"type": "Point", "coordinates": [367170.0, 1136060.0]}, "properties": {"d": 140.0, "s": 17, "base": 0, "post": 1, "recover": -1, "q1": -1}}, {"type": "Feature", "geometry": {"type": "Point", "coordinates": [367170.0, 1136070.0]}, "properties": {"d": 150.0, "s": 17, "base": 0, "post": 1, "recover": -1, "q1": -1}}, {"type": "Feature", "geometry": {"type": "Point", "coordinates": [363231.94, 1136379.61]}, "properties": {"d": -100.0, "s": 18, "base": 0, "post": 1, "recover": -1, "q1": 1}}, {"type": "Feature", "geometry": {"type": "Point", "coordinates": [363241.75, 1136377.65]}, "properties": {"d": -90.0, "s": 18, "base": 0, "post": 1, "recover": 1, "q1": 1}}, {"type": "Feature", "geometry": {"type": "Point", "coordinates": [363251.55, 1136375.69]}, "properties": {"d": -80.0, "s": 18, "base": 0, "post": 1, "recover": 1, "q1": 1}}, {"type": "Feature", "geometry": {"type": "Point", "coordinates": [363261.36, 1136373.73]}, "properties": {"d": -70.0, "s": 18, "base": 0, "post": 1, "recover": 1, "q1": 1}}, {"type": "Feature", "geometry": {"type": "Point", "coordinates": [363271.17, 1136371.77]}, "properties": {"d": -60.0, "s": 18, "base": 1, "post": 1, "recover": 1, "q1": 1}}, {"type": "Feature", "geometry": {"type": "Point", "coordinates": [363280.97, 1136369.81]}, "properties": {"d": -50.0, "s": 18, "base": 1, "post": 1, "recover": 1, "q1": 1}}, {"type": "Feature", "geometry": {"type": "Point", "coordinates": [363290.78, 1136367.84]}, "properties": {"d": -40.0, "s": 18, "base": 0, "post": 1, "recover": 1, "q1": 1}}, {"type": "Feature", "geometry": {"type": "Point", "coordinates": [363300.58, 1136365.88]}, "properties": {"d": -30.0, "s": 18, "base": 1, "post": 1, "recover": 1, "q1": 1}}, {"type": "Feature", "geometry": {"type": "Point", "coordinates": [363310.39, 1136363.92]}, "properties": {"d": -20.0, "s": 18, "base": 1, "post": 1, "recover": 1, "q1": -1}}, {"type": "Feature", "geometry": {"type": "Point", "coordinates": [363320.19, 1136361.96]}, "properties": {"d": -10.0, "s": 18, "base": 1, "post": 1, "recover": 1, "q1": -1}}, {"type": "Feature", "geometry": {"type": "Point", "coordinates": [363330.0, 1136360.0]}, "properties": {"d": 0.0, "s": 18, "base": 1, "post": 1, "recover": 1, "q1": -1}}, {"type": "Feature", "geometry": {"type": "Point", "coordinates": [363339.81, 1136358.04]}, "properties": {"d": 10.0, "s": 18, "base": 0, "post": 1, "recover": 1, "q1": -1}}, {"type": "Feature", "geometry": {"type": "Point", "coordinates": [363349.61, 1136356.08]}, "properties": {"d": 20.0, "s": 18, "base": 0, "post": 1, "recover": 0, "q1": -1}}, {"type": "Feature", "geometry": {"type": "Point", "coordinates": [363359.42, 1136354.12]}, "properties": {"d": 30.0, "s": 18, "base": 0, "post": 1, "recover": 0, "q1": -1}}, {"type": "Feature", "geometry": {"type": "Point", "coordinates": [363369.22, 1136352.16]}, "properties": {"d": 40.0, "s": 18, "base": 0, "post": 1, "recover": 0, "q1": -1}}, {"type": "Feature", "geometry": {"type": "Point", "coordinates": [363379.03, 1136350.19]}, "properties": {"d": 50.0, "s": 18, "base": 0, "post": 1, "recover": 0, "q1": -1}}, {"type": "Feature", "geometry": {"type": "Point", "coordinates": [363388.83, 1136348.23]}, "properties": {"d": 60.0, "s": 18, "base": 0, "post": 1, "recover": 0, "q1": -1}}, {"type": "Feature", "geometry": {"type": "Point", "coordinates": [363398.64, 1136346.27]}, "properties": {"d": 70.0, "s": 18, "base": 0, "post": 1, "recover": 0, "q1": -1}}, {"type": "Feature", "geometry": {"type": "Point", "coordinates": [363408.45, 1136344.31]}, "properties": {"d": 80.0, "s": 18, "base": 0, "post": 1, "recover": 0, "q1": -1}}, {"type": "Feature", "geometry": {"type": "Point", "coordinates": [363418.25, 1136342.35]}, "properties": {"d": 90.0, "s": 18, "base": 0, "post": 1, "recover": 0, "q1": -1}}, {"type": "Feature", "geometry": {"type": "Point", "coordinates": [363428.06, 1136340.39]}, "properties": {"d": 100.0, "s": 18, "base": 0, "post": 1, "recover": 0, "q1": -1}}, {"type": "Feature", "geometry": {"type": "Point", "coordinates": [363437.86, 1136338.43]}, "properties": {"d": 110.0, "s": 18, "base": 0, "post": 1, "recover": 1, "q1": -1}}, {"type": "Feature", "geometry": {"type": "Point", "coordinates": [363447.67, 1136336.47]}, "properties": {"d": 120.0, "s": 18, "base": 0, "post": 1, "recover": 1, "q1": -1}}, {"type": "Feature", "geometry": {"type": "Point", "coordinates": [363457.48, 1136334.5]}, "properties": {"d": 130.0, "s": 18, "base": 0, "post": 1, "recover": 1, "q1": -1}}, {"type": "Feature", "geometry": {"type": "Point", "coordinates": [363467.28, 1136332.54]}, "properties": {"d": 140.0, "s": 18, "base": 0, "post": 1, "recover": 1, "q1": -1}}, {"type": "Feature", "geometry": {"type": "Point", "coordinates": [363477.09, 1136330.58]}, "properties": {"d": 150.0, "s": 18, "base": 0, "post": 1, "recover": 1, "q1": -1}}, {"type": "Feature", "geometry": {"type": "Point", "coordinates": [365239.29, 1137550.71]}, "properties": {"d": -100.0, "s": 19, "base": 1, "post": 1, "recover": -1, "q1": 1}}, {"type": "Feature", "geometry": {"type": "Point", "coordinates": [365246.36, 1137543.64]}, "properties": {"d": -90.0, "s": 19, "base": 1, "post": 1, "recover": -1, "q1": 1}}, {"type": "Feature", "geometry": {"type": "Point", "coordinates": [365253.43, 1137536.57]}, "properties": {"d": -80.0, "s": 19, "base": 1, "post": 1, "recover": -1, "q1": 1}}, {"type": "Feature", "geometry": {"type": "Point", "coordinates": [365260.5, 1137529.5]}, "properties": {"d": -70.0, "s": 19, "base": 1, "post": 1, "recover": -1, "q1": 1}}, {"type": "Feature", "geometry": {"type": "Point", "coordinates": [365267.57, 1137522.43]}, "properties": {"d": -60.0, "s": 19, "base": 1, "post": 1, "recover": -1, "q1": 1}}, {"type": "Feature", "geometry": {"type": "Point", "coordinates": [365274.64, 1137515.36]}, "properties": {"d": -50.0, "s": 19, "base": 1, "post": 1, "recover": -1, "q1": 1}}, {"type": "Feature", "geometry": {"type": "Point", "coordinates": [365281.72, 1137508.28]}, "properties": {"d": -40.0, "s": 19, "base": 1, "post": 1, "recover": -1, "q1": 1}}, {"type": "Feature", "geometry": {"type": "Point", "coordinates": [365288.79, 1137501.21]}, "properties": {"d": -30.0, "s": 19, "base": 1, "post": 1, "recover": -1, "q1": 1}}, {"type": "Feature", "geometry": {"type": "Point", "coordinates": [365295.86, 1137494.14]}, "properties": {"d": -20.0, "s": 19, "base": 1, "post": 1, "recover": -1, "q1": 1}}, {"type": "Feature", "geometry": {"type": "Point", "coordinates": [365302.93, 1137487.07]}, "properties": {"d": -10.0, "s": 19, "base": 0, "post": 1, "recover": -1, "q1": 1}}, {"type": "Feature", "geometry": {"type": "Point", "coordinates": [365310.0, 1137480.0]}, "properties": {"d": 0.0, "s": 19, "base": 0, "post": 1, "recover": -1, "q1": 1}}, {"type": "Feature", "geometry": {"type": "Point", "coordinates": [365317.07, 1137472.93]}, "properties": {"d": 10.0, "s": 19, "base": 0, "post": 1, "recover": -1, "q1": 1}}, {"type": "Feature", "geometry": {"type": "Point", "coordinates": [365324.14, 1137465.86]}, "properties": {"d": 20.0, "s": 19, "base": 0, "post": 1, "recover": -1, "q1": 1}}, {"type": "Feature", "geometry": {"type": "Point", "coordinates": [365331.21, 1137458.79]}, "properties": {"d": 30.0, "s": 19, "base": 0, "post": 1, "recover": -1, "q1": 1}}, {"type": "Feature", "geometry": {"type": "Point", "coordinates": [365338.28, 1137451.72]}, "properties": {"d": 40.0, "s": 19, "base": 0, "post": 1, "recover": -1, "q1": 1}}, {"type": "Feature", "geometry": {"type": "Point", "coordinates": [365345.36, 1137444.64]}, "properties": {"d": 50.0, "s": 19, "base": 0, "post": 1, "recover": -1, "q1": 1}}, {"type": "Feature", "geometry": {"type": "Point", "coordinates": [365352.43, 1137437.57]}, "properties": {"d": 60.0, "s": 19, "base": 0, "post": 1, "recover": -1, "q1": 1}}, {"type": "Feature", "geometry": {"type": "Point", "coordinates": [365359.5, 1137430.5]}, "properties": {"d": 70.0, "s": 19, "base": 0, "post": 1, "recover": -1, "q1": 1}}, {"type": "Feature", "geometry": {"type": "Point", "coordinates": [365366.57, 1137423.43]}, "properties": {"d": 80.0, "s": 19, "base": 0, "post": 1, "recover": -1, "q1": 1}}, {"type": "Feature", "geometry": {"type": "Point", "coordinates": [365373.64, 1137416.36]}, "properties": {"d": 90.0, "s": 19, "base": 0, "post": 1, "recover": -1, "q1": 1}}, {"type": "Feature", "geometry": {"type": "Point", "coordinates": [365380.71, 1137409.29]}, "properties": {"d": 100.0, "s": 19, "base": 0, "post": 1, "recover": -1, "q1": 1}}, {"type": "Feature", "geometry": {"type": "Point", "coordinates": [365387.78, 1137402.22]}, "properties": {"d": 110.0, "s": 19, "base": 0, "post": 1, "recover": -1, "q1": 1}}, {"type": "Feature", "geometry": {"type": "Point", "coordinates": [365394.85, 1137395.15]}, "properties": {"d": 120.0, "s": 19, "base": 0, "post": 1, "recover": -1, "q1": 1}}, {"type": "Feature", "geometry": {"type": "Point", "coordinates": [365401.92, 1137388.08]}, "properties": {"d": 130.0, "s": 19, "base": 0, "post": 1, "recover": -1, "q1": 1}}, {"type": "Feature", "geometry": {"type": "Point", "coordinates": [365408.99, 1137381.0]}, "properties": {"d": 140.0, "s": 19, "base": 0, "post": 1, "recover": -1, "q1": 1}}, {"type": "Feature", "geometry": {"type": "Point", "coordinates": [365416.07, 1137373.93]}, "properties": {"d": 150.0, "s": 19, "base": 0, "post": 1, "recover": -1, "q1": 1}}, {"type": "Feature", "geometry": {"type": "Point", "coordinates": [364490.0, 1139100.0]}, "properties": {"d": -100.0, "s": 20, "base": 1, "post": -1, "recover": 1, "q1": 1}}, {"type": "Feature", "geometry": {"type": "Point", "coordinates": [364500.0, 1139100.0]}, "properties": {"d": -90.0, "s": 20, "base": 1, "post": -1, "recover": 1, "q1": 1}}, {"type": "Feature", "geometry": {"type": "Point", "coordinates": [364510.0, 1139100.0]}, "properties": {"d": -80.0, "s": 20, "base": 1, "post": -1, "recover": 1, "q1": 1}}, {"type": "Feature", "geometry": {"type": "Point", "coordinates": [364520.0, 1139100.0]}, "properties": {"d": -70.0, "s": 20, "base": 1, "post": -1, "recover": 1, "q1": 1}}, {"type": "Feature", "geometry": {"type": "Point", "coordinates": [364530.0, 1139100.0]}, "properties": {"d": -60.0, "s": 20, "base": 1, "post": -1, "recover": 1, "q1": 1}}, {"type": "Feature", "geometry": {"type": "Point", "coordinates": [364540.0, 1139100.0]}, "properties": {"d": -50.0, "s": 20, "base": 1, "post": -1, "recover": 1, "q1": 1}}, {"type": "Feature", "geometry": {"type": "Point", "coordinates": [364550.0, 1139100.0]}, "properties": {"d": -40.0, "s": 20, "base": 1, "post": -1, "recover": 1, "q1": 1}}, {"type": "Feature", "geometry": {"type": "Point", "coordinates": [364560.0, 1139100.0]}, "properties": {"d": -30.0, "s": 20, "base": 1, "post": -1, "recover": 1, "q1": 1}}, {"type": "Feature", "geometry": {"type": "Point", "coordinates": [364570.0, 1139100.0]}, "properties": {"d": -20.0, "s": 20, "base": 1, "post": -1, "recover": 1, "q1": 1}}, {"type": "Feature", "geometry": {"type": "Point", "coordinates": [364580.0, 1139100.0]}, "properties": {"d": -10.0, "s": 20, "base": 1, "post": -1, "recover": 1, "q1": 1}}, {"type": "Feature", "geometry": {"type": "Point", "coordinates": [364590.0, 1139100.0]}, "properties": {"d": 0.0, "s": 20, "base": 1, "post": -1, "recover": 1, "q1": 1}}, {"type": "Feature", "geometry": {"type": "Point", "coordinates": [364600.0, 1139100.0]}, "properties": {"d": 10.0, "s": 20, "base": 1, "post": -1, "recover": -1, "q1": 1}}, {"type": "Feature", "geometry": {"type": "Point", "coordinates": [364610.0, 1139100.0]}, "properties": {"d": 20.0, "s": 20, "base": 0, "post": -1, "recover": -1, "q1": 1}}, {"type": "Feature", "geometry": {"type": "Point", "coordinates": [364620.0, 1139100.0]}, "properties": {"d": 30.0, "s": 20, "base": 0, "post": -1, "recover": -1, "q1": 1}}, {"type": "Feature", "geometry": {"type": "Point", "coordinates": [364630.0, 1139100.0]}, "properties": {"d": 40.0, "s": 20, "base": 0, "post": -1, "recover": -1, "q1": 1}}, {"type": "Feature", "geometry": {"type": "Point", "coordinates": [364640.0, 1139100.0]}, "properties": {"d": 50.0, "s": 20, "base": 0, "post": -1, "recover": -1, "q1": 1}}, {"type": "Feature", "geometry": {"type": "Point", "coordinates": [364650.0, 1139100.0]}, "properties": {"d": 60.0, "s": 20, "base": 0, "post": -1, "recover": -1, "q1": 1}}, {"type": "Feature", "geometry": {"type": "Point", "coordinates": [364660.0, 1139100.0]}, "properties": {"d": 70.0, "s": 20, "base": 0, "post": -1, "recover": -1, "q1": 1}}, {"type": "Feature", "geometry": {"type": "Point", "coordinates": [364670.0, 1139100.0]}, "properties": {"d": 80.0, "s": 20, "base": 0, "post": -1, "recover": -1, "q1": 0}}, {"type": "Feature", "geometry": {"type": "Point", "coordinates": [364680.0, 1139100.0]}, "properties": {"d": 90.0, "s": 20, "base": 0, "post": -1, "recover": -1, "q1": 0}}, {"type": "Feature", "geometry": {"type": "Point", "coordinates": [364690.0, 1139100.0]}, "properties": {"d": 100.0, "s": 20, "base": 0, "post": -1, "recover": -1, "q1": 0}}, {"type": "Feature", "geometry": {"type": "Point", "coordinates": [364700.0, 1139100.0]}, "properties": {"d": 110.0, "s": 20, "base": 0, "post": -1, "recover": -1, "q1": 0}}, {"type": "Feature", "geometry": {"type": "Point", "coordinates": [364710.0, 1139100.0]}, "properties": {"d": 120.0, "s": 20, "base": 0, "post": -1, "recover": -1, "q1": 0}}, {"type": "Feature", "geometry": {"type": "Point", "coordinates": [364720.0, 1139100.0]}, "properties": {"d": 130.0, "s": 20, "base": 0, "post": -1, "recover": -1, "q1": 0}}, {"type": "Feature", "geometry": {"type": "Point", "coordinates": [364730.0, 1139100.0]}, "properties": {"d": 140.0, "s": 20, "base": 0, "post": -1, "recover": -1, "q1": 0}}, {"type": "Feature", "geometry": {"type": "Point", "coordinates": [364740.0, 1139100.0]}, "properties": {"d": 150.0, "s": 20, "base": 0, "post": -1, "recover": -1, "q1": 0}}, {"type": "Feature", "geometry": {"type": "Point", "coordinates": [363398.06, 1140350.39]}, "properties": {"d": -100.0, "s": 21, "base": 1, "post": 1, "recover": 1, "q1": 1}}, {"type": "Feature", "geometry": {"type": "Point", "coordinates": [363388.25, 1140352.35]}, "properties": {"d": -90.0, "s": 21, "base": 1, "post": 1, "recover": 1, "q1": 1}}, {"type": "Feature", "geometry": {"type": "Point", "coordinates": [363378.45, 1140354.31]}, "properties": {"d": -80.0, "s": 21, "base": 1, "post": 1, "recover": 1, "q1": 1}}, {"type": "Feature", "geometry": {"type": "Point", "coordinates": [363368.64, 1140356.27]}, "properties": {"d": -70.0, "s": 21, "base": 1, "post": 1, "recover": 1, "q1": 1}}, {"type": "Feature", "geometry": {"type": "Point", "coordinates": [363358.83, 1140358.23]}, "properties": {"d": -60.0, "s": 21, "base": 1, "post": 1, "recover": 1, "q1": 1}}, {"type": "Feature", "geometry": {"type": "Point", "coordinates": [363349.03, 1140360.19]}, "properties": {"d": -50.0, "s": 21, "base": 1, "post": 1, "recover": 1, "q1": 1}}, {"type": "Feature", "geometry": {"type": "Point", "coordinates": [363339.22, 1140362.16]}, "properties": {"d": -40.0, "s": 21, "base": 1, "post": 1, "recover": 1, "q1": 1}}, {"type": "Feature", "geometry": {"type": "Point", "coordinates": [363329.42, 1140364.12]}, "properties": {"d": -30.0, "s": 21, "base": 1, "post": 1, "recover": 1, "q1": 1}}, {"type": "Feature", "geometry": {"type": "Point", "coordinates": [363319.61, 1140366.08]}, "properties": {"d": -20.0, "s": 21, "base": 1, "post": 1, "recover": 1, "q1": 1}}, {"type": "Feature", "geometry": {"type": "Point", "coordinates": [363309.81, 1140368.04]}, "properties": {"d": -10.0, "s": 21, "base": 1, "post": 1, "recover": 1, "q1": 1}}, {"type": "Feature", "geometry": {"type": "Point", "coordinates": [363300.0, 1140370.0]}, "properties": {"d": 0.0, "s": 21, "base": 1, "post": 1, "recover": 1, "q1": 1}}, {"type": "Feature", "geometry": {"type": "Point", "coordinates": [363290.19, 1140371.96]}, "properties": {"d": 10.0, "s": 21, "base": 0, "post": 1, "recover": 1, "q1": 1}}, {"type": "Feature", "geometry": {"type": "Point", "coordinates": [363280.39, 1140373.92]}, "properties": {"d": 20.0, "s": 21, "base": 0, "post": 1, "recover": 1, "q1": 1}}, {"type": "Feature", "geometry": {"type": "Point", "coordinates": [363270.58, 1140375.88]}, "properties": {"d": 30.0, "s": 21, "base": 0, "post": -1, "recover": 1, "q1": 1}}, {"type": "Feature", "geometry": {"type": "Point", "coordinates": [363260.78, 1140377.84]}, "properties": {"d": 40.0, "s": 21, "base": 0, "post": -1, "recover": 1, "q1": 1}}, {"type": "Feature", "geometry": {"type": "Point", "coordinates": [363250.97, 1140379.81]}, "properties": {"d": 50.0, "s": 21, "base": 0, "post": -1, "recover": 1, "q1": 1}}, {"type": "Feature", "geometry": {"type": "Point", "coordinates": [363241.17, 1140381.77]}, "properties": {"d": 60.0, "s": 21, "base": 0, "post": -1, "recover": 1, "q1": 1}}, {"type": "Feature", "geometry": {"type": "Point", "coordinates": [363231.36, 1140383.73]}, "properties": {"d": 70.0, "s": 21, "base": 0, "post": -1, "recover": 1, "q1": 1}}, {"type": "Feature", "geometry": {"type": "Point", "coordinates": [363221.55, 1140385.69]}, "properties": {"d": 80.0, "s": 21, "base": 0, "post": -1, "recover": 1, "q1": 1}}, {"type": "Feature", "geometry": {"type": "Point", "coordinates": [363211.75, 1140387.65]}, "properties": {"d": 90.0, "s": 21, "base": 0, "post": -1, "recover": 1, "q1": 1}}, {"type": "Feature", "geometry": {"type": "Point", "coordinates": [363201.94, 1140389.61]}, "properties": {"d": 100.0, "s": 21, "base": 0, "post": -1, "recover": 1, "q1": 1}}, {"type": "Feature", "geometry": {"type": "Point", "coordinates": [363192.14, 1140391.57]}, "properties": {"d": 110.0, "s": 21, "base": 0, "post": -1, "recover": 1, "q1": 1}}, {"type": "Feature", "geometry": {"type": "Point", "coordinates": [363182.33, 1140393.53]}, "properties": {"d": 120.0, "s": 21, "base": 0, "post": -1, "recover": 1, "q1": 1}}, {"type": "Feature", "geometry": {"type": "Point", "coordinates": [363172.52, 1140395.5]}, "properties": {"d": 130.0, "s": 21, "base": 0, "post": -1, "recover": 1, "q1": 1}}, {"type": "Feature", "geometry": {"type": "Point", "coordinates": [363162.72, 1140397.46]}, "properties": {"d": 140.0, "s": 21, "base": 0, "post": -1, "recover": 1, "q1": 1}}, {"type": "Feature", "geometry": {"type": "Point", "coordinates": [363152.91, 1140399.42]}, "properties": {"d": 150.0, "s": 21, "base": 0, "post": -1, "recover": 1, "q1": 1}}, {"type": "Feature", "geometry": {"type": "Point", "coordinates": [358010.0, 1141460.0]}, "properties": {"d": -100.0, "s": 22, "base": 1, "post": -1, "recover": 1, "q1": 1}}, {"type": "Feature", "geometry": {"type": "Point", "coordinates": [358010.0, 1141470.0]}, "properties": {"d": -90.0, "s": 22, "base": 1, "post": -1, "recover": 1, "q1": 1}}, {"type": "Feature", "geometry": {"type": "Point", "coordinates": [358010.0, 1141480.0]}, "properties": {"d": -80.0, "s": 22, "base": 1, "post": -1, "recover": 1, "q1": 1}}, {"type": "Feature", "geometry": {"type": "Point", "coordinates": [358010.0, 1141490.0]}, "properties": {"d": -70.0, "s": 22, "base": 1, "post": -1, "recover": 1, "q1": 1}}, {"type": "Feature", "geometry": {"type": "Point", "coordinates": [358010.0, 1141500.0]}, "properties": {"d": -60.0, "s": 22, "base": 1, "post": -1, "recover": 1, "q1": 1}}, {"type": "Feature", "geometry": {"type": "Point", "coordinates": [358010.0, 1141510.0]}, "properties": {"d": -50.0, "s": 22, "base": 1, "post": -1, "recover": 1, "q1": 1}}, {"type": "Feature", "geometry": {"type": "Point", "coordinates": [358010.0, 1141520.0]}, "properties": {"d": -40.0, "s": 22, "base": 1, "post": -1, "recover": 1, "q1": 1}}, {"type": "Feature", "geometry": {"type": "Point", "coordinates": [358010.0, 1141530.0]}, "properties": {"d": -30.0, "s": 22, "base": 1, "post": -1, "recover": 1, "q1": 1}}, {"type": "Feature", "geometry": {"type": "Point", "coordinates": [358010.0, 1141540.0]}, "properties": {"d": -20.0, "s": 22, "base": 1, "post": -1, "recover": 1, "q1": 1}}, {"type": "Feature", "geometry": {"type": "Point", "coordinates": [358010.0, 1141550.0]}, "properties": {"d": -10.0, "s": 22, "base": 1, "post": -1, "recover": 1, "q1": 1}}, {"type": "Feature", "geometry": {"type": "Point", "coordinates": [358010.0, 1141560.0]}, "properties": {"d": 0.0, "s": 22, "base": 1, "post": -1, "recover": 1, "q1": 1}}, {"type": "Feature", "geometry": {"type": "Point", "coordinates": [358010.0, 1141570.0]}, "properties": {"d": 10.0, "s": 22, "base": 0, "post": -1, "recover": 1, "q1": 1}}, {"type": "Feature", "geometry": {"type": "Point", "coordinates": [358010.0, 1141580.0]}, "properties": {"d": 20.0, "s": 22, "base": 0, "post": -1, "recover": 1, "q1": 0}}, {"type": "Feature", "geometry": {"type": "Point", "coordinates": [358010.0, 1141590.0]}, "properties": {"d": 30.0, "s": 22, "base": 0, "post": 1, "recover": 0, "q1": 0}}, {"type": "Feature", "geometry": {"type": "Point", "coordinates": [358010.0, 1141600.0]}, "properties": {"d": 40.0, "s": 22, "base": 0, "post": 0, "recover": 0, "q1": 0}}, {"type": "Feature", "geometry": {"type": "Point", "coordinates": [358010.0, 1141610.0]}, "properties": {"d": 50.0, "s": 22, "base": 0, "post": 0, "recover": 0, "q1": 0}}, {"type": "Feature", "geometry": {"type": "Point", "coordinates": [358010.0, 1141620.0]}, "properties": {"d": 60.0, "s": 22, "base": 0, "post": 0, "recover": 0, "q1": 0}}, {"type": "Feature", "geometry": {"type": "Point", "coordinates": [358010.0, 1141630.0]}, "properties": {"d": 70.0, "s": 22, "base": 0, "post": 0, "recover": 0, "q1": 0}}, {"type": "Feature", "geometry": {"type": "Point", "coordinates": [358010.0, 1141640.0]}, "properties": {"d": 80.0, "s": 22, "base": 0, "post": 0, "recover": 0, "q1": 0}}, {"type": "Feature", "geometry": {"type": "Point", "coordinates": [358010.0, 1141650.0]}, "properties": {"d": 90.0, "s": 22, "base": 0, "post": 0, "recover": 0, "q1": 0}}, {"type": "Feature", "geometry": {"type": "Point", "coordinates": [358010.0, 1141660.0]}, "properties": {"d": 100.0, "s": 22, "base": 0, "post": 0, "recover": 0, "q1": 0}}, {"type": "Feature", "geometry": {"type": "Point", "coordinates": [358010.0, 1141670.0]}, "properties": {"d": 110.0, "s": 22, "base": 0, "post": 0, "recover": 0, "q1": 0}}, {"type": "Feature", "geometry": {"type": "Point", "coordinates": [358010.0, 1141680.0]}, "properties": {"d": 120.0, "s": 22, "base": 0, "post": 0, "recover": 0, "q1": 0}}, {"type": "Feature", "geometry": {"type": "Point", "coordinates": [358010.0, 1141690.0]}, "properties": {"d": 130.0, "s": 22, "base": 0, "post": 0, "recover": 0, "q1": 0}}, {"type": "Feature", "geometry": {"type": "Point", "coordinates": [358010.0, 1141700.0]}, "properties": {"d": 140.0, "s": 22, "base": 0, "post": 0, "recover": 0, "q1": 0}}, {"type": "Feature", "geometry": {"type": "Point", "coordinates": [358010.0, 1141710.0]}, "properties": {"d": 150.0, "s": 22, "base": 0, "post": 0, "recover": 0, "q1": 0}}, {"type": "Feature", "geometry": {"type": "Point", "coordinates": [356820.0, 1140350.0]}, "properties": {"d": -100.0, "s": 23, "base": 1, "post": -1, "recover": 1, "q1": 1}}, {"type": "Feature", "geometry": {"type": "Point", "coordinates": [356820.0, 1140360.0]}, "properties": {"d": -90.0, "s": 23, "base": 1, "post": -1, "recover": 1, "q1": 1}}, {"type": "Feature", "geometry": {"type": "Point", "coordinates": [356820.0, 1140370.0]}, "properties": {"d": -80.0, "s": 23, "base": 1, "post": -1, "recover": 1, "q1": -1}}, {"type": "Feature", "geometry": {"type": "Point", "coordinates": [356820.0, 1140380.0]}, "properties": {"d": -70.0, "s": 23, "base": 1, "post": -1, "recover": 1, "q1": -1}}, {"type": "Feature", "geometry": {"type": "Point", "coordinates": [356820.0, 1140390.0]}, "properties": {"d": -60.0, "s": 23, "base": 1, "post": -1, "recover": 1, "q1": -1}}, {"type": "Feature", "geometry": {"type": "Point", "coordinates": [356820.0, 1140400.0]}, "properties": {"d": -50.0, "s": 23, "base": 1, "post": -1, "recover": 1, "q1": -1}}, {"type": "Feature", "geometry": {"type": "Point", "coordinates": [356820.0, 1140410.0]}, "properties": {"d": -40.0, "s": 23, "base": 1, "post": -1, "recover": 1, "q1": -1}}, {"type": "Feature", "geometry": {"type": "Point", "coordinates": [356820.0, 1140420.0]}, "properties": {"d": -30.0, "s": 23, "base": 1, "post": -1, "recover": 1, "q1": -1}}, {"type": "Feature", "geometry": {"type": "Point", "coordinates": [356820.0, 1140430.0]}, "properties": {"d": -20.0, "s": 23, "base": 1, "post": -1, "recover": 1, "q1": -1}}, {"type": "Feature", "geometry": {"type": "Point", "coordinates": [356820.0, 1140440.0]}, "properties": {"d": -10.0, "s": 23, "base": 1, "post": -1, "recover": 1, "q1": -1}}, {"type": "Feature", "geometry": {"type": "Point", "coordinates": [356820.0, 1140450.0]}, "properties": {"d": 0.0, "s": 23, "base": 1, "post": -1, "recover": 1, "q1": -1}}, {"type": "Feature", "geometry": {"type": "Point", "coordinates": [356820.0, 1140460.0]}, "properties": {"d": 10.0, "s": 23, "base": 0, "post": -1, "recover": 1, "q1": -1}}, {"type": "Feature", "geometry": {"type": "Point", "coordinates": [356820.0, 1140470.0]}, "properties": {"d": 20.0, "s": 23, "base": 0, "post": -1, "recover": 0, "q1": -1}}, {"type": "Feature", "geometry": {"type": "Point", "coordinates": [356820.0, 1140480.0]}, "properties": {"d": 30.0, "s": 23, "base": 0, "post": -1, "recover": 0, "q1": -1}}, {"type": "Feature", "geometry": {"type": "Point", "coordinates": [356820.0, 1140490.0]}, "properties": {"d": 40.0, "s": 23, "base": 0, "post": -1, "recover": 0, "q1": -1}}, {"type": "Feature", "geometry": {"type": "Point", "coordinates": [356820.0, 1140500.0]}, "properties": {"d": 50.0, "s": 23, "base": 0, "post": -1, "recover": 0, "q1": -1}}, {"type": "Feature", "geometry": {"type": "Point", "coordinates": [356820.0, 1140510.0]}, "properties": {"d": 60.0, "s": 23, "base": 0, "post": -1, "recover": 0, "q1": -1}}, {"type": "Feature", "geometry": {"type": "Point", "coordinates": [356820.0, 1140520.0]}, "properties": {"d": 70.0, "s": 23, "base": 0, "post": -1, "recover": 1, "q1": -1}}, {"type": "Feature", "geometry": {"type": "Point", "coordinates": [356820.0, 1140530.0]}, "properties": {"d": 80.0, "s": 23, "base": 0, "post": -1, "recover": 1, "q1": -1}}, {"type": "Feature", "geometry": {"type": "Point", "coordinates": [356820.0, 1140540.0]}, "properties": {"d": 90.0, "s": 23, "base": 0, "post": -1, "recover": 1, "q1": -1}}, {"type": "Feature", "geometry": {"type": "Point", "coordinates": [356820.0, 1140550.0]}, "properties": {"d": 100.0, "s": 23, "base": 0, "post": -1, "recover": 1, "q1": -1}}, {"type": "Feature", "geometry": {"type": "Point", "coordinates": [356820.0, 1140560.0]}, "properties": {"d": 110.0, "s": 23, "base": 0, "post": -1, "recover": 1, "q1": -1}}, {"type": "Feature", "geometry": {"type": "Point", "coordinates": [356820.0, 1140570.0]}, "properties": {"d": 120.0, "s": 23, "base": 0, "post": -1, "recover": 1, "q1": -1}}, {"type": "Feature", "geometry": {"type": "Point", "coordinates": [356820.0, 1140580.0]}, "properties": {"d": 130.0, "s": 23, "base": 0, "post": -1, "recover": 1, "q1": -1}}, {"type": "Feature", "geometry": {"type": "Point", "coordinates": [356820.0, 1140590.0]}, "properties": {"d": 140.0, "s": 23, "base": 0, "post": -1, "recover": 1, "q1": -1}}, {"type": "Feature", "geometry": {"type": "Point", "coordinates": [356820.0, 1140600.0]}, "properties": {"d": 150.0, "s": 23, "base": 0, "post": -1, "recover": 1, "q1": -1}}, {"type": "Feature", "geometry": {"type": "Point", "coordinates": [355669.29, 1139080.71]}, "properties": {"d": -100.0, "s": 24, "base": 1, "post": 1, "recover": 1, "q1": 1}}, {"type": "Feature", "geometry": {"type": "Point", "coordinates": [355676.36, 1139073.64]}, "properties": {"d": -90.0, "s": 24, "base": 1, "post": 1, "recover": 1, "q1": 1}}, {"type": "Feature", "geometry": {"type": "Point", "coordinates": [355683.43, 1139066.57]}, "properties": {"d": -80.0, "s": 24, "base": 1, "post": 1, "recover": 1, "q1": 1}}, {"type": "Feature", "geometry": {"type": "Point", "coordinates": [355690.5, 1139059.5]}, "properties": {"d": -70.0, "s": 24, "base": 1, "post": 1, "recover": 1, "q1": 1}}, {"type": "Feature", "geometry": {"type": "Point", "coordinates": [355697.57, 1139052.43]}, "properties": {"d": -60.0, "s": 24, "base": 1, "post": 1, "recover": 1, "q1": 1}}, {"type": "Feature", "geometry": {"type": "Point", "coordinates": [355704.64, 1139045.36]}, "properties": {"d": -50.0, "s": 24, "base": 1, "post": 1, "recover": -1, "q1": 1}}, {"type": "Feature", "geometry": {"type": "Point", "coordinates": [355711.72, 1139038.28]}, "properties": {"d": -40.0, "s": 24, "base": 1, "post": 1, "recover": -1, "q1": 1}}, {"type": "Feature", "geometry": {"type": "Point", "coordinates": [355718.79, 1139031.21]}, "properties": {"d": -30.0, "s": 24, "base": 1, "post": 1, "recover": -1, "q1": 1}}, {"type": "Feature", "geometry": {"type": "Point", "coordinates": [355725.86, 1139024.14]}, "properties": {"d": -20.0, "s": 24, "base": 1, "post": 1, "recover": -1, "q1": 1}}, {"type": "Feature", "geometry": {"type": "Point", "coordinates": [355732.93, 1139017.07]}, "properties": {"d": -10.0, "s": 24, "base": 1, "post": 1, "recover": -1, "q1": 1}}, {"type": "Feature", "geometry": {"type": "Point", "coordinates": [355740.0, 1139010.0]}, "properties": {"d": 0.0, "s": 24, "base": 0, "post": 1, "recover": -1, "q1": 1}}, {"type": "Feature", "geometry": {"type": "Point", "coordinates": [355747.07, 1139002.93]}, "properties": {"d": 10.0, "s": 24, "base": 0, "post": 1, "recover": -1, "q1": 1}}, {"type": "Feature", "geometry": {"type": "Point", "coordinates": [355754.14, 1138995.86]}, "properties": {"d": 20.0, "s": 24, "base": 0, "post": 1, "recover": -1, "q1": 1}}, {"type": "Feature", "geometry": {"type": "Point", "coordinates": [355761.21, 1138988.79]}, "properties": {"d": 30.0, "s": 24, "base": 0, "post": 1, "recover": -1, "q1": 1}}, {"type": "Feature", "geometry": {"type": "Point", "coordinates": [355768.28, 1138981.72]}, "properties": {"d": 40.0, "s": 24, "base": 0, "post": 1, "recover": -1, "q1": 1}}, {"type": "Feature", "geometry": {"type": "Point", "coordinates": [355775.36, 1138974.64]}, "properties": {"d": 50.0, "s": 24, "base": 0, "post": 1, "recover": -1, "q1": 1}}, {"type": "Feature", "geometry": {"type": "Point", "coordinates": [355782.43, 1138967.57]}, "properties": {"d": 60.0, "s": 24, "base": 0, "post": 1, "recover": -1, "q1": 1}}, {"type": "Feature", "geometry": {"type": "Point", "coordinates": [355789.5, 1138960.5]}, "properties": {"d": 70.0, "s": 24, "base": 0, "post": 1, "recover": -1, "q1": 1}}, {"type": "Feature", "geometry": {"type": "Point", "coordinates": [355796.57, 1138953.43]}, "properties": {"d": 80.0, "s": 24, "base": 0, "post": 1, "recover": -1, "q1": 1}}, {"type": "Feature", "geometry": {"type": "Point", "coordinates": [355803.64, 1138946.36]}, "properties": {"d": 90.0, "s": 24, "base": 0, "post": 1, "recover": -1, "q1": 1}}, {"type": "Feature", "geometry": {"type": "Point", "coordinates": [355810.71, 1138939.29]}, "properties": {"d": 100.0, "s": 24, "base": 0, "post": 1, "recover": -1, "q1": 1}}, {"type": "Feature", "geometry": {"type": "Point", "coordinates": [355817.78, 1138932.22]}, "properties": {"d": 110.0, "s": 24, "base": 0, "post": 1, "recover": -1, "q1": 1}}, {"type": "Feature", "geometry": {"type": "Point", "coordinates": [355824.85, 1138925.15]}, "properties": {"d": 120.0, "s": 24, "base": 0, "post": 1, "recover": -1, "q1": 1}}, {"type": "Feature", "geometry": {"type": "Point", "coordinates": [355831.92, 1138918.08]}, "properties": {"d": 130.0, "s": 24, "base": 0, "post": 1, "recover": -1, "q1": 1}}, {"type": "Feature", "geometry": {"type": "Point", "coordinates": [355838.99, 1138911.01]}, "properties": {"d": 140.0, "s": 24, "base": 0, "post": 1, "recover": -1, "q1": 1}}, {"type": "Feature", "geometry": {"type": "Point", "coordinates": [355846.07, 1138903.93]}, "properties": {"d": 150.0, "s": 24, "base": 0, "post": 1, "recover": -1, "q1": 1}}, {"type": "Feature", "geometry": {"type": "Point", "coordinates": [360560.0, 1136890.0]}, "properties": {"d": -100.0, "s": 25, "base": 1, "post": 1, "recover": 1, "q1": 1}}, {"type": "Feature", "geometry": {"type": "Point", "coordinates": [360560.0, 1136880.0]}, "properties": {"d": -90.0, "s": 25, "base": 1, "post": 1, "recover": 1, "q1": 1}}, {"type": "Feature", "geometry": {"type": "Point", "coordinates": [360560.0, 1136870.0]}, "properties": {"d": -80.0, "s": 25, "base": 1, "post": 1, "recover": 1, "q1": 1}}, {"type": "Feature", "geometry": {"type": "Point", "coordinates": [360560.0, 1136860.0]}, "properties": {"d": -70.0, "s": 25, "base": 1, "post": 1, "recover": 1, "q1": 1}}, {"type": "Feature", "geometry": {"type": "Point", "coordinates": [360560.0, 1136850.0]}, "properties": {"d": -60.0, "s": 25, "base": 1, "post": 1, "recover": 1, "q1": 1}}, {"type": "Feature", "geometry": {"type": "Point", "coordinates": [360560.0, 1136840.0]}, "properties": {"d": -50.0, "s": 25, "base": 1, "post": 1, "recover": 1, "q1": 1}}, {"type": "Feature", "geometry": {"type": "Point", "coordinates": [360560.0, 1136830.0]}, "properties": {"d": -40.0, "s": 25, "base": 1, "post": 1, "recover": 1, "q1": 1}}, {"type": "Feature", "geometry": {"type": "Point", "coordinates": [360560.0, 1136820.0]}, "properties": {"d": -30.0, "s": 25, "base": 1, "post": 1, "recover": 1, "q1": 1}}, {"type": "Feature", "geometry": {"type": "Point", "coordinates": [360560.0, 1136810.0]}, "properties": {"d": -20.0, "s": 25, "base": 1, "post": 1, "recover": 1, "q1": 1}}, {"type": "Feature", "geometry": {"type": "Point", "coordinates": [360560.0, 1136800.0]}, "properties": {"d": -10.0, "s": 25, "base": 1, "post": 1, "recover": -1, "q1": 1}}, {"type": "Feature", "geometry": {"type": "Point", "coordinates": [360560.0, 1136790.0]}, "properties": {"d": 0.0, "s": 25, "base": 1, "post": 1, "recover": -1, "q1": 1}}, {"type": "Feature", "geometry": {"type": "Point", "coordinates": [360560.0, 1136780.0]}, "properties": {"d": 10.0, "s": 25, "base": 0, "post": 1, "recover": -1, "q1": 1}}, {"type": "Feature", "geometry": {"type": "Point", "coordinates": [360560.0, 1136770.0]}, "properties": {"d": 20.0, "s": 25, "base": 0, "post": 1, "recover": -1, "q1": 1}}, {"type": "Feature", "geometry": {"type": "Point", "coordinates": [360560.0, 1136760.0]}, "properties": {"d": 30.0, "s": 25, "base": 0, "post": 1, "recover": -1, "q1": 1}}, {"type": "Feature", "geometry": {"type": "Point", "coordinates": [360560.0, 1136750.0]}, "properties": {"d": 40.0, "s": 25, "base": 0, "post": 1, "recover": -1, "q1": 1}}, {"type": "Feature", "geometry": {"type": "Point", "coordinates": [360560.0, 1136740.0]}, "properties": {"d": 50.0, "s": 25, "base": 0, "post": 1, "recover": -1, "q1": 1}}, {"type": "Feature", "geometry": {"type": "Point", "coordinates": [360560.0, 1136730.0]}, "properties": {"d": 60.0, "s": 25, "base": 0, "post": 1, "recover": -1, "q1": 1}}, {"type": "Feature", "geometry": {"type": "Point", "coordinates": [360560.0, 1136720.0]}, "properties": {"d": 70.0, "s": 25, "base": 0, "post": 1, "recover": -1, "q1": 1}}, {"type": "Feature", "geometry": {"type": "Point", "coordinates": [360560.0, 1136710.0]}, "properties": {"d": 80.0, "s": 25, "base": 0, "post": 1, "recover": -1, "q1": 1}}, {"type": "Feature", "geometry": {"type": "Point", "coordinates": [360560.0, 1136700.0]}, "properties": {"d": 90.0, "s": 25, "base": 0, "post": 1, "recover": -1, "q1": 1}}, {"type": "Feature", "geometry": {"type": "Point", "coordinates": [360560.0, 1136690.0]}, "properties": {"d": 100.0, "s": 25, "base": 0, "post": 1, "recover": -1, "q1": 1}}, {"type": "Feature", "geometry": {"type": "Point", "coordinates": [360560.0, 1136680.0]}, "properties": {"d": 110.0, "s": 25, "base": 0, "post": 1, "recover": -1, "q1": 1}}, {"type": "Feature", "geometry": {"type": "Point", "coordinates": [360560.0, 1136670.0]}, "properties": {"d": 120.0, "s": 25, "base": 0, "post": 1, "recover": -1, "q1": 1}}, {"type": "Feature", "geometry": {"type": "Point", "coordinates": [360560.0, 1136660.0]}, "properties": {"d": 130.0, "s": 25, "base": 0, "post": 1, "recover": 1, "q1": 1}}, {"type": "Feature", "geometry": {"type": "Point", "coordinates": [360560.0, 1136650.0]}, "properties": {"d": 140.0, "s": 25, "base": 0, "post": 1, "recover": 0, "q1": 0}}, {"type": "Feature", "geometry": {"type": "Point", "coordinates": [360560.0, 1136640.0]}, "properties": {"d": 150.0, "s": 25, "base": 0, "post": 0, "recover": 0, "q1": 0}}, {"type": "Feature", "geometry": {"type": "Point", "coordinates": [357485.28, 1136370.56]}, "properties": {"d": -100.0, "s": 26, "base": 1, "post": 1, "recover": 1, "q1": -1}}, {"type": "Feature", "geometry": {"type": "Point", "coordinates": [357489.75, 1136379.5]}, "properties": {"d": -90.0, "s": 26, "base": 1, "post": 1, "recover": 1, "q1": -1}}, {"type": "Feature", "geometry": {"type": "Point", "coordinates": [357494.22, 1136388.45]}, "properties": {"d": -80.0, "s": 26, "base": 1, "post": 1, "recover": 1, "q1": -1}}, {"type": "Feature", "geometry": {"type": "Point", "coordinates": [357498.7, 1136397.39]}, "properties": {"d": -70.0, "s": 26, "base": 1, "post": 1, "recover": 1, "q1": -1}}, {"type": "Feature", "geometry": {"type": "Point", "coordinates": [357503.17, 1136406.33]}, "properties": {"d": -60.0, "s": 26, "base": 1, "post": 1, "recover": 1, "q1": -1}}, {"type": "Feature", "geometry": {"type": "Point", "coordinates": [357507.64, 1136415.28]}, "properties": {"d": -50.0, "s": 26, "base": 1, "post": 1, "recover": 1, "q1": -1}}, {"type": "Feature", "geometry": {"type": "Point", "coordinates": [357512.11, 1136424.22]}, "properties": {"d": -40.0, "s": 26, "base": 1, "post": 1, "recover": 0, "q1": -1}}, {"type": "Feature", "geometry": {"type": "Point", "coordinates": [357516.58, 1136433.17]}, "properties": {"d": -30.0, "s": 26, "base": 1, "post": 1, "recover": 0, "q1": -1}}, {"type": "Feature", "geometry": {"type": "Point", "coordinates": [357521.06, 1136442.11]}, "properties": {"d": -20.0, "s": 26, "base": 1, "post": 1, "recover": 0, "q1": -1}}, {"type": "Feature", "geometry": {"type": "Point", "coordinates": [357525.53, 1136451.06]}, "properties": {"d": -10.0, "s": 26, "base": 0, "post": 1, "recover": 0, "q1": -1}}, {"type": "Feature", "geometry": {"type": "Point", "coordinates": [357530.0, 1136460.0]}, "properties": {"d": 0.0, "s": 26, "base": 0, "post": 1, "recover": 0, "q1": -1}}, {"type": "Feature", "geometry": {"type": "Point", "coordinates": [357534.47, 1136468.94]}, "properties": {"d": 10.0, "s": 26, "base": 0, "post": 0, "recover": 0, "q1": -1}}, {"type": "Feature", "geometry": {"type": "Point", "coordinates": [357538.94, 1136477.89]}, "properties": {"d": 20.0, "s": 26, "base": 0, "post": 0, "recover": 0, "q1": -1}}, {"type": "Feature", "geometry": {"type": "Point", "coordinates": [357543.42, 1136486.83]}, "properties": {"d": 30.0, "s": 26, "base": 0, "post": 0, "recover": 0, "q1": -1}}, {"type": "Feature", "geometry": {"type": "Point", "coordinates": [357547.89, 1136495.78]}, "properties": {"d": 40.0, "s": 26, "base": 0, "post": 0, "recover": 0, "q1": -1}}, {"type": "Feature", "geometry": {"type": "Point", "coordinates": [357552.36, 1136504.72]}, "properties": {"d": 50.0, "s": 26, "base": 0, "post": 0, "recover": 0, "q1": -1}}, {"type": "Feature", "geometry": {"type": "Point", "coordinates": [357556.83, 1136513.67]}, "properties": {"d": 60.0, "s": 26, "base": 0, "post": 0, "recover": 0, "q1": -1}}, {"type": "Feature", "geometry": {"type": "Point", "coordinates": [357561.3, 1136522.61]}, "properties": {"d": 70.0, "s": 26, "base": 0, "post": 0, "recover": 0, "q1": -1}}, {"type": "Feature", "geometry": {"type": "Point", "coordinates": [357565.78, 1136531.55]}, "properties": {"d": 80.0, "s": 26, "base": 0, "post": 0, "recover": 0, "q1": -1}}, {"type": "Feature", "geometry": {"type": "Point", "coordinates": [357570.25, 1136540.5]}, "properties": {"d": 90.0, "s": 26, "base": 0, "post": 0, "recover": 0, "q1": -1}}, {"type": "Feature", "geometry": {"type": "Point", "coordinates": [357574.72, 1136549.44]}, "properties": {"d": 100.0, "s": 26, "base": 0, "post": 0, "recover": 0, "q1": -1}}, {"type": "Feature", "geometry": {"type": "Point", "coordinates": [357579.19, 1136558.39]}, "properties": {"d": 110.0, "s": 26, "base": 0, "post": 0, "recover": 0, "q1": -1}}, {"type": "Feature", "geometry": {"type": "Point", "coordinates": [357583.67, 1136567.33]}, "properties": {"d": 120.0, "s": 26, "base": 0, "post": 0, "recover": 0, "q1": -1}}, {"type": "Feature", "geometry": {"type": "Point", "coordinates": [357588.14, 1136576.28]}, "properties": {"d": 130.0, "s": 26, "base": 0, "post": 0, "recover": 0, "q1": -1}}, {"type": "Feature", "geometry": {"type": "Point", "coordinates": [357592.61, 1136585.22]}, "properties": {"d": 140.0, "s": 26, "base": 0, "post": 0, "recover": 0, "q1": -1}}, {"type": "Feature", "geometry": {"type": "Point", "coordinates": [357597.08, 1136594.16]}, "properties": {"d": 150.0, "s": 26, "base": 0, "post": 0, "recover": 0, "q1": -1}}, {"type": "Feature", "geometry": {"type": "Point", "coordinates": [351890.0, 1137320.0]}, "properties": {"d": -100.0, "s": 27, "base": 1, "post": 1, "recover": 1, "q1": 1}}, {"type": "Feature", "geometry": {"type": "Point", "coordinates": [351890.0, 1137330.0]}, "properties": {"d": -90.0, "s": 27, "base": 1, "post": 1, "recover": 1, "q1": 1}}, {"type": "Feature", "geometry": {"type": "Point", "coordinates": [351890.0, 1137340.0]}, "properties": {"d": -80.0, "s": 27, "base": 1, "post": 1, "recover": 1, "q1": 1}}, {"type": "Feature", "geometry": {"type": "Point", "coordinates": [351890.0, 1137350.0]}, "properties": {"d": -70.0, "s": 27, "base": 1, "post": 1, "recover": 1, "q1": 1}}, {"type": "Feature", "geometry": {"type": "Point", "coordinates": [351890.0, 1137360.0]}, "properties": {"d": -60.0, "s": 27, "base": 1, "post": 1, "recover": 1, "q1": 1}}, {"type": "Feature", "geometry": {"type": "Point", "coordinates": [351890.0, 1137370.0]}, "properties": {"d": -50.0, "s": 27, "base": 1, "post": 1, "recover": 1, "q1": 1}}, {"type": "Feature", "geometry": {"type": "Point", "coordinates": [351890.0, 1137380.0]}, "properties": {"d": -40.0, "s": 27, "base": 0, "post": 1, "recover": 1, "q1": 1}}, {"type": "Feature", "geometry": {"type": "Point", "coordinates": [351890.0, 1137390.0]}, "properties": {"d": -30.0, "s": 27, "base": 0, "post": 1, "recover": 1, "q1": 1}}, {"type": "Feature", "geometry": {"type": "Point", "coordinates": [351890.0, 1137400.0]}, "properties": {"d": -20.0, "s": 27, "base": 1, "post": 1, "recover": 1, "q1": 1}}, {"type": "Feature", "geometry": {"type": "Point", "coordinates": [351890.0, 1137410.0]}, "properties": {"d": -10.0, "s": 27, "base": 1, "post": 1, "recover": 1, "q1": 1}}, {"type": "Feature", "geometry": {"type": "Point", "coordinates": [351890.0, 1137420.0]}, "properties": {"d": 0.0, "s": 27, "base": 1, "post": 1, "recover": 1, "q1": 1}}, {"type": "Feature", "geometry": {"type": "Point", "coordinates": [351890.0, 1137430.0]}, "properties": {"d": 10.0, "s": 27, "base": 0, "post": 1, "recover": -1, "q1": 0}}, {"type": "Feature", "geometry": {"type": "Point", "coordinates": [351890.0, 1137440.0]}, "properties": {"d": 20.0, "s": 27, "base": 0, "post": 0, "recover": -1, "q1": 0}}, {"type": "Feature", "geometry": {"type": "Point", "coordinates": [351890.0, 1137450.0]}, "properties": {"d": 30.0, "s": 27, "base": 0, "post": 0, "recover": -1, "q1": 0}}, {"type": "Feature", "geometry": {"type": "Point", "coordinates": [351890.0, 1137460.0]}, "properties": {"d": 40.0, "s": 27, "base": 0, "post": 0, "recover": -1, "q1": 0}}, {"type": "Feature", "geometry": {"type": "Point", "coordinates": [351890.0, 1137470.0]}, "properties": {"d": 50.0, "s": 27, "base": 0, "post": 0, "recover": -1, "q1": 0}}, {"type": "Feature", "geometry": {"type": "Point", "coordinates": [351890.0, 1137480.0]}, "properties": {"d": 60.0, "s": 27, "base": 0, "post": 0, "recover": -1, "q1": 0}}, {"type": "Feature", "geometry": {"type": "Point", "coordinates": [351890.0, 1137490.0]}, "properties": {"d": 70.0, "s": 27, "base": 0, "post": 0, "recover": -1, "q1": 0}}, {"type": "Feature", "geometry": {"type": "Point", "coordinates": [351890.0, 1137500.0]}, "properties": {"d": 80.0, "s": 27, "base": 0, "post": 0, "recover": -1, "q1": 0}}, {"type": "Feature", "geometry": {"type": "Point", "coordinates": [351890.0, 1137510.0]}, "properties": {"d": 90.0, "s": 27, "base": 0, "post": 0, "recover": -1, "q1": 0}}, {"type": "Feature", "geometry": {"type": "Point", "coordinates": [351890.0, 1137520.0]}, "properties": {"d": 100.0, "s": 27, "base": 0, "post": 0, "recover": -1, "q1": 0}}, {"type": "Feature", "geometry": {"type": "Point", "coordinates": [351890.0, 1137530.0]}, "properties": {"d": 110.0, "s": 27, "base": 0, "post": 0, "recover": -1, "q1": 0}}, {"type": "Feature", "geometry": {"type": "Point", "coordinates": [351890.0, 1137540.0]}, "properties": {"d": 120.0, "s": 27, "base": 0, "post": 0, "recover": -1, "q1": 0}}, {"type": "Feature", "geometry": {"type": "Point", "coordinates": [351890.0, 1137550.0]}, "properties": {"d": 130.0, "s": 27, "base": 0, "post": 0, "recover": -1, "q1": 0}}, {"type": "Feature", "geometry": {"type": "Point", "coordinates": [351890.0, 1137560.0]}, "properties": {"d": 140.0, "s": 27, "base": 0, "post": 0, "recover": -1, "q1": 0}}, {"type": "Feature", "geometry": {"type": "Point", "coordinates": [351890.0, 1137570.0]}, "properties": {"d": 150.0, "s": 27, "base": 0, "post": 0, "recover": -1, "q1": 0}}, {"type": "Feature", "geometry": {"type": "Point", "coordinates": [345780.0, 1138310.0]}, "properties": {"d": -100.0, "s": 28, "base": 1, "post": 1, "recover": 1, "q1": 1}}, {"type": "Feature", "geometry": {"type": "Point", "coordinates": [345780.0, 1138320.0]}, "properties": {"d": -90.0, "s": 28, "base": 1, "post": 1, "recover": 1, "q1": 1}}, {"type": "Feature", "geometry": {"type": "Point", "coordinates": [345780.0, 1138330.0]}, "properties": {"d": -80.0, "s": 28, "base": 1, "post": 1, "recover": 1, "q1": 1}}, {"type": "Feature", "geometry": {"type": "Point", "coordinates": [345780.0, 1138340.0]}, "properties": {"d": -70.0, "s": 28, "base": 1, "post": 1, "recover": 1, "q1": 1}}, {"type": "Feature", "geometry": {"type": "Point", "coordinates": [345780.0, 1138350.0]}, "properties": {"d": -60.0, "s": 28, "base": 1, "post": 1, "recover": 1, "q1": 1}}, {"type": "Feature", "geometry": {"type": "Point", "coordinates": [345780.0, 1138360.0]}, "properties": {"d": -50.0, "s": 28, "base": 1, "post": 1, "recover": 1, "q1": 1}}, {"type": "Feature", "geometry": {"type": "Point", "coordinates": [345780.0, 1138370.0]}, "properties": {"d": -40.0, "s": 28, "base": 1, "post": 1, "recover": 1, "q1": 1}}, {"type": "Feature", "geometry": {"type": "Point", "coordinates": [345780.0, 1138380.0]}, "properties": {"d": -30.0, "s": 28, "base": 1, "post": 1, "recover": 1, "q1": 1}}, {"type": "Feature", "geometry": {"type": "Point", "coordinates": [345780.0, 1138390.0]}, "properties": {"d": -20.0, "s": 28, "base": 1, "post": 1, "recover": 1, "q1": 1}}, {"type": "Feature", "geometry": {"type": "Point", "coordinates": [345780.0, 1138400.0]}, "properties": {"d": -10.0, "s": 28, "base": 1, "post": 1, "recover": 1, "q1": 1}}, {"type": "Feature", "geometry": {"type": "Point", "coordinates": [345780.0, 1138410.0]}, "properties": {"d": 0.0, "s": 28, "base": 0, "post": 1, "recover": 1, "q1": 1}}, {"type": "Feature", "geometry": {"type": "Point", "coordinates": [345780.0, 1138420.0]}, "properties": {"d": 10.0, "s": 28, "base": 0, "post": 1, "recover": 1, "q1": 1}}, {"type": "Feature", "geometry": {"type": "Point", "coordinates": [345780.0, 1138430.0]}, "properties": {"d": 20.0, "s": 28, "base": 0, "post": 1, "recover": 1, "q1": 1}}, {"type": "Feature", "geometry": {"type": "Point", "coordinates": [345780.0, 1138440.0]}, "properties": {"d": 30.0, "s": 28, "base": 0, "post": 1, "recover": 1, "q1": 1}}, {"type": "Feature", "geometry": {"type": "Point", "coordinates": [345780.0, 1138450.0]}, "properties": {"d": 40.0, "s": 28, "base": 0, "post": 1, "recover": 1, "q1": 1}}, {"type": "Feature", "geometry": {"type": "Point", "coordinates": [345780.0, 1138460.0]}, "properties": {"d": 50.0, "s": 28, "base": 0, "post": 1, "recover": 0, "q1": 0}}, {"type": "Feature", "geometry": {"type": "Point", "coordinates": [345780.0, 1138470.0]}, "properties": {"d": 60.0, "s": 28, "base": 0, "post": 0, "recover": 0, "q1": 0}}, {"type": "Feature", "geometry": {"type": "Point", "coordinates": [345780.0, 1138480.0]}, "properties": {"d": 70.0, "s": 28, "base": 0, "post": 0, "recover": 0, "q1": 0}}, {"type": "Feature", "geometry": {"type": "Point", "coordinates": [345780.0, 1138490.0]}, "properties": {"d": 80.0, "s": 28, "base": 0, "post": 0, "recover": 0, "q1": 0}}, {"type": "Feature", "geometry": {"type": "Point", "coordinates": [345780.0, 1138500.0]}, "properties": {"d": 90.0, "s": 28, "base": 0, "post": 0, "recover": 0, "q1": 0}}, {"type": "Feature", "geometry": {"type": "Point", "coordinates": [345780.0, 1138510.0]}, "properties": {"d": 100.0, "s": 28, "base": 0, "post": 0, "recover": 0, "q1": 0}}, {"type": "Feature", "geometry": {"type": "Point", "coordinates": [345780.0, 1138520.0]}, "properties": {"d": 110.0, "s": 28, "base": 0, "post": 0, "recover": 0, "q1": 0}}, {"type": "Feature", "geometry": {"type": "Point", "coordinates": [345780.0, 1138530.0]}, "properties": {"d": 120.0, "s": 28, "base": 0, "post": 0, "recover": 0, "q1": 0}}, {"type": "Feature", "geometry": {"type": "Point", "coordinates": [345780.0, 1138540.0]}, "properties": {"d": 130.0, "s": 28, "base": 0, "post": 0, "recover": 0, "q1": 0}}, {"type": "Feature", "geometry": {"type": "Point", "coordinates": [345780.0, 1138550.0]}, "properties": {"d": 140.0, "s": 28, "base": 0, "post": 0, "recover": 0, "q1": 0}}, {"type": "Feature", "geometry": {"type": "Point", "coordinates": [345780.0, 1138560.0]}, "properties": {"d": 150.0, "s": 28, "base": 0, "post": 0, "recover": 0, "q1": 0}}, {"type": "Feature", "geometry": {"type": "Point", "coordinates": [339570.0, 1139360.0]}, "properties": {"d": -100.0, "s": 29, "base": 1, "post": 1, "recover": 1, "q1": -1}}, {"type": "Feature", "geometry": {"type": "Point", "coordinates": [339570.0, 1139370.0]}, "properties": {"d": -90.0, "s": 29, "base": 1, "post": 1, "recover": 1, "q1": -1}}, {"type": "Feature", "geometry": {"type": "Point", "coordinates": [339570.0, 1139380.0]}, "properties": {"d": -80.0, "s": 29, "base": 1, "post": 1, "recover": 1, "q1": -1}}, {"type": "Feature", "geometry": {"type": "Point", "coordinates": [339570.0, 1139390.0]}, "properties": {"d": -70.0, "s": 29, "base": 1, "post": 1, "recover": 1, "q1": -1}}, {"type": "Feature", "geometry": {"type": "Point", "coordinates": [339570.0, 1139400.0]}, "properties": {"d": -60.0, "s": 29, "base": 1, "post": 1, "recover": 1, "q1": -1}}, {"type": "Feature", "geometry": {"type": "Point", "coordinates": [339570.0, 1139410.0]}, "properties": {"d": -50.0, "s": 29, "base": 1, "post": 1, "recover": 1, "q1": -1}}, {"type": "Feature", "geometry": {"type": "Point", "coordinates": [339570.0, 1139420.0]}, "properties": {"d": -40.0, "s": 29, "base": 1, "post": 1, "recover": 1, "q1": -1}}, {"type": "Feature", "geometry": {"type": "Point", "coordinates": [339570.0, 1139430.0]}, "properties": {"d": -30.0, "s": 29, "base": 1, "post": 1, "recover": 1, "q1": -1}}, {"type": "Feature", "geometry": {"type": "Point", "coordinates": [339570.0, 1139440.0]}, "properties": {"d": -20.0, "s": 29, "base": 1, "post": 1, "recover": 1, "q1": -1}}, {"type": "Feature", "geometry": {"type": "Point", "coordinates": [339570.0, 1139450.0]}, "properties": {"d": -10.0, "s": 29, "base": 1, "post": 1, "recover": 1, "q1": -1}}, {"type": "Feature", "geometry": {"type": "Point", "coordinates": [339570.0, 1139460.0]}, "properties": {"d": 0.0, "s": 29, "base": 1, "post": 1, "recover": 1, "q1": -1}}, {"type": "Feature", "geometry": {"type": "Point", "coordinates": [339570.0, 1139470.0]}, "properties": {"d": 10.0, "s": 29, "base": 1, "post": 1, "recover": -1, "q1": -1}}, {"type": "Feature", "geometry": {"type": "Point", "coordinates": [339570.0, 1139480.0]}, "properties": {"d": 20.0, "s": 29, "base": 0, "post": 1, "recover": -1, "q1": -1}}, {"type": "Feature", "geometry": {"type": "Point", "coordinates": [339570.0, 1139490.0]}, "properties": {"d": 30.0, "s": 29, "base": 0, "post": 0, "recover": -1, "q1": -1}}, {"type": "Feature", "geometry": {"type": "Point", "coordinates": [339570.0, 1139500.0]}, "properties": {"d": 40.0, "s": 29, "base": 0, "post": 0, "recover": -1, "q1": -1}}, {"type": "Feature", "geometry": {"type": "Point", "coordinates": [339570.0, 1139510.0]}, "properties": {"d": 50.0, "s": 29, "base": 0, "post": 0, "recover": -1, "q1": -1}}, {"type": "Feature", "geometry": {"type": "Point", "coordinates": [339570.0, 1139520.0]}, "properties": {"d": 60.0, "s": 29, "base": 0, "post": 0, "recover": -1, "q1": -1}}, {"type": "Feature", "geometry": {"type": "Point", "coordinates": [339570.0, 1139530.0]}, "properties": {"d": 70.0, "s": 29, "base": 0, "post": 0, "recover": -1, "q1": -1}}, {"type": "Feature", "geometry": {"type": "Point", "coordinates": [339570.0, 1139540.0]}, "properties": {"d": 80.0, "s": 29, "base": 0, "post": 0, "recover": -1, "q1": -1}}, {"type": "Feature", "geometry": {"type": "Point", "coordinates": [339570.0, 1139550.0]}, "properties": {"d": 90.0, "s": 29, "base": 0, "post": 0, "recover": -1, "q1": -1}}, {"type": "Feature", "geometry": {"type": "Point", "coordinates": [339570.0, 1139560.0]}, "properties": {"d": 100.0, "s": 29, "base": 0, "post": 0, "recover": -1, "q1": -1}}, {"type": "Feature", "geometry": {"type": "Point", "coordinates": [339570.0, 1139570.0]}, "properties": {"d": 110.0, "s": 29, "base": 0, "post": 0, "recover": 0, "q1": -1}}, {"type": "Feature", "geometry": {"type": "Point", "coordinates": [339570.0, 1139580.0]}, "properties": {"d": 120.0, "s": 29, "base": 0, "post": 0, "recover": 0, "q1": -1}}, {"type": "Feature", "geometry": {"type": "Point", "coordinates": [339570.0, 1139590.0]}, "properties": {"d": 130.0, "s": 29, "base": 0, "post": 0, "recover": 0, "q1": -1}}, {"type": "Feature", "geometry": {"type": "Point", "coordinates": [339570.0, 1139600.0]}, "properties": {"d": 140.0, "s": 29, "base": 0, "post": 0, "recover": 0, "q1": -1}}, {"type": "Feature", "geometry": {"type": "Point", "coordinates": [339570.0, 1139610.0]}, "properties": {"d": 150.0, "s": 29, "base": 0, "post": 0, "recover": 0, "q1": -1}}, {"type": "Feature", "geometry": {"type": "Point", "coordinates": [342220.71, 1140010.71]}, "properties": {"d": -100.0, "s": 30, "base": 1, "post": 1, "recover": 1, "q1": -1}}, {"type": "Feature", "geometry": {"type": "Point", "coordinates": [342213.64, 1140003.64]}, "properties": {"d": -90.0, "s": 30, "base": 1, "post": 1, "recover": 1, "q1": -1}}, {"type": "Feature", "geometry": {"type": "Point", "coordinates": [342206.57, 1139996.57]}, "properties": {"d": -80.0, "s": 30, "base": 1, "post": 1, "recover": 1, "q1": -1}}, {"type": "Feature", "geometry": {"type": "Point", "coordinates": [342199.5, 1139989.5]}, "properties": {"d": -70.0, "s": 30, "base": 1, "post": 1, "recover": 1, "q1": -1}}, {"type": "Feature", "geometry": {"type": "Point", "coordinates": [342192.43, 1139982.43]}, "properties": {"d": -60.0, "s": 30, "base": 0, "post": 1, "recover": 1, "q1": -1}}, {"type": "Feature", "geometry": {"type": "Point", "coordinates": [342185.36, 1139975.36]}, "properties": {"d": -50.0, "s": 30, "base": 0, "post": 1, "recover": 1, "q1": -1}}, {"type": "Feature", "geometry": {"type": "Point", "coordinates": [342178.28, 1139968.28]}, "properties": {"d": -40.0, "s": 30, "base": 1, "post": 1, "recover": 1, "q1": -1}}, {"type": "Feature", "geometry": {"type": "Point", "coordinates": [342171.21, 1139961.21]}, "properties": {"d": -30.0, "s": 30, "base": 1, "post": 1, "recover": 1, "q1": -1}}, {"type": "Feature", "geometry": {"type": "Point", "coordinates": [342164.14, 1139954.14]}, "properties": {"d": -20.0, "s": 30, "base": 1, "post": 1, "recover": 1, "q1": -1}}, {"type": "Feature", "geometry": {"type": "Point", "coordinates": [342157.07, 1139947.07]}, "properties": {"d": -10.0, "s": 30, "base": 1, "post": 1, "recover": 1, "q1": -1}}, {"type": "Feature", "geometry": {"type": "Point", "coordinates": [342150.0, 1139940.0]}, "properties": {"d": 0.0, "s": 30, "base": 1, "post": 1, "recover": 1, "q1": -1}}, {"type": "Feature", "geometry": {"type": "Point", "coordinates": [342142.93, 1139932.93]}, "properties": {"d": 10.0, "s": 30, "base": 0, "post": 1, "recover": 1, "q1": -1}}, {"type": "Feature", "geometry": {"type": "Point", "coordinates": [342135.86, 1139925.86]}, "properties": {"d": 20.0, "s": 30, "base": 0, "post": 1, "recover": 1, "q1": -1}}, {"type": "Feature", "geometry": {"type": "Point", "coordinates": [342128.79, 1139918.79]}, "properties": {"d": 30.0, "s": 30, "base": 0, "post": 1, "recover": 1, "q1": -1}}, {"type": "Feature", "geometry": {"type": "Point", "coordinates": [342121.72, 1139911.72]}, "properties": {"d": 40.0, "s": 30, "base": 0, "post": 1, "recover": 1, "q1": -1}}, {"type": "Feature", "geometry": {"type": "Point", "coordinates": [342114.64, 1139904.64]}, "properties": {"d": 50.0, "s": 30, "base": 0, "post": 1, "recover": 1, "q1": -1}}, {"type": "Feature", "geometry": {"type": "Point", "coordinates": [342107.57, 1139897.57]}, "properties": {"d": 60.0, "s": 30, "base": 0, "post": 1, "recover": 1, "q1": -1}}, {"type": "Feature", "geometry": {"type": "Point", "coordinates": [342100.5, 1139890.5]}, "properties": {"d": 70.0, "s": 30, "base": 0, "post": 1, "recover": 1, "q1": -1}}, {"type": "Feature", "geometry": {"type": "Point", "coordinates": [342093.43, 1139883.43]}, "properties": {"d": 80.0, "s": 30, "base": 0, "post": 1, "recover": 1, "q1": -1}}, {"type": "Feature", "geometry": {"type": "Point", "coordinates": [342086.36, 1139876.36]}, "properties": {"d": 90.0, "s": 30, "base": 0, "post": 1, "recover": 1, "q1": -1}}, {"type": "Feature", "geometry": {"type": "Point", "coordinates": [342079.29, 1139869.29]}, "properties": {"d": 100.0, "s": 30, "base": 0, "post": 1, "recover": 1, "q1": -1}}, {"type": "Feature", "geometry": {"type": "Point", "coordinates": [342072.22, 1139862.22]}, "properties": {"d": 110.0, "s": 30, "base": 0, "post": 1, "recover": 1, "q1": -1}}, {"type": "Feature", "geometry": {"type": "Point", "coordinates": [342065.15, 1139855.15]}, "properties": {"d": 120.0, "s": 30, "base": 0, "post": 1, "recover": 1, "q1": -1}}, {"type": "Feature", "geometry": {"type": "Point", "coordinates": [342058.08, 1139848.08]}, "properties": {"d": 130.0, "s": 30, "base": 0, "post": 1, "recover": 1, "q1": -1}}, {"type": "Feature", "geometry": {"type": "Point", "coordinates": [342051.01, 1139841.01]}, "properties": {"d": 140.0, "s": 30, "base": 0, "post": 1, "recover": 1, "q1": -1}}, {"type": "Feature", "geometry": {"type": "Point", "coordinates": [342043.93, 1139833.93]}, "properties": {"d": 150.0, "s": 30, "base": 0, "post": 0, "recover": 0, "q1": -1}}, {"type": "Feature", "geometry": {"type": "Point", "coordinates": [341419.29, 1141330.71]}, "properties": {"d": -100.0, "s": 31, "base": 1, "post": 1, "recover": 1, "q1": -1}}, {"type": "Feature", "geometry": {"type": "Point", "coordinates": [341426.36, 1141323.64]}, "properties": {"d": -90.0, "s": 31, "base": 1, "post": 1, "recover": 1, "q1": -1}}, {"type": "Feature", "geometry": {"type": "Point", "coordinates": [341433.43, 1141316.57]}, "properties": {"d": -80.0, "s": 31, "base": 1, "post": 1, "recover": 1, "q1": -1}}, {"type": "Feature", "geometry": {"type": "Point", "coordinates": [341440.5, 1141309.5]}, "properties": {"d": -70.0, "s": 31, "base": 1, "post": 1, "recover": 1, "q1": -1}}, {"type": "Feature", "geometry": {"type": "Point", "coordinates": [341447.57, 1141302.43]}, "properties": {"d": -60.0, "s": 31, "base": 1, "post": 1, "recover": 1, "q1": -1}}, {"type": "Feature", "geometry": {"type": "Point", "coordinates": [341454.64, 1141295.36]}, "properties": {"d": -50.0, "s": 31, "base": 1, "post": 1, "recover": 1, "q1": -1}}, {"type": "Feature", "geometry": {"type": "Point", "coordinates": [341461.72, 1141288.28]}, "properties": {"d": -40.0, "s": 31, "base": 1, "post": 1, "recover": 1, "q1": -1}}, {"type": "Feature", "geometry": {"type": "Point", "coordinates": [341468.79, 1141281.21]}, "properties": {"d": -30.0, "s": 31, "base": 1, "post": 1, "recover": 1, "q1": -1}}, {"type": "Feature", "geometry": {"type": "Point", "coordinates": [341475.86, 1141274.14]}, "properties": {"d": -20.0, "s": 31, "base": 1, "post": 1, "recover": 1, "q1": -1}}, {"type": "Feature", "geometry": {"type": "Point", "coordinates": [341482.93, 1141267.07]}, "properties": {"d": -10.0, "s": 31, "base": 0, "post": 0, "recover": 0, "q1": -1}}, {"type": "Feature", "geometry": {"type": "Point", "coordinates": [341490.0, 1141260.0]}, "properties": {"d": 0.0, "s": 31, "base": 0, "post": 0, "recover": 0, "q1": -1}}, {"type": "Feature", "geometry": {"type": "Point", "coordinates": [341497.07, 1141252.93]}, "properties": {"d": 10.0, "s": 31, "base": 0, "post": 0, "recover": 0, "q1": -1}}, {"type": "Feature", "geometry": {"type": "Point", "coordinates": [341504.14, 1141245.86]}, "properties": {"d": 20.0, "s": 31, "base": 0, "post": 0, "recover": 0, "q1": -1}}, {"type": "Feature", "geometry": {"type": "Point", "coordinates": [341511.21, 1141238.79]}, "properties": {"d": 30.0, "s": 31, "base": 0, "post": 0, "recover": 0, "q1": -1}}, {"type": "Feature", "geometry": {"type": "Point", "coordinates": [341518.28, 1141231.72]}, "properties": {"d": 40.0, "s": 31, "base": 0, "post": 0, "recover": 0, "q1": -1}}, {"type": "Feature", "geometry": {"type": "Point", "coordinates": [341525.36, 1141224.64]}, "properties": {"d": 50.0, "s": 31, "base": 0, "post": 1, "recover": 0, "q1": -1}}, {"type": "Feature", "geometry": {"type": "Point", "coordinates": [341532.43, 1141217.57]}, "properties": {"d": 60.0, "s": 31, "base": 0, "post": 1, "recover": 0, "q1": -1}}, {"type": "Feature", "geometry": {"type": "Point", "coordinates": [341539.5, 1141210.5]}, "properties": {"d": 70.0, "s": 31, "base": 0, "post": 1, "recover": 0, "q1": -1}}, {"type": "Feature", "geometry": {"type": "Point", "coordinates": [341546.57, 1141203.43]}, "properties": {"d": 80.0, "s": 31, "base": 0, "post": 1, "recover": 0, "q1": -1}}, {"type": "Feature", "geometry": {"type": "Point", "coordinates": [341553.64, 1141196.36]}, "properties": {"d": 90.0, "s": 31, "base": 0, "post": 0, "recover": 0, "q1": 0}}, {"type": "Feature", "geometry": {"type": "Point", "coordinates": [341560.71, 1141189.29]}, "properties": {"d": 100.0, "s": 31, "base": 0, "post": 0, "recover": 0, "q1": 0}}, {"type": "Feature", "geometry": {"type": "Point", "coordinates": [341567.78, 1141182.22]}, "properties": {"d": 110.0, "s": 31, "base": 0, "post": 0, "recover": 0, "q1": 0}}, {"type": "Feature", "geometry": {"type": "Point", "coordinates": [341574.85, 1141175.15]}, "properties": {"d": 120.0, "s": 31, "base": 0, "post": 0, "recover": 0, "q1": 0}}, {"type": "Feature", "geometry": {"type": "Point", "coordinates": [341581.92, 1141168.08]}, "properties": {"d": 130.0, "s": 31, "base": 0, "post": 0, "recover": 0, "q1": 0}}, {"type": "Feature", "geometry": {"type": "Point", "coordinates": [341588.99, 1141161.01]}, "properties": {"d": 140.0, "s": 31, "base": 0, "post": 0, "recover": 0, "q1": 0}}, {"type": "Feature", "geometry": {"type": "Point", "coordinates": [341596.07, 1141153.93]}, "properties": {"d": 150.0, "s": 31, "base": 0, "post": 0, "recover": 0, "q1": 0}}, {"type": "Feature", "geometry": {"type": "Point", "coordinates": [345020.39, 1142991.94]}, "properties": {"d": -100.0, "s": 32, "base": 1, "post": 1, "recover": -1, "q1": -1}}, {"type": "Feature", "geometry": {"type": "Point", "coordinates": [345022.35, 1143001.75]}, "properties": {"d": -90.0, "s": 32, "base": 1, "post": 1, "recover": -1, "q1": -1}}, {"type": "Feature", "geometry": {"type": "Point", "coordinates": [345024.31, 1143011.55]}, "properties": {"d": -80.0, "s": 32, "base": 1, "post": 1, "recover": -1, "q1": -1}}, {"type": "Feature", "geometry": {"type": "Point", "coordinates": [345026.27, 1143021.36]}, "properties": {"d": -70.0, "s": 32, "base": 1, "post": 1, "recover": -1, "q1": -1}}, {"type": "Feature", "geometry": {"type": "Point", "coordinates": [345028.23, 1143031.17]}, "properties": {"d": -60.0, "s": 32, "base": 1, "post": 1, "recover": -1, "q1": -1}}, {"type": "Feature", "geometry": {"type": "Point", "coordinates": [345030.19, 1143040.97]}, "properties": {"d": -50.0, "s": 32, "base": 1, "post": 1, "recover": -1, "q1": -1}}, {"type": "Feature", "geometry": {"type": "Point", "coordinates": [345032.16, 1143050.78]}, "properties": {"d": -40.0, "s": 32, "base": 1, "post": 1, "recover": -1, "q1": -1}}, {"type": "Feature", "geometry": {"type": "Point", "coordinates": [345034.12, 1143060.58]}, "properties": {"d": -30.0, "s": 32, "base": 1, "post": 1, "recover": -1, "q1": -1}}, {"type": "Feature", "geometry": {"type": "Point", "coordinates": [345036.08, 1143070.39]}, "properties": {"d": -20.0, "s": 32, "base": 1, "post": 1, "recover": -1, "q1": -1}}, {"type": "Feature", "geometry": {"type": "Point", "coordinates": [345038.04, 1143080.19]}, "properties": {"d": -10.0, "s": 32, "base": 1, "post": 1, "recover": -1, "q1": -1}}, {"type": "Feature", "geometry": {"type": "Point", "coordinates": [345040.0, 1143090.0]}, "properties": {"d": 0.0, "s": 32, "base": 1, "post": 1, "recover": -1, "q1": -1}}, {"type": "Feature", "geometry": {"type": "Point", "coordinates": [345041.96, 1143099.81]}, "properties": {"d": 10.0, "s": 32, "base": 0, "post": 1, "recover": -1, "q1": -1}}, {"type": "Feature", "geometry": {"type": "Point", "coordinates": [345043.92, 1143109.61]}, "properties": {"d": 20.0, "s": 32, "base": 0, "post": 1, "recover": -1, "q1": -1}}, {"type": "Feature", "geometry": {"type": "Point", "coordinates": [345045.88, 1143119.42]}, "properties": {"d": 30.0, "s": 32, "base": 0, "post": 1, "recover": -1, "q1": -1}}, {"type": "Feature", "geometry": {"type": "Point", "coordinates": [345047.84, 1143129.22]}, "properties": {"d": 40.0, "s": 32, "base": 0, "post": 1, "recover": -1, "q1": -1}}, {"type": "Feature", "geometry": {"type": "Point", "coordinates": [345049.81, 1143139.03]}, "properties": {"d": 50.0, "s": 32, "base": 0, "post": 1, "recover": -1, "q1": -1}}, {"type": "Feature", "geometry": {"type": "Point", "coordinates": [345051.77, 1143148.83]}, "properties": {"d": 60.0, "s": 32, "base": 0, "post": 1, "recover": -1, "q1": -1}}, {"type": "Feature", "geometry": {"type": "Point", "coordinates": [345053.73, 1143158.64]}, "properties": {"d": 70.0, "s": 32, "base": 0, "post": 1, "recover": -1, "q1": -1}}, {"type": "Feature", "geometry": {"type": "Point", "coordinates": [345055.69, 1143168.45]}, "properties": {"d": 80.0, "s": 32, "base": 0, "post": 1, "recover": -1, "q1": -1}}, {"type": "Feature", "geometry": {"type": "Point", "coordinates": [345057.65, 1143178.25]}, "properties": {"d": 90.0, "s": 32, "base": 0, "post": 1, "recover": -1, "q1": -1}}, {"type": "Feature", "geometry": {"type": "Point", "coordinates": [345059.61, 1143188.06]}, "properties": {"d": 100.0, "s": 32, "base": 0, "post": 1, "recover": -1, "q1": -1}}, {"type": "Feature", "geometry": {"type": "Point", "coordinates": [345061.57, 1143197.86]}, "properties": {"d": 110.0, "s": 32, "base": 0, "post": 1, "recover": -1, "q1": -1}}, {"type": "Feature", "geometry": {"type": "Point", "coordinates": [345063.53, 1143207.67]}, "properties": {"d": 120.0, "s": 32, "base": 0, "post": 1, "recover": -1, "q1": -1}}, {"type": "Feature", "geometry": {"type": "Point", "coordinates": [345065.5, 1143217.48]}, "properties": {"d": 130.0, "s": 32, "base": 0, "post": 1, "recover": -1, "q1": -1}}, {"type": "Feature", "geometry": {"type": "Point", "coordinates": [345067.46, 1143227.28]}, "properties": {"d": 140.0, "s": 32, "base": 0, "post": 1, "recover": -1, "q1": -1}}, {"type": "Feature", "geometry": {"type": "Point", "coordinates": [345069.42, 1143237.09]}, "properties": {"d": 150.0, "s": 32, "base": 0, "post": 1, "recover": -1, "q1": -1}}, {"type": "Feature", "geometry": {"type": "Point", "coordinates": [340020.0, 1143970.0]}, "properties": {"d": -100.0, "s": 33, "base": 1, "post": 1, "recover": 1, "q1": -1}}, {"type": "Feature", "geometry": {"type": "Point", "coordinates": [340020.0, 1143960.0]}, "properties": {"d": -90.0, "s": 33, "base": 1, "post": 1, "recover": 1, "q1": -1}}, {"type": "Feature", "geometry": {"type": "Point", "coordinates": [340020.0, 1143950.0]}, "properties": {"d": -80.0, "s": 33, "base": 1, "post": 1, "recover": 1, "q1": -1}}, {"type": "Feature", "geometry": {"type": "Point", "coordinates": [340020.0, 1143940.0]}, "properties": {"d": -70.0, "s": 33, "base": 1, "post": 1, "recover": 1, "q1": -1}}, {"type": "Feature", "geometry": {"type": "Point", "coordinates": [340020.0, 1143930.0]}, "properties": {"d": -60.0, "s": 33, "base": 1, "post": 1, "recover": 1, "q1": -1}}, {"type": "Feature", "geometry": {"type": "Point", "coordinates": [340020.0, 1143920.0]}, "properties": {"d": -50.0, "s": 33, "base": 1, "post": 1, "recover": 1, "q1": -1}}, {"type": "Feature", "geometry": {"type": "Point", "coordinates": [340020.0, 1143910.0]}, "properties": {"d": -40.0, "s": 33, "base": 1, "post": 1, "recover": 1, "q1": -1}}, {"type": "Feature", "geometry": {"type": "Point", "coordinates": [340020.0, 1143900.0]}, "properties": {"d": -30.0, "s": 33, "base": 1, "post": 1, "recover": 1, "q1": -1}}, {"type": "Feature", "geometry": {"type": "Point", "coordinates": [340020.0, 1143890.0]}, "properties": {"d": -20.0, "s": 33, "base": 1, "post": 1, "recover": 1, "q1": -1}}, {"type": "Feature", "geometry": {"type": "Point", "coordinates": [340020.0, 1143880.0]}, "properties": {"d": -10.0, "s": 33, "base": 1, "post": 1, "recover": 1, "q1": -1}}, {"type": "Feature", "geometry": {"type": "Point", "coordinates": [340020.0, 1143870.0]}, "properties": {"d": 0.0, "s": 33, "base": 0, "post": 0, "recover": 1, "q1": -1}}, {"type": "Feature", "geometry": {"type": "Point", "coordinates": [340020.0, 1143860.0]}, "properties": {"d": 10.0, "s": 33, "base": 0, "post": 0, "recover": 0, "q1": -1}}, {"type": "Feature", "geometry": {"type": "Point", "coordinates": [340020.0, 1143850.0]}, "properties": {"d": 20.0, "s": 33, "base": 0, "post": 0, "recover": 0, "q1": -1}}, {"type": "Feature", "geometry": {"type": "Point", "coordinates": [340020.0, 1143840.0]}, "properties": {"d": 30.0, "s": 33, "base": 0, "post": 0, "recover": 0, "q1": -1}}, {"type": "Feature", "geometry": {"type": "Point", "coordinates": [340020.0, 1143830.0]}, "properties": {"d": 40.0, "s": 33, "base": 0, "post": 0, "recover": 0, "q1": -1}}, {"type": "Feature", "geometry": {"type": "Point", "coordinates": [340020.0, 1143820.0]}, "properties": {"d": 50.0, "s": 33, "base": 0, "post": 0, "recover": 0, "q1": -1}}, {"type": "Feature", "geometry": {"type": "Point", "coordinates": [340020.0, 1143810.0]}, "properties": {"d": 60.0, "s": 33, "base": 0, "post": 0, "recover": 0, "q1": -1}}, {"type": "Feature", "geometry": {"type": "Point", "coordinates": [340020.0, 1143800.0]}, "properties": {"d": 70.0, "s": 33, "base": 0, "post": 0, "recover": 0, "q1": -1}}, {"type": "Feature", "geometry": {"type": "Point", "coordinates": [340020.0, 1143790.0]}, "properties": {"d": 80.0, "s": 33, "base": 0, "post": 0, "recover": 0, "q1": -1}}, {"type": "Feature", "geometry": {"type": "Point", "coordinates": [340020.0, 1143780.0]}, "properties": {"d": 90.0, "s": 33, "base": 0, "post": 0, "recover": 0, "q1": -1}}, {"type": "Feature", "geometry": {"type": "Point", "coordinates": [340020.0, 1143770.0]}, "properties": {"d": 100.0, "s": 33, "base": 0, "post": 0, "recover": 0, "q1": -1}}, {"type": "Feature", "geometry": {"type": "Point", "coordinates": [340020.0, 1143760.0]}, "properties": {"d": 110.0, "s": 33, "base": 0, "post": 0, "recover": -1, "q1": -1}}, {"type": "Feature", "geometry": {"type": "Point", "coordinates": [340020.0, 1143750.0]}, "properties": {"d": 120.0, "s": 33, "base": 0, "post": 0, "recover": -1, "q1": -1}}, {"type": "Feature", "geometry": {"type": "Point", "coordinates": [340020.0, 1143740.0]}, "properties": {"d": 130.0, "s": 33, "base": 0, "post": -1, "recover": -1, "q1": -1}}, {"type": "Feature", "geometry": {"type": "Point", "coordinates": [340020.0, 1143730.0]}, "properties": {"d": 140.0, "s": 33, "base": 0, "post": -1, "recover": -1, "q1": -1}}, {"type": "Feature", "geometry": {"type": "Point", "coordinates": [340020.0, 1143720.0]}, "properties": {"d": 150.0, "s": 33, "base": 0, "post": -1, "recover": -1, "q1": -1}}, {"type": "Feature", "geometry": {"type": "Point", "coordinates": [338151.94, 1141160.39]}, "properties": {"d": -100.0, "s": 34, "base": 1, "post": 1, "recover": 1, "q1": -1}}, {"type": "Feature", "geometry": {"type": "Point", "coordinates": [338161.75, 1141162.35]}, "properties": {"d": -90.0, "s": 34, "base": 1, "post": 1, "recover": 1, "q1": -1}}, {"type": "Feature", "geometry": {"type": "Point", "coordinates": [338171.55, 1141164.31]}, "properties": {"d": -80.0, "s": 34, "base": 1, "post": 1, "recover": 1, "q1": -1}}, {"type": "Feature", "geometry": {"type": "Point", "coordinates": [338181.36, 1141166.27]}, "properties": {"d": -70.0, "s": 34, "base": 1, "post": 1, "recover": 1, "q1": -1}}, {"type": "Feature", "geometry": {"type": "Point", "coordinates": [338191.17, 1141168.23]}, "properties": {"d": -60.0, "s": 34, "base": 1, "post": 1, "recover": 1, "q1": -1}}, {"type": "Feature", "geometry": {"type": "Point", "coordinates": [338200.97, 1141170.19]}, "properties": {"d": -50.0, "s": 34, "base": 1, "post": 1, "recover": 1, "q1": -1}}, {"type": "Feature", "geometry": {"type": "Point", "coordinates": [338210.78, 1141172.16]}, "properties": {"d": -40.0, "s": 34, "base": 1, "post": 1, "recover": 1, "q1": -1}}, {"type": "Feature", "geometry": {"type": "Point", "coordinates": [338220.58, 1141174.12]}, "properties": {"d": -30.0, "s": 34, "base": 1, "post": 1, "recover": 1, "q1": -1}}, {"type": "Feature", "geometry": {"type": "Point", "coordinates": [338230.39, 1141176.08]}, "properties": {"d": -20.0, "s": 34, "base": 1, "post": 1, "recover": 1, "q1": -1}}, {"type": "Feature", "geometry": {"type": "Point", "coordinates": [338240.19, 1141178.04]}, "properties": {"d": -10.0, "s": 34, "base": 1, "post": 1, "recover": 1, "q1": -1}}, {"type": "Feature", "geometry": {"type": "Point", "coordinates": [338250.0, 1141180.0]}, "properties": {"d": 0.0, "s": 34, "base": 1, "post": 1, "recover": 1, "q1": -1}}, {"type": "Feature", "geometry": {"type": "Point", "coordinates": [338259.81, 1141181.96]}, "properties": {"d": 10.0, "s": 34, "base": 0, "post": 0, "recover": 0, "q1": -1}}, {"type": "Feature", "geometry": {"type": "Point", "coordinates": [338269.61, 1141183.92]}, "properties": {"d": 20.0, "s": 34, "base": 0, "post": 0, "recover": 0, "q1": -1}}, {"type": "Feature", "geometry": {"type": "Point", "coordinates": [338279.42, 1141185.88]}, "properties": {"d": 30.0, "s": 34, "base": 0, "post": 0, "recover": 0, "q1": -1}}, {"type": "Feature", "geometry": {"type": "Point", "coordinates": [338289.22, 1141187.84]}, "properties": {"d": 40.0, "s": 34, "base": 0, "post": 0, "recover": 0, "q1": -1}}, {"type": "Feature", "geometry": {"type": "Point", "coordinates": [338299.03, 1141189.81]}, "properties": {"d": 50.0, "s": 34, "base": 0, "post": 0, "recover": 0, "q1": -1}}, {"type": "Feature", "geometry": {"type": "Point", "coordinates": [338308.83, 1141191.77]}, "properties": {"d": 60.0, "s": 34, "base": 0, "post": 1, "recover": 0, "q1": -1}}, {"type": "Feature", "geometry": {"type": "Point", "coordinates": [338318.64, 1141193.73]}, "properties": {"d": 70.0, "s": 34, "base": 0, "post": 0, "recover": 0, "q1": -1}}, {"type": "Feature", "geometry": {"type": "Point", "coordinates": [338328.45, 1141195.69]}, "properties": {"d": 80.0, "s": 34, "base": 0, "post": 0, "recover": 0, "q1": -1}}, {"type": "Feature", "geometry": {"type": "Point", "coordinates": [338338.25, 1141197.65]}, "properties": {"d": 90.0, "s": 34, "base": 0, "post": 0, "recover": 0, "q1": -1}}, {"type": "Feature", "geometry": {"type": "Point", "coordinates": [338348.06, 1141199.61]}, "properties": {"d": 100.0, "s": 34, "base": 0, "post": 0, "recover": 0, "q1": -1}}, {"type": "Feature", "geometry": {"type": "Point", "coordinates": [338357.86, 1141201.57]}, "properties": {"d": 110.0, "s": 34, "base": 0, "post": 0, "recover": 0, "q1": -1}}, {"type": "Feature", "geometry": {"type": "Point", "coordinates": [338367.67, 1141203.53]}, "properties": {"d": 120.0, "s": 34, "base": 0, "post": 0, "recover": 0, "q1": -1}}, {"type": "Feature", "geometry": {"type": "Point", "coordinates": [338377.48, 1141205.5]}, "properties": {"d": 130.0, "s": 34, "base": 0, "post": 1, "recover": 1, "q1": -1}}, {"type": "Feature", "geometry": {"type": "Point", "coordinates": [338387.28, 1141207.46]}, "properties": {"d": 140.0, "s": 34, "base": 0, "post": 1, "recover": 1, "q1": -1}}, {"type": "Feature", "geometry": {"type": "Point", "coordinates": [338397.09, 1141209.42]}, "properties": {"d": 150.0, "s": 34, "base": 0, "post": 1, "recover": 1, "q1": -1}}, {"type": "Feature", "geometry": {"type": "Point", "coordinates": [336370.71, 1141879.29]}, "properties": {"d": -100.0, "s": 35, "base": 1, "post": 1, "recover": 1, "q1": -1}}, {"type": "Feature", "geometry": {"type": "Point", "coordinates": [336363.64, 1141886.36]}, "properties": {"d": -90.0, "s": 35, "base": 1, "post": 1, "recover": 1, "q1": -1}}, {"type": "Feature", "geometry": {"type": "Point", "coordinates": [336356.57, 1141893.43]}, "properties": {"d": -80.0, "s": 35, "base": 1, "post": 1, "recover": 1, "q1": -1}}, {"type": "Feature", "geometry": {"type": "Point", "coordinates": [336349.5, 1141900.5]}, "properties": {"d": -70.0, "s": 35, "base": 1, "post": 1, "recover": 1, "q1": -1}}, {"type": "Feature", "geometry": {"type": "Point", "coordinates": [336342.43, 1141907.57]}, "properties": {"d": -60.0, "s": 35, "base": 1, "post": 1, "recover": 1, "q1": -1}}, {"type": "Feature", "geometry": {"type": "Point", "coordinates": [336335.36, 1141914.64]}, "properties": {"d": -50.0, "s": 35, "base": 1, "post": 1, "recover": 1, "q1": -1}}, {"type": "Feature", "geometry": {"type": "Point", "coordinates": [336328.28, 1141921.72]}, "properties": {"d": -40.0, "s": 35, "base": 1, "post": 1, "recover": 1, "q1": -1}}, {"type": "Feature", "geometry": {"type": "Point", "coordinates": [336321.21, 1141928.79]}, "properties": {"d": -30.0, "s": 35, "base": 1, "post": 1, "recover": 1, "q1": -1}}, {"type": "Feature", "geometry": {"type": "Point", "coordinates": [336314.14, 1141935.86]}, "properties": {"d": -20.0, "s": 35, "base": 1, "post": 1, "recover": 1, "q1": -1}}, {"type": "Feature", "geometry": {"type": "Point", "coordinates": [336307.07, 1141942.93]}, "properties": {"d": -10.0, "s": 35, "base": 1, "post": 1, "recover": 1, "q1": -1}}, {"type": "Feature", "geometry": {"type": "Point", "coordinates": [336300.0, 1141950.0]}, "properties": {"d": 0.0, "s": 35, "base": 1, "post": 1, "recover": 1, "q1": -1}}, {"type": "Feature", "geometry": {"type": "Point", "coordinates": [336292.93, 1141957.07]}, "properties": {"d": 10.0, "s": 35, "base": 1, "post": 1, "recover": 1, "q1": -1}}, {"type": "Feature", "geometry": {"type": "Point", "coordinates": [336285.86, 1141964.14]}, "properties": {"d": 20.0, "s": 35, "base": 0, "post": 1, "recover": 0, "q1": -1}}, {"type": "Feature", "geometry": {"type": "Point", "coordinates": [336278.79, 1141971.21]}, "properties": {"d": 30.0, "s": 35, "base": 0, "post": 1, "recover": 0, "q1": -1}}, {"type": "Feature", "geometry": {"type": "Point", "coordinates": [336271.72, 1141978.28]}, "properties": {"d": 40.0, "s": 35, "base": 0, "post": 1, "recover": 0, "q1": -1}}, {"type": "Feature", "geometry": {"type": "Point", "coordinates": [336264.64, 1141985.36]}, "properties": {"d": 50.0, "s": 35, "base": 0, "post": 1, "recover": 0, "q1": -1}}, {"type": "Feature", "geometry": {"type": "Point", "coordinates": [336257.57, 1141992.43]}, "properties": {"d": 60.0, "s": 35, "base": 0, "post": 1, "recover": 0, "q1": -1}}, {"type": "Feature", "geometry": {"type": "Point", "coordinates": [336250.5, 1141999.5]}, "properties": {"d": 70.0, "s": 35, "base": 0, "post": 1, "recover": 0, "q1": -1}}, {"type": "Feature", "geometry": {"type": "Point", "coordinates": [336243.43, 1142006.57]}, "properties": {"d": 80.0, "s": 35, "base": 0, "post": 1, "recover": 0, "q1": -1}}, {"type": "Feature", "geometry": {"type": "Point", "coordinates": [336236.36, 1142013.64]}, "properties": {"d": 90.0, "s": 35, "base": 0, "post": 1, "recover": 0, "q1": -1}}, {"type": "Feature", "geometry": {"type": "Point", "coordinates": [336229.29, 1142020.71]}, "properties": {"d": 100.0, "s": 35, "base": 0, "post": 1, "recover": 0, "q1": -1}}, {"type": "Feature", "geometry": {"type": "Point", "coordinates": [336222.22, 1142027.78]}, "properties": {"d": 110.0, "s": 35, "base": 0, "post": 1, "recover": 0, "q1": -1}}, {"type": "Feature", "geometry": {"type": "Point", "coordinates": [336215.15, 1142034.85]}, "properties": {"d": 120.0, "s": 35, "base": 0, "post": 1, "recover": 0, "q1": -1}}, {"type": "Feature", "geometry": {"type": "Point", "coordinates": [336208.08, 1142041.92]}, "properties": {"d": 130.0, "s": 35, "base": 0, "post": 1, "recover": 0, "q1": -1}}, {"type": "Feature", "geometry": {"type": "Point", "coordinates": [336201.01, 1142048.99]}, "properties": {"d": 140.0, "s": 35, "base": 0, "post": 1, "recover": 0, "q1": -1}}, {"type": "Feature", "geometry": {"type": "Point", "coordinates": [336193.93, 1142056.07]}, "properties": {"d": 150.0, "s": 35, "base": 0, "post": 1, "recover": 0, "q1": -1}}, {"type": "Feature", "geometry": {"type": "Point", "coordinates": [334060.0, 1142870.0]}, "properties": {"d": -100.0, "s": 36, "base": 1, "post": 1, "recover": 1, "q1": -1}}, {"type": "Feature", "geometry": {"type": "Point", "coordinates": [334060.0, 1142880.0]}, "properties": {"d": -90.0, "s": 36, "base": 1, "post": 1, "recover": 1, "q1": -1}}, {"type": "Feature", "geometry": {"type": "Point", "coordinates": [334060.0, 1142890.0]}, "properties": {"d": -80.0, "s": 36, "base": 1, "post": 1, "recover": 1, "q1": -1}}, {"type": "Feature", "geometry": {"type": "Point", "coordinates": [334060.0, 1142900.0]}, "properties": {"d": -70.0, "s": 36, "base": 1, "post": 1, "recover": 1, "q1": -1}}, {"type": "Feature", "geometry": {"type": "Point", "coordinates": [334060.0, 1142910.0]}, "properties": {"d": -60.0, "s": 36, "base": 1, "post": 1, "recover": 1, "q1": -1}}, {"type": "Feature", "geometry": {"type": "Point", "coordinates": [334060.0, 1142920.0]}, "properties": {"d": -50.0, "s": 36, "base": 1, "post": 1, "recover": 1, "q1": -1}}, {"type": "Feature", "geometry": {"type": "Point", "coordinates": [334060.0, 1142930.0]}, "properties": {"d": -40.0, "s": 36, "base": 1, "post": 1, "recover": 1, "q1": -1}}, {"type": "Feature", "geometry": {"type": "Point", "coordinates": [334060.0, 1142940.0]}, "properties": {"d": -30.0, "s": 36, "base": 1, "post": 1, "recover": 1, "q1": -1}}, {"type": "Feature", "geometry": {"type": "Point", "coordinates": [334060.0, 1142950.0]}, "properties": {"d": -20.0, "s": 36, "base": 1, "post": 1, "recover": 1, "q1": -1}}, {"type": "Feature", "geometry": {"type": "Point", "coordinates": [334060.0, 1142960.0]}, "properties": {"d": -10.0, "s": 36, "base": 1, "post": 1, "recover": 1, "q1": -1}}, {"type": "Feature", "geometry": {"type": "Point", "coordinates": [334060.0, 1142970.0]}, "properties": {"d": 0.0, "s": 36, "base": 1, "post": 1, "recover": 1, "q1": -1}}, {"type": "Feature", "geometry": {"type": "Point", "coordinates": [334060.0, 1142980.0]}, "properties": {"d": 10.0, "s": 36, "base": 0, "post": 1, "recover": 1, "q1": -1}}, {"type": "Feature", "geometry": {"type": "Point", "coordinates": [334060.0, 1142990.0]}, "properties": {"d": 20.0, "s": 36, "base": 0, "post": 1, "recover": 0, "q1": -1}}, {"type": "Feature", "geometry": {"type": "Point", "coordinates": [334060.0, 1143000.0]}, "properties": {"d": 30.0, "s": 36, "base": 0, "post": 0, "recover": 0, "q1": -1}}, {"type": "Feature", "geometry": {"type": "Point", "coordinates": [334060.0, 1143010.0]}, "properties": {"d": 40.0, "s": 36, "base": 0, "post": 0, "recover": 0, "q1": -1}}, {"type": "Feature", "geometry": {"type": "Point", "coordinates": [334060.0, 1143020.0]}, "properties": {"d": 50.0, "s": 36, "base": 0, "post": 0, "recover": 0, "q1": -1}}, {"type": "Feature", "geometry": {"type": "Point", "coordinates": [334060.0, 1143030.0]}, "properties": {"d": 60.0, "s": 36, "base": 0, "post": 0, "recover": 0, "q1": -1}}, {"type": "Feature", "geometry": {"type": "Point", "coordinates": [334060.0, 1143040.0]}, "properties": {"d": 70.0, "s": 36, "base": 0, "post": 1, "recover": 0, "q1": -1}}, {"type": "Feature", "geometry": {"type": "Point", "coordinates": [334060.0, 1143050.0]}, "properties": {"d": 80.0, "s": 36, "base": 0, "post": 1, "recover": 1, "q1": -1}}, {"type": "Feature", "geometry": {"type": "Point", "coordinates": [334060.0, 1143060.0]}, "properties": {"d": 90.0, "s": 36, "base": 0, "post": 1, "recover": 1, "q1": -1}}, {"type": "Feature", "geometry": {"type": "Point", "coordinates": [334060.0, 1143070.0]}, "properties": {"d": 100.0, "s": 36, "base": 0, "post": 1, "recover": 1, "q1": -1}}, {"type": "Feature", "geometry": {"type": "Point", "coordinates": [334060.0, 1143080.0]}, "properties": {"d": 110.0, "s": 36, "base": 0, "post": 1, "recover": 1, "q1": -1}}, {"type": "Feature", "geometry": {"type": "Point", "coordinates": [334060.0, 1143090.0]}, "properties": {"d": 120.0, "s": 36, "base": 0, "post": 1, "recover": 1, "q1": -1}}, {"type": "Feature", "geometry": {"type": "Point", "coordinates": [334060.0, 1143100.0]}, "properties": {"d": 130.0, "s": 36, "base": 0, "post": 1, "recover": 1, "q1": -1}}, {"type": "Feature", "geometry": {"type": "Point", "coordinates": [334060.0, 1143110.0]}, "properties": {"d": 140.0, "s": 36, "base": 0, "post": 1, "recover": 1, "q1": -1}}, {"type": "Feature", "geometry": {"type": "Point", "coordinates": [334060.0, 1143120.0]}, "properties": {"d": 150.0, "s": 36, "base": 0, "post": 1, "recover": 1, "q1": -1}}, {"type": "Feature", "geometry": {"type": "Point", "coordinates": [332870.0, 1144040.0]}, "properties": {"d": -100.0, "s": 37, "base": 1, "post": 1, "recover": 1, "q1": -1}}, {"type": "Feature", "geometry": {"type": "Point", "coordinates": [332870.0, 1144050.0]}, "properties": {"d": -90.0, "s": 37, "base": 1, "post": 1, "recover": 1, "q1": -1}}, {"type": "Feature", "geometry": {"type": "Point", "coordinates": [332870.0, 1144060.0]}, "properties": {"d": -80.0, "s": 37, "base": 1, "post": 1, "recover": 1, "q1": -1}}, {"type": "Feature", "geometry": {"type": "Point", "coordinates": [332870.0, 1144070.0]}, "properties": {"d": -70.0, "s": 37, "base": 1, "post": 1, "recover": 1, "q1": -1}}, {"type": "Feature", "geometry": {"type": "Point", "coordinates": [332870.0, 1144080.0]}, "properties": {"d": -60.0, "s": 37, "base": 1, "post": 1, "recover": 1, "q1": -1}}, {"type": "Feature", "geometry": {"type": "Point", "coordinates": [332870.0, 1144090.0]}, "properties": {"d": -50.0, "s": 37, "base": 1, "post": 1, "recover": 1, "q1": -1}}, {"type": "Feature", "geometry": {"type": "Point", "coordinates": [332870.0, 1144100.0]}, "properties": {"d": -40.0, "s": 37, "base": 1, "post": 1, "recover": 1, "q1": -1}}, {"type": "Feature", "geometry": {"type": "Point", "coordinates": [332870.0, 1144110.0]}, "properties": {"d": -30.0, "s": 37, "base": 1, "post": 1, "recover": 1, "q1": -1}}, {"type": "Feature", "geometry": {"type": "Point", "coordinates": [332870.0, 1144120.0]}, "properties": {"d": -20.0, "s": 37, "base": 1, "post": 1, "recover": 1, "q1": -1}}, {"type": "Feature", "geometry": {"type": "Point", "coordinates": [332870.0, 1144130.0]}, "properties": {"d": -10.0, "s": 37, "base": 1, "post": 1, "recover": 1, "q1": -1}}, {"type": "Feature", "geometry": {"type": "Point", "coordinates": [332870.0, 1144140.0]}, "properties": {"d": 0.0, "s": 37, "base": 0, "post": 1, "recover": 1, "q1": -1}}, {"type": "Feature", "geometry": {"type": "Point", "coordinates": [332870.0, 1144150.0]}, "properties": {"d": 10.0, "s": 37, "base": 0, "post": 1, "recover": 1, "q1": -1}}, {"type": "Feature", "geometry": {"type": "Point", "coordinates": [332870.0, 1144160.0]}, "properties": {"d": 20.0, "s": 37, "base": 0, "post": 1, "recover": 1, "q1": -1}}, {"type": "Feature", "geometry": {"type": "Point", "coordinates": [332870.0, 1144170.0]}, "properties": {"d": 30.0, "s": 37, "base": 0, "post": 1, "recover": 1, "q1": -1}}, {"type": "Feature", "geometry": {"type": "Point", "coordinates": [332870.0, 1144180.0]}, "properties": {"d": 40.0, "s": 37, "base": 0, "post": 1, "recover": 1, "q1": -1}}, {"type": "Feature", "geometry": {"type": "Point", "coordinates": [332870.0, 1144190.0]}, "properties": {"d": 50.0, "s": 37, "base": 0, "post": 1, "recover": 1, "q1": -1}}, {"type": "Feature", "geometry": {"type": "Point", "coordinates": [332870.0, 1144200.0]}, "properties": {"d": 60.0, "s": 37, "base": 0, "post": 1, "recover": 1, "q1": -1}}, {"type": "Feature", "geometry": {"type": "Point", "coordinates": [332870.0, 1144210.0]}, "properties": {"d": 70.0, "s": 37, "base": 0, "post": 1, "recover": 1, "q1": -1}}, {"type": "Feature", "geometry": {"type": "Point", "coordinates": [332870.0, 1144220.0]}, "properties": {"d": 80.0, "s": 37, "base": 0, "post": 1, "recover": 1, "q1": -1}}, {"type": "Feature", "geometry": {"type": "Point", "coordinates": [332870.0, 1144230.0]}, "properties": {"d": 90.0, "s": 37, "base": 0, "post": 1, "recover": 1, "q1": -1}}, {"type": "Feature", "geometry": {"type": "Point", "coordinates": [332870.0, 1144240.0]}, "properties": {"d": 100.0, "s": 37, "base": 0, "post": 1, "recover": 1, "q1": -1}}, {"type": "Feature", "geometry": {"type": "Point", "coordinates": [332870.0, 1144250.0]}, "properties": {"d": 110.0, "s": 37, "base": 0, "post": 1, "recover": 1, "q1": -1}}, {"type": "Feature", "geometry": {"type": "Point", "coordinates": [332870.0, 1144260.0]}, "properties": {"d": 120.0, "s": 37, "base": 0, "post": 1, "recover": 1, "q1": -1}}, {"type": "Feature", "geometry": {"type": "Point", "coordinates": [332870.0, 1144270.0]}, "properties": {"d": 130.0, "s": 37, "base": 0, "post": 1, "recover": 1, "q1": -1}}, {"type": "Feature", "geometry": {"type": "Point", "coordinates": [332870.0, 1144280.0]}, "properties": {"d": 140.0, "s": 37, "base": 0, "post": 1, "recover": 1, "q1": -1}}, {"type": "Feature", "geometry": {"type": "Point", "coordinates": [332870.0, 1144290.0]}, "properties": {"d": 150.0, "s": 37, "base": 0, "post": 1, "recover": 1, "q1": -1}}, {"type": "Feature", "geometry": {"type": "Point", "coordinates": [334149.61, 1141058.06]}, "properties": {"d": -100.0, "s": 38, "base": 1, "post": 1, "recover": 1, "q1": -1}}, {"type": "Feature", "geometry": {"type": "Point", "coordinates": [334147.65, 1141048.25]}, "properties": {"d": -90.0, "s": 38, "base": 1, "post": 1, "recover": 1, "q1": -1}}, {"type": "Feature", "geometry": {"type": "Point", "coordinates": [334145.69, 1141038.45]}, "properties": {"d": -80.0, "s": 38, "base": 1, "post": 1, "recover": 1, "q1": -1}}, {"type": "Feature", "geometry": {"type": "Point", "coordinates": [334143.73, 1141028.64]}, "properties": {"d": -70.0, "s": 38, "base": 1, "post": 1, "recover": 1, "q1": -1}}, {"type": "Feature", "geometry": {"type": "Point", "coordinates": [334141.77, 1141018.83]}, "properties": {"d": -60.0, "s": 38, "base": 1, "post": 1, "recover": 1, "q1": -1}}, {"type": "Feature", "geometry": {"type": "Point", "coordinates": [334139.81, 1141009.03]}, "properties": {"d": -50.0, "s": 38, "base": 1, "post": 1, "recover": 1, "q1": -1}}, {"type": "Feature", "geometry": {"type": "Point", "coordinates": [334137.84, 1140999.22]}, "properties": {"d": -40.0, "s": 38, "base": 1, "post": 1, "recover": 1, "q1": -1}}, {"type": "Feature", "geometry": {"type": "Point", "coordinates": [334135.88, 1140989.42]}, "properties": {"d": -30.0, "s": 38, "base": 1, "post": 1, "recover": 1, "q1": -1}}, {"type": "Feature", "geometry": {"type": "Point", "coordinates": [334133.92, 1140979.61]}, "properties": {"d": -20.0, "s": 38, "base": 1, "post": 1, "recover": 1, "q1": -1}}, {"type": "Feature", "geometry": {"type": "Point", "coordinates": [334131.96, 1140969.81]}, "properties": {"d": -10.0, "s": 38, "base": 0, "post": 1, "recover": 1, "q1": -1}}, {"type": "Feature", "geometry": {"type": "Point", "coordinates": [334130.0, 1140960.0]}, "properties": {"d": 0.0, "s": 38, "base": 0, "post": 1, "recover": 1, "q1": -1}}, {"type": "Feature", "geometry": {"type": "Point", "coordinates": [334128.04, 1140950.19]}, "properties": {"d": 10.0, "s": 38, "base": 0, "post": 1, "recover": 1, "q1": -1}}, {"type": "Feature", "geometry": {"type": "Point", "coordinates": [334126.08, 1140940.39]}, "properties": {"d": 20.0, "s": 38, "base": 0, "post": 1, "recover": 1, "q1": -1}}, {"type": "Feature", "geometry": {"type": "Point", "coordinates": [334124.12, 1140930.58]}, "properties": {"d": 30.0, "s": 38, "base": 0, "post": 1, "recover": 1, "q1": -1}}, {"type": "Feature", "geometry": {"type": "Point", "coordinates": [334122.16, 1140920.78]}, "properties": {"d": 40.0, "s": 38, "base": 0, "post": 1, "recover": 1, "q1": -1}}, {"type": "Feature", "geometry": {"type": "Point", "coordinates": [334120.19, 1140910.97]}, "properties": {"d": 50.0, "s": 38, "base": 0, "post": 1, "recover": 1, "q1": -1}}, {"type": "Feature", "geometry": {"type": "Point", "coordinates": [334118.23, 1140901.17]}, "properties": {"d": 60.0, "s": 38, "base": 0, "post": 1, "recover": 1, "q1": -1}}, {"type": "Feature", "geometry": {"type": "Point", "coordinates": [334116.27, 1140891.36]}, "properties": {"d": 70.0, "s": 38, "base": 0, "post": 1, "recover": 0, "q1": -1}}, {"type": "Feature", "geometry": {"type": "Point", "coordinates": [334114.31, 1140881.55]}, "properties": {"d": 80.0, "s": 38, "base": 0, "post": 0, "recover": 0, "q1": -1}}, {"type": "Feature", "geometry": {"type": "Point", "coordinates": [334112.35, 1140871.75]}, "properties": {"d": 90.0, "s": 38, "base": 0, "post": 0, "recover": 0, "q1": -1}}, {"type": "Feature", "geometry": {"type": "Point", "coordinates": [334110.39, 1140861.94]}, "properties": {"d": 100.0, "s": 38, "base": 0, "post": 0, "recover": 0, "q1": -1}}, {"type": "Feature", "geometry": {"type": "Point", "coordinates": [334108.43, 1140852.14]}, "properties": {"d": 110.0, "s": 38, "base": 0, "post": 0, "recover": 0, "q1": -1}}, {"type": "Feature", "geometry": {"type": "Point", "coordinates": [334106.47, 1140842.33]}, "properties": {"d": 120.0, "s": 38, "base": 0, "post": 1, "recover": 0, "q1": -1}}, {"type": "Feature", "geometry": {"type": "Point", "coordinates": [334104.5, 1140832.52]}, "properties": {"d": 130.0, "s": 38, "base": 0, "post": 1, "recover": 0, "q1": -1}}, {"type": "Feature", "geometry": {"type": "Point", "coordinates": [334102.54, 1140822.72]}, "properties": {"d": 140.0, "s": 38, "base": 0, "post": 1, "recover": 0, "q1": -1}}, {"type": "Feature", "geometry": {"type": "Point", "coordinates": [334100.58, 1140812.91]}, "properties": {"d": 150.0, "s": 38, "base": 0, "post": 1, "recover": 0, "q1": -1}}, {"type": "Feature", "geometry": {"type": "Point", "coordinates": [337110.0, 1139840.0]}, "properties": {"d": -100.0, "s": 39, "base": 1, "post": 1, "recover": 1, "q1": -1}}, {"type": "Feature", "geometry": {"type": "Point", "coordinates": [337110.0, 1139850.0]}, "properties": {"d": -90.0, "s": 39, "base": 1, "post": 1, "recover": 1, "q1": -1}}, {"type": "Feature", "geometry": {"type": "Point", "coordinates": [337110.0, 1139860.0]}, "properties": {"d": -80.0, "s": 39, "base": 1, "post": 1, "recover": 1, "q1": -1}}, {"type": "Feature", "geometry": {"type": "Point", "coordinates": [337110.0, 1139870.0]}, "properties": {"d": -70.0, "s": 39, "base": 1, "post": 1, "recover": 1, "q1": -1}}, {"type": "Feature", "geometry": {"type": "Point", "coordinates": [337110.0, 1139880.0]}, "properties": {"d": -60.0, "s": 39, "base": 1, "post": 1, "recover": 1, "q1": -1}}, {"type": "Feature", "geometry": {"type": "Point", "coordinates": [337110.0, 1139890.0]}, "properties": {"d": -50.0, "s": 39, "base": 1, "post": 1, "recover": 1, "q1": -1}}, {"type": "Feature", "geometry": {"type": "Point", "coordinates": [337110.0, 1139900.0]}, "properties": {"d": -40.0, "s": 39, "base": 1, "post": 1, "recover": 1, "q1": -1}}, {"type": "Feature", "geometry": {"type": "Point", "coordinates": [337110.0, 1139910.0]}, "properties": {"d": -30.0, "s": 39, "base": 1, "post": 1, "recover": 1, "q1": -1}}, {"type": "Feature", "geometry": {"type": "Point", "coordinates": [337110.0, 1139920.0]}, "properties": {"d": -20.0, "s": 39, "base": 1, "post": 1, "recover": 1, "q1": -1}}, {"type": "Feature", "geometry": {"type": "Point", "coordinates": [337110.0, 1139930.0]}, "properties": {"d": -10.0, "s": 39, "base": 1, "post": 1, "recover": 1, "q1": -1}}, {"type": "Feature", "geometry": {"type": "Point", "coordinates": [337110.0, 1139940.0]}, "properties": {"d": 0.0, "s": 39, "base": 1, "post": 1, "recover": 1, "q1": -1}}, {"type": "Feature", "geometry": {"type": "Point", "coordinates": [337110.0, 1139950.0]}, "properties": {"d": 10.0, "s": 39, "base": 0, "post": 1, "recover": 1, "q1": -1}}, {"type": "Feature", "geometry": {"type": "Point", "coordinates": [337110.0, 1139960.0]}, "properties": {"d": 20.0, "s": 39, "base": 0, "post": 1, "recover": 1, "q1": -1}}, {"type": "Feature", "geometry": {"type": "Point", "coordinates": [337110.0, 1139970.0]}, "properties": {"d": 30.0, "s": 39, "base": 0, "post": 1, "recover": 1, "q1": -1}}, {"type": "Feature", "geometry": {"type": "Point", "coordinates": [337110.0, 1139980.0]}, "properties": {"d": 40.0, "s": 39, "base": 0, "post": 1, "recover": 1, "q1": -1}}, {"type": "Feature", "geometry": {"type": "Point", "coordinates": [337110.0, 1139990.0]}, "properties": {"d": 50.0, "s": 39, "base": 0, "post": 1, "recover": 0, "q1": -1}}, {"type": "Feature", "geometry": {"type": "Point", "coordinates": [337110.0, 1140000.0]}, "properties": {"d": 60.0, "s": 39, "base": 0, "post": 1, "recover": 0, "q1": -1}}, {"type": "Feature", "geometry": {"type": "Point", "coordinates": [337110.0, 1140010.0]}, "properties": {"d": 70.0, "s": 39, "base": 0, "post": 0, "recover": 0, "q1": -1}}, {"type": "Feature", "geometry": {"type": "Point", "coordinates": [337110.0, 1140020.0]}, "properties": {"d": 80.0, "s": 39, "base": 0, "post": 0, "recover": 0, "q1": -1}}, {"type": "Feature", "geometry": {"type": "Point", "coordinates": [337110.0, 1140030.0]}, "properties": {"d": 90.0, "s": 39, "base": 0, "post": 0, "recover": 0, "q1": -1}}, {"type": "Feature", "geometry": {"type": "Point", "coordinates": [337110.0, 1140040.0]}, "properties": {"d": 100.0, "s": 39, "base": 0, "post": 0, "recover": 0, "q1": -1}}, {"type": "Feature", "geometry": {"type": "Point", "coordinates": [337110.0, 1140050.0]}, "properties": {"d": 110.0, "s": 39, "base": 0, "post": 0, "recover": 0, "q1": -1}}, {"type": "Feature", "geometry": {"type": "Point", "coordinates": [337110.0, 1140060.0]}, "properties": {"d": 120.0, "s": 39, "base": 0, "post": 0, "recover": 0, "q1": -1}}, {"type": "Feature", "geometry": {"type": "Point", "coordinates": [337110.0, 1140070.0]}, "properties": {"d": 130.0, "s": 39, "base": 0, "post": 0, "recover": 0, "q1": -1}}, {"type": "Feature", "geometry": {"type": "Point", "coordinates": [337110.0, 1140080.0]}, "properties": {"d": 140.0, "s": 39, "base": 0, "post": 0, "recover": 0, "q1": -1}}, {"type": "Feature", "geometry": {"type": "Point", "coordinates": [337110.0, 1140090.0]}, "properties": {"d": 150.0, "s": 39, "base": 0, "post": 0, "recover": 0, "q1": -1}}, {"type": "Feature", "geometry": {"type": "Point", "coordinates": [330190.0, 1140440.0]}, "properties": {"d": -100.0, "s": 40, "base": 1, "post": 1, "recover": 1, "q1": -1}}, {"type": "Feature", "geometry": {"type": "Point", "coordinates": [330190.0, 1140450.0]}, "properties": {"d": -90.0, "s": 40, "base": 1, "post": 1, "recover": 1, "q1": -1}}, {"type": "Feature", "geometry": {"type": "Point", "coordinates": [330190.0, 1140460.0]}, "properties": {"d": -80.0, "s": 40, "base": 1, "post": 1, "recover": 1, "q1": -1}}, {"type": "Feature", "geometry": {"type": "Point", "coordinates": [330190.0, 1140470.0]}, "properties": {"d": -70.0, "s": 40, "base": 1, "post": 1, "recover": 1, "q1": -1}}, {"type": "Feature", "geometry": {"type": "Point", "coordinates": [330190.0, 1140480.0]}, "properties": {"d": -60.0, "s": 40, "base": 1, "post": 1, "recover": 1, "q1": -1}}, {"type": "Feature", "geometry": {"type": "Point", "coordinates": [330190.0, 1140490.0]}, "properties": {"d": -50.0, "s": 40, "base": 1, "post": 1, "recover": 1, "q1": -1}}, {"type": "Feature", "geometry": {"type": "Point", "coordinates": [330190.0, 1140500.0]}, "properties": {"d": -40.0, "s": 40, "base": 1, "post": 1, "recover": 1, "q1": -1}}, {"type": "Feature", "geometry": {"type": "Point", "coordinates": [330190.0, 1140510.0]}, "properties": {"d": -30.0, "s": 40, "base": 1, "post": 1, "recover": 1, "q1": -1}}, {"type": "Feature", "geometry": {"type": "Point", "coordinates": [330190.0, 1140520.0]}, "properties": {"d": -20.0, "s": 40, "base": 1, "post": 1, "recover": 1, "q1": -1}}, {"type": "Feature", "geometry": {"type": "Point", "coordinates": [330190.0, 1140530.0]}, "properties": {"d": -10.0, "s": 40, "base": 1, "post": 1, "recover": 1, "q1": -1}}, {"type": "Feature", "geometry": {"type": "Point", "coordinates": [330190.0, 1140540.0]}, "properties": {"d": 0.0, "s": 40, "base": 1, "post": 1, "recover": 1, "q1": -1}}, {"type": "Feature", "geometry": {"type": "Point", "coordinates": [330190.0, 1140550.0]}, "properties": {"d": 10.0, "s": 40, "base": 0, "post": 1, "recover": 1, "q1": -1}}, {"type": "Feature", "geometry": {"type": "Point", "coordinates": [330190.0, 1140560.0]}, "properties": {"d": 20.0, "s": 40, "base": 0, "post": 0, "recover": 0, "q1": -1}}, {"type": "Feature", "geometry": {"type": "Point", "coordinates": [330190.0, 1140570.0]}, "properties": {"d": 30.0, "s": 40, "base": 0, "post": 0, "recover": 0, "q1": -1}}, {"type": "Feature", "geometry": {"type": "Point", "coordinates": [330190.0, 1140580.0]}, "properties": {"d": 40.0, "s": 40, "base": 0, "post": 0, "recover": 0, "q1": -1}}, {"type": "Feature", "geometry": {"type": "Point", "coordinates": [330190.0, 1140590.0]}, "properties": {"d": 50.0, "s": 40, "base": 0, "post": -1, "recover": -1, "q1": -1}}, {"type": "Feature", "geometry": {"type": "Point", "coordinates": [330190.0, 1140600.0]}, "properties": {"d": 60.0, "s": 40, "base": 0, "post": -1, "recover": -1, "q1": -1}}, {"type": "Feature", "geometry": {"type": "Point", "coordinates": [330190.0, 1140610.0]}, "properties": {"d": 70.0, "s": 40, "base": 0, "post": -1, "recover": -1, "q1": -1}}, {"type": "Feature", "geometry": {"type": "Point", "coordinates": [330190.0, 1140620.0]}, "properties": {"d": 80.0, "s": 40, "base": 0, "post": -1, "recover": -1, "q1": -1}}, {"type": "Feature", "geometry": {"type": "Point", "coordinates": [330190.0, 1140630.0]}, "properties": {"d": 90.0, "s": 40, "base": 0, "post": -1, "recover": -1, "q1": -1}}, {"type": "Feature", "geometry": {"type": "Point", "coordinates": [330190.0, 1140640.0]}, "properties": {"d": 100.0, "s": 40, "base": 0, "post": -1, "recover": -1, "q1": -1}}, {"type": "Feature", "geometry": {"type": "Point", "coordinates": [330190.0, 1140650.0]}, "properties": {"d": 110.0, "s": 40, "base": 0, "post": -1, "recover": -1, "q1": -1}}, {"type": "Feature", "geometry": {"type": "Point", "coordinates": [330190.0, 1140660.0]}, "properties": {"d": 120.0, "s": 40, "base": 0, "post": -1, "recover": -1, "q1": -1}}, {"type": "Feature", "geometry": {"type": "Point", "coordinates": [330190.0, 1140670.0]}, "properties": {"d": 130.0, "s": 40, "base": 0, "post": 0, "recover": 0, "q1": -1}}, {"type": "Feature", "geometry": {"type": "Point", "coordinates": [330190.0, 1140680.0]}, "properties": {"d": 140.0, "s": 40, "base": 0, "post": 0, "recover": 0, "q1": -1}}, {"type": "Feature", "geometry": {"type": "Point", "coordinates": [330190.0, 1140690.0]}, "properties": {"d": 150.0, "s": 40, "base": 0, "post": 0, "recover": 0, "q1": -1}}, {"type": "Feature", "geometry": {"type": "Point", "coordinates": [325050.56, 1142525.28]}, "properties": {"d": -100.0, "s": 41, "base": 1, "post": 1, "recover": 1, "q1": 1}}, {"type": "Feature", "geometry": {"type": "Point", "coordinates": [325059.5, 1142529.75]}, "properties": {"d": -90.0, "s": 41, "base": 1, "post": 1, "recover": 1, "q1": 1}}, {"type": "Feature", "geometry": {"type": "Point", "coordinates": [325068.45, 1142534.22]}, "properties": {"d": -80.0, "s": 41, "base": 1, "post": 1, "recover": 1, "q1": 1}}, {"type": "Feature", "geometry": {"type": "Point", "coordinates": [325077.39, 1142538.7]}, "properties": {"d": -70.0, "s": 41, "base": 1, "post": 1, "recover": 1, "q1": 1}}, {"type": "Feature", "geometry": {"type": "Point", "coordinates": [325086.33, 1142543.17]}, "properties": {"d": -60.0, "s": 41, "base": 1, "post": 1, "recover": 1, "q1": 1}}, {"type": "Feature", "geometry": {"type": "Point", "coordinates": [325095.28, 1142547.64]}, "properties": {"d": -50.0, "s": 41, "base": 1, "post": 1, "recover": 1, "q1": 1}}, {"type": "Feature", "geometry": {"type": "Point", "coordinates": [325104.22, 1142552.11]}, "properties": {"d": -40.0, "s": 41, "base": 1, "post": 1, "recover": 1, "q1": 1}}, {"type": "Feature", "geometry": {"type": "Point", "coordinates": [325113.17, 1142556.58]}, "properties": {"d": -30.0, "s": 41, "base": 1, "post": 1, "recover": 1, "q1": 1}}, {"type": "Feature", "geometry": {"type": "Point", "coordinates": [325122.11, 1142561.06]}, "properties": {"d": -20.0, "s": 41, "base": 1, "post": 1, "recover": 1, "q1": 1}}, {"type": "Feature", "geometry": {"type": "Point", "coordinates": [325131.06, 1142565.53]}, "properties": {"d": -10.0, "s": 41, "base": 1, "post": 1, "recover": 1, "q1": 0}}, {"type": "Feature", "geometry": {"type": "Point", "coordinates": [325140.0, 1142570.0]}, "properties": {"d": 0.0, "s": 41, "base": 0, "post": 1, "recover": 1, "q1": 0}}, {"type": "Feature", "geometry": {"type": "Point", "coordinates": [325148.94, 1142574.47]}, "properties": {"d": 10.0, "s": 41, "base": 0, "post": 1, "recover": 0, "q1": 1}}, {"type": "Feature", "geometry": {"type": "Point", "coordinates": [325157.89, 1142578.94]}, "properties": {"d": 20.0, "s": 41, "base": 0, "post": 1, "recover": 1, "q1": 1}}, {"type": "Feature", "geometry": {"type": "Point", "coordinates": [325166.83, 1142583.42]}, "properties": {"d": 30.0, "s": 41, "base": 0, "post": 1, "recover": 1, "q1": 1}}, {"type": "Feature", "geometry": {"type": "Point", "coordinates": [325175.78, 1142587.89]}, "properties": {"d": 40.0, "s": 41, "base": 0, "post": 1, "recover": 1, "q1": 1}}, {"type": "Feature", "geometry": {"type": "Point", "coordinates": [325184.72, 1142592.36]}, "properties": {"d": 50.0, "s": 41, "base": 0, "post": 1, "recover": 0, "q1": 0}}, {"type": "Feature", "geometry": {"type": "Point", "coordinates": [325193.67, 1142596.83]}, "properties": {"d": 60.0, "s": 41, "base": 0, "post": 1, "recover": 0, "q1": 0}}, {"type": "Feature", "geometry": {"type": "Point", "coordinates": [325202.61, 1142601.3]}, "properties": {"d": 70.0, "s": 41, "base": 0, "post": 1, "recover": 0, "q1": 0}}, {"type": "Feature", "geometry": {"type": "Point", "coordinates": [325211.55, 1142605.78]}, "properties": {"d": 80.0, "s": 41, "base": 0, "post": 1, "recover": 0, "q1": 0}}, {"type": "Feature", "geometry": {"type": "Point", "coordinates": [325220.5, 1142610.25]}, "properties": {"d": 90.0, "s": 41, "base": 0, "post": 1, "recover": 0, "q1": 0}}, {"type": "Feature", "geometry": {"type": "Point", "coordinates": [325229.44, 1142614.72]}, "properties": {"d": 100.0, "s": 41, "base": 0, "post": 1, "recover": 0, "q1": 0}}, {"type": "Feature", "geometry": {"type": "Point", "coordinates": [325238.39, 1142619.19]}, "properties": {"d": 110.0, "s": 41, "base": 0, "post": 1, "recover": 0, "q1": 0}}, {"type": "Feature", "geometry": {"type": "Point", "coordinates": [325247.33, 1142623.67]}, "properties": {"d": 120.0, "s": 41, "base": 0, "post": 1, "recover": 0, "q1": 0}}, {"type": "Feature", "geometry": {"type": "Point", "coordinates": [325256.28, 1142628.14]}, "properties": {"d": 130.0, "s": 41, "base": 0, "post": 1, "recover": 0, "q1": 0}}, {"type": "Feature", "geometry": {"type": "Point", "coordinates": [325265.22, 1142632.61]}, "properties": {"d": 140.0, "s": 41, "base": 0, "post": 1, "recover": 0, "q1": 0}}, {"type": "Feature", "geometry": {"type": "Point", "coordinates": [325274.16, 1142637.08]}, "properties": {"d": 150.0, "s": 41, "base": 0, "post": 1, "recover": 0, "q1": 0}}, {"type": "Feature", "geometry": {"type": "Point", "coordinates": [371069.44, 1179485.28]}, "properties": {"d": -100.0, "s": 42, "base": 1, "post": 1, "recover": 0, "q1": 0}}, {"type": "Feature", "geometry": {"type": "Point", "coordinates": [371060.5, 1179489.75]}, "properties": {"d": -90.0, "s": 42, "base": 1, "post": 1, "recover": 0, "q1": 0}}, {"type": "Feature", "geometry": {"type": "Point", "coordinates": [371051.55, 1179494.22]}, "properties": {"d": -80.0, "s": 42, "base": 1, "post": 1, "recover": 0, "q1": 0}}, {"type": "Feature", "geometry": {"type": "Point", "coordinates": [371042.61, 1179498.7]}, "properties": {"d": -70.0, "s": 42, "base": 1, "post": 0, "recover": 0, "q1": 0}}, {"type": "Feature", "geometry": {"type": "Point", "coordinates": [371033.67, 1179503.17]}, "properties": {"d": -60.0, "s": 42, "base": 1, "post": -1, "recover": -1, "q1": -1}}, {"type": "Feature", "geometry": {"type": "Point", "coordinates": [371024.72, 1179507.64]}, "properties": {"d": -50.0, "s": 42, "base": 1, "post": -1, "recover": -1, "q1": -1}}, {"type": "Feature", "geometry": {"type": "Point", "coordinates": [371015.78, 1179512.11]}, "properties": {"d": -40.0, "s": 42, "base": -1, "post": -1, "recover": -1, "q1": -1}}, {"type": "Feature", "geometry": {"type": "Point", "coordinates": [371006.83, 1179516.58]}, "properties": {"d": -30.0, "s": 42, "base": -1, "post": -1, "recover": -1, "q1": -1}}, {"type": "Feature", "geometry": {"type": "Point", "coordinates": [370997.89, 1179521.06]}, "properties": {"d": -20.0, "s": 42, "base": 1, "post": 0, "recover": -1, "q1": -1}}, {"type": "Feature", "geometry": {"type": "Point", "coordinates": [370988.94, 1179525.53]}, "properties": {"d": -10.0, "s": 42, "base": 0, "post": 0, "recover": -1, "q1": -1}}, {"type": "Feature", "geometry": {"type": "Point", "coordinates": [370980.0, 1179530.0]}, "properties": {"d": 0.0, "s": 42, "base": 0, "post": 0, "recover": -1, "q1": -1}}, {"type": "Feature", "geometry": {"type": "Point", "coordinates": [370971.06, 1179534.47]}, "properties": {"d": 10.0, "s": 42, "base": 0, "post": 1, "recover": -1, "q1": -1}}, {"type": "Feature", "geometry": {"type": "Point", "coordinates": [370962.11, 1179538.94]}, "properties": {"d": 20.0, "s": 42, "base": 0, "post": 1, "recover": -1, "q1": -1}}, {"type": "Feature", "geometry": {"type": "Point", "coordinates": [370953.17, 1179543.42]}, "properties": {"d": 30.0, "s": 42, "base": 0, "post": 1, "recover": -1, "q1": -1}}, {"type": "Feature", "geometry": {"type": "Point", "coordinates": [370944.22, 1179547.89]}, "properties": {"d": 40.0, "s": 42, "base": 0, "post": 1, "recover": -1, "q1": -1}}, {"type": "Feature", "geometry": {"type": "Point", "coordinates": [370935.28, 1179552.36]}, "properties": {"d": 50.0, "s": 42, "base": 0, "post": -1, "recover": -1, "q1": -1}}, {"type": "Feature", "geometry": {"type": "Point", "coordinates": [370926.33, 1179556.83]}, "properties": {"d": 60.0, "s": 42, "base": 0, "post": -1, "recover": -1, "q1": -1}}, {"type": "Feature", "geometry": {"type": "Point", "coordinates": [370917.39, 1179561.3]}, "properties": {"d": 70.0, "s": 42, "base": 0, "post": 1, "recover": -1, "q1": -1}}, {"type": "Feature", "geometry": {"type": "Point", "coordinates": [370908.45, 1179565.78]}, "properties": {"d": 80.0, "s": 42, "base": 0, "post": 0, "recover": -1, "q1": -1}}, {"type": "Feature", "geometry": {"type": "Point", "coordinates": [370899.5, 1179570.25]}, "properties": {"d": 90.0, "s": 42, "base": 0, "post": 0, "recover": -1, "q1": -1}}, {"type": "Feature", "geometry": {"type": "Point", "coordinates": [370890.56, 1179574.72]}, "properties": {"d": 100.0, "s": 42, "base": 0, "post": 0, "recover": -1, "q1": -1}}, {"type": "Feature", "geometry": {"type": "Point", "coordinates": [370881.61, 1179579.19]}, "properties": {"d": 110.0, "s": 42, "base": 0, "post": 0, "recover": -1, "q1": -1}}, {"type": "Feature", "geometry": {"type": "Point", "coordinates": [370872.67, 1179583.67]}, "properties": {"d": 120.0, "s": 42, "base": 0, "post": 0, "recover": -1, "q1": -1}}, {"type": "Feature", "geometry": {"type": "Point", "coordinates": [370863.72, 1179588.14]}, "properties": {"d": 130.0, "s": 42, "base": 0, "post": 0, "recover": -1, "q1": -1}}, {"type": "Feature", "geometry": {"type": "Point", "coordinates": [370854.78, 1179592.61]}, "properties": {"d": 140.0, "s": 42, "base": 0, "post": 0, "recover": 0, "q1": -1}}, {"type": "Feature", "geometry": {"type": "Point", "coordinates": [370845.84, 1179597.08]}, "properties": {"d": 150.0, "s": 42, "base": 0, "post": 0, "recover": 0, "q1": -1}}, {"type": "Feature", "geometry": {"type": "Point", "coordinates": [373609.29, 1153169.29]}, "properties": {"d": -100.0, "s": 43, "base": 1, "post": 1, "recover": 1, "q1": -1}}, {"type": "Feature", "geometry": {"type": "Point", "coordinates": [373616.36, 1153176.36]}, "properties": {"d": -90.0, "s": 43, "base": 1, "post": 1, "recover": 1, "q1": -1}}, {"type": "Feature", "geometry": {"type": "Point", "coordinates": [373623.43, 1153183.43]}, "properties": {"d": -80.0, "s": 43, "base": 1, "post": 1, "recover": 1, "q1": -1}}, {"type": "Feature", "geometry": {"type": "Point", "coordinates": [373630.5, 1153190.5]}, "properties": {"d": -70.0, "s": 43, "base": 1, "post": 1, "recover": 1, "q1": -1}}, {"type": "Feature", "geometry": {"type": "Point", "coordinates": [373637.57, 1153197.57]}, "properties": {"d": -60.0, "s": 43, "base": 1, "post": 1, "recover": 1, "q1": -1}}, {"type": "Feature", "geometry": {"type": "Point", "coordinates": [373644.64, 1153204.64]}, "properties": {"d": -50.0, "s": 43, "base": 1, "post": 1, "recover": 1, "q1": -1}}, {"type": "Feature", "geometry": {"type": "Point", "coordinates": [373651.72, 1153211.72]}, "properties": {"d": -40.0, "s": 43, "base": 1, "post": 1, "recover": 1, "q1": -1}}, {"type": "Feature", "geometry": {"type": "Point", "coordinates": [373658.79, 1153218.79]}, "properties": {"d": -30.0, "s": 43, "base": 1, "post": 1, "recover": 1, "q1": -1}}, {"type": "Feature", "geometry": {"type": "Point", "coordinates": [373665.86, 1153225.86]}, "properties": {"d": -20.0, "s": 43, "base": 1, "post": 1, "recover": 1, "q1": -1}}, {"type": "Feature", "geometry": {"type": "Point", "coordinates": [373672.93, 1153232.93]}, "properties": {"d": -10.0, "s": 43, "base": 1, "post": 1, "recover": 1, "q1": -1}}, {"type": "Feature", "geometry": {"type": "Point", "coordinates": [373680.0, 1153240.0]}, "properties": {"d": 0.0, "s": 43, "base": 1, "post": 1, "recover": 1, "q1": -1}}, {"type": "Feature", "geometry": {"type": "Point", "coordinates": [373687.07, 1153247.07]}, "properties": {"d": 10.0, "s": 43, "base": 0, "post": 1, "recover": 1, "q1": -1}}, {"type": "Feature", "geometry": {"type": "Point", "coordinates": [373694.14, 1153254.14]}, "properties": {"d": 20.0, "s": 43, "base": 0, "post": 1, "recover": 0, "q1": -1}}, {"type": "Feature", "geometry": {"type": "Point", "coordinates": [373701.21, 1153261.21]}, "properties": {"d": 30.0, "s": 43, "base": 0, "post": 1, "recover": 0, "q1": -1}}, {"type": "Feature", "geometry": {"type": "Point", "coordinates": [373708.28, 1153268.28]}, "properties": {"d": 40.0, "s": 43, "base": 0, "post": 1, "recover": 0, "q1": -1}}, {"type": "Feature", "geometry": {"type": "Point", "coordinates": [373715.36, 1153275.36]}, "properties": {"d": 50.0, "s": 43, "base": 0, "post": 1, "recover": 0, "q1": -1}}, {"type": "Feature", "geometry": {"type": "Point", "coordinates": [373722.43, 1153282.43]}, "properties": {"d": 60.0, "s": 43, "base": 0, "post": 1, "recover": 1, "q1": -1}}, {"type": "Feature", "geometry": {"type": "Point", "coordinates": [373729.5, 1153289.5]}, "properties": {"d": 70.0, "s": 43, "base": 0, "post": 1, "recover": 1, "q1": -1}}, {"type": "Feature", "geometry": {"type": "Point", "coordinates": [373736.57, 1153296.57]}, "properties": {"d": 80.0, "s": 43, "base": 0, "post": 1, "recover": 1, "q1": -1}}, {"type": "Feature", "geometry": {"type": "Point", "coordinates": [373743.64, 1153303.64]}, "properties": {"d": 90.0, "s": 43, "base": 0, "post": 1, "recover": 1, "q1": -1}}, {"type": "Feature", "geometry": {"type": "Point", "coordinates": [373750.71, 1153310.71]}, "properties": {"d": 100.0, "s": 43, "base": 0, "post": 1, "recover": 1, "q1": -1}}, {"type": "Feature", "geometry": {"type": "Point", "coordinates": [373757.78, 1153317.78]}, "properties": {"d": 110.0, "s": 43, "base": 0, "post": 1, "recover": 0, "q1": -1}}, {"type": "Feature", "geometry": {"type": "Point", "coordinates": [373764.85, 1153324.85]}, "properties": {"d": 120.0, "s": 43, "base": 0, "post": 1, "recover": 1, "q1": -1}}, {"type": "Feature", "geometry": {"type": "Point", "coordinates": [373771.92, 1153331.92]}, "properties": {"d": 130.0, "s": 43, "base": 0, "post": 1, "recover": 1, "q1": -1}}, {"type": "Feature", "geometry": {"type": "Point", "coordinates": [373778.99, 1153338.99]}, "properties": {"d": 140.0, "s": 43, "base": 0, "post": 1, "recover": 1, "q1": -1}}, {"type": "Feature", "geometry": {"type": "Point", "coordinates": [373786.07, 1153346.07]}, "properties": {"d": 150.0, "s": 43, "base": 0, "post": 1, "recover": 1, "q1": -1}}, {"type": "Feature", "geometry": {"type": "Point", "coordinates": [372890.71, 1154389.29]}, "properties": {"d": -100.0, "s": 44, "base": 1, "post": 1, "recover": 1, "q1": -1}}, {"type": "Feature", "geometry": {"type": "Point", "coordinates": [372883.64, 1154396.36]}, "properties": {"d": -90.0, "s": 44, "base": 1, "post": 1, "recover": 1, "q1": -1}}, {"type": "Feature", "geometry": {"type": "Point", "coordinates": [372876.57, 1154403.43]}, "properties": {"d": -80.0, "s": 44, "base": 1, "post": 1, "recover": 1, "q1": -1}}, {"type": "Feature", "geometry": {"type": "Point", "coordinates": [372869.5, 1154410.5]}, "properties": {"d": -70.0, "s": 44, "base": 1, "post": 1, "recover": 1, "q1": -1}}, {"type": "Feature", "geometry": {"type": "Point", "coordinates": [372862.43, 1154417.57]}, "properties": {"d": -60.0, "s": 44, "base": 1, "post": 1, "recover": 1, "q1": -1}}, {"type": "Feature", "geometry": {"type": "Point", "coordinates": [372855.36, 1154424.64]}, "properties": {"d": -50.0, "s": 44, "base": 0, "post": 1, "recover": -1, "q1": -1}}, {"type": "Feature", "geometry": {"type": "Point", "coordinates": [372848.28, 1154431.72]}, "properties": {"d": -40.0, "s": 44, "base": 1, "post": 1, "recover": -1, "q1": -1}}, {"type": "Feature", "geometry": {"type": "Point", "coordinates": [372841.21, 1154438.79]}, "properties": {"d": -30.0, "s": 44, "base": 1, "post": 1, "recover": -1, "q1": -1}}, {"type": "Feature", "geometry": {"type": "Point", "coordinates": [372834.14, 1154445.86]}, "properties": {"d": -20.0, "s": 44, "base": 1, "post": 1, "recover": -1, "q1": -1}}, {"type": "Feature", "geometry": {"type": "Point", "coordinates": [372827.07, 1154452.93]}, "properties": {"d": -10.0, "s": 44, "base": 1, "post": 1, "recover": -1, "q1": -1}}, {"type": "Feature", "geometry": {"type": "Point", "coordinates": [372820.0, 1154460.0]}, "properties": {"d": 0.0, "s": 44, "base": 1, "post": 1, "recover": -1, "q1": -1}}, {"type": "Feature", "geometry": {"type": "Point", "coordinates": [372812.93, 1154467.07]}, "properties": {"d": 10.0, "s": 44, "base": 1, "post": 1, "recover": -1, "q1": -1}}, {"type": "Feature", "geometry": {"type": "Point", "coordinates": [372805.86, 1154474.14]}, "properties": {"d": 20.0, "s": 44, "base": 0, "post": 1, "recover": -1, "q1": -1}}, {"type": "Feature", "geometry": {"type": "Point", "coordinates": [372798.79, 1154481.21]}, "properties": {"d": 30.0, "s": 44, "base": 0, "post": 0, "recover": -1, "q1": -1}}, {"type": "Feature", "geometry": {"type": "Point", "coordinates": [372791.72, 1154488.28]}, "properties": {"d": 40.0, "s": 44, "base": 0, "post": 0, "recover": -1, "q1": -1}}, {"type": "Feature", "geometry": {"type": "Point", "coordinates": [372784.64, 1154495.36]}, "properties": {"d": 50.0, "s": 44, "base": 0, "post": 0, "recover": -1, "q1": -1}}, {"type": "Feature", "geometry": {"type": "Point", "coordinates": [372777.57, 1154502.43]}, "properties": {"d": 60.0, "s": 44, "base": 0, "post": 0, "recover": -1, "q1": -1}}, {"type": "Feature", "geometry": {"type": "Point", "coordinates": [372770.5, 1154509.5]}, "properties": {"d": 70.0, "s": 44, "base": 0, "post": 0, "recover": -1, "q1": -1}}, {"type": "Feature", "geometry": {"type": "Point", "coordinates": [372763.43, 1154516.57]}, "properties": {"d": 80.0, "s": 44, "base": 0, "post": 0, "recover": -1, "q1": -1}}, {"type": "Feature", "geometry": {"type": "Point", "coordinates": [372756.36, 1154523.64]}, "properties": {"d": 90.0, "s": 44, "base": 0, "post": 0, "recover": -1, "q1": -1}}, {"type": "Feature", "geometry": {"type": "Point", "coordinates": [372749.29, 1154530.71]}, "properties": {"d": 100.0, "s": 44, "base": 0, "post": 0, "recover": -1, "q1": -1}}, {"type": "Feature", "geometry": {"type": "Point", "coordinates": [372742.22, 1154537.78]}, "properties": {"d": 110.0, "s": 44, "base": 0, "post": 0, "recover": 0, "q1": -1}}, {"type": "Feature", "geometry": {"type": "Point", "coordinates": [372735.15, 1154544.85]}, "properties": {"d": 120.0, "s": 44, "base": 0, "post": 0, "recover": 0, "q1": -1}}, {"type": "Feature", "geometry": {"type": "Point", "coordinates": [372728.08, 1154551.92]}, "properties": {"d": 130.0, "s": 44, "base": 0, "post": 0, "recover": 0, "q1": -1}}, {"type": "Feature", "geometry": {"type": "Point", "coordinates": [372721.01, 1154558.99]}, "properties": {"d": 140.0, "s": 44, "base": 0, "post": 0, "recover": 0, "q1": -1}}, {"type": "Feature", "geometry": {"type": "Point", "coordinates": [372713.93, 1154566.07]}, "properties": {"d": 150.0, "s": 44, "base": 0, "post": 0, "recover": 0, "q1": -1}}, {"type": "Feature", "geometry": {"type": "Point", "coordinates": [373890.0, 1153490.0]}, "properties": {"d": -100.0, "s": 45, "base": 0, "post": 1, "recover": 1, "q1": -1}}, {"type": "Feature", "geometry": {"type": "Point", "coordinates": [373890.0, 1153500.0]}, "properties": {"d": -90.0, "s": 45, "base": 1, "post": 1, "recover": 1, "q1": -1}}, {"type": "Feature", "geometry": {"type": "Point", "coordinates": [373890.0, 1153510.0]}, "properties": {"d": -80.0, "s": 45, "base": 1, "post": 1, "recover": 1, "q1": -1}}, {"type": "Feature", "geometry": {"type": "Point", "coordinates": [373890.0, 1153520.0]}, "properties": {"d": -70.0, "s": 45, "base": 1, "post": 1, "recover": 1, "q1": -1}}, {"type": "Feature", "geometry": {"type": "Point", "coordinates": [373890.0, 1153530.0]}, "properties": {"d": -60.0, "s": 45, "base": 1, "post": 1, "recover": 1, "q1": -1}}, {"type": "Feature", "geometry": {"type": "Point", "coordinates": [373890.0, 1153540.0]}, "properties": {"d": -50.0, "s": 45, "base": 1, "post": 1, "recover": 1, "q1": -1}}, {"type": "Feature", "geometry": {"type": "Point", "coordinates": [373890.0, 1153550.0]}, "properties": {"d": -40.0, "s": 45, "base": 1, "post": 1, "recover": 1, "q1": -1}}, {"type": "Feature", "geometry": {"type": "Point", "coordinates": [373890.0, 1153560.0]}, "properties": {"d": -30.0, "s": 45, "base": 1, "post": 1, "recover": 1, "q1": -1}}, {"type": "Feature", "geometry": {"type": "Point", "coordinates": [373890.0, 1153570.0]}, "properties": {"d": -20.0, "s": 45, "base": 1, "post": 1, "recover": 1, "q1": -1}}, {"type": "Feature", "geometry": {"type": "Point", "coordinates": [373890.0, 1153580.0]}, "properties": {"d": -10.0, "s": 45, "base": 1, "post": 1, "recover": 1, "q1": -1}}, {"type": "Feature", "geometry": {"type": "Point", "coordinates": [373890.0, 1153590.0]}, "properties": {"d": 0.0, "s": 45, "base": 1, "post": 1, "recover": 1, "q1": -1}}, {"type": "Feature", "geometry": {"type": "Point", "coordinates": [373890.0, 1153600.0]}, "properties": {"d": 10.0, "s": 45, "base": 0, "post": 1, "recover": 1, "q1": -1}}, {"type": "Feature", "geometry": {"type": "Point", "coordinates": [373890.0, 1153610.0]}, "properties": {"d": 20.0, "s": 45, "base": 0, "post": 1, "recover": 1, "q1": -1}}, {"type": "Feature", "geometry": {"type": "Point", "coordinates": [373890.0, 1153620.0]}, "properties": {"d": 30.0, "s": 45, "base": 1, "post": 1, "recover": 1, "q1": -1}}, {"type": "Feature", "geometry": {"type": "Point", "coordinates": [373890.0, 1153630.0]}, "properties": {"d": 40.0, "s": 45, "base": 0, "post": 1, "recover": 1, "q1": -1}}, {"type": "Feature", "geometry": {"type": "Point", "coordinates": [373890.0, 1153640.0]}, "properties": {"d": 50.0, "s": 45, "base": 0, "post": 1, "recover": 1, "q1": -1}}, {"type": "Feature", "geometry": {"type": "Point", "coordinates": [373890.0, 1153650.0]}, "properties": {"d": 60.0, "s": 45, "base": 0, "post": 1, "recover": -1, "q1": -1}}, {"type": "Feature", "geometry": {"type": "Point", "coordinates": [373890.0, 1153660.0]}, "properties": {"d": 70.0, "s": 45, "base": 0, "post": 1, "recover": -1, "q1": -1}}, {"type": "Feature", "geometry": {"type": "Point", "coordinates": [373890.0, 1153670.0]}, "properties": {"d": 80.0, "s": 45, "base": 0, "post": 1, "recover": -1, "q1": -1}}, {"type": "Feature", "geometry": {"type": "Point", "coordinates": [373890.0, 1153680.0]}, "properties": {"d": 90.0, "s": 45, "base": 0, "post": 1, "recover": -1, "q1": -1}}, {"type": "Feature", "geometry": {"type": "Point", "coordinates": [373890.0, 1153690.0]}, "properties": {"d": 100.0, "s": 45, "base": 0, "post": 1, "recover": -1, "q1": -1}}, {"type": "Feature", "geometry": {"type": "Point", "coordinates": [373890.0, 1153700.0]}, "properties": {"d": 110.0, "s": 45, "base": 0, "post": 1, "recover": -1, "q1": -1}}, {"type": "Feature", "geometry": {"type": "Point", "coordinates": [373890.0, 1153710.0]}, "properties": {"d": 120.0, "s": 45, "base": 0, "post": 1, "recover": -1, "q1": -1}}, {"type": "Feature", "geometry": {"type": "Point", "coordinates": [373890.0, 1153720.0]}, "properties": {"d": 130.0, "s": 45, "base": 0, "post": 1, "recover": -1, "q1": -1}}, {"type": "Feature", "geometry": {"type": "Point", "coordinates": [373890.0, 1153730.0]}, "properties": {"d": 140.0, "s": 45, "base": 0, "post": 1, "recover": -1, "q1": -1}}, {"type": "Feature", "geometry": {"type": "Point", "coordinates": [373890.0, 1153740.0]}, "properties": {"d": 150.0, "s": 45, "base": 0, "post": 1, "recover": -1, "q1": -1}}, {"type": "Feature", "geometry": {"type": "Point", "coordinates": [331420.0, 1146000.0]}, "properties": {"d": -100.0, "s": 46, "base": -1, "post": 1, "recover": 1, "q1": -1}}, {"type": "Feature", "geometry": {"type": "Point", "coordinates": [331410.0, 1146000.0]}, "properties": {"d": -90.0, "s": 46, "base": -1, "post": 1, "recover": 1, "q1": -1}}, {"type": "Feature", "geometry": {"type": "Point", "coordinates": [331400.0, 1146000.0]}, "properties": {"d": -80.0, "s": 46, "base": -1, "post": 1, "recover": 1, "q1": -1}}, {"type": "Feature", "geometry": {"type": "Point", "coordinates": [331390.0, 1146000.0]}, "properties": {"d": -70.0, "s": 46, "base": -1, "post": 1, "recover": 1, "q1": -1}}, {"type": "Feature", "geometry": {"type": "Point", "coordinates": [331380.0, 1146000.0]}, "properties": {"d": -60.0, "s": 46, "base": -1, "post": 1, "recover": 1, "q1": -1}}, {"type": "Feature", "geometry": {"type": "Point", "coordinates": [331370.0, 1146000.0]}, "properties": {"d": -50.0, "s": 46, "base": -1, "post": 1, "recover": 1, "q1": -1}}, {"type": "Feature", "geometry": {"type": "Point", "coordinates": [331360.0, 1146000.0]}, "properties": {"d": -40.0, "s": 46, "base": -1, "post": 1, "recover": 1, "q1": -1}}, {"type": "Feature", "geometry": {"type": "Point", "coordinates": [331350.0, 1146000.0]}, "properties": {"d": -30.0, "s": 46, "base": -1, "post": 1, "recover": 1, "q1": -1}}, {"type": "Feature", "geometry": {"type": "Point", "coordinates": [331340.0, 1146000.0]}, "properties": {"d": -20.0, "s": 46, "base": -1, "post": 1, "recover": 1, "q1": -1}}, {"type": "Feature", "geometry": {"type": "Point", "coordinates": [331330.0, 1146000.0]}, "properties": {"d": -10.0, "s": 46, "base": -1, "post": 1, "recover": 1, "q1": -1}}, {"type": "Feature", "geometry": {"type": "Point", "coordinates": [331320.0, 1146000.0]}, "properties": {"d": 0.0, "s": 46, "base": 1, "post": 1, "recover": 1, "q1": -1}}, {"type": "Feature", "geometry": {"type": "Point", "coordinates": [331310.0, 1146000.0]}, "properties": {"d": 10.0, "s": 46, "base": 0, "post": 1, "recover": 1, "q1": -1}}, {"type": "Feature", "geometry": {"type": "Point", "coordinates": [331300.0, 1146000.0]}, "properties": {"d": 20.0, "s": 46, "base": 0, "post": 1, "recover": 1, "q1": -1}}, {"type": "Feature", "geometry": {"type": "Point", "coordinates": [331290.0, 1146000.0]}, "properties": {"d": 30.0, "s": 46, "base": 0, "post": 1, "recover": 1, "q1": -1}}, {"type": "Feature", "geometry": {"type": "Point", "coordinates": [331280.0, 1146000.0]}, "properties": {"d": 40.0, "s": 46, "base": 0, "post": 1, "recover": 1, "q1": -1}}, {"type": "Feature", "geometry": {"type": "Point", "coordinates": [331270.0, 1146000.0]}, "properties": {"d": 50.0, "s": 46, "base": 0, "post": 1, "recover": 1, "q1": -1}}, {"type": "Feature", "geometry": {"type": "Point", "coordinates": [331260.0, 1146000.0]}, "properties": {"d": 60.0, "s": 46, "base": 0, "post": 1, "recover": 1, "q1": -1}}, {"type": "Feature", "geometry": {"type": "Point", "coordinates": [331250.0, 1146000.0]}, "properties": {"d": 70.0, "s": 46, "base": 0, "post": 1, "recover": 1, "q1": -1}}, {"type": "Feature", "geometry": {"type": "Point", "coordinates": [331240.0, 1146000.0]}, "properties": {"d": 80.0, "s": 46, "base": 0, "post": 1, "recover": 1, "q1": -1}}, {"type": "Feature", "geometry": {"type": "Point", "coordinates": [331230.0, 1146000.0]}, "properties": {"d": 90.0, "s": 46, "base": 0, "post": 1, "recover": 1, "q1": -1}}, {"type": "Feature", "geometry": {"type": "Point", "coordinates": [331220.0, 1146000.0]}, "properties": {"d": 100.0, "s": 46, "base": 0, "post": 1, "recover": 1, "q1": -1}}, {"type": "Feature", "geometry": {"type": "Point", "coordinates": [331210.0, 1146000.0]}, "properties": {"d": 110.0, "s": 46, "base": 0, "post": 1, "recover": 1, "q1": -1}}, {"type": "Feature", "geometry": {"type": "Point", "coordinates": [331200.0, 1146000.0]}, "properties": {"d": 120.0, "s": 46, "base": 0, "post": 1, "recover": 1, "q1": -1}}, {"type": "Feature", "geometry": {"type": "Point", "coordinates": [331190.0, 1146000.0]}, "properties": {"d": 130.0, "s": 46, "base": 0, "post": 1, "recover": 1, "q1": -1}}, {"type": "Feature", "geometry": {"type": "Point", "coordinates": [331180.0, 1146000.0]}, "properties": {"d": 140.0, "s": 46, "base": 0, "post": 1, "recover": 1, "q1": -1}}, {"type": "Feature", "geometry": {"type": "Point", "coordinates": [331170.0, 1146000.0]}, "properties": {"d": 150.0, "s": 46, "base": 0, "post": 1, "recover": 1, "q1": -1}}, {"type": "Feature", "geometry": {"type": "Point", "coordinates": [334870.71, 1144600.71]}, "properties": {"d": -100.0, "s": 47, "base": 1, "post": 1, "recover": 1, "q1": -1}}, {"type": "Feature", "geometry": {"type": "Point", "coordinates": [334863.64, 1144593.64]}, "properties": {"d": -90.0, "s": 47, "base": 1, "post": 1, "recover": 1, "q1": -1}}, {"type": "Feature", "geometry": {"type": "Point", "coordinates": [334856.57, 1144586.57]}, "properties": {"d": -80.0, "s": 47, "base": 1, "post": 1, "recover": 1, "q1": -1}}, {"type": "Feature", "geometry": {"type": "Point", "coordinates": [334849.5, 1144579.5]}, "properties": {"d": -70.0, "s": 47, "base": 1, "post": 1, "recover": 1, "q1": -1}}, {"type": "Feature", "geometry": {"type": "Point", "coordinates": [334842.43, 1144572.43]}, "properties": {"d": -60.0, "s": 47, "base": 1, "post": 1, "recover": 1, "q1": -1}}, {"type": "Feature", "geometry": {"type": "Point", "coordinates": [334835.36, 1144565.36]}, "properties": {"d": -50.0, "s": 47, "base": 1, "post": 1, "recover": 1, "q1": -1}}, {"type": "Feature", "geometry": {"type": "Point", "coordinates": [334828.28, 1144558.28]}, "properties": {"d": -40.0, "s": 47, "base": 1, "post": 1, "recover": 1, "q1": -1}}, {"type": "Feature", "geometry": {"type": "Point", "coordinates": [334821.21, 1144551.21]}, "properties": {"d": -30.0, "s": 47, "base": 1, "post": 1, "recover": 1, "q1": -1}}, {"type": "Feature", "geometry": {"type": "Point", "coordinates": [334814.14, 1144544.14]}, "properties": {"d": -20.0, "s": 47, "base": 1, "post": 1, "recover": 0, "q1": -1}}, {"type": "Feature", "geometry": {"type": "Point", "coordinates": [334807.07, 1144537.07]}, "properties": {"d": -10.0, "s": 47, "base": 1, "post": 1, "recover": 0, "q1": -1}}, {"type": "Feature", "geometry": {"type": "Point", "coordinates": [334800.0, 1144530.0]}, "properties": {"d": 0.0, "s": 47, "base": 0, "post": 0, "recover": 0, "q1": -1}}, {"type": "Feature", "geometry": {"type": "Point", "coordinates": [334792.93, 1144522.93]}, "properties": {"d": 10.0, "s": 47, "base": 1, "post": 1, "recover": 1, "q1": -1}}, {"type": "Feature", "geometry": {"type": "Point", "coordinates": [334785.86, 1144515.86]}, "properties": {"d": 20.0, "s": 47, "base": 1, "post": 1, "recover": 1, "q1": -1}}, {"type": "Feature", "geometry": {"type": "Point", "coordinates": [334778.79, 1144508.79]}, "properties": {"d": 30.0, "s": 47, "base": 1, "post": 1, "recover": 1, "q1": -1}}, {"type": "Feature", "geometry": {"type": "Point", "coordinates": [334771.72, 1144501.72]}, "properties": {"d": 40.0, "s": 47, "base": 0, "post": 0, "recover": 1, "q1": -1}}, {"type": "Feature", "geometry": {"type": "Point", "coordinates": [334764.64, 1144494.64]}, "properties": {"d": 50.0, "s": 47, "base": 0, "post": 0, "recover": 1, "q1": -1}}, {"type": "Feature", "geometry": {"type": "Point", "coordinates": [334757.57, 1144487.57]}, "properties": {"d": 60.0, "s": 47, "base": 0, "post": 1, "recover": 0, "q1": -1}}, {"type": "Feature", "geometry": {"type": "Point", "coordinates": [334750.5, 1144480.5]}, "properties": {"d": 70.0, "s": 47, "base": 0, "post": 1, "recover": 1, "q1": -1}}, {"type": "Feature", "geometry": {"type": "Point", "coordinates": [334743.43, 1144473.43]}, "properties": {"d": 80.0, "s": 47, "base": 0, "post": 1, "recover": 1, "q1": -1}}, {"type": "Feature", "geometry": {"type": "Point", "coordinates": [334736.36, 1144466.36]}, "properties": {"d": 90.0, "s": 47, "base": 0, "post": 1, "recover": 1, "q1": -1}}, {"type": "Feature", "geometry": {"type": "Point", "coordinates": [334729.29, 1144459.29]}, "properties": {"d": 100.0, "s": 47, "base": 0, "post": 1, "recover": 1, "q1": -1}}, {"type": "Feature", "geometry": {"type": "Point", "coordinates": [334722.22, 1144452.22]}, "properties": {"d": 110.0, "s": 47, "base": 0, "post": 1, "recover": 1, "q1": -1}}, {"type": "Feature", "geometry": {"type": "Point", "coordinates": [334715.15, 1144445.15]}, "properties": {"d": 120.0, "s": 47, "base": 0, "post": 1, "recover": 1, "q1": -1}}, {"type": "Feature", "geometry": {"type": "Point", "coordinates": [334708.08, 1144438.08]}, "properties": {"d": 130.0, "s": 47, "base": 0, "post": 1, "recover": 1, "q1": -1}}, {"type": "Feature", "geometry": {"type": "Point", "coordinates": [334701.01, 1144431.01]}, "properties": {"d": 140.0, "s": 47, "base": 0, "post": 1, "recover": 1, "q1": -1}}, {"type": "Feature", "geometry": {"type": "Point", "coordinates": [334693.93, 1144423.93]}, "properties": {"d": 150.0, "s": 47, "base": 0, "post": 1, "recover": 1, "q1": -1}}, {"type": "Feature", "geometry": {"type": "Point", "coordinates": [337210.71, 1147189.29]}, "properties": {"d": -100.0, "s": 48, "base": -1, "post": 1, "recover": -1, "q1": -1}}, {"type": "Feature", "geometry": {"type": "Point", "coordinates": [337203.64, 1147196.36]}, "properties": {"d": -90.0, "s": 48, "base": -1, "post": 1, "recover": -1, "q1": -1}}, {"type": "Feature", "geometry": {"type": "Point", "coordinates": [337196.57, 1147203.43]}, "properties": {"d": -80.0, "s": 48, "base": -1, "post": 1, "recover": -1, "q1": -1}}, {"type": "Feature", "geometry": {"type": "Point", "coordinates": [337189.5, 1147210.5]}, "properties": {"d": -70.0, "s": 48, "base": -1, "post": 1, "recover": -1, "q1": -1}}, {"type": "Feature", "geometry": {"type": "Point", "coordinates": [337182.43, 1147217.57]}, "properties": {"d": -60.0, "s": 48, "base": -1, "post": 0, "recover": -1, "q1": -1}}, {"type": "Feature", "geometry": {"type": "Point", "coordinates": [337175.36, 1147224.64]}, "properties": {"d": -50.0, "s": 48, "base": -1, "post": 0, "recover": -1, "q1": -1}}, {"type": "Feature", "geometry": {"type": "Point", "coordinates": [337168.28, 1147231.72]}, "properties": {"d": -40.0, "s": 48, "base": -1, "post": 1, "recover": -1, "q1": -1}}, {"type": "Feature", "geometry": {"type": "Point", "coordinates": [337161.21, 1147238.79]}, "properties": {"d": -30.0, "s": 48, "base": -1, "post": 1, "recover": -1, "q1": -1}}, {"type": "Feature", "geometry": {"type": "Point", "coordinates": [337154.14, 1147245.86]}, "properties": {"d": -20.0, "s": 48, "base": -1, "post": 1, "recover": -1, "q1": -1}}, {"type": "Feature", "geometry": {"type": "Point", "coordinates": [337147.07, 1147252.93]}, "properties": {"d": -10.0, "s": 48, "base": -1, "post": 1, "recover": -1, "q1": -1}}, {"type": "Feature", "geometry": {"type": "Point", "coordinates": [337140.0, 1147260.0]}, "properties": {"d": 0.0, "s": 48, "base": -1, "post": 1, "recover": -1, "q1": -1}}, {"type": "Feature", "geometry": {"type": "Point", "coordinates": [337132.93, 1147267.07]}, "properties": {"d": 10.0, "s": 48, "base": 0, "post": 1, "recover": -1, "q1": -1}}, {"type": "Feature", "geometry": {"type": "Point", "coordinates": [337125.86, 1147274.14]}, "properties": {"d": 20.0, "s": 48, "base": 0, "post": 1, "recover": -1, "q1": -1}}, {"type": "Feature", "geometry": {"type": "Point", "coordinates": [337118.79, 1147281.21]}, "properties": {"d": 30.0, "s": 48, "base": 0, "post": 1, "recover": -1, "q1": -1}}, {"type": "Feature", "geometry": {"type": "Point", "coordinates": [337111.72, 1147288.28]}, "properties": {"d": 40.0, "s": 48, "base": 0, "post": 1, "recover": -1, "q1": -1}}, {"type": "Feature", "geometry": {"type": "Point", "coordinates": [337104.64, 1147295.36]}, "properties": {"d": 50.0, "s": 48, "base": 0, "post": 1, "recover": -1, "q1": -1}}, {"type": "Feature", "geometry": {"type": "Point", "coordinates": [337097.57, 1147302.43]}, "properties": {"d": 60.0, "s": 48, "base": 0, "post": 1, "recover": -1, "q1": -1}}, {"type": "Feature", "geometry": {"type": "Point", "coordinates": [337090.5, 1147309.5]}, "properties": {"d": 70.0, "s": 48, "base": 0, "post": 1, "recover": -1, "q1": -1}}, {"type": "Feature", "geometry": {"type": "Point", "coordinates": [337083.43, 1147316.57]}, "properties": {"d": 80.0, "s": 48, "base": 0, "post": 1, "recover": -1, "q1": -1}}, {"type": "Feature", "geometry": {"type": "Point", "coordinates": [337076.36, 1147323.64]}, "properties": {"d": 90.0, "s": 48, "base": 0, "post": 1, "recover": -1, "q1": -1}}, {"type": "Feature", "geometry": {"type": "Point", "coordinates": [337069.29, 1147330.71]}, "properties": {"d": 100.0, "s": 48, "base": 0, "post": 1, "recover": -1, "q1": -1}}, {"type": "Feature", "geometry": {"type": "Point", "coordinates": [337062.22, 1147337.78]}, "properties": {"d": 110.0, "s": 48, "base": 1, "post": 1, "recover": -1, "q1": -1}}, {"type": "Feature", "geometry": {"type": "Point", "coordinates": [337055.15, 1147344.85]}, "properties": {"d": 120.0, "s": 48, "base": 0, "post": 1, "recover": -1, "q1": -1}}, {"type": "Feature", "geometry": {"type": "Point", "coordinates": [337048.08, 1147351.92]}, "properties": {"d": 130.0, "s": 48, "base": 0, "post": 0, "recover": -1, "q1": -1}}, {"type": "Feature", "geometry": {"type": "Point", "coordinates": [337041.01, 1147358.99]}, "properties": {"d": 140.0, "s": 48, "base": 0, "post": 0, "recover": -1, "q1": -1}}, {"type": "Feature", "geometry": {"type": "Point", "coordinates": [337033.93, 1147366.07]}, "properties": {"d": 150.0, "s": 48, "base": 0, "post": 0, "recover": -1, "q1": -1}}, {"type": "Feature", "geometry": {"type": "Point", "coordinates": [339308.06, 1163919.61]}, "properties": {"d": -100.0, "s": 49, "base": -1, "post": 0, "recover": 0, "q1": -1}}, {"type": "Feature", "geometry": {"type": "Point", "coordinates": [339298.25, 1163917.65]}, "properties": {"d": -90.0, "s": 49, "base": -1, "post": 0, "recover": 0, "q1": -1}}, {"type": "Feature", "geometry": {"type": "Point", "coordinates": [339288.45, 1163915.69]}, "properties": {"d": -80.0, "s": 49, "base": -1, "post": 0, "recover": 0, "q1": -1}}, {"type": "Feature", "geometry": {"type": "Point", "coordinates": [339278.64, 1163913.73]}, "properties": {"d": -70.0, "s": 49, "base": -1, "post": 0, "recover": 0, "q1": -1}}, {"type": "Feature", "geometry": {"type": "Point", "coordinates": [339268.83, 1163911.77]}, "properties": {"d": -60.0, "s": 49, "base": -1, "post": 0, "recover": 0, "q1": -1}}, {"type": "Feature", "geometry": {"type": "Point", "coordinates": [339259.03, 1163909.81]}, "properties": {"d": -50.0, "s": 49, "base": -1, "post": 0, "recover": 0, "q1": -1}}, {"type": "Feature", "geometry": {"type": "Point", "coordinates": [339249.22, 1163907.84]}, "properties": {"d": -40.0, "s": 49, "base": -1, "post": 0, "recover": 0, "q1": -1}}, {"type": "Feature", "geometry": {"type": "Point", "coordinates": [339239.42, 1163905.88]}, "properties": {"d": -30.0, "s": 49, "base": -1, "post": 0, "recover": 0, "q1": -1}}, {"type": "Feature", "geometry": {"type": "Point", "coordinates": [339229.61, 1163903.92]}, "properties": {"d": -20.0, "s": 49, "base": -1, "post": 0, "recover": 0, "q1": -1}}, {"type": "Feature", "geometry": {"type": "Point", "coordinates": [339219.81, 1163901.96]}, "properties": {"d": -10.0, "s": 49, "base": -1, "post": 0, "recover": 0, "q1": -1}}, {"type": "Feature", "geometry": {"type": "Point", "coordinates": [339210.0, 1163900.0]}, "properties": {"d": 0.0, "s": 49, "base": -1, "post": 0, "recover": 0, "q1": -1}}, {"type": "Feature", "geometry": {"type": "Point", "coordinates": [339200.19, 1163898.04]}, "properties": {"d": 10.0, "s": 49, "base": 0, "post": 0, "recover": 0, "q1": -1}}, {"type": "Feature", "geometry": {"type": "Point", "coordinates": [339190.39, 1163896.08]}, "properties": {"d": 20.0, "s": 49, "base": 0, "post": 0, "recover": 0, "q1": -1}}, {"type": "Feature", "geometry": {"type": "Point", "coordinates": [339180.58, 1163894.12]}, "properties": {"d": 30.0, "s": 49, "base": 0, "post": 0, "recover": 0, "q1": -1}}, {"type": "Feature", "geometry": {"type": "Point", "coordinates": [339170.78, 1163892.16]}, "properties": {"d": 40.0, "s": 49, "base": 0, "post": 0, "recover": 0, "q1": -1}}, {"type": "Feature", "geometry": {"type": "Point", "coordinates": [339160.97, 1163890.19]}, "properties": {"d": 50.0, "s": 49, "base": 0, "post": 0, "recover": 0, "q1": -1}}, {"type": "Feature", "geometry": {"type": "Point", "coordinates": [339151.17, 1163888.23]}, "properties": {"d": 60.0, "s": 49, "base": 0, "post": 0, "recover": 0, "q1": -1}}, {"type": "Feature", "geometry": {"type": "Point", "coordinates": [339141.36, 1163886.27]}, "properties": {"d": 70.0, "s": 49, "base": 0, "post": 0, "recover": 0, "q1": -1}}, {"type": "Feature", "geometry": {"type": "Point", "coordinates": [339131.55, 1163884.31]}, "properties": {"d": 80.0, "s": 49, "base": 0, "post": 0, "recover": 0, "q1": -1}}, {"type": "Feature", "geometry": {"type": "Point", "coordinates": [339121.75, 1163882.35]}, "properties": {"d": 90.0, "s": 49, "base": 0, "post": 0, "recover": 0, "q1": -1}}, {"type": "Feature", "geometry": {"type": "Point", "coordinates": [339111.94, 1163880.39]}, "properties": {"d": 100.0, "s": 49, "base": 0, "post": 0, "recover": 0, "q1": -1}}, {"type": "Feature", "geometry": {"type": "Point", "coordinates": [339102.14, 1163878.43]}, "properties": {"d": 110.0, "s": 49, "base": 0, "post": 0, "recover": 0, "q1": -1}}, {"type": "Feature", "geometry": {"type": "Point", "coordinates": [339092.33, 1163876.47]}, "properties": {"d": 120.0, "s": 49, "base": 0, "post": 0, "recover": 0, "q1": -1}}, {"type": "Feature", "geometry": {"type": "Point", "coordinates": [339082.52, 1163874.5]}, "properties": {"d": 130.0, "s": 49, "base": 0, "post": 0, "recover": 0, "q1": -1}}, {"type": "Feature", "geometry": {"type": "Point", "coordinates": [339072.72, 1163872.54]}, "properties": {"d": 140.0, "s": 49, "base": 0, "post": 0, "recover": 0, "q1": -1}}, {"type": "Feature", "geometry": {"type": "Point", "coordinates": [339062.91, 1163870.58]}, "properties": {"d": 150.0, "s": 49, "base": 0, "post": 0, "recover": 0, "q1": -1}}, {"type": "Feature", "geometry": {"type": "Point", "coordinates": [342678.38, 1187584.87]}, "properties": {"d": -100.0, "s": 50, "base": 0, "post": 0, "recover": 0, "q1": -1}}, {"type": "Feature", "geometry": {"type": "Point", "coordinates": [342681.54, 1187575.38]}, "properties": {"d": -90.0, "s": 50, "base": 0, "post": 0, "recover": -1, "q1": -1}}, {"type": "Feature", "geometry": {"type": "Point", "coordinates": [342684.7, 1187565.89]}, "properties": {"d": -80.0, "s": 50, "base": 0, "post": 0, "recover": -1, "q1": -1}}, {"type": "Feature", "geometry": {"type": "Point", "coordinates": [342687.86, 1187556.41]}, "properties": {"d": -70.0, "s": 50, "base": 0, "post": 0, "recover": -1, "q1": -1}}, {"type": "Feature", "geometry": {"type": "Point", "coordinates": [342691.03, 1187546.92]}, "properties": {"d": -60.0, "s": 50, "base": 0, "post": 0, "recover": -1, "q1": -1}}, {"type": "Feature", "geometry": {"type": "Point", "coordinates": [342694.19, 1187537.43]}, "properties": {"d": -50.0, "s": 50, "base": -1, "post": -1, "recover": -1, "q1": -1}}, {"type": "Feature", "geometry": {"type": "Point", "coordinates": [342697.35, 1187527.95]}, "properties": {"d": -40.0, "s": 50, "base": 0, "post": 0, "recover": -1, "q1": -1}}, {"type": "Feature", "geometry": {"type": "Point", "coordinates": [342700.51, 1187518.46]}, "properties": {"d": -30.0, "s": 50, "base": 1, "post": -1, "recover": -1, "q1": -1}}, {"type": "Feature", "geometry": {"type": "Point", "coordinates": [342703.68, 1187508.97]}, "properties": {"d": -20.0, "s": 50, "base": 1, "post": -1, "recover": -1, "q1": -1}}, {"type": "Feature", "geometry": {"type": "Point", "coordinates": [342706.84, 1187499.49]}, "properties": {"d": -10.0, "s": 50, "base": 1, "post": -1, "recover": -1, "q1": -1}}, {"type": "Feature", "geometry": {"type": "Point", "coordinates": [342710.0, 1187490.0]}, "properties": {"d": 0.0, "s": 50, "base": 0, "post": 0, "recover": -1, "q1": -1}}, {"type": "Feature", "geometry": {"type": "Point", "coordinates": [342713.16, 1187480.51]}, "properties": {"d": 10.0, "s": 50, "base": 0, "post": 0, "recover": -1, "q1": -1}}, {"type": "Feature", "geometry": {"type": "Point", "coordinates": [342716.32, 1187471.03]}, "properties": {"d": 20.0, "s": 50, "base": 0, "post": 0, "recover": 0, "q1": -1}}, {"type": "Feature", "geometry": {"type": "Point", "coordinates": [342719.49, 1187461.54]}, "properties": {"d": 30.0, "s": 50, "base": 0, "post": 0, "recover": 0, "q1": -1}}, {"type": "Feature", "geometry": {"type": "Point", "coordinates": [342722.65, 1187452.05]}, "properties": {"d": 40.0, "s": 50, "base": 0, "post": 0, "recover": 0, "q1": -1}}, {"type": "Feature", "geometry": {"type": "Point", "coordinates": [342725.81, 1187442.57]}, "properties": {"d": 50.0, "s": 50, "base": 0, "post": 0, "recover": 0, "q1": -1}}, {"type": "Feature", "geometry": {"type": "Point", "coordinates": [342728.97, 1187433.08]}, "properties": {"d": 60.0, "s": 50, "base": 0, "post": 0, "recover": 0, "q1": -1}}, {"type": "Feature", "geometry": {"type": "Point", "coordinates": [342732.14, 1187423.59]}, "properties": {"d": 70.0, "s": 50, "base": 0, "post": 0, "recover": 0, "q1": -1}}, {"type": "Feature", "geometry": {"type": "Point", "coordinates": [342735.3, 1187414.11]}, "properties": {"d": 80.0, "s": 50, "base": 0, "post": 0, "recover": 0, "q1": -1}}, {"type": "Feature", "geometry": {"type": "Point", "coordinates": [342738.46, 1187404.62]}, "properties": {"d": 90.0, "s": 50, "base": 0, "post": 0, "recover": 0, "q1": -1}}, {"type": "Feature", "geometry": {"type": "Point", "coordinates": [342741.62, 1187395.13]}, "properties": {"d": 100.0, "s": 50, "base": 0, "post": 0, "recover": 0, "q1": -1}}, {"type": "Feature", "geometry": {"type": "Point", "coordinates": [342744.78, 1187385.64]}, "properties": {"d": 110.0, "s": 50, "base": 0, "post": 0, "recover": 0, "q1": -1}}, {"type": "Feature", "geometry": {"type": "Point", "coordinates": [342747.95, 1187376.16]}, "properties": {"d": 120.0, "s": 50, "base": 0, "post": 0, "recover": 0, "q1": -1}}, {"type": "Feature", "geometry": {"type": "Point", "coordinates": [342751.11, 1187366.67]}, "properties": {"d": 130.0, "s": 50, "base": 0, "post": 0, "recover": 0, "q1": -1}}, {"type": "Feature", "geometry": {"type": "Point", "coordinates": [342754.27, 1187357.18]}, "properties": {"d": 140.0, "s": 50, "base": 0, "post": 0, "recover": 0, "q1": -1}}, {"type": "Feature", "geometry": {"type": "Point", "coordinates": [342757.43, 1187347.7]}, "properties": {"d": 150.0, "s": 50, "base": 0, "post": 0, "recover": 0, "q1": -1}}, {"type": "Feature", "geometry": {"type": "Point", "coordinates": [343045.13, 1152371.62]}, "properties": {"d": -100.0, "s": 51, "base": 0, "post": 0, "recover": -1, "q1": -1}}, {"type": "Feature", "geometry": {"type": "Point", "coordinates": [343054.62, 1152368.46]}, "properties": {"d": -90.0, "s": 51, "base": 0, "post": 0, "recover": -1, "q1": -1}}, {"type": "Feature", "geometry": {"type": "Point", "coordinates": [343064.11, 1152365.3]}, "properties": {"d": -80.0, "s": 51, "base": 0, "post": 0, "recover": -1, "q1": -1}}, {"type": "Feature", "geometry": {"type": "Point", "coordinates": [343073.59, 1152362.14]}, "properties": {"d": -70.0, "s": 51, "base": 0, "post": 0, "recover": -1, "q1": -1}}, {"type": "Feature", "geometry": {"type": "Point", "coordinates": [343083.08, 1152358.97]}, "properties": {"d": -60.0, "s": 51, "base": 0, "post": 0, "recover": -1, "q1": -1}}, {"type": "Feature", "geometry": {"type": "Point", "coordinates": [343092.57, 1152355.81]}, "properties": {"d": -50.0, "s": 51, "base": 0, "post": 0, "recover": -1, "q1": -1}}, {"type": "Feature", "geometry": {"type": "Point", "coordinates": [343102.05, 1152352.65]}, "properties": {"d": -40.0, "s": 51, "base": 0, "post": 0, "recover": -1, "q1": -1}}, {"type": "Feature", "geometry": {"type": "Point", "coordinates": [343111.54, 1152349.49]}, "properties": {"d": -30.0, "s": 51, "base": 0, "post": 0, "recover": -1, "q1": -1}}, {"type": "Feature", "geometry": {"type": "Point", "coordinates": [343121.03, 1152346.32]}, "properties": {"d": -20.0, "s": 51, "base": 0, "post": 0, "recover": -1, "q1": -1}}, {"type": "Feature", "geometry": {"type": "Point", "coordinates": [343130.51, 1152343.16]}, "properties": {"d": -10.0, "s": 51, "base": -1, "post": -1, "recover": -1, "q1": -1}}, {"type": "Feature", "geometry": {"type": "Point", "coordinates": [343140.0, 1152340.0]}, "properties": {"d": 0.0, "s": 51, "base": -1, "post": -1, "recover": -1, "q1": -1}}, {"type": "Feature", "geometry": {"type": "Point", "coordinates": [343149.49, 1152336.84]}, "properties": {"d": 10.0, "s": 51, "base": -1, "post": 0, "recover": -1, "q1": -1}}, {"type": "Feature", "geometry": {"type": "Point", "coordinates": [343158.97, 1152333.68]}, "properties": {"d": 20.0, "s": 51, "base": -1, "post": 0, "recover": -1, "q1": -1}}, {"type": "Feature", "geometry": {"type": "Point", "coordinates": [343168.46, 1152330.51]}, "properties": {"d": 30.0, "s": 51, "base": 0, "post": 0, "recover": -1, "q1": -1}}, {"type": "Feature", "geometry": {"type": "Point", "coordinates": [343177.95, 1152327.35]}, "properties": {"d": 40.0, "s": 51, "base": 0, "post": 0, "recover": -1, "q1": -1}}, {"type": "Feature", "geometry": {"type": "Point", "coordinates": [343187.43, 1152324.19]}, "properties": {"d": 50.0, "s": 51, "base": 0, "post": 0, "recover": -1, "q1": -1}}, {"type": "Feature", "geometry": {"type": "Point", "coordinates": [343196.92, 1152321.03]}, "properties": {"d": 60.0, "s": 51, "base": 0, "post": 0, "recover": -1, "q1": -1}}, {"type": "Feature", "geometry": {"type": "Point", "coordinates": [343206.41, 1152317.86]}, "properties": {"d": 70.0, "s": 51, "base": 0, "post": 0, "recover": -1, "q1": -1}}, {"type": "Feature", "geometry": {"type": "Point", "coordinates": [343215.89, 1152314.7]}, "properties": {"d": 80.0, "s": 51, "base": 0, "post": 0, "recover": -1, "q1": -1}}, {"type": "Feature", "geometry": {"type": "Point", "coordinates": [343225.38, 1152311.54]}, "properties": {"d": 90.0, "s": 51, "base": -1, "post": -1, "recover": -1, "q1": -1}}, {"type": "Feature", "geometry": {"type": "Point", "coordinates": [343234.87, 1152308.38]}, "properties": {"d": 100.0, "s": 51, "base": -1, "post": -1, "recover": -1, "q1": -1}}, {"type": "Feature", "geometry": {"type": "Point", "coordinates": [343244.36, 1152305.22]}, "properties": {"d": 110.0, "s": 51, "base": -1, "post": -1, "recover": -1, "q1": -1}}, {"type": "Feature", "geometry": {"type": "Point", "coordinates": [343253.84, 1152302.05]}, "properties": {"d": 120.0, "s": 51, "base": -1, "post": -1, "recover": -1, "q1": -1}}, {"type": "Feature", "geometry": {"type": "Point", "coordinates": [343263.33, 1152298.89]}, "properties": {"d": 130.0, "s": 51, "base": -1, "post": -1, "recover": -1, "q1": -1}}, {"type": "Feature", "geometry": {"type": "Point", "coordinates": [343272.82, 1152295.73]}, "properties": {"d": 140.0, "s": 51, "base": -1, "post": -1, "recover": -1, "q1": -1}}, {"type": "Feature", "geometry": {"type": "Point", "coordinates": [343282.3, 1152292.57]}, "properties": {"d": 150.0, "s": 51, "base": -1, "post": -1, "recover": -1, "q1": -1}}, {"type": "Feature", "geometry": {"type": "Point", "coordinates": [347061.94, 1144329.61]}, "properties": {"d": -100.0, "s": 52, "base": 1, "post": 1, "recover": 0, "q1": -1}}, {"type": "Feature", "geometry": {"type": "Point", "coordinates": [347071.75, 1144327.65]}, "properties": {"d": -90.0, "s": 52, "base": 0, "post": 1, "recover": 0, "q1": -1}}, {"type": "Feature", "geometry": {"type": "Point", "coordinates": [347081.55, 1144325.69]}, "properties": {"d": -80.0, "s": 52, "base": 0, "post": 1, "recover": 0, "q1": -1}}, {"type": "Feature", "geometry": {"type": "Point", "coordinates": [347091.36, 1144323.73]}, "properties": {"d": -70.0, "s": 52, "base": 1, "post": 1, "recover": 0, "q1": -1}}, {"type": "Feature", "geometry": {"type": "Point", "coordinates": [347101.17, 1144321.77]}, "properties": {"d": -60.0, "s": 52, "base": 1, "post": 1, "recover": 0, "q1": -1}}, {"type": "Feature", "geometry": {"type": "Point", "coordinates": [347110.97, 1144319.81]}, "properties": {"d": -50.0, "s": 52, "base": 1, "post": 1, "recover": 0, "q1": -1}}, {"type": "Feature", "geometry": {"type": "Point", "coordinates": [347120.78, 1144317.84]}, "properties": {"d": -40.0, "s": 52, "base": 1, "post": 1, "recover": 0, "q1": -1}}, {"type": "Feature", "geometry": {"type": "Point", "coordinates": [347130.58, 1144315.88]}, "properties": {"d": -30.0, "s": 52, "base": 1, "post": 0, "recover": 0, "q1": -1}}, {"type": "Feature", "geometry": {"type": "Point", "coordinates": [347140.39, 1144313.92]}, "properties": {"d": -20.0, "s": 52, "base": 0, "post": 1, "recover": 0, "q1": -1}}, {"type": "Feature", "geometry": {"type": "Point", "coordinates": [347150.19, 1144311.96]}, "properties": {"d": -10.0, "s": 52, "base": 0, "post": 0, "recover": 0, "q1": -1}}, {"type": "Feature", "geometry": {"type": "Point", "coordinates": [347160.0, 1144310.0]}, "properties": {"d": 0.0, "s": 52, "base": 0, "post": 0, "recover": 0, "q1": -1}}, {"type": "Feature", "geometry": {"type": "Point", "coordinates": [347169.81, 1144308.04]}, "properties": {"d": 10.0, "s": 52, "base": 0, "post": 0, "recover": 0, "q1": -1}}, {"type": "Feature", "geometry": {"type": "Point", "coordinates": [347179.61, 1144306.08]}, "properties": {"d": 20.0, "s": 52, "base": 0, "post": 0, "recover": 0, "q1": -1}}, {"type": "Feature", "geometry": {"type": "Point", "coordinates": [347189.42, 1144304.12]}, "properties": {"d": 30.0, "s": 52, "base": 0, "post": 0, "recover": 0, "q1": -1}}, {"type": "Feature", "geometry": {"type": "Point", "coordinates": [347199.22, 1144302.16]}, "properties": {"d": 40.0, "s": 52, "base": 0, "post": 0, "recover": 0, "q1": -1}}, {"type": "Feature", "geometry": {"type": "Point", "coordinates": [347209.03, 1144300.19]}, "properties": {"d": 50.0, "s": 52, "base": 0, "post": 0, "recover": 0, "q1": -1}}, {"type": "Feature", "geometry": {"type": "Point", "coordinates": [347218.83, 1144298.23]}, "properties": {"d": 60.0, "s": 52, "base": 0, "post": 0, "recover": 0, "q1": 0}}, {"type": "Feature", "geometry": {"type": "Point", "coordinates": [347228.64, 1144296.27]}, "properties": {"d": 70.0, "s": 52, "base": 0, "post": 0, "recover": 0, "q1": 0}}, {"type": "Feature", "geometry": {"type": "Point", "coordinates": [347238.45, 1144294.31]}, "properties": {"d": 80.0, "s": 52, "base": 0, "post": 0, "recover": 0, "q1": 0}}, {"type": "Feature", "geometry": {"type": "Point", "coordinates": [347248.25, 1144292.35]}, "properties": {"d": 90.0, "s": 52, "base": 0, "post": 0, "recover": 0, "q1": 0}}, {"type": "Feature", "geometry": {"type": "Point", "coordinates": [347258.06, 1144290.39]}, "properties": {"d": 100.0, "s": 52, "base": 0, "post": 0, "recover": 0, "q1": 0}}, {"type": "Feature", "geometry": {"type": "Point", "coordinates": [347267.86, 1144288.43]}, "properties": {"d": 110.0, "s": 52, "base": 0, "post": 0, "recover": 0, "q1": 0}}, {"type": "Feature", "geometry": {"type": "Point", "coordinates": [347277.67, 1144286.47]}, "properties": {"d": 120.0, "s": 52, "base": 0, "post": 0, "recover": 0, "q1": 0}}, {"type": "Feature", "geometry": {"type": "Point", "coordinates": [347287.48, 1144284.5]}, "properties": {"d": 130.0, "s": 52, "base": 0, "post": 0, "recover": 0, "q1": 0}}, {"type": "Feature", "geometry": {"type": "Point", "coordinates": [347297.28, 1144282.54]}, "properties": {"d": 140.0, "s": 52, "base": 0, "post": 0, "recover": 0, "q1": 0}}, {"type": "Feature", "geometry": {"type": "Point", "coordinates": [347307.09, 1144280.58]}, "properties": {"d": 150.0, "s": 52, "base": 0, "post": 0, "recover": 0, "q1": 0}}, {"type": "Feature", "geometry": {"type": "Point", "coordinates": [350720.39, 1172348.06]}, "properties": {"d": -100.0, "s": 53, "base": 1, "post": 0, "recover": -1, "q1": -1}}, {"type": "Feature", "geometry": {"type": "Point", "coordinates": [350722.35, 1172338.25]}, "properties": {"d": -90.0, "s": 53, "base": 1, "post": 0, "recover": -1, "q1": -1}}, {"type": "Feature", "geometry": {"type": "Point", "coordinates": [350724.31, 1172328.45]}, "properties": {"d": -80.0, "s": 53, "base": 0, "post": 0, "recover": -1, "q1": -1}}, {"type": "Feature", "geometry": {"type": "Point", "coordinates": [350726.27, 1172318.64]}, "properties": {"d": -70.0, "s": 53, "base": 1, "post": 0, "recover": -1, "q1": -1}}, {"type": "Feature", "geometry": {"type": "Point", "coordinates": [350728.23, 1172308.83]}, "properties": {"d": -60.0, "s": 53, "base": 1, "post": 1, "recover": -1, "q1": -1}}, {"type": "Feature", "geometry": {"type": "Point", "coordinates": [350730.19, 1172299.03]}, "properties": {"d": -50.0, "s": 53, "base": 1, "post": 0, "recover": -1, "q1": -1}}, {"type": "Feature", "geometry": {"type": "Point", "coordinates": [350732.16, 1172289.22]}, "properties": {"d": -40.0, "s": 53, "base": 0, "post": 0, "recover": -1, "q1": -1}}, {"type": "Feature", "geometry": {"type": "Point", "coordinates": [350734.12, 1172279.42]}, "properties": {"d": -30.0, "s": 53, "base": 0, "post": 0, "recover": -1, "q1": -1}}, {"type": "Feature", "geometry": {"type": "Point", "coordinates": [350736.08, 1172269.61]}, "properties": {"d": -20.0, "s": 53, "base": 1, "post": 0, "recover": -1, "q1": -1}}, {"type": "Feature", "geometry": {"type": "Point", "coordinates": [350738.04, 1172259.81]}, "properties": {"d": -10.0, "s": 53, "base": 1, "post": 0, "recover": -1, "q1": -1}}, {"type": "Feature", "geometry": {"type": "Point", "coordinates": [350740.0, 1172250.0]}, "properties": {"d": 0.0, "s": 53, "base": 1, "post": 0, "recover": -1, "q1": -1}}, {"type": "Feature", "geometry": {"type": "Point", "coordinates": [350741.96, 1172240.19]}, "properties": {"d": 10.0, "s": 53, "base": 0, "post": 0, "recover": -1, "q1": -1}}, {"type": "Feature", "geometry": {"type": "Point", "coordinates": [350743.92, 1172230.39]}, "properties": {"d": 20.0, "s": 53, "base": 0, "post": 0, "recover": -1, "q1": -1}}, {"type": "Feature", "geometry": {"type": "Point", "coordinates": [350745.88, 1172220.58]}, "properties": {"d": 30.0, "s": 53, "base": 0, "post": 0, "recover": 0, "q1": -1}}, {"type": "Feature", "geometry": {"type": "Point", "coordinates": [350747.84, 1172210.78]}, "properties": {"d": 40.0, "s": 53, "base": 0, "post": 0, "recover": 0, "q1": -1}}, {"type": "Feature", "geometry": {"type": "Point", "coordinates": [350749.81, 1172200.97]}, "properties": {"d": 50.0, "s": 53, "base": 0, "post": 0, "recover": 0, "q1": -1}}, {"type": "Feature", "geometry": {"type": "Point", "coordinates": [350751.77, 1172191.17]}, "properties": {"d": 60.0, "s": 53, "base": 0, "post": 0, "recover": 0, "q1": -1}}, {"type": "Feature", "geometry": {"type": "Point", "coordinates": [350753.73, 1172181.36]}, "properties": {"d": 70.0, "s": 53, "base": 0, "post": 0, "recover": 0, "q1": -1}}, {"type": "Feature", "geometry": {"type": "Point", "coordinates": [350755.69, 1172171.55]}, "properties": {"d": 80.0, "s": 53, "base": 0, "post": 0, "recover": 0, "q1": -1}}, {"type": "Feature", "geometry": {"type": "Point", "coordinates": [350757.65, 1172161.75]}, "properties": {"d": 90.0, "s": 53, "base": 0, "post": 0, "recover": 0, "q1": -1}}, {"type": "Feature", "geometry": {"type": "Point", "coordinates": [350759.61, 1172151.94]}, "properties": {"d": 100.0, "s": 53, "base": 0, "post": 0, "recover": 0, "q1": -1}}, {"type": "Feature", "geometry": {"type": "Point", "coordinates": [350761.57, 1172142.14]}, "properties": {"d": 110.0, "s": 53, "base": 0, "post": 0, "recover": 0, "q1": -1}}, {"type": "Feature", "geometry": {"type": "Point", "coordinates": [350763.53, 1172132.33]}, "properties": {"d": 120.0, "s": 53, "base": 0, "post": 0, "recover": 0, "q1": -1}}, {"type": "Feature", "geometry": {"type": "Point", "coordinates": [350765.5, 1172122.52]}, "properties": {"d": 130.0, "s": 53, "base": 0, "post": 0, "recover": 0, "q1": -1}}, {"type": "Feature", "geometry": {"type": "Point", "coordinates": [350767.46, 1172112.72]}, "properties": {"d": 140.0, "s": 53, "base": 0, "post": 0, "recover": 0, "q1": -1}}, {"type": "Feature", "geometry": {"type": "Point", "coordinates": [350769.42, 1172102.91]}, "properties": {"d": 150.0, "s": 53, "base": 0, "post": 0, "recover": 0, "q1": -1}}, {"type": "Feature", "geometry": {"type": "Point", "coordinates": [356599.29, 1146529.29]}, "properties": {"d": -100.0, "s": 54, "base": -1, "post": -1, "recover": -1, "q1": 0}}, {"type": "Feature", "geometry": {"type": "Point", "coordinates": [356606.36, 1146536.36]}, "properties": {"d": -90.0, "s": 54, "base": -1, "post": -1, "recover": -1, "q1": 0}}, {"type": "Feature", "geometry": {"type": "Point", "coordinates": [356613.43, 1146543.43]}, "properties": {"d": -80.0, "s": 54, "base": -1, "post": -1, "recover": -1, "q1": 0}}, {"type": "Feature", "geometry": {"type": "Point", "coordinates": [356620.5, 1146550.5]}, "properties": {"d": -70.0, "s": 54, "base": -1, "post": -1, "recover": -1, "q1": 0}}, {"type": "Feature", "geometry": {"type": "Point", "coordinates": [356627.57, 1146557.57]}, "properties": {"d": -60.0, "s": 54, "base": -1, "post": -1, "recover": -1, "q1": 0}}, {"type": "Feature", "geometry": {"type": "Point", "coordinates": [356634.64, 1146564.64]}, "properties": {"d": -50.0, "s": 54, "base": -1, "post": -1, "recover": -1, "q1": 0}}, {"type": "Feature", "geometry": {"type": "Point", "coordinates": [356641.72, 1146571.72]}, "properties": {"d": -40.0, "s": 54, "base": -1, "post": -1, "recover": -1, "q1": 0}}, {"type": "Feature", "geometry": {"type": "Point", "coordinates": [356648.79, 1146578.79]}, "properties": {"d": -30.0, "s": 54, "base": -1, "post": -1, "recover": -1, "q1": 0}}, {"type": "Feature", "geometry": {"type": "Point", "coordinates": [356655.86, 1146585.86]}, "properties": {"d": -20.0, "s": 54, "base": -1, "post": -1, "recover": -1, "q1": 0}}, {"type": "Feature", "geometry": {"type": "Point", "coordinates": [356662.93, 1146592.93]}, "properties": {"d": -10.0, "s": 54, "base": -1, "post": -1, "recover": -1, "q1": 0}}, {"type": "Feature", "geometry": {"type": "Point", "coordinates": [356670.0, 1146600.0]}, "properties": {"d": 0.0, "s": 54, "base": -1, "post": -1, "recover": -1, "q1": 0}}, {"type": "Feature", "geometry": {"type": "Point", "coordinates": [356677.07, 1146607.07]}, "properties": {"d": 10.0, "s": 54, "base": -1, "post": -1, "recover": -1, "q1": -1}}, {"type": "Feature", "geometry": {"type": "Point", "coordinates": [356684.14, 1146614.14]}, "properties": {"d": 20.0, "s": 54, "base": 0, "post": -1, "recover": -1, "q1": -1}}, {"type": "Feature", "geometry": {"type": "Point", "coordinates": [356691.21, 1146621.21]}, "properties": {"d": 30.0, "s": 54, "base": 0, "post": -1, "recover": -1, "q1": -1}}, {"type": "Feature", "geometry": {"type": "Point", "coordinates": [356698.28, 1146628.28]}, "properties": {"d": 40.0, "s": 54, "base": 0, "post": 0, "recover": -1, "q1": -1}}, {"type": "Feature", "geometry": {"type": "Point", "coordinates": [356705.36, 1146635.36]}, "properties": {"d": 50.0, "s": 54, "base": 0, "post": 0, "recover": -1, "q1": 0}}, {"type": "Feature", "geometry": {"type": "Point", "coordinates": [356712.43, 1146642.43]}, "properties": {"d": 60.0, "s": 54, "base": 0, "post": 0, "recover": -1, "q1": 0}}, {"type": "Feature", "geometry": {"type": "Point", "coordinates": [356719.5, 1146649.5]}, "properties": {"d": 70.0, "s": 54, "base": 0, "post": 0, "recover": -1, "q1": 0}}, {"type": "Feature", "geometry": {"type": "Point", "coordinates": [356726.57, 1146656.57]}, "properties": {"d": 80.0, "s": 54, "base": 0, "post": 0, "recover": -1, "q1": 0}}, {"type": "Feature", "geometry": {"type": "Point", "coordinates": [356733.64, 1146663.64]}, "properties": {"d": 90.0, "s": 54, "base": 0, "post": 0, "recover": -1, "q1": 0}}, {"type": "Feature", "geometry": {"type": "Point", "coordinates": [356740.71, 1146670.71]}, "properties": {"d": 100.0, "s": 54, "base": 0, "post": 0, "recover": -1, "q1": 0}}, {"type": "Feature", "geometry": {"type": "Point", "coordinates": [356747.78, 1146677.78]}, "properties": {"d": 110.0, "s": 54, "base": 0, "post": 0, "recover": 0, "q1": 0}}, {"type": "Feature", "geometry": {"type": "Point", "coordinates": [356754.85, 1146684.85]}, "properties": {"d": 120.0, "s": 54, "base": 0, "post": 0, "recover": -1, "q1": 0}}, {"type": "Feature", "geometry": {"type": "Point", "coordinates": [356761.92, 1146691.92]}, "properties": {"d": 130.0, "s": 54, "base": 0, "post": -1, "recover": -1, "q1": 0}}, {"type": "Feature", "geometry": {"type": "Point", "coordinates": [356768.99, 1146698.99]}, "properties": {"d": 140.0, "s": 54, "base": 0, "post": -1, "recover": -1, "q1": 0}}, {"type": "Feature", "geometry": {"type": "Point", "coordinates": [356776.07, 1146706.07]}, "properties": {"d": 150.0, "s": 54, "base": 0, "post": -1, "recover": 0, "q1": 0}}, {"type": "Feature", "geometry": {"type": "Point", "coordinates": [358849.29, 1144670.71]}, "properties": {"d": -100.0, "s": 55, "base": -1, "post": 0, "recover": -1, "q1": 0}}, {"type": "Feature", "geometry": {"type": "Point", "coordinates": [358856.36, 1144663.64]}, "properties": {"d": -90.0, "s": 55, "base": -1, "post": 0, "recover": -1, "q1": 0}}, {"type": "Feature", "geometry": {"type": "Point", "coordinates": [358863.43, 1144656.57]}, "properties": {"d": -80.0, "s": 55, "base": -1, "post": 0, "recover": -1, "q1": 0}}, {"type": "Feature", "geometry": {"type": "Point", "coordinates": [358870.5, 1144649.5]}, "properties": {"d": -70.0, "s": 55, "base": -1, "post": 0, "recover": -1, "q1": 0}}, {"type": "Feature", "geometry": {"type": "Point", "coordinates": [358877.57, 1144642.43]}, "properties": {"d": -60.0, "s": 55, "base": -1, "post": 0, "recover": -1, "q1": 0}}, {"type": "Feature", "geometry": {"type": "Point", "coordinates": [358884.64, 1144635.36]}, "properties": {"d": -50.0, "s": 55, "base": -1, "post": 0, "recover": -1, "q1": 0}}, {"type": "Feature", "geometry": {"type": "Point", "coordinates": [358891.72, 1144628.28]}, "properties": {"d": -40.0, "s": 55, "base": -1, "post": 0, "recover": -1, "q1": 0}}, {"type": "Feature", "geometry": {"type": "Point", "coordinates": [358898.79, 1144621.21]}, "properties": {"d": -30.0, "s": 55, "base": -1, "post": 0, "recover": -1, "q1": 0}}, {"type": "Feature", "geometry": {"type": "Point", "coordinates": [358905.86, 1144614.14]}, "properties": {"d": -20.0, "s": 55, "base": -1, "post": 0, "recover": -1, "q1": 0}}, {"type": "Feature", "geometry": {"type": "Point", "coordinates": [358912.93, 1144607.07]}, "properties": {"d": -10.0, "s": 55, "base": -1, "post": 0, "recover": -1, "q1": 0}}, {"type": "Feature", "geometry": {"type": "Point", "coordinates": [358920.0, 1144600.0]}, "properties": {"d": 0.0, "s": 55, "base": 0, "post": 0, "recover": -1, "q1": 0}}, {"type": "Feature", "geometry": {"type": "Point", "coordinates": [358927.07, 1144592.93]}, "properties": {"d": 10.0, "s": 55, "base": 0, "post": 0, "recover": -1, "q1": 0}}, {"type": "Feature", "geometry": {"type": "Point", "coordinates": [358934.14, 1144585.86]}, "properties": {"d": 20.0, "s": 55, "base": 0, "post": 0, "recover": -1, "q1": 0}}, {"type": "Feature", "geometry": {"type": "Point", "coordinates": [358941.21, 1144578.79]}, "properties": {"d": 30.0, "s": 55, "base": 0, "post": 0, "recover": -1, "q1": 0}}, {"type": "Feature", "geometry": {"type": "Point", "coordinates": [358948.28, 1144571.72]}, "properties": {"d": 40.0, "s": 55, "base": 0, "post": 0, "recover": -1, "q1": 0}}, {"type": "Feature", "geometry": {"type": "Point", "coordinates": [358955.36, 1144564.64]}, "properties": {"d": 50.0, "s": 55, "base": 0, "post": 0, "recover": -1, "q1": 0}}, {"type": "Feature", "geometry": {"type": "Point", "coordinates": [358962.43, 1144557.57]}, "properties": {"d": 60.0, "s": 55, "base": 0, "post": 0, "recover": -1, "q1": 0}}, {"type": "Feature", "geometry": {"type": "Point", "coordinates": [358969.5, 1144550.5]}, "properties": {"d": 70.0, "s": 55, "base": 0, "post": 0, "recover": -1, "q1": 0}}, {"type": "Feature", "geometry": {"type": "Point", "coordinates": [358976.57, 1144543.43]}, "properties": {"d": 80.0, "s": 55, "base": 0, "post": 0, "recover": -1, "q1": 0}}, {"type": "Feature", "geometry": {"type": "Point", "coordinates": [358983.64, 1144536.36]}, "properties": {"d": 90.0, "s": 55, "base": 0, "post": 0, "recover": -1, "q1": 0}}, {"type": "Feature", "geometry": {"type": "Point", "coordinates": [358990.71, 1144529.29]}, "properties": {"d": 100.0, "s": 55, "base": 0, "post": 0, "recover": -1, "q1": 0}}, {"type": "Feature", "geometry": {"type": "Point", "coordinates": [358997.78, 1144522.22]}, "properties": {"d": 110.0, "s": 55, "base": 0, "post": 0, "recover": -1, "q1": 0}}, {"type": "Feature", "geometry": {"type": "Point", "coordinates": [359004.85, 1144515.15]}, "properties": {"d": 120.0, "s": 55, "base": 0, "post": 0, "recover": -1, "q1": 0}}, {"type": "Feature", "geometry": {"type": "Point", "coordinates": [359011.92, 1144508.08]}, "properties": {"d": 130.0, "s": 55, "base": 0, "post": 0, "recover": -1, "q1": 0}}, {"type": "Feature", "geometry": {"type": "Point", "coordinates": [359018.99, 1144501.01]}, "properties": {"d": 140.0, "s": 55, "base": 0, "post": 0, "recover": -1, "q1": 0}}, {"type": "Feature", "geometry": {"type": "Point", "coordinates": [359026.07, 1144493.93]}, "properties": {"d": 150.0, "s": 55, "base": 0, "post": 0, "recover": -1, "q1": 0}}, {"type": "Feature", "geometry": {"type": "Point", "coordinates": [361740.0, 1143760.0]}, "properties": {"d": -100.0, "s": 56, "base": -1, "post": -1, "recover": -1, "q1": 0}}, {"type": "Feature", "geometry": {"type": "Point", "coordinates": [361740.0, 1143750.0]}, "properties": {"d": -90.0, "s": 56, "base": -1, "post": -1, "recover": -1, "q1": 0}}, {"type": "Feature", "geometry": {"type": "Point", "coordinates": [361740.0, 1143740.0]}, "properties": {"d": -80.0, "s": 56, "base": -1, "post": -1, "recover": -1, "q1": 0}}, {"type": "Feature", "geometry": {"type": "Point", "coordinates": [361740.0, 1143730.0]}, "properties": {"d": -70.0, "s": 56, "base": -1, "post": -1, "recover": -1, "q1": 0}}, {"type": "Feature", "geometry": {"type": "Point", "coordinates": [361740.0, 1143720.0]}, "properties": {"d": -60.0, "s": 56, "base": -1, "post": -1, "recover": -1, "q1": 0}}, {"type": "Feature", "geometry": {"type": "Point", "coordinates": [361740.0, 1143710.0]}, "properties": {"d": -50.0, "s": 56, "base": -1, "post": -1, "recover": -1, "q1": 0}}, {"type": "Feature", "geometry": {"type": "Point", "coordinates": [361740.0, 1143700.0]}, "properties": {"d": -40.0, "s": 56, "base": -1, "post": -1, "recover": -1, "q1": 0}}, {"type": "Feature", "geometry": {"type": "Point", "coordinates": [361740.0, 1143690.0]}, "properties": {"d": -30.0, "s": 56, "base": -1, "post": -1, "recover": -1, "q1": 0}}, {"type": "Feature", "geometry": {"type": "Point", "coordinates": [361740.0, 1143680.0]}, "properties": {"d": -20.0, "s": 56, "base": -1, "post": -1, "recover": -1, "q1": 0}}, {"type": "Feature", "geometry": {"type": "Point", "coordinates": [361740.0, 1143670.0]}, "properties": {"d": -10.0, "s": 56, "base": 0, "post": -1, "recover": -1, "q1": 0}}, {"type": "Feature", "geometry": {"type": "Point", "coordinates": [361740.0, 1143660.0]}, "properties": {"d": 0.0, "s": 56, "base": 0, "post": -1, "recover": -1, "q1": 0}}, {"type": "Feature", "geometry": {"type": "Point", "coordinates": [361740.0, 1143650.0]}, "properties": {"d": 10.0, "s": 56, "base": 0, "post": -1, "recover": -1, "q1": 0}}, {"type": "Feature", "geometry": {"type": "Point", "coordinates": [361740.0, 1143640.0]}, "properties": {"d": 20.0, "s": 56, "base": 0, "post": -1, "recover": -1, "q1": 0}}, {"type": "Feature", "geometry": {"type": "Point", "coordinates": [361740.0, 1143630.0]}, "properties": {"d": 30.0, "s": 56, "base": 0, "post": -1, "recover": -1, "q1": 0}}, {"type": "Feature", "geometry": {"type": "Point", "coordinates": [361740.0, 1143620.0]}, "properties": {"d": 40.0, "s": 56, "base": 0, "post": -1, "recover": -1, "q1": 0}}, {"type": "Feature", "geometry": {"type": "Point", "coordinates": [361740.0, 1143610.0]}, "properties": {"d": 50.0, "s": 56, "base": 0, "post": -1, "recover": -1, "q1": 0}}, {"type": "Feature", "geometry": {"type": "Point", "coordinates": [361740.0, 1143600.0]}, "properties": {"d": 60.0, "s": 56, "base": 0, "post": -1, "recover": -1, "q1": 0}}, {"type": "Feature", "geometry": {"type": "Point", "coordinates": [361740.0, 1143590.0]}, "properties": {"d": 70.0, "s": 56, "base": 0, "post": -1, "recover": -1, "q1": 0}}, {"type": "Feature", "geometry": {"type": "Point", "coordinates": [361740.0, 1143580.0]}, "properties": {"d": 80.0, "s": 56, "base": 0, "post": -1, "recover": -1, "q1": 0}}, {"type": "Feature", "geometry": {"type": "Point", "coordinates": [361740.0, 1143570.0]}, "properties": {"d": 90.0, "s": 56, "base": 0, "post": -1, "recover": -1, "q1": 0}}, {"type": "Feature", "geometry": {"type": "Point", "coordinates": [361740.0, 1143560.0]}, "properties": {"d": 100.0, "s": 56, "base": 0, "post": -1, "recover": -1, "q1": 0}}, {"type": "Feature", "geometry": {"type": "Point", "coordinates": [361740.0, 1143550.0]}, "properties": {"d": 110.0, "s": 56, "base": 0, "post": -1, "recover": -1, "q1": 0}}, {"type": "Feature", "geometry": {"type": "Point", "coordinates": [361740.0, 1143540.0]}, "properties": {"d": 120.0, "s": 56, "base": 0, "post": -1, "recover": -1, "q1": 0}}, {"type": "Feature", "geometry": {"type": "Point", "coordinates": [361740.0, 1143530.0]}, "properties": {"d": 130.0, "s": 56, "base": 0, "post": -1, "recover": -1, "q1": 0}}, {"type": "Feature", "geometry": {"type": "Point", "coordinates": [361740.0, 1143520.0]}, "properties": {"d": 140.0, "s": 56, "base": 0, "post": -1, "recover": -1, "q1": 0}}, {"type": "Feature", "geometry": {"type": "Point", "coordinates": [361740.0, 1143510.0]}, "properties": {"d": 150.0, "s": 56, "base": 0, "post": -1, "recover": -1, "q1": 0}}, {"type": "Feature", "geometry": {"type": "Point", "coordinates": [364940.0, 1142410.0]}, "properties": {"d": -100.0, "s": 57, "base": -1, "post": -1, "recover": -1, "q1": 0}}, {"type": "Feature", "geometry": {"type": "Point", "coordinates": [364940.0, 1142400.0]}, "properties": {"d": -90.0, "s": 57, "base": -1, "post": -1, "recover": -1, "q1": 0}}, {"type": "Feature", "geometry": {"type": "Point", "coordinates": [364940.0, 1142390.0]}, "properties": {"d": -80.0, "s": 57, "base": -1, "post": -1, "recover": 0, "q1": 0}}, {"type": "Feature", "geometry": {"type": "Point", "coordinates": [364940.0, 1142380.0]}, "properties": {"d": -70.0, "s": 57, "base": -1, "post": -1, "recover": 0, "q1": 0}}, {"type": "Feature", "geometry": {"type": "Point", "coordinates": [364940.0, 1142370.0]}, "properties": {"d": -60.0, "s": 57, "base": -1, "post": -1, "recover": 0, "q1": 0}}, {"type": "Feature", "geometry": {"type": "Point", "coordinates": [364940.0, 1142360.0]}, "properties": {"d": -50.0, "s": 57, "base": -1, "post": -1, "recover": 0, "q1": 0}}, {"type": "Feature", "geometry": {"type": "Point", "coordinates": [364940.0, 1142350.0]}, "properties": {"d": -40.0, "s": 57, "base": -1, "post": -1, "recover": 0, "q1": 0}}, {"type": "Feature", "geometry": {"type": "Point", "coordinates": [364940.0, 1142340.0]}, "properties": {"d": -30.0, "s": 57, "base": -1, "post": -1, "recover": 0, "q1": 0}}, {"type": "Feature", "geometry": {"type": "Point", "coordinates": [364940.0, 1142330.0]}, "properties": {"d": -20.0, "s": 57, "base": -1, "post": -1, "recover": 0, "q1": 0}}, {"type": "Feature", "geometry": {"type": "Point", "coordinates": [364940.0, 1142320.0]}, "properties": {"d": -10.0, "s": 57, "base": -1, "post": -1, "recover": 0, "q1": 0}}, {"type": "Feature", "geometry": {"type": "Point", "coordinates": [364940.0, 1142310.0]}, "properties": {"d": 0.0, "s": 57, "base": -1, "post": -1, "recover": 0, "q1": 0}}, {"type": "Feature", "geometry": {"type": "Point", "coordinates": [364940.0, 1142300.0]}, "properties": {"d": 10.0, "s": 57, "base": -1, "post": -1, "recover": 0, "q1": 0}}, {"type": "Feature", "geometry": {"type": "Point", "coordinates": [364940.0, 1142290.0]}, "properties": {"d": 20.0, "s": 57, "base": -1, "post": -1, "recover": -1, "q1": 0}}, {"type": "Feature", "geometry": {"type": "Point", "coordinates": [364940.0, 1142280.0]}, "properties": {"d": 30.0, "s": 57, "base": 0, "post": -1, "recover": -1, "q1": 0}}, {"type": "Feature", "geometry": {"type": "Point", "coordinates": [364940.0, 1142270.0]}, "properties": {"d": 40.0, "s": 57, "base": 0, "post": -1, "recover": -1, "q1": 0}}, {"type": "Feature", "geometry": {"type": "Point", "coordinates": [364940.0, 1142260.0]}, "properties": {"d": 50.0, "s": 57, "base": 0, "post": -1, "recover": -1, "q1": 0}}, {"type": "Feature", "geometry": {"type": "Point", "coordinates": [364940.0, 1142250.0]}, "properties": {"d": 60.0, "s": 57, "base": 0, "post": -1, "recover": -1, "q1": 0}}, {"type": "Feature", "geometry": {"type": "Point", "coordinates": [364940.0, 1142240.0]}, "properties": {"d": 70.0, "s": 57, "base": 0, "post": -1, "recover": -1, "q1": 0}}, {"type": "Feature", "geometry": {"type": "Point", "coordinates": [364940.0, 1142230.0]}, "properties": {"d": 80.0, "s": 57, "base": 0, "post": -1, "recover": 0, "q1": 0}}, {"type": "Feature", "geometry": {"type": "Point", "coordinates": [364940.0, 1142220.0]}, "properties": {"d": 90.0, "s": 57, "base": 0, "post": -1, "recover": 0, "q1": 0}}, {"type": "Feature", "geometry": {"type": "Point", "coordinates": [364940.0, 1142210.0]}, "properties": {"d": 100.0, "s": 57, "base": 0, "post": -1, "recover": 0, "q1": 0}}, {"type": "Feature", "geometry": {"type": "Point", "coordinates": [364940.0, 1142200.0]}, "properties": {"d": 110.0, "s": 57, "base": 0, "post": -1, "recover": 0, "q1": 0}}, {"type": "Feature", "geometry": {"type": "Point", "coordinates": [364940.0, 1142190.0]}, "properties": {"d": 120.0, "s": 57, "base": 0, "post": -1, "recover": 0, "q1": 0}}, {"type": "Feature", "geometry": {"type": "Point", "coordinates": [364940.0, 1142180.0]}, "properties": {"d": 130.0, "s": 57, "base": 0, "post": -1, "recover": 0, "q1": 0}}, {"type": "Feature", "geometry": {"type": "Point", "coordinates": [364940.0, 1142170.0]}, "properties": {"d": 140.0, "s": 57, "base": 0, "post": -1, "recover": 0, "q1": 0}}, {"type": "Feature", "geometry": {"type": "Point", "coordinates": [364940.0, 1142160.0]}, "properties": {"d": 150.0, "s": 57, "base": 0, "post": -1, "recover": 0, "q1": 0}}, {"type": "Feature", "geometry": {"type": "Point", "coordinates": [366820.71, 1144779.29]}, "properties": {"d": -100.0, "s": 58, "base": 1, "post": -1, "recover": -1, "q1": -1}}, {"type": "Feature", "geometry": {"type": "Point", "coordinates": [366813.64, 1144786.36]}, "properties": {"d": -90.0, "s": 58, "base": 1, "post": -1, "recover": -1, "q1": -1}}, {"type": "Feature", "geometry": {"type": "Point", "coordinates": [366806.57, 1144793.43]}, "properties": {"d": -80.0, "s": 58, "base": 1, "post": -1, "recover": -1, "q1": -1}}, {"type": "Feature", "geometry": {"type": "Point", "coordinates": [366799.5, 1144800.5]}, "properties": {"d": -70.0, "s": 58, "base": 1, "post": -1, "recover": -1, "q1": -1}}, {"type": "Feature", "geometry": {"type": "Point", "coordinates": [366792.43, 1144807.57]}, "properties": {"d": -60.0, "s": 58, "base": 1, "post": -1, "recover": -1, "q1": -1}}, {"type": "Feature", "geometry": {"type": "Point", "coordinates": [366785.36, 1144814.64]}, "properties": {"d": -50.0, "s": 58, "base": 1, "post": -1, "recover": -1, "q1": -1}}, {"type": "Feature", "geometry": {"type": "Point", "coordinates": [366778.28, 1144821.72]}, "properties": {"d": -40.0, "s": 58, "base": 1, "post": -1, "recover": -1, "q1": -1}}, {"type": "Feature", "geometry": {"type": "Point", "coordinates": [366771.21, 1144828.79]}, "properties": {"d": -30.0, "s": 58, "base": 1, "post": -1, "recover": -1, "q1": 0}}, {"type": "Feature", "geometry": {"type": "Point", "coordinates": [366764.14, 1144835.86]}, "properties": {"d": -20.0, "s": 58, "base": 1, "post": -1, "recover": -1, "q1": 0}}, {"type": "Feature", "geometry": {"type": "Point", "coordinates": [366757.07, 1144842.93]}, "properties": {"d": -10.0, "s": 58, "base": 1, "post": -1, "recover": -1, "q1": 0}}, {"type": "Feature", "geometry": {"type": "Point", "coordinates": [366750.0, 1144850.0]}, "properties": {"d": 0.0, "s": 58, "base": 1, "post": -1, "recover": -1, "q1": 0}}, {"type": "Feature", "geometry": {"type": "Point", "coordinates": [366742.93, 1144857.07]}, "properties": {"d": 10.0, "s": 58, "base": 1, "post": -1, "recover": -1, "q1": 0}}, {"type": "Feature", "geometry": {"type": "Point", "coordinates": [366735.86, 1144864.14]}, "properties": {"d": 20.0, "s": 58, "base": 0, "post": -1, "recover": -1, "q1": 0}}, {"type": "Feature", "geometry": {"type": "Point", "coordinates": [366728.79, 1144871.21]}, "properties": {"d": 30.0, "s": 58, "base": 0, "post": -1, "recover": -1, "q1": 0}}, {"type": "Feature", "geometry": {"type": "Point", "coordinates": [366721.72, 1144878.28]}, "properties": {"d": 40.0, "s": 58, "base": 0, "post": -1, "recover": -1, "q1": 0}}, {"type": "Feature", "geometry": {"type": "Point", "coordinates": [366714.64, 1144885.36]}, "properties": {"d": 50.0, "s": 58, "base": 0, "post": -1, "recover": -1, "q1": 0}}, {"type": "Feature", "geometry": {"type": "Point", "coordinates": [366707.57, 1144892.43]}, "properties": {"d": 60.0, "s": 58, "base": 0, "post": -1, "recover": -1, "q1": 0}}, {"type": "Feature", "geometry": {"type": "Point", "coordinates": [366700.5, 1144899.5]}, "properties": {"d": 70.0, "s": 58, "base": 1, "post": -1, "recover": -1, "q1": 0}}, {"type": "Feature", "geometry": {"type": "Point", "coordinates": [366693.43, 1144906.57]}, "properties": {"d": 80.0, "s": 58, "base": 1, "post": -1, "recover": -1, "q1": 0}}, {"type": "Feature", "geometry": {"type": "Point", "coordinates": [366686.36, 1144913.64]}, "properties": {"d": 90.0, "s": 58, "base": 0, "post": -1, "recover": -1, "q1": 0}}, {"type": "Feature", "geometry": {"type": "Point", "coordinates": [366679.29, 1144920.71]}, "properties": {"d": 100.0, "s": 58, "base": 0, "post": -1, "recover": -1, "q1": 0}}, {"type": "Feature", "geometry": {"type": "Point", "coordinates": [366672.22, 1144927.78]}, "properties": {"d": 110.0, "s": 58, "base": 0, "post": -1, "recover": -1, "q1": 0}}, {"type": "Feature", "geometry": {"type": "Point", "coordinates": [366665.15, 1144934.85]}, "properties": {"d": 120.0, "s": 58, "base": 0, "post": -1, "recover": -1, "q1": 0}}, {"type": "Feature", "geometry": {"type": "Point", "coordinates": [366658.08, 1144941.92]}, "properties": {"d": 130.0, "s": 58, "base": 0, "post": -1, "recover": -1, "q1": 0}}, {"type": "Feature", "geometry": {"type": "Point", "coordinates": [366651.01, 1144948.99]}, "properties": {"d": 140.0, "s": 58, "base": 0, "post": -1, "recover": -1, "q1": 0}}, {"type": "Feature", "geometry": {"type": "Point", "coordinates": [366643.93, 1144956.07]}, "properties": {"d": 150.0, "s": 58, "base": 0, "post": -1, "recover": -1, "q1": 0}}, {"type": "Feature", "geometry": {"type": "Point", "coordinates": [369319.29, 1167649.29]}, "properties": {"d": -100.0, "s": 59, "base": 1, "post": -1, "recover": 1, "q1": -1}}, {"type": "Feature", "geometry": {"type": "Point", "coordinates": [369326.36, 1167656.36]}, "properties": {"d": -90.0, "s": 59, "base": 1, "post": -1, "recover": 1, "q1": -1}}, {"type": "Feature", "geometry": {"type": "Point", "coordinates": [369333.43, 1167663.43]}, "properties": {"d": -80.0, "s": 59, "base": 1, "post": -1, "recover": 1, "q1": -1}}, {"type": "Feature", "geometry": {"type": "Point", "coordinates": [369340.5, 1167670.5]}, "properties": {"d": -70.0, "s": 59, "base": 1, "post": -1, "recover": 1, "q1": -1}}, {"type": "Feature", "geometry": {"type": "Point", "coordinates": [369347.57, 1167677.57]}, "properties": {"d": -60.0, "s": 59, "base": 1, "post": -1, "recover": 1, "q1": -1}}, {"type": "Feature", "geometry": {"type": "Point", "coordinates": [369354.64, 1167684.64]}, "properties": {"d": -50.0, "s": 59, "base": 0, "post": -1, "recover": 1, "q1": -1}}, {"type": "Feature", "geometry": {"type": "Point", "coordinates": [369361.72, 1167691.72]}, "properties": {"d": -40.0, "s": 59, "base": 1, "post": -1, "recover": 1, "q1": -1}}, {"type": "Feature", "geometry": {"type": "Point", "coordinates": [369368.79, 1167698.79]}, "properties": {"d": -30.0, "s": 59, "base": 1, "post": -1, "recover": 1, "q1": -1}}, {"type": "Feature", "geometry": {"type": "Point", "coordinates": [369375.86, 1167705.86]}, "properties": {"d": -20.0, "s": 59, "base": 1, "post": -1, "recover": 1, "q1": -1}}, {"type": "Feature", "geometry": {"type": "Point", "coordinates": [369382.93, 1167712.93]}, "properties": {"d": -10.0, "s": 59, "base": 1, "post": -1, "recover": 1, "q1": -1}}, {"type": "Feature", "geometry": {"type": "Point", "coordinates": [369390.0, 1167720.0]}, "properties": {"d": 0.0, "s": 59, "base": 1, "post": -1, "recover": 1, "q1": -1}}, {"type": "Feature", "geometry": {"type": "Point", "coordinates": [369397.07, 1167727.07]}, "properties": {"d": 10.0, "s": 59, "base": 0, "post": -1, "recover": 1, "q1": -1}}, {"type": "Feature", "geometry": {"type": "Point", "coordinates": [369404.14, 1167734.14]}, "properties": {"d": 20.0, "s": 59, "base": 0, "post": -1, "recover": 1, "q1": -1}}, {"type": "Feature", "geometry": {"type": "Point", "coordinates": [369411.21, 1167741.21]}, "properties": {"d": 30.0, "s": 59, "base": 0, "post": -1, "recover": 1, "q1": -1}}, {"type": "Feature", "geometry": {"type": "Point", "coordinates": [369418.28, 1167748.28]}, "properties": {"d": 40.0, "s": 59, "base": 0, "post": -1, "recover": 1, "q1": -1}}, {"type": "Feature", "geometry": {"type": "Point", "coordinates": [369425.36, 1167755.36]}, "properties": {"d": 50.0, "s": 59, "base": 1, "post": -1, "recover": 1, "q1": -1}}, {"type": "Feature", "geometry": {"type": "Point", "coordinates": [369432.43, 1167762.43]}, "properties": {"d": 60.0, "s": 59, "base": 1, "post": -1, "recover": 1, "q1": -1}}, {"type": "Feature", "geometry": {"type": "Point", "coordinates": [369439.5, 1167769.5]}, "properties": {"d": 70.0, "s": 59, "base": 1, "post": -1, "recover": 1, "q1": -1}}, {"type": "Feature", "geometry": {"type": "Point", "coordinates": [369446.57, 1167776.57]}, "properties": {"d": 80.0, "s": 59, "base": 1, "post": -1, "recover": 1, "q1": -1}}, {"type": "Feature", "geometry": {"type": "Point", "coordinates": [369453.64, 1167783.64]}, "properties": {"d": 90.0, "s": 59, "base": 1, "post": -1, "recover": 1, "q1": -1}}, {"type": "Feature", "geometry": {"type": "Point", "coordinates": [369460.71, 1167790.71]}, "properties": {"d": 100.0, "s": 59, "base": 1, "post": -1, "recover": 1, "q1": -1}}, {"type": "Feature", "geometry": {"type": "Point", "coordinates": [369467.78, 1167797.78]}, "properties": {"d": 110.0, "s": 59, "base": 0, "post": -1, "recover": 1, "q1": -1}}, {"type": "Feature", "geometry": {"type": "Point", "coordinates": [369474.85, 1167804.85]}, "properties": {"d": 120.0, "s": 59, "base": 1, "post": -1, "recover": 1, "q1": -1}}, {"type": "Feature", "geometry": {"type": "Point", "coordinates": [369481.92, 1167811.92]}, "properties": {"d": 130.0, "s": 59, "base": 1, "post": -1, "recover": 1, "q1": -1}}, {"type": "Feature", "geometry": {"type": "Point", "coordinates": [369488.99, 1167818.99]}, "properties": {"d": 140.0, "s": 59, "base": 1, "post": -1, "recover": 1, "q1": -1}}, {"type": "Feature", "geometry": {"type": "Point", "coordinates": [369496.07, 1167826.07]}, "properties": {"d": 150.0, "s": 59, "base": 1, "post": -1, "recover": 1, "q1": -1}}, {"type": "Feature", "geometry": {"type": "Point", "coordinates": [370400.71, 1163509.29]}, "properties": {"d": -100.0, "s": 60, "base": 1, "post": -1, "recover": 1, "q1": -1}}, {"type": "Feature", "geometry": {"type": "Point", "coordinates": [370393.64, 1163516.36]}, "properties": {"d": -90.0, "s": 60, "base": 1, "post": -1, "recover": 1, "q1": -1}}, {"type": "Feature", "geometry": {"type": "Point", "coordinates": [370386.57, 1163523.43]}, "properties": {"d": -80.0, "s": 60, "base": 1, "post": -1, "recover": 1, "q1": -1}}, {"type": "Feature", "geometry": {"type": "Point", "coordinates": [370379.5, 1163530.5]}, "properties": {"d": -70.0, "s": 60, "base": 1, "post": -1, "recover": 1, "q1": -1}}, {"type": "Feature", "geometry": {"type": "Point", "coordinates": [370372.43, 1163537.57]}, "properties": {"d": -60.0, "s": 60, "base": 0, "post": -1, "recover": 1, "q1": -1}}, {"type": "Feature", "geometry": {"type": "Point", "coordinates": [370365.36, 1163544.64]}, "properties": {"d": -50.0, "s": 60, "base": 1, "post": -1, "recover": 1, "q1": -1}}, {"type": "Feature", "geometry": {"type": "Point", "coordinates": [370358.28, 1163551.72]}, "properties": {"d": -40.0, "s": 60, "base": 1, "post": -1, "recover": 1, "q1": -1}}, {"type": "Feature", "geometry": {"type": "Point", "coordinates": [370351.21, 1163558.79]}, "properties": {"d": -30.0, "s": 60, "base": 1, "post": -1, "recover": 1, "q1": -1}}, {"type": "Feature", "geometry": {"type": "Point", "coordinates": [370344.14, 1163565.86]}, "properties": {"d": -20.0, "s": 60, "base": 1, "post": -1, "recover": 1, "q1": -1}}, {"type": "Feature", "geometry": {"type": "Point", "coordinates": [370337.07, 1163572.93]}, "properties": {"d": -10.0, "s": 60, "base": 0, "post": 1, "recover": 1, "q1": -1}}, {"type": "Feature", "geometry": {"type": "Point", "coordinates": [370330.0, 1163580.0]}, "properties": {"d": 0.0, "s": 60, "base": 1, "post": 1, "recover": 1, "q1": -1}}, {"type": "Feature", "geometry": {"type": "Point", "coordinates": [370322.93, 1163587.07]}, "properties": {"d": 10.0, "s": 60, "base": 0, "post": 1, "recover": 1, "q1": -1}}, {"type": "Feature", "geometry": {"type": "Point", "coordinates": [370315.86, 1163594.14]}, "properties": {"d": 20.0, "s": 60, "base": 0, "post": 1, "recover": 1, "q1": -1}}, {"type": "Feature", "geometry": {"type": "Point", "coordinates": [370308.79, 1163601.21]}, "properties": {"d": 30.0, "s": 60, "base": 0, "post": 1, "recover": 1, "q1": -1}}, {"type": "Feature", "geometry": {"type": "Point", "coordinates": [370301.72, 1163608.28]}, "properties": {"d": 40.0, "s": 60, "base": 0, "post": 1, "recover": 1, "q1": -1}}, {"type": "Feature", "geometry": {"type": "Point", "coordinates": [370294.64, 1163615.36]}, "properties": {"d": 50.0, "s": 60, "base": 0, "post": 1, "recover": 1, "q1": -1}}, {"type": "Feature", "geometry": {"type": "Point", "coordinates": [370287.57, 1163622.43]}, "properties": {"d": 60.0, "s": 60, "base": 0, "post": 1, "recover": 1, "q1": -1}}, {"type": "Feature", "geometry": {"type": "Point", "coordinates": [370280.5, 1163629.5]}, "properties": {"d": 70.0, "s": 60, "base": 0, "post": 1, "recover": 0, "q1": -1}}, {"type": "Feature", "geometry": {"type": "Point", "coordinates": [370273.43, 1163636.57]}, "properties": {"d": 80.0, "s": 60, "base": 0, "post": 1, "recover": 0, "q1": -1}}, {"type": "Feature", "geometry": {"type": "Point", "coordinates": [370266.36, 1163643.64]}, "properties": {"d": 90.0, "s": 60, "base": 0, "post": 0, "recover": 0, "q1": -1}}, {"type": "Feature", "geometry": {"type": "Point", "coordinates": [370259.29, 1163650.71]}, "properties": {"d": 100.0, "s": 60, "base": 0, "post": 1, "recover": 0, "q1": -1}}, {"type": "Feature", "geometry": {"type": "Point", "coordinates": [370252.22, 1163657.78]}, "properties": {"d": 110.0, "s": 60, "base": 0, "post": 1, "recover": 1, "q1": -1}}, {"type": "Feature", "geometry": {"type": "Point", "coordinates": [370245.15, 1163664.85]}, "properties": {"d": 120.0, "s": 60, "base": 0, "post": 1, "recover": 0, "q1": -1}}, {"type": "Feature", "geometry": {"type": "Point", "coordinates": [370238.08, 1163671.92]}, "properties": {"d": 130.0, "s": 60, "base": 0, "post": 1, "recover": 0, "q1": -1}}, {"type": "Feature", "geometry": {"type": "Point", "coordinates": [370231.01, 1163678.99]}, "properties": {"d": 140.0, "s": 60, "base": 0, "post": 1, "recover": 0, "q1": -1}}, {"type": "Feature", "geometry": {"type": "Point", "coordinates": [370223.93, 1163686.07]}, "properties": {"d": 150.0, "s": 60, "base": 0, "post": 1, "recover": 0, "q1": -1}}, {"type": "Feature", "geometry": {"type": "Point", "coordinates": [370780.0, 1142500.0]}, "properties": {"d": -100.0, "s": 61, "base": -1, "post": 1, "recover": 0, "q1": 0}}, {"type": "Feature", "geometry": {"type": "Point", "coordinates": [370780.0, 1142490.0]}, "properties": {"d": -90.0, "s": 61, "base": -1, "post": 1, "recover": 0, "q1": -1}}, {"type": "Feature", "geometry": {"type": "Point", "coordinates": [370780.0, 1142480.0]}, "properties": {"d": -80.0, "s": 61, "base": -1, "post": 1, "recover": -1, "q1": -1}}, {"type": "Feature", "geometry": {"type": "Point", "coordinates": [370780.0, 1142470.0]}, "properties": {"d": -70.0, "s": 61, "base": -1, "post": 1, "recover": -1, "q1": -1}}, {"type": "Feature", "geometry": {"type": "Point", "coordinates": [370780.0, 1142460.0]}, "properties": {"d": -60.0, "s": 61, "base": -1, "post": 1, "recover": -1, "q1": -1}}, {"type": "Feature", "geometry": {"type": "Point", "coordinates": [370780.0, 1142450.0]}, "properties": {"d": -50.0, "s": 61, "base": -1, "post": 1, "recover": -1, "q1": -1}}, {"type": "Feature", "geometry": {"type": "Point", "coordinates": [370780.0, 1142440.0]}, "properties": {"d": -40.0, "s": 61, "base": -1, "post": 0, "recover": -1, "q1": -1}}, {"type": "Feature", "geometry": {"type": "Point", "coordinates": [370780.0, 1142430.0]}, "properties": {"d": -30.0, "s": 61, "base": -1, "post": 0, "recover": -1, "q1": -1}}, {"type": "Feature", "geometry": {"type": "Point", "coordinates": [370780.0, 1142420.0]}, "properties": {"d": -20.0, "s": 61, "base": -1, "post": 1, "recover": -1, "q1": -1}}, {"type": "Feature", "geometry": {"type": "Point", "coordinates": [370780.0, 1142410.0]}, "properties": {"d": -10.0, "s": 61, "base": -1, "post": 1, "recover": -1, "q1": -1}}, {"type": "Feature", "geometry": {"type": "Point", "coordinates": [370780.0, 1142400.0]}, "properties": {"d": 0.0, "s": 61, "base": -1, "post": 0, "recover": -1, "q1": -1}}, {"type": "Feature", "geometry": {"type": "Point", "coordinates": [370780.0, 1142390.0]}, "properties": {"d": 10.0, "s": 61, "base": -1, "post": 0, "recover": -1, "q1": -1}}, {"type": "Feature", "geometry": {"type": "Point", "coordinates": [370780.0, 1142380.0]}, "properties": {"d": 20.0, "s": 61, "base": 0, "post": 0, "recover": -1, "q1": -1}}, {"type": "Feature", "geometry": {"type": "Point", "coordinates": [370780.0, 1142370.0]}, "properties": {"d": 30.0, "s": 61, "base": 0, "post": 1, "recover": -1, "q1": -1}}, {"type": "Feature", "geometry": {"type": "Point", "coordinates": [370780.0, 1142360.0]}, "properties": {"d": 40.0, "s": 61, "base": 0, "post": 0, "recover": -1, "q1": -1}}, {"type": "Feature", "geometry": {"type": "Point", "coordinates": [370780.0, 1142350.0]}, "properties": {"d": 50.0, "s": 61, "base": 0, "post": 0, "recover": -1, "q1": -1}}, {"type": "Feature", "geometry": {"type": "Point", "coordinates": [370780.0, 1142340.0]}, "properties": {"d": 60.0, "s": 61, "base": 0, "post": 0, "recover": -1, "q1": -1}}, {"type": "Feature", "geometry": {"type": "Point", "coordinates": [370780.0, 1142330.0]}, "properties": {"d": 70.0, "s": 61, "base": 0, "post": 0, "recover": -1, "q1": -1}}, {"type": "Feature", "geometry": {"type": "Point", "coordinates": [370780.0, 1142320.0]}, "properties": {"d": 80.0, "s": 61, "base": 0, "post": 0, "recover": -1, "q1": -1}}, {"type": "Feature", "geometry": {"type": "Point", "coordinates": [370780.0, 1142310.0]}, "properties": {"d": 90.0, "s": 61, "base": 0, "post": 1, "recover": -1, "q1": -1}}, {"type": "Feature", "geometry": {"type": "Point", "coordinates": [370780.0, 1142300.0]}, "properties": {"d": 100.0, "s": 61, "base": 0, "post": 1, "recover": -1, "q1": -1}}, {"type": "Feature", "geometry": {"type": "Point", "coordinates": [370780.0, 1142290.0]}, "properties": {"d": 110.0, "s": 61, "base": 1, "post": 1, "recover": 0, "q1": -1}}, {"type": "Feature", "geometry": {"type": "Point", "coordinates": [370780.0, 1142280.0]}, "properties": {"d": 120.0, "s": 61, "base": 1, "post": 1, "recover": 0, "q1": 0}}, {"type": "Feature", "geometry": {"type": "Point", "coordinates": [370780.0, 1142270.0]}, "properties": {"d": 130.0, "s": 61, "base": 1, "post": 1, "recover": 0, "q1": 0}}, {"type": "Feature", "geometry": {"type": "Point", "coordinates": [370780.0, 1142260.0]}, "properties": {"d": 140.0, "s": 61, "base": 0, "post": 1, "recover": 0, "q1": -1}}, {"type": "Feature", "geometry": {"type": "Point", "coordinates": [370780.0, 1142250.0]}, "properties": {"d": 150.0, "s": 61, "base": 0, "post": 1, "recover": 0, "q1": -1}}, {"type": "Feature", "geometry": {"type": "Point", "coordinates": [372320.0, 1183970.0]}, "properties": {"d": -100.0, "s": 62, "base": 0, "post": 0, "recover": -1, "q1": -1}}, {"type": "Feature", "geometry": {"type": "Point", "coordinates": [372320.0, 1183980.0]}, "properties": {"d": -90.0, "s": 62, "base": 0, "post": 0, "recover": -1, "q1": 0}}, {"type": "Feature", "geometry": {"type": "Point", "coordinates": [372320.0, 1183990.0]}, "properties": {"d": -80.0, "s": 62, "base": 1, "post": 1, "recover": -1, "q1": 0}}, {"type": "Feature", "geometry": {"type": "Point", "coordinates": [372320.0, 1184000.0]}, "properties": {"d": -70.0, "s": 62, "base": -1, "post": -1, "recover": -1, "q1": 0}}, {"type": "Feature", "geometry": {"type": "Point", "coordinates": [372320.0, 1184010.0]}, "properties": {"d": -60.0, "s": 62, "base": -1, "post": -1, "recover": -1, "q1": 0}}, {"type": "Feature", "geometry": {"type": "Point", "coordinates": [372320.0, 1184020.0]}, "properties": {"d": -50.0, "s": 62, "base": -1, "post": -1, "recover": -1, "q1": 0}}, {"type": "Feature", "geometry": {"type": "Point", "coordinates": [372320.0, 1184030.0]}, "properties": {"d": -40.0, "s": 62, "base": -1, "post": -1, "recover": -1, "q1": 0}}, {"type": "Feature", "geometry": {"type": "Point", "coordinates": [372320.0, 1184040.0]}, "properties": {"d": -30.0, "s": 62, "base": -1, "post": -1, "recover": -1, "q1": 0}}, {"type": "Feature", "geometry": {"type": "Point", "coordinates": [372320.0, 1184050.0]}, "properties": {"d": -20.0, "s": 62, "base": -1, "post": -1, "recover": -1, "q1": 0}}, {"type": "Feature", "geometry": {"type": "Point", "coordinates": [372320.0, 1184060.0]}, "properties": {"d": -10.0, "s": 62, "base": -1, "post": -1, "recover": -1, "q1": 0}}, {"type": "Feature", "geometry": {"type": "Point", "coordinates": [372320.0, 1184070.0]}, "properties": {"d": 0.0, "s": 62, "base": -1, "post": -1, "recover": -1, "q1": -1}}, {"type": "Feature", "geometry": {"type": "Point", "coordinates": [372320.0, 1184080.0]}, "properties": {"d": 10.0, "s": 62, "base": -1, "post": -1, "recover": -1, "q1": -1}}, {"type": "Feature", "geometry": {"type": "Point", "coordinates": [372320.0, 1184090.0]}, "properties": {"d": 20.0, "s": 62, "base": 0, "post": -1, "recover": -1, "q1": -1}}, {"type": "Feature", "geometry": {"type": "Point", "coordinates": [372320.0, 1184100.0]}, "properties": {"d": 30.0, "s": 62, "base": 0, "post": -1, "recover": -1, "q1": -1}}, {"type": "Feature", "geometry": {"type": "Point", "coordinates": [372320.0, 1184110.0]}, "properties": {"d": 40.0, "s": 62, "base": 0, "post": -1, "recover": -1, "q1": -1}}, {"type": "Feature", "geometry": {"type": "Point", "coordinates": [372320.0, 1184120.0]}, "properties": {"d": 50.0, "s": 62, "base": 0, "post": -1, "recover": -1, "q1": -1}}, {"type": "Feature", "geometry": {"type": "Point", "coordinates": [372320.0, 1184130.0]}, "properties": {"d": 60.0, "s": 62, "base": 0, "post": 1, "recover": -1, "q1": -1}}, {"type": "Feature", "geometry": {"type": "Point", "coordinates": [372320.0, 1184140.0]}, "properties": {"d": 70.0, "s": 62, "base": 0, "post": 1, "recover": -1, "q1": -1}}, {"type": "Feature", "geometry": {"type": "Point", "coordinates": [372320.0, 1184150.0]}, "properties": {"d": 80.0, "s": 62, "base": 0, "post": 1, "recover": -1, "q1": -1}}, {"type": "Feature", "geometry": {"type": "Point", "coordinates": [372320.0, 1184160.0]}, "properties": {"d": 90.0, "s": 62, "base": 0, "post": 1, "recover": -1, "q1": -1}}, {"type": "Feature", "geometry": {"type": "Point", "coordinates": [372320.0, 1184170.0]}, "properties": {"d": 100.0, "s": 62, "base": 0, "post": 1, "recover": -1, "q1": -1}}, {"type": "Feature", "geometry": {"type": "Point", "coordinates": [372320.0, 1184180.0]}, "properties": {"d": 110.0, "s": 62, "base": 0, "post": 1, "recover": -1, "q1": -1}}, {"type": "Feature", "geometry": {"type": "Point", "coordinates": [372320.0, 1184190.0]}, "properties": {"d": 120.0, "s": 62, "base": 0, "post": 1, "recover": -1, "q1": -1}}, {"type": "Feature", "geometry": {"type": "Point", "coordinates": [372320.0, 1184200.0]}, "properties": {"d": 130.0, "s": 62, "base": 0, "post": 1, "recover": -1, "q1": -1}}, {"type": "Feature", "geometry": {"type": "Point", "coordinates": [372320.0, 1184210.0]}, "properties": {"d": 140.0, "s": 62, "base": 0, "post": 1, "recover": -1, "q1": -1}}, {"type": "Feature", "geometry": {"type": "Point", "coordinates": [372320.0, 1184220.0]}, "properties": {"d": 150.0, "s": 62, "base": 0, "post": 1, "recover": -1, "q1": -1}}, {"type": "Feature", "geometry": {"type": "Point", "coordinates": [325461.94, 1161950.39]}, "properties": {"d": -100.0, "s": 63, "base": 0, "post": 0, "recover": 0, "q1": 0}}, {"type": "Feature", "geometry": {"type": "Point", "coordinates": [325471.75, 1161952.35]}, "properties": {"d": -90.0, "s": 63, "base": 0, "post": 0, "recover": 0, "q1": 0}}, {"type": "Feature", "geometry": {"type": "Point", "coordinates": [325481.55, 1161954.31]}, "properties": {"d": -80.0, "s": 63, "base": 1, "post": 0, "recover": -1, "q1": -1}}, {"type": "Feature", "geometry": {"type": "Point", "coordinates": [325491.36, 1161956.27]}, "properties": {"d": -70.0, "s": 63, "base": 1, "post": 1, "recover": -1, "q1": -1}}, {"type": "Feature", "geometry": {"type": "Point", "coordinates": [325501.17, 1161958.23]}, "properties": {"d": -60.0, "s": 63, "base": 1, "post": -1, "recover": -1, "q1": -1}}, {"type": "Feature", "geometry": {"type": "Point", "coordinates": [325510.97, 1161960.19]}, "properties": {"d": -50.0, "s": 63, "base": 1, "post": -1, "recover": -1, "q1": -1}}, {"type": "Feature", "geometry": {"type": "Point", "coordinates": [325520.78, 1161962.16]}, "properties": {"d": -40.0, "s": 63, "base": -1, "post": -1, "recover": -1, "q1": -1}}, {"type": "Feature", "geometry": {"type": "Point", "coordinates": [325530.58, 1161964.12]}, "properties": {"d": -30.0, "s": 63, "base": -1, "post": -1, "recover": -1, "q1": -1}}, {"type": "Feature", "geometry": {"type": "Point", "coordinates": [325540.39, 1161966.08]}, "properties": {"d": -20.0, "s": 63, "base": -1, "post": 0, "recover": -1, "q1": -1}}, {"type": "Feature", "geometry": {"type": "Point", "coordinates": [325550.19, 1161968.04]}, "properties": {"d": -10.0, "s": 63, "base": -1, "post": 0, "recover": -1, "q1": -1}}, {"type": "Feature", "geometry": {"type": "Point", "coordinates": [325560.0, 1161970.0]}, "properties": {"d": 0.0, "s": 63, "base": 0, "post": 0, "recover": 0, "q1": -1}}, {"type": "Feature", "geometry": {"type": "Point", "coordinates": [325569.81, 1161971.96]}, "properties": {"d": 10.0, "s": 63, "base": 0, "post": 0, "recover": 0, "q1": -1}}, {"type": "Feature", "geometry": {"type": "Point", "coordinates": [325579.61, 1161973.92]}, "properties": {"d": 20.0, "s": 63, "base": 0, "post": 0, "recover": 0, "q1": 0}}, {"type": "Feature", "geometry": {"type": "Point", "coordinates": [325589.42, 1161975.88]}, "properties": {"d": 30.0, "s": 63, "base": 0, "post": 0, "recover": 0, "q1": 0}}, {"type": "Feature", "geometry": {"type": "Point", "coordinates": [325599.22, 1161977.84]}, "properties": {"d": 40.0, "s": 63, "base": 0, "post": 0, "recover": 0, "q1": 0}}, {"type": "Feature", "geometry": {"type": "Point", "coordinates": [325609.03, 1161979.81]}, "properties": {"d": 50.0, "s": 63, "base": 0, "post": 0, "recover": 0, "q1": 0}}, {"type": "Feature", "geometry": {"type": "Point", "coordinates": [325618.83, 1161981.77]}, "properties": {"d": 60.0, "s": 63, "base": 0, "post": 0, "recover": 0, "q1": 0}}, {"type": "Feature", "geometry": {"type": "Point", "coordinates": [325628.64, 1161983.73]}, "properties": {"d": 70.0, "s": 63, "base": 0, "post": 0, "recover": 0, "q1": 0}}, {"type": "Feature", "geometry": {"type": "Point", "coordinates": [325638.45, 1161985.69]}, "properties": {"d": 80.0, "s": 63, "base": 0, "post": 0, "recover": 0, "q1": 0}}, {"type": "Feature", "geometry": {"type": "Point", "coordinates": [325648.25, 1161987.65]}, "properties": {"d": 90.0, "s": 63, "base": 0, "post": 0, "recover": 0, "q1": 0}}, {"type": "Feature", "geometry": {"type": "Point", "coordinates": [325658.06, 1161989.61]}, "properties": {"d": 100.0, "s": 63, "base": 0, "post": 0, "recover": 0, "q1": 0}}, {"type": "Feature", "geometry": {"type": "Point", "coordinates": [325667.86, 1161991.57]}, "properties": {"d": 110.0, "s": 63, "base": 0, "post": 0, "recover": 0, "q1": 0}}, {"type": "Feature", "geometry": {"type": "Point", "coordinates": [325677.67, 1161993.53]}, "properties": {"d": 120.0, "s": 63, "base": 0, "post": 0, "recover": 0, "q1": 0}}, {"type": "Feature", "geometry": {"type": "Point", "coordinates": [325687.48, 1161995.5]}, "properties": {"d": 130.0, "s": 63, "base": 0, "post": 0, "recover": 0, "q1": 0}}, {"type": "Feature", "geometry": {"type": "Point", "coordinates": [325697.28, 1161997.46]}, "properties": {"d": 140.0, "s": 63, "base": 0, "post": 0, "recover": 0, "q1": 0}}, {"type": "Feature", "geometry": {"type": "Point", "coordinates": [325707.09, 1161999.42]}, "properties": {"d": 150.0, "s": 63, "base": 0, "post": 0, "recover": 0, "q1": 0}}, {"type": "Feature", "geometry": {"type": "Point", "coordinates": [327379.29, 1169599.29]}, "properties": {"d": -100.0, "s": 64, "base": 1, "post": 1, "recover": 0, "q1": 0}}, {"type": "Feature", "geometry": {"type": "Point", "coordinates": [327386.36, 1169606.36]}, "properties": {"d": -90.0, "s": 64, "base": 1, "post": -1, "recover": -1, "q1": -1}}, {"type": "Feature", "geometry": {"type": "Point", "coordinates": [327393.43, 1169613.43]}, "properties": {"d": -80.0, "s": 64, "base": 1, "post": -1, "recover": -1, "q1": -1}}, {"type": "Feature", "geometry": {"type": "Point", "coordinates": [327400.5, 1169620.5]}, "properties": {"d": -70.0, "s": 64, "base": 1, "post": -1, "recover": -1, "q1": -1}}, {"type": "Feature", "geometry": {"type": "Point", "coordinates": [327407.57, 1169627.57]}, "properties": {"d": -60.0, "s": 64, "base": -1, "post": -1, "recover": -1, "q1": -1}}, {"type": "Feature", "geometry": {"type": "Point", "coordinates": [327414.64, 1169634.64]}, "properties": {"d": -50.0, "s": 64, "base": -1, "post": -1, "recover": -1, "q1": -1}}, {"type": "Feature", "geometry": {"type": "Point", "coordinates": [327421.72, 1169641.72]}, "properties": {"d": -40.0, "s": 64, "base": -1, "post": -1, "recover": -1, "q1": -1}}, {"type": "Feature", "geometry": {"type": "Point", "coordinates": [327428.79, 1169648.79]}, "properties": {"d": -30.0, "s": 64, "base": -1, "post": 0, "recover": -1, "q1": -1}}, {"type": "Feature", "geometry": {"type": "Point", "coordinates": [327435.86, 1169655.86]}, "properties": {"d": -20.0, "s": 64, "base": -1, "post": 0, "recover": -1, "q1": -1}}, {"type": "Feature", "geometry": {"type": "Point", "coordinates": [327442.93, 1169662.93]}, "properties": {"d": -10.0, "s": 64, "base": 0, "post": 0, "recover": 0, "q1": 0}}, {"type": "Feature", "geometry": {"type": "Point", "coordinates": [327450.0, 1169670.0]}, "properties": {"d": 0.0, "s": 64, "base": 0, "post": 0, "recover": 0, "q1": 0}}, {"type": "Feature", "geometry": {"type": "Point", "coordinates": [327457.07, 1169677.07]}, "properties": {"d": 10.0, "s": 64, "base": 0, "post": 0, "recover": 0, "q1": 0}}, {"type": "Feature", "geometry": {"type": "Point", "coordinates": [327464.14, 1169684.14]}, "properties": {"d": 20.0, "s": 64, "base": 0, "post": 0, "recover": 0, "q1": 0}}, {"type": "Feature", "geometry": {"type": "Point", "coordinates": [327471.21, 1169691.21]}, "properties": {"d": 30.0, "s": 64, "base": 0, "post": 0, "recover": 0, "q1": 0}}, {"type": "Feature", "geometry": {"type": "Point", "coordinates": [327478.28, 1169698.28]}, "properties": {"d": 40.0, "s": 64, "base": 0, "post": 0, "recover": 0, "q1": 0}}, {"type": "Feature", "geometry": {"type": "Point", "coordinates": [327485.36, 1169705.36]}, "properties": {"d": 50.0, "s": 64, "base": 0, "post": 0, "recover": 0, "q1": 0}}, {"type": "Feature", "geometry": {"type": "Point", "coordinates": [327492.43, 1169712.43]}, "properties": {"d": 60.0, "s": 64, "base": 0, "post": 0, "recover": 0, "q1": 0}}, {"type": "Feature", "geometry": {"type": "Point", "coordinates": [327499.5, 1169719.5]}, "properties": {"d": 70.0, "s": 64, "base": 0, "post": 0, "recover": 0, "q1": 0}}, {"type": "Feature", "geometry": {"type": "Point", "coordinates": [327506.57, 1169726.57]}, "properties": {"d": 80.0, "s": 64, "base": 0, "post": 0, "recover": 0, "q1": 0}}, {"type": "Feature", "geometry": {"type": "Point", "coordinates": [327513.64, 1169733.64]}, "properties": {"d": 90.0, "s": 64, "base": 0, "post": 0, "recover": 0, "q1": 0}}, {"type": "Feature", "geometry": {"type": "Point", "coordinates": [327520.71, 1169740.71]}, "properties": {"d": 100.0, "s": 64, "base": 0, "post": 0, "recover": 0, "q1": 0}}, {"type": "Feature", "geometry": {"type": "Point", "coordinates": [327527.78, 1169747.78]}, "properties": {"d": 110.0, "s": 64, "base": 0, "post": 0, "recover": 0, "q1": 0}}, {"type": "Feature", "geometry": {"type": "Point", "coordinates": [327534.85, 1169754.85]}, "properties": {"d": 120.0, "s": 64, "base": 0, "post": 0, "recover": 0, "q1": 0}}, {"type": "Feature", "geometry": {"type": "Point", "coordinates": [327541.92, 1169761.92]}, "properties": {"d": 130.0, "s": 64, "base": 0, "post": 0, "recover": 0, "q1": 0}}, {"type": "Feature", "geometry": {"type": "Point", "coordinates": [327548.99, 1169768.99]}, "properties": {"d": 140.0, "s": 64, "base": 0, "post": 0, "recover": 0, "q1": 0}}, {"type": "Feature", "geometry": {"type": "Point", "coordinates": [327556.07, 1169776.07]}, "properties": {"d": 150.0, "s": 64, "base": 0, "post": 0, "recover": 0, "q1": 0}}, {"type": "Feature", "geometry": {"type": "Point", "coordinates": [330059.44, 1167845.28]}, "properties": {"d": -100.0, "s": 65, "base": 1, "post": 1, "recover": -1, "q1": -1}}, {"type": "Feature", "geometry": {"type": "Point", "coordinates": [330050.5, 1167849.75]}, "properties": {"d": -90.0, "s": 65, "base": 1, "post": 1, "recover": -1, "q1": -1}}, {"type": "Feature", "geometry": {"type": "Point", "coordinates": [330041.55, 1167854.22]}, "properties": {"d": -80.0, "s": 65, "base": 1, "post": 1, "recover": -1, "q1": -1}}, {"type": "Feature", "geometry": {"type": "Point", "coordinates": [330032.61, 1167858.7]}, "properties": {"d": -70.0, "s": 65, "base": 1, "post": 1, "recover": -1, "q1": -1}}, {"type": "Feature", "geometry": {"type": "Point", "coordinates": [330023.67, 1167863.17]}, "properties": {"d": -60.0, "s": 65, "base": 1, "post": 1, "recover": -1, "q1": -1}}, {"type": "Feature", "geometry": {"type": "Point", "coordinates": [330014.72, 1167867.64]}, "properties": {"d": -50.0, "s": 65, "base": 1, "post": 1, "recover": -1, "q1": -1}}, {"type": "Feature", "geometry": {"type": "Point", "coordinates": [330005.78, 1167872.11]}, "properties": {"d": -40.0, "s": 65, "base": 1, "post": 1, "recover": -1, "q1": -1}}, {"type": "Feature", "geometry": {"type": "Point", "coordinates": [329996.83, 1167876.58]}, "properties": {"d": -30.0, "s": 65, "base": 1, "post": 1, "recover": -1, "q1": -1}}, {"type": "Feature", "geometry": {"type": "Point", "coordinates": [329987.89, 1167881.06]}, "properties": {"d": -20.0, "s": 65, "base": 1, "post": 1, "recover": -1, "q1": -1}}, {"type": "Feature", "geometry": {"type": "Point", "coordinates": [329978.94, 1167885.53]}, "properties": {"d": -10.0, "s": 65, "base": 0, "post": 1, "recover": -1, "q1": -1}}, {"type": "Feature", "geometry": {"type": "Point", "coordinates": [329970.0, 1167890.0]}, "properties": {"d": 0.0, "s": 65, "base": 0, "post": 1, "recover": -1, "q1": -1}}, {"type": "Feature", "geometry": {"type": "Point", "coordinates": [329961.06, 1167894.47]}, "properties": {"d": 10.0, "s": 65, "base": 0, "post": -1, "recover": -1, "q1": -1}}, {"type": "Feature", "geometry": {"type": "Point", "coordinates": [329952.11, 1167898.94]}, "properties": {"d": 20.0, "s": 65, "base": 0, "post": -1, "recover": -1, "q1": -1}}, {"type": "Feature", "geometry": {"type": "Point", "coordinates": [329943.17, 1167903.42]}, "properties": {"d": 30.0, "s": 65, "base": 0, "post": -1, "recover": -1, "q1": -1}}, {"type": "Feature", "geometry": {"type": "Point", "coordinates": [329934.22, 1167907.89]}, "properties": {"d": 40.0, "s": 65, "base": 0, "post": -1, "recover": -1, "q1": -1}}, {"type": "Feature", "geometry": {"type": "Point", "coordinates": [329925.28, 1167912.36]}, "properties": {"d": 50.0, "s": 65, "base": 0, "post": -1, "recover": -1, "q1": -1}}, {"type": "Feature", "geometry": {"type": "Point", "coordinates": [329916.33, 1167916.83]}, "properties": {"d": 60.0, "s": 65, "base": 0, "post": -1, "recover": -1, "q1": -1}}, {"type": "Feature", "geometry": {"type": "Point", "coordinates": [329907.39, 1167921.3]}, "properties": {"d": 70.0, "s": 65, "base": 0, "post": 1, "recover": -1, "q1": -1}}, {"type": "Feature", "geometry": {"type": "Point", "coordinates": [329898.45, 1167925.78]}, "properties": {"d": 80.0, "s": 65, "base": 0, "post": -1, "recover": -1, "q1": -1}}, {"type": "Feature", "geometry": {"type": "Point", "coordinates": [329889.5, 1167930.25]}, "properties": {"d": 90.0, "s": 65, "base": 0, "post": -1, "recover": -1, "q1": -1}}, {"type": "Feature", "geometry": {"type": "Point", "coordinates": [329880.56, 1167934.72]}, "properties": {"d": 100.0, "s": 65, "base": 0, "post": -1, "recover": -1, "q1": -1}}, {"type": "Feature", "geometry": {"type": "Point", "coordinates": [329871.61, 1167939.19]}, "properties": {"d": 110.0, "s": 65, "base": 0, "post": -1, "recover": -1, "q1": -1}}, {"type": "Feature", "geometry": {"type": "Point", "coordinates": [329862.67, 1167943.67]}, "properties": {"d": 120.0, "s": 65, "base": 0, "post": -1, "recover": -1, "q1": -1}}, {"type": "Feature", "geometry": {"type": "Point", "coordinates": [329853.72, 1167948.14]}, "properties": {"d": 130.0, "s": 65, "base": 0, "post": -1, "recover": -1, "q1": -1}}, {"type": "Feature", "geometry": {"type": "Point", "coordinates": [329844.78, 1167952.61]}, "properties": {"d": 140.0, "s": 65, "base": 0, "post": -1, "recover": -1, "q1": -1}}, {"type": "Feature", "geometry": {"type": "Point", "coordinates": [329835.84, 1167957.08]}, "properties": {"d": 150.0, "s": 65, "base": 0, "post": 1, "recover": -1, "q1": -1}}, {"type": "Feature", "geometry": {"type": "Point", "coordinates": [331054.87, 1185791.62]}, "properties": {"d": -100.0, "s": 66, "base": -1, "post": 0, "recover": 0, "q1": -1}}, {"type": "Feature", "geometry": {"type": "Point", "coordinates": [331045.38, 1185788.46]}, "properties": {"d": -90.0, "s": 66, "base": -1, "post": 0, "recover": 0, "q1": -1}}, {"type": "Feature", "geometry": {"type": "Point", "coordinates": [331035.89, 1185785.3]}, "properties": {"d": -80.0, "s": 66, "base": -1, "post": 0, "recover": 0, "q1": -1}}, {"type": "Feature", "geometry": {"type": "Point", "coordinates": [331026.41, 1185782.14]}, "properties": {"d": -70.0, "s": 66, "base": -1, "post": 0, "recover": 0, "q1": -1}}, {"type": "Feature", "geometry": {"type": "Point", "coordinates": [331016.92, 1185778.97]}, "properties": {"d": -60.0, "s": 66, "base": -1, "post": 0, "recover": 0, "q1": -1}}, {"type": "Feature", "geometry": {"type": "Point", "coordinates": [331007.43, 1185775.81]}, "properties": {"d": -50.0, "s": 66, "base": -1, "post": 0, "recover": 0, "q1": -1}}, {"type": "Feature", "geometry": {"type": "Point", "coordinates": [330997.95, 1185772.65]}, "properties": {"d": -40.0, "s": 66, "base": -1, "post": 0, "recover": 0, "q1": -1}}, {"type": "Feature", "geometry": {"type": "Point", "coordinates": [330988.46, 1185769.49]}, "properties": {"d": -30.0, "s": 66, "base": -1, "post": 0, "recover": 0, "q1": -1}}, {"type": "Feature", "geometry": {"type": "Point", "coordinates": [330978.97, 1185766.32]}, "properties": {"d": -20.0, "s": 66, "base": -1, "post": 0, "recover": 0, "q1": -1}}, {"type": "Feature", "geometry": {"type": "Point", "coordinates": [330969.49, 1185763.16]}, "properties": {"d": -10.0, "s": 66, "base": -1, "post": 0, "recover": 0, "q1": -1}}, {"type": "Feature", "geometry": {"type": "Point", "coordinates": [330960.0, 1185760.0]}, "properties": {"d": 0.0, "s": 66, "base": 0, "post": 0, "recover": 0, "q1": -1}}, {"type": "Feature", "geometry": {"type": "Point", "coordinates": [330950.51, 1185756.84]}, "properties": {"d": 10.0, "s": 66, "base": 0, "post": 0, "recover": 0, "q1": -1}}, {"type": "Feature", "geometry": {"type": "Point", "coordinates": [330941.03, 1185753.68]}, "properties": {"d": 20.0, "s": 66, "base": 0, "post": 0, "recover": 0, "q1": -1}}, {"type": "Feature", "geometry": {"type": "Point", "coordinates": [330931.54, 1185750.51]}, "properties": {"d": 30.0, "s": 66, "base": 0, "post": 0, "recover": 0, "q1": -1}}, {"type": "Feature", "geometry": {"type": "Point", "coordinates": [330922.05, 1185747.35]}, "properties": {"d": 40.0, "s": 66, "base": 0, "post": 0, "recover": 0, "q1": -1}}, {"type": "Feature", "geometry": {"type": "Point", "coordinates": [330912.57, 1185744.19]}, "properties": {"d": 50.0, "s": 66, "base": 0, "post": 0, "recover": 0, "q1": -1}}, {"type": "Feature", "geometry": {"type": "Point", "coordinates": [330903.08, 1185741.03]}, "properties": {"d": 60.0, "s": 66, "base": 0, "post": 0, "recover": 0, "q1": -1}}, {"type": "Feature", "geometry": {"type": "Point", "coordinates": [330893.59, 1185737.86]}, "properties": {"d": 70.0, "s": 66, "base": 0, "post": 0, "recover": 0, "q1": -1}}, {"type": "Feature", "geometry": {"type": "Point", "coordinates": [330884.11, 1185734.7]}, "properties": {"d": 80.0, "s": 66, "base": 0, "post": 0, "recover": 0, "q1": -1}}, {"type": "Feature", "geometry": {"type": "Point", "coordinates": [330874.62, 1185731.54]}, "properties": {"d": 90.0, "s": 66, "base": 0, "post": 0, "recover": 0, "q1": -1}}, {"type": "Feature", "geometry": {"type": "Point", "coordinates": [330865.13, 1185728.38]}, "properties": {"d": 100.0, "s": 66, "base": 0, "post": 0, "recover": 0, "q1": -1}}, {"type": "Feature", "geometry": {"type": "Point", "coordinates": [330855.64, 1185725.21]}, "properties": {"d": 110.0, "s": 66, "base": 0, "post": 0, "recover": 0, "q1": -1}}, {"type": "Feature", "geometry": {"type": "Point", "coordinates": [330846.16, 1185722.05]}, "properties": {"d": 120.0, "s": 66, "base": 0, "post": 0, "recover": 0, "q1": -1}}, {"type": "Feature", "geometry": {"type": "Point", "coordinates": [330836.67, 1185718.89]}, "properties": {"d": 130.0, "s": 66, "base": 0, "post": 0, "recover": 0, "q1": -1}}, {"type": "Feature", "geometry": {"type": "Point", "coordinates": [330827.18, 1185715.73]}, "properties": {"d": 140.0, "s": 66, "base": 0, "post": 0, "recover": 0, "q1": -1}}, {"type": "Feature", "geometry": {"type": "Point", "coordinates": [330817.7, 1185712.57]}, "properties": {"d": 150.0, "s": 66, "base": 0, "post": 0, "recover": 0, "q1": -1}}, {"type": "Feature", "geometry": {"type": "Point", "coordinates": [331920.56, 1168265.28]}, "properties": {"d": -100.0, "s": 67, "base": -1, "post": -1, "recover": -1, "q1": -1}}, {"type": "Feature", "geometry": {"type": "Point", "coordinates": [331929.5, 1168269.75]}, "properties": {"d": -90.0, "s": 67, "base": -1, "post": -1, "recover": -1, "q1": -1}}, {"type": "Feature", "geometry": {"type": "Point", "coordinates": [331938.45, 1168274.22]}, "properties": {"d": -80.0, "s": 67, "base": -1, "post": -1, "recover": -1, "q1": -1}}, {"type": "Feature", "geometry": {"type": "Point", "coordinates": [331947.39, 1168278.7]}, "properties": {"d": -70.0, "s": 67, "base": -1, "post": -1, "recover": -1, "q1": -1}}, {"type": "Feature", "geometry": {"type": "Point", "coordinates": [331956.33, 1168283.17]}, "properties": {"d": -60.0, "s": 67, "base": -1, "post": -1, "recover": -1, "q1": -1}}, {"type": "Feature", "geometry": {"type": "Point", "coordinates": [331965.28, 1168287.64]}, "properties": {"d": -50.0, "s": 67, "base": -1, "post": -1, "recover": -1, "q1": -1}}, {"type": "Feature", "geometry": {"type": "Point", "coordinates": [331974.22, 1168292.11]}, "properties": {"d": -40.0, "s": 67, "base": -1, "post": -1, "recover": -1, "q1": -1}}, {"type": "Feature", "geometry": {"type": "Point", "coordinates": [331983.17, 1168296.58]}, "properties": {"d": -30.0, "s": 67, "base": 1, "post": -1, "recover": -1, "q1": -1}}, {"type": "Feature", "geometry": {"type": "Point", "coordinates": [331992.11, 1168301.06]}, "properties": {"d": -20.0, "s": 67, "base": 1, "post": -1, "recover": -1, "q1": -1}}, {"type": "Feature", "geometry": {"type": "Point", "coordinates": [332001.06, 1168305.53]}, "properties": {"d": -10.0, "s": 67, "base": -1, "post": -1, "recover": -1, "q1": -1}}, {"type": "Feature", "geometry": {"type": "Point", "coordinates": [332010.0, 1168310.0]}, "properties": {"d": 0.0, "s": 67, "base": -1, "post": -1, "recover": -1, "q1": -1}}, {"type": "Feature", "geometry": {"type": "Point", "coordinates": [332018.94, 1168314.47]}, "properties": {"d": 10.0, "s": 67, "base": 0, "post": 0, "recover": -1, "q1": -1}}, {"type": "Feature", "geometry": {"type": "Point", "coordinates": [332027.89, 1168318.94]}, "properties": {"d": 20.0, "s": 67, "base": 0, "post": 0, "recover": -1, "q1": -1}}, {"type": "Feature", "geometry": {"type": "Point", "coordinates": [332036.83, 1168323.42]}, "properties": {"d": 30.0, "s": 67, "base": 0, "post": 0, "recover": -1, "q1": -1}}, {"type": "Feature", "geometry": {"type": "Point", "coordinates": [332045.78, 1168327.89]}, "properties": {"d": 40.0, "s": 67, "base": 0, "post": 0, "recover": -1, "q1": -1}}, {"type": "Feature", "geometry": {"type": "Point", "coordinates": [332054.72, 1168332.36]}, "properties": {"d": 50.0, "s": 67, "base": 0, "post": 0, "recover": -1, "q1": -1}}, {"type": "Feature", "geometry": {"type": "Point", "coordinates": [332063.67, 1168336.83]}, "properties": {"d": 60.0, "s": 67, "base": 0, "post": 0, "recover": -1, "q1": -1}}, {"type": "Feature", "geometry": {"type": "Point", "coordinates": [332072.61, 1168341.31]}, "properties": {"d": 70.0, "s": 67, "base": 0, "post": 0, "recover": -1, "q1": -1}}, {"type": "Feature", "geometry": {"type": "Point", "coordinates": [332081.55, 1168345.78]}, "properties": {"d": 80.0, "s": 67, "base": 0, "post": 0, "recover": 0, "q1": -1}}, {"type": "Feature", "geometry": {"type": "Point", "coordinates": [332090.5, 1168350.25]}, "properties": {"d": 90.0, "s": 67, "base": 0, "post": 0, "recover": 0, "q1": -1}}, {"type": "Feature", "geometry": {"type": "Point", "coordinates": [332099.44, 1168354.72]}, "properties": {"d": 100.0, "s": 67, "base": 0, "post": 0, "recover": 0, "q1": -1}}, {"type": "Feature", "geometry": {"type": "Point", "coordinates": [332108.39, 1168359.19]}, "properties": {"d": 110.0, "s": 67, "base": 0, "post": 0, "recover": 0, "q1": -1}}, {"type": "Feature", "geometry": {"type": "Point", "coordinates": [332117.33, 1168363.67]}, "properties": {"d": 120.0, "s": 67, "base": 0, "post": 0, "recover": 0, "q1": -1}}, {"type": "Feature", "geometry": {"type": "Point", "coordinates": [332126.28, 1168368.14]}, "properties": {"d": 130.0, "s": 67, "base": 0, "post": 0, "recover": 0, "q1": -1}}, {"type": "Feature", "geometry": {"type": "Point", "coordinates": [332135.22, 1168372.61]}, "properties": {"d": 140.0, "s": 67, "base": 0, "post": 0, "recover": 0, "q1": 0}}, {"type": "Feature", "geometry": {"type": "Point", "coordinates": [332144.16, 1168377.08]}, "properties": {"d": 150.0, "s": 67, "base": 0, "post": 0, "recover": 0, "q1": 0}}, {"type": "Feature", "geometry": {"type": "Point", "coordinates": [332520.01, 1154791.11]}, "properties": {"d": -100.0, "s": 68, "base": 1, "post": 1, "recover": -1, "q1": -1}}, {"type": "Feature", "geometry": {"type": "Point", "coordinates": [332530.01, 1154791.0]}, "properties": {"d": -90.0, "s": 68, "base": 1, "post": 1, "recover": -1, "q1": -1}}, {"type": "Feature", "geometry": {"type": "Point", "coordinates": [332540.0, 1154790.89]}, "properties": {"d": -80.0, "s": 68, "base": 1, "post": 1, "recover": -1, "q1": -1}}, {"type": "Feature", "geometry": {"type": "Point", "coordinates": [332550.0, 1154790.78]}, "properties": {"d": -70.0, "s": 68, "base": 1, "post": -1, "recover": -1, "q1": -1}}, {"type": "Feature", "geometry": {"type": "Point", "coordinates": [332560.0, 1154790.67]}, "properties": {"d": -60.0, "s": 68, "base": 1, "post": -1, "recover": -1, "q1": -1}}, {"type": "Feature", "geometry": {"type": "Point", "coordinates": [332570.0, 1154790.56]}, "properties": {"d": -50.0, "s": 68, "base": 1, "post": -1, "recover": -1, "q1": -1}}, {"type": "Feature", "geometry": {"type": "Point", "coordinates": [332580.0, 1154790.45]}, "properties": {"d": -40.0, "s": 68, "base": 1, "post": -1, "recover": -1, "q1": -1}}, {"type": "Feature", "geometry": {"type": "Point", "coordinates": [332590.0, 1154790.33]}, "properties": {"d": -30.0, "s": 68, "base": 1, "post": -1, "recover": -1, "q1": -1}}, {"type": "Feature", "geometry": {"type": "Point", "coordinates": [332600.0, 1154790.22]}, "properties": {"d": -20.0, "s": 68, "base": 1, "post": -1, "recover": -1, "q1": -1}}, {"type": "Feature", "geometry": {"type": "Point", "coordinates": [332610.0, 1154790.11]}, "properties": {"d": -10.0, "s": 68, "base": 0, "post": -1, "recover": -1, "q1": -1}}, {"type": "Feature", "geometry": {"type": "Point", "coordinates": [332620.0, 1154790.0]}, "properties": {"d": 0.0, "s": 68, "base": 0, "post": -1, "recover": -1, "q1": -1}}, {"type": "Feature", "geometry": {"type": "Point", "coordinates": [332630.0, 1154789.89]}, "properties": {"d": 10.0, "s": 68, "base": 0, "post": 1, "recover": -1, "q1": -1}}, {"type": "Feature", "geometry": {"type": "Point", "coordinates": [332640.0, 1154789.78]}, "properties": {"d": 20.0, "s": 68, "base": 0, "post": 1, "recover": -1, "q1": -1}}, {"type": "Feature", "geometry": {"type": "Point", "coordinates": [332650.0, 1154789.67]}, "properties": {"d": 30.0, "s": 68, "base": 0, "post": 0, "recover": -1, "q1": -1}}, {"type": "Feature", "geometry": {"type": "Point", "coordinates": [332660.0, 1154789.55]}, "properties": {"d": 40.0, "s": 68, "base": 0, "post": 0, "recover": -1, "q1": -1}}, {"type": "Feature", "geometry": {"type": "Point", "coordinates": [332670.0, 1154789.44]}, "properties": {"d": 50.0, "s": 68, "base": 0, "post": 0, "recover": -1, "q1": -1}}, {"type": "Feature", "geometry": {"type": "Point", "coordinates": [332680.0, 1154789.33]}, "properties": {"d": 60.0, "s": 68, "base": 0, "post": 0, "recover": -1, "q1": -1}}, {"type": "Feature", "geometry": {"type": "Point", "coordinates": [332690.0, 1154789.22]}, "properties": {"d": 70.0, "s": 68, "base": 0, "post": 0, "recover": -1, "q1": -1}}, {"type": "Feature", "geometry": {"type": "Point", "coordinates": [332700.0, 1154789.11]}, "properties": {"d": 80.0, "s": 68, "base": 0, "post": 0, "recover": 0, "q1": -1}}, {"type": "Feature", "geometry": {"type": "Point", "coordinates": [332709.99, 1154789.0]}, "properties": {"d": 90.0, "s": 68, "base": 0, "post": 0, "recover": 0, "q1": -1}}, {"type": "Feature", "geometry": {"type": "Point", "coordinates": [332719.99, 1154788.89]}, "properties": {"d": 100.0, "s": 68, "base": 0, "post": 0, "recover": 0, "q1": -1}}, {"type": "Feature", "geometry": {"type": "Point", "coordinates": [332729.99, 1154788.78]}, "properties": {"d": 110.0, "s": 68, "base": 0, "post": 0, "recover": 0, "q1": -1}}, {"type": "Feature", "geometry": {"type": "Point", "coordinates": [332739.99, 1154788.66]}, "properties": {"d": 120.0, "s": 68, "base": 0, "post": 0, "recover": 0, "q1": -1}}, {"type": "Feature", "geometry": {"type": "Point", "coordinates": [332749.99, 1154788.55]}, "properties": {"d": 130.0, "s": 68, "base": 0, "post": 0, "recover": -1, "q1": -1}}, {"type": "Feature", "geometry": {"type": "Point", "coordinates": [332759.99, 1154788.44]}, "properties": {"d": 140.0, "s": 68, "base": 0, "post": 0, "recover": -1, "q1": -1}}, {"type": "Feature", "geometry": {"type": "Point", "coordinates": [332769.99, 1154788.33]}, "properties": {"d": 150.0, "s": 68, "base": 0, "post": 0, "recover": -1, "q1": -1}}, {"type": "Feature", "geometry": {"type": "Point", "coordinates": [333174.72, 1180500.56]}, "properties": {"d": -100.0, "s": 69, "base": -1, "post": 0, "recover": 0, "q1": -1}}, {"type": "Feature", "geometry": {"type": "Point", "coordinates": [333170.25, 1180509.5]}, "properties": {"d": -90.0, "s": 69, "base": -1, "post": 0, "recover": 0, "q1": -1}}, {"type": "Feature", "geometry": {"type": "Point", "coordinates": [333165.78, 1180518.45]}, "properties": {"d": -80.0, "s": 69, "base": -1, "post": 0, "recover": 0, "q1": -1}}, {"type": "Feature", "geometry": {"type": "Point", "coordinates": [333161.3, 1180527.39]}, "properties": {"d": -70.0, "s": 69, "base": -1, "post": 0, "recover": 0, "q1": -1}}, {"type": "Feature", "geometry": {"type": "Point", "coordinates": [333156.83, 1180536.33]}, "properties": {"d": -60.0, "s": 69, "base": -1, "post": 0, "recover": 0, "q1": -1}}, {"type": "Feature", "geometry": {"type": "Point", "coordinates": [333152.36, 1180545.28]}, "properties": {"d": -50.0, "s": 69, "base": -1, "post": 0, "recover": 0, "q1": -1}}, {"type": "Feature", "geometry": {"type": "Point", "coordinates": [333147.89, 1180554.22]}, "properties": {"d": -40.0, "s": 69, "base": -1, "post": 0, "recover": 0, "q1": -1}}, {"type": "Feature", "geometry": {"type": "Point", "coordinates": [333143.42, 1180563.17]}, "properties": {"d": -30.0, "s": 69, "base": -1, "post": 0, "recover": 0, "q1": -1}}, {"type": "Feature", "geometry": {"type": "Point", "coordinates": [333138.94, 1180572.11]}, "properties": {"d": -20.0, "s": 69, "base": -1, "post": 0, "recover": 0, "q1": -1}}, {"type": "Feature", "geometry": {"type": "Point", "coordinates": [333134.47, 1180581.06]}, "properties": {"d": -10.0, "s": 69, "base": -1, "post": 0, "recover": 0, "q1": -1}}, {"type": "Feature", "geometry": {"type": "Point", "coordinates": [333130.0, 1180590.0]}, "properties": {"d": 0.0, "s": 69, "base": -1, "post": 0, "recover": 0, "q1": -1}}, {"type": "Feature", "geometry": {"type": "Point", "coordinates": [333125.53, 1180598.94]}, "properties": {"d": 10.0, "s": 69, "base": -1, "post": 0, "recover": 0, "q1": -1}}, {"type": "Feature", "geometry": {"type": "Point", "coordinates": [333121.06, 1180607.89]}, "properties": {"d": 20.0, "s": 69, "base": 0, "post": 0, "recover": 0, "q1": -1}}, {"type": "Feature", "geometry": {"type": "Point", "coordinates": [333116.58, 1180616.83]}, "properties": {"d": 30.0, "s": 69, "base": 0, "post": 0, "recover": 0, "q1": -1}}, {"type": "Feature", "geometry": {"type": "Point", "coordinates": [333112.11, 1180625.78]}, "properties": {"d": 40.0, "s": 69, "base": 0, "post": 0, "recover": 0, "q1": -1}}, {"type": "Feature", "geometry": {"type": "Point", "coordinates": [333107.64, 1180634.72]}, "properties": {"d": 50.0, "s": 69, "base": 0, "post": 0, "recover": 0, "q1": -1}}, {"type": "Feature", "geometry": {"type": "Point", "coordinates": [333103.17, 1180643.67]}, "properties": {"d": 60.0, "s": 69, "base": 0, "post": 0, "recover": 0, "q1": -1}}, {"type": "Feature", "geometry": {"type": "Point", "coordinates": [333098.69, 1180652.61]}, "properties": {"d": 70.0, "s": 69, "base": 0, "post": 0, "recover": 0, "q1": -1}}, {"type": "Feature", "geometry": {"type": "Point", "coordinates": [333094.22, 1180661.55]}, "properties": {"d": 80.0, "s": 69, "base": 0, "post": 0, "recover": 0, "q1": -1}}, {"type": "Feature", "geometry": {"type": "Point", "coordinates": [333089.75, 1180670.5]}, "properties": {"d": 90.0, "s": 69, "base": 0, "post": 0, "recover": 0, "q1": -1}}, {"type": "Feature", "geometry": {"type": "Point", "coordinates": [333085.28, 1180679.44]}, "properties": {"d": 100.0, "s": 69, "base": 0, "post": 0, "recover": 0, "q1": -1}}, {"type": "Feature", "geometry": {"type": "Point", "coordinates": [333080.81, 1180688.39]}, "properties": {"d": 110.0, "s": 69, "base": -1, "post": 0, "recover": 0, "q1": -1}}, {"type": "Feature", "geometry": {"type": "Point", "coordinates": [333076.33, 1180697.33]}, "properties": {"d": 120.0, "s": 69, "base": -1, "post": 0, "recover": 0, "q1": -1}}, {"type": "Feature", "geometry": {"type": "Point", "coordinates": [333071.86, 1180706.28]}, "properties": {"d": 130.0, "s": 69, "base": 0, "post": 0, "recover": 0, "q1": -1}}, {"type": "Feature", "geometry": {"type": "Point", "coordinates": [333067.39, 1180715.22]}, "properties": {"d": 140.0, "s": 69, "base": 0, "post": 0, "recover": 0, "q1": -1}}, {"type": "Feature", "geometry": {"type": "Point", "coordinates": [333062.92, 1180724.16]}, "properties": {"d": 150.0, "s": 69, "base": 0, "post": 0, "recover": 0, "q1": -1}}, {"type": "Feature", "geometry": {"type": "Point", "coordinates": [333980.0, 1187990.0]}, "properties": {"d": -100.0, "s": 70, "base": 0, "post": 0, "recover": 0, "q1": -1}}, {"type": "Feature", "geometry": {"type": "Point", "coordinates": [333980.0, 1188000.0]}, "properties": {"d": -90.0, "s": 70, "base": -1, "post": 0, "recover": 0, "q1": -1}}, {"type": "Feature", "geometry": {"type": "Point", "coordinates": [333980.0, 1188010.0]}, "properties": {"d": -80.0, "s": 70, "base": -1, "post": 0, "recover": 0, "q1": -1}}, {"type": "Feature", "geometry": {"type": "Point", "coordinates": [333980.0, 1188020.0]}, "properties": {"d": -70.0, "s": 70, "base": -1, "post": 0, "recover": 0, "q1": -1}}, {"type": "Feature", "geometry": {"type": "Point", "coordinates": [333980.0, 1188030.0]}, "properties": {"d": -60.0, "s": 70, "base": -1, "post": 0, "recover": 0, "q1": -1}}, {"type": "Feature", "geometry": {"type": "Point", "coordinates": [333980.0, 1188040.0]}, "properties": {"d": -50.0, "s": 70, "base": -1, "post": 0, "recover": 0, "q1": -1}}, {"type": "Feature", "geometry": {"type": "Point", "coordinates": [333980.0, 1188050.0]}, "properties": {"d": -40.0, "s": 70, "base": -1, "post": 0, "recover": 0, "q1": -1}}, {"type": "Feature", "geometry": {"type": "Point", "coordinates": [333980.0, 1188060.0]}, "properties": {"d": -30.0, "s": 70, "base": -1, "post": 0, "recover": 0, "q1": -1}}, {"type": "Feature", "geometry": {"type": "Point", "coordinates": [333980.0, 1188070.0]}, "properties": {"d": -20.0, "s": 70, "base": -1, "post": 0, "recover": 0, "q1": -1}}, {"type": "Feature", "geometry": {"type": "Point", "coordinates": [333980.0, 1188080.0]}, "properties": {"d": -10.0, "s": 70, "base": 0, "post": 0, "recover": 0, "q1": -1}}, {"type": "Feature", "geometry": {"type": "Point", "coordinates": [333980.0, 1188090.0]}, "properties": {"d": 0.0, "s": 70, "base": 0, "post": 0, "recover": 0, "q1": -1}}, {"type": "Feature", "geometry": {"type": "Point", "coordinates": [333980.0, 1188100.0]}, "properties": {"d": 10.0, "s": 70, "base": 0, "post": 0, "recover": 0, "q1": -1}}, {"type": "Feature", "geometry": {"type": "Point", "coordinates": [333980.0, 1188110.0]}, "properties": {"d": 20.0, "s": 70, "base": 0, "post": 0, "recover": 0, "q1": -1}}, {"type": "Feature", "geometry": {"type": "Point", "coordinates": [333980.0, 1188120.0]}, "properties": {"d": 30.0, "s": 70, "base": 0, "post": 0, "recover": 0, "q1": -1}}, {"type": "Feature", "geometry": {"type": "Point", "coordinates": [333980.0, 1188130.0]}, "properties": {"d": 40.0, "s": 70, "base": 0, "post": 0, "recover": 0, "q1": -1}}, {"type": "Feature", "geometry": {"type": "Point", "coordinates": [333980.0, 1188140.0]}, "properties": {"d": 50.0, "s": 70, "base": 0, "post": 0, "recover": 0, "q1": -1}}, {"type": "Feature", "geometry": {"type": "Point", "coordinates": [333980.0, 1188150.0]}, "properties": {"d": 60.0, "s": 70, "base": 0, "post": 0, "recover": 0, "q1": -1}}, {"type": "Feature", "geometry": {"type": "Point", "coordinates": [333980.0, 1188160.0]}, "properties": {"d": 70.0, "s": 70, "base": 0, "post": 0, "recover": 0, "q1": -1}}, {"type": "Feature", "geometry": {"type": "Point", "coordinates": [333980.0, 1188170.0]}, "properties": {"d": 80.0, "s": 70, "base": 0, "post": 0, "recover": 0, "q1": -1}}, {"type": "Feature", "geometry": {"type": "Point", "coordinates": [333980.0, 1188180.0]}, "properties": {"d": 90.0, "s": 70, "base": 0, "post": 0, "recover": 0, "q1": -1}}, {"type": "Feature", "geometry": {"type": "Point", "coordinates": [333980.0, 1188190.0]}, "properties": {"d": 100.0, "s": 70, "base": 0, "post": 0, "recover": 0, "q1": -1}}, {"type": "Feature", "geometry": {"type": "Point", "coordinates": [333980.0, 1188200.0]}, "properties": {"d": 110.0, "s": 70, "base": 0, "post": 0, "recover": 0, "q1": -1}}, {"type": "Feature", "geometry": {"type": "Point", "coordinates": [333980.0, 1188210.0]}, "properties": {"d": 120.0, "s": 70, "base": 0, "post": 0, "recover": 0, "q1": -1}}, {"type": "Feature", "geometry": {"type": "Point", "coordinates": [333980.0, 1188220.0]}, "properties": {"d": 130.0, "s": 70, "base": 0, "post": 0, "recover": 0, "q1": -1}}, {"type": "Feature", "geometry": {"type": "Point", "coordinates": [333980.0, 1188230.0]}, "properties": {"d": 140.0, "s": 70, "base": 0, "post": 0, "recover": 0, "q1": -1}}, {"type": "Feature", "geometry": {"type": "Point", "coordinates": [333980.0, 1188240.0]}, "properties": {"d": 150.0, "s": 70, "base": 0, "post": 0, "recover": 0, "q1": -1}}, {"type": "Feature", "geometry": {"type": "Point", "coordinates": [334500.0, 1159559.93]}, "properties": {"d": -100.0, "s": 71, "base": 1, "post": 0, "recover": 0, "q1": 0}}, {"type": "Feature", "geometry": {"type": "Point", "coordinates": [334490.0, 1159559.94]}, "properties": {"d": -90.0, "s": 71, "base": 1, "post": 0, "recover": 0, "q1": 0}}, {"type": "Feature", "geometry": {"type": "Point", "coordinates": [334480.0, 1159559.94]}, "properties": {"d": -80.0, "s": 71, "base": 1, "post": 0, "recover": 0, "q1": 0}}, {"type": "Feature", "geometry": {"type": "Point", "coordinates": [334470.0, 1159559.95]}, "properties": {"d": -70.0, "s": 71, "base": 1, "post": 0, "recover": 0, "q1": 0}}, {"type": "Feature", "geometry": {"type": "Point", "coordinates": [334460.0, 1159559.96]}, "properties": {"d": -60.0, "s": 71, "base": 1, "post": 0, "recover": 0, "q1": 0}}, {"type": "Feature", "geometry": {"type": "Point", "coordinates": [334450.0, 1159559.97]}, "properties": {"d": -50.0, "s": 71, "base": 1, "post": 0, "recover": 0, "q1": 0}}, {"type": "Feature", "geometry": {"type": "Point", "coordinates": [334440.0, 1159559.97]}, "properties": {"d": -40.0, "s": 71, "base": 1, "post": 0, "recover": 0, "q1": 0}}, {"type": "Feature", "geometry": {"type": "Point", "coordinates": [334430.0, 1159559.98]}, "properties": {"d": -30.0, "s": 71, "base": 1, "post": 0, "recover": 0, "q1": 0}}, {"type": "Feature", "geometry": {"type": "Point", "coordinates": [334420.0, 1159559.99]}, "properties": {"d": -20.0, "s": 71, "base": 1, "post": 0, "recover": 0, "q1": 0}}, {"type": "Feature", "geometry": {"type": "Point", "coordinates": [334410.0, 1159559.99]}, "properties": {"d": -10.0, "s": 71, "base": 1, "post": 0, "recover": 0, "q1": 0}}, {"type": "Feature", "geometry": {"type": "Point", "coordinates": [334400.0, 1159560.0]}, "properties": {"d": 0.0, "s": 71, "base": 1, "post": 0, "recover": 0, "q1": 0}}, {"type": "Feature", "geometry": {"type": "Point", "coordinates": [334390.0, 1159560.01]}, "properties": {"d": 10.0, "s": 71, "base": 0, "post": 0, "recover": 0, "q1": 0}}, {"type": "Feature", "geometry": {"type": "Point", "coordinates": [334380.0, 1159560.01]}, "properties": {"d": 20.0, "s": 71, "base": 0, "post": 0, "recover": 0, "q1": 0}}, {"type": "Feature", "geometry": {"type": "Point", "coordinates": [334370.0, 1159560.02]}, "properties": {"d": 30.0, "s": 71, "base": 0, "post": 0, "recover": 0, "q1": 0}}, {"type": "Feature", "geometry": {"type": "Point", "coordinates": [334360.0, 1159560.03]}, "properties": {"d": 40.0, "s": 71, "base": 0, "post": 0, "recover": 0, "q1": 0}}, {"type": "Feature", "geometry": {"type": "Point", "coordinates": [334350.0, 1159560.03]}, "properties": {"d": 50.0, "s": 71, "base": 0, "post": 0, "recover": 0, "q1": 0}}, {"type": "Feature", "geometry": {"type": "Point", "coordinates": [334340.0, 1159560.04]}, "properties": {"d": 60.0, "s": 71, "base": 0, "post": 0, "recover": 0, "q1": 0}}, {"type": "Feature", "geometry": {"type": "Point", "coordinates": [334330.0, 1159560.05]}, "properties": {"d": 70.0, "s": 71, "base": 0, "post": 0, "recover": 0, "q1": 0}}, {"type": "Feature", "geometry": {"type": "Point", "coordinates": [334320.0, 1159560.06]}, "properties": {"d": 80.0, "s": 71, "base": 0, "post": 0, "recover": 0, "q1": 0}}, {"type": "Feature", "geometry": {"type": "Point", "coordinates": [334310.0, 1159560.06]}, "properties": {"d": 90.0, "s": 71, "base": 0, "post": 0, "recover": 0, "q1": 0}}, {"type": "Feature", "geometry": {"type": "Point", "coordinates": [334300.0, 1159560.07]}, "properties": {"d": 100.0, "s": 71, "base": 0, "post": 0, "recover": 0, "q1": 0}}, {"type": "Feature", "geometry": {"type": "Point", "coordinates": [334290.0, 1159560.08]}, "properties": {"d": 110.0, "s": 71, "base": 0, "post": 0, "recover": 0, "q1": 0}}, {"type": "Feature", "geometry": {"type": "Point", "coordinates": [334280.0, 1159560.08]}, "properties": {"d": 120.0, "s": 71, "base": 0, "post": 0, "recover": 0, "q1": 0}}, {"type": "Feature", "geometry": {"type": "Point", "coordinates": [334270.0, 1159560.09]}, "properties": {"d": 130.0, "s": 71, "base": 0, "post": 0, "recover": 0, "q1": 0}}, {"type": "Feature", "geometry": {"type": "Point", "coordinates": [334260.0, 1159560.1]}, "properties": {"d": 140.0, "s": 71, "base": 0, "post": 0, "recover": 0, "q1": 0}}, {"type": "Feature", "geometry": {"type": "Point", "coordinates": [334250.0, 1159560.1]}, "properties": {"d": 150.0, "s": 71, "base": 0, "post": 0, "recover": 0, "q1": 0}}, {"type": "Feature", "geometry": {"type": "Point", "coordinates": [334920.0, 1173900.0]}, "properties": {"d": -100.0, "s": 72, "base": 1, "post": 0, "recover": 0, "q1": -1}}, {"type": "Feature", "geometry": {"type": "Point", "coordinates": [334930.0, 1173900.0]}, "properties": {"d": -90.0, "s": 72, "base": 1, "post": 0, "recover": 0, "q1": -1}}, {"type": "Feature", "geometry": {"type": "Point", "coordinates": [334940.0, 1173900.0]}, "properties": {"d": -80.0, "s": 72, "base": 1, "post": 0, "recover": 0, "q1": -1}}, {"type": "Feature", "geometry": {"type": "Point", "coordinates": [334950.0, 1173900.0]}, "properties": {"d": -70.0, "s": 72, "base": 1, "post": 0, "recover": 0, "q1": -1}}, {"type": "Feature", "geometry": {"type": "Point", "coordinates": [334960.0, 1173900.0]}, "properties": {"d": -60.0, "s": 72, "base": 1, "post": 0, "recover": 0, "q1": -1}}, {"type": "Feature", "geometry": {"type": "Point", "coordinates": [334970.0, 1173900.0]}, "properties": {"d": -50.0, "s": 72, "base": 1, "post": 0, "recover": 0, "q1": -1}}, {"type": "Feature", "geometry": {"type": "Point", "coordinates": [334980.0, 1173900.0]}, "properties": {"d": -40.0, "s": 72, "base": 1, "post": 0, "recover": 0, "q1": -1}}, {"type": "Feature", "geometry": {"type": "Point", "coordinates": [334990.0, 1173900.0]}, "properties": {"d": -30.0, "s": 72, "base": 1, "post": 0, "recover": 0, "q1": -1}}, {"type": "Feature", "geometry": {"type": "Point", "coordinates": [335000.0, 1173900.0]}, "properties": {"d": -20.0, "s": 72, "base": 0, "post": 0, "recover": 0, "q1": -1}}, {"type": "Feature", "geometry": {"type": "Point", "coordinates": [335010.0, 1173900.0]}, "properties": {"d": -10.0, "s": 72, "base": 0, "post": 0, "recover": 0, "q1": 0}}, {"type": "Feature", "geometry": {"type": "Point", "coordinates": [335020.0, 1173900.0]}, "properties": {"d": 0.0, "s": 72, "base": 0, "post": 0, "recover": 0, "q1": 0}}, {"type": "Feature", "geometry": {"type": "Point", "coordinates": [335030.0, 1173900.0]}, "properties": {"d": 10.0, "s": 72, "base": 0, "post": 0, "recover": 0, "q1": 0}}, {"type": "Feature", "geometry": {"type": "Point", "coordinates": [335040.0, 1173900.0]}, "properties": {"d": 20.0, "s": 72, "base": 0, "post": 0, "recover": 0, "q1": 0}}, {"type": "Feature", "geometry": {"type": "Point", "coordinates": [335050.0, 1173900.0]}, "properties": {"d": 30.0, "s": 72, "base": 0, "post": 0, "recover": 0, "q1": -1}}, {"type": "Feature", "geometry": {"type": "Point", "coordinates": [335060.0, 1173900.0]}, "properties": {"d": 40.0, "s": 72, "base": 0, "post": 0, "recover": 0, "q1": -1}}, {"type": "Feature", "geometry": {"type": "Point", "coordinates": [335070.0, 1173900.0]}, "properties": {"d": 50.0, "s": 72, "base": 0, "post": 0, "recover": 0, "q1": 0}}, {"type": "Feature", "geometry": {"type": "Point", "coordinates": [335080.0, 1173900.0]}, "properties": {"d": 60.0, "s": 72, "base": 0, "post": 0, "recover": 0, "q1": 0}}, {"type": "Feature", "geometry": {"type": "Point", "coordinates": [335090.0, 1173900.0]}, "properties": {"d": 70.0, "s": 72, "base": 0, "post": 0, "recover": 0, "q1": 0}}, {"type": "Feature", "geometry": {"type": "Point", "coordinates": [335100.0, 1173900.0]}, "properties": {"d": 80.0, "s": 72, "base": 0, "post": 0, "recover": 0, "q1": 0}}, {"type": "Feature", "geometry": {"type": "Point", "coordinates": [335110.0, 1173900.0]}, "properties": {"d": 90.0, "s": 72, "base": 0, "post": 0, "recover": 0, "q1": 0}}, {"type": "Feature", "geometry": {"type": "Point", "coordinates": [335120.0, 1173900.0]}, "properties": {"d": 100.0, "s": 72, "base": 0, "post": 0, "recover": 0, "q1": 0}}, {"type": "Feature", "geometry": {"type": "Point", "coordinates": [335130.0, 1173900.0]}, "properties": {"d": 110.0, "s": 72, "base": 0, "post": 0, "recover": 0, "q1": -1}}, {"type": "Feature", "geometry": {"type": "Point", "coordinates": [335140.0, 1173900.0]}, "properties": {"d": 120.0, "s": 72, "base": 0, "post": 0, "recover": 0, "q1": -1}}, {"type": "Feature", "geometry": {"type": "Point", "coordinates": [335150.0, 1173900.0]}, "properties": {"d": 130.0, "s": 72, "base": 0, "post": 0, "recover": 0, "q1": -1}}, {"type": "Feature", "geometry": {"type": "Point", "coordinates": [335160.0, 1173900.0]}, "properties": {"d": 140.0, "s": 72, "base": 0, "post": 0, "recover": 0, "q1": -1}}, {"type": "Feature", "geometry": {"type": "Point", "coordinates": [335170.0, 1173900.0]}, "properties": {"d": 150.0, "s": 72, "base": 0, "post": 0, "recover": 0, "q1": -1}}, {"type": "Feature", "geometry": {"type": "Point", "coordinates": [335275.13, 1148468.38]}, "properties": {"d": -100.0, "s": 73, "base": 0, "post": 0, "recover": -1, "q1": -1}}, {"type": "Feature", "geometry": {"type": "Point", "coordinates": [335284.62, 1148471.54]}, "properties": {"d": -90.0, "s": 73, "base": -1, "post": -1, "recover": -1, "q1": -1}}, {"type": "Feature", "geometry": {"type": "Point", "coordinates": [335294.11, 1148474.7]}, "properties": {"d": -80.0, "s": 73, "base": -1, "post": -1, "recover": -1, "q1": -1}}, {"type": "Feature", "geometry": {"type": "Point", "coordinates": [335303.59, 1148477.86]}, "properties": {"d": -70.0, "s": 73, "base": 1, "post": -1, "recover": -1, "q1": -1}}, {"type": "Feature", "geometry": {"type": "Point", "coordinates": [335313.08, 1148481.03]}, "properties": {"d": -60.0, "s": 73, "base": 0, "post": -1, "recover": -1, "q1": -1}}, {"type": "Feature", "geometry": {"type": "Point", "coordinates": [335322.57, 1148484.19]}, "properties": {"d": -50.0, "s": 73, "base": 0, "post": -1, "recover": -1, "q1": -1}}, {"type": "Feature", "geometry": {"type": "Point", "coordinates": [335332.05, 1148487.35]}, "properties": {"d": -40.0, "s": 73, "base": 0, "post": -1, "recover": -1, "q1": -1}}, {"type": "Feature", "geometry": {"type": "Point", "coordinates": [335341.54, 1148490.51]}, "properties": {"d": -30.0, "s": 73, "base": 0, "post": -1, "recover": -1, "q1": -1}}, {"type": "Feature", "geometry": {"type": "Point", "coordinates": [335351.03, 1148493.68]}, "properties": {"d": -20.0, "s": 73, "base": 0, "post": -1, "recover": -1, "q1": -1}}, {"type": "Feature", "geometry": {"type": "Point", "coordinates": [335360.51, 1148496.84]}, "properties": {"d": -10.0, "s": 73, "base": 0, "post": -1, "recover": -1, "q1": -1}}, {"type": "Feature", "geometry": {"type": "Point", "coordinates": [335370.0, 1148500.0]}, "properties": {"d": 0.0, "s": 73, "base": -1, "post": -1, "recover": -1, "q1": -1}}, {"type": "Feature", "geometry": {"type": "Point", "coordinates": [335379.49, 1148503.16]}, "properties": {"d": 10.0, "s": 73, "base": -1, "post": -1, "recover": -1, "q1": -1}}, {"type": "Feature", "geometry": {"type": "Point", "coordinates": [335388.97, 1148506.32]}, "properties": {"d": 20.0, "s": 73, "base": -1, "post": -1, "recover": -1, "q1": -1}}, {"type": "Feature", "geometry": {"type": "Point", "coordinates": [335398.46, 1148509.49]}, "properties": {"d": 30.0, "s": 73, "base": -1, "post": -1, "recover": -1, "q1": -1}}, {"type": "Feature", "geometry": {"type": "Point", "coordinates": [335407.95, 1148512.65]}, "properties": {"d": 40.0, "s": 73, "base": 0, "post": -1, "recover": -1, "q1": -1}}, {"type": "Feature", "geometry": {"type": "Point", "coordinates": [335417.43, 1148515.81]}, "properties": {"d": 50.0, "s": 73, "base": 0, "post": -1, "recover": -1, "q1": -1}}, {"type": "Feature", "geometry": {"type": "Point", "coordinates": [335426.92, 1148518.97]}, "properties": {"d": 60.0, "s": 73, "base": 0, "post": -1, "recover": -1, "q1": -1}}, {"type": "Feature", "geometry": {"type": "Point", "coordinates": [335436.41, 1148522.14]}, "properties": {"d": 70.0, "s": 73, "base": 0, "post": -1, "recover": -1, "q1": -1}}, {"type": "Feature", "geometry": {"type": "Point", "coordinates": [335445.89, 1148525.3]}, "properties": {"d": 80.0, "s": 73, "base": 0, "post": -1, "recover": -1, "q1": -1}}, {"type": "Feature", "geometry": {"type": "Point", "coordinates": [335455.38, 1148528.46]}, "properties": {"d": 90.0, "s": 73, "base": 0, "post": -1, "recover": -1, "q1": -1}}, {"type": "Feature", "geometry": {"type": "Point", "coordinates": [335464.87, 1148531.62]}, "properties": {"d": 100.0, "s": 73, "base": 0, "post": -1, "recover": 0, "q1": -1}}, {"type": "Feature", "geometry": {"type": "Point", "coordinates": [335474.36, 1148534.79]}, "properties": {"d": 110.0, "s": 73, "base": 0, "post": -1, "recover": 0, "q1": -1}}, {"type": "Feature", "geometry": {"type": "Point", "coordinates": [335483.84, 1148537.95]}, "properties": {"d": 120.0, "s": 73, "base": 0, "post": -1, "recover": -1, "q1": -1}}, {"type": "Feature", "geometry": {"type": "Point", "coordinates": [335493.33, 1148541.11]}, "properties": {"d": 130.0, "s": 73, "base": 0, "post": -1, "recover": -1, "q1": -1}}, {"type": "Feature", "geometry": {"type": "Point", "coordinates": [335502.82, 1148544.27]}, "properties": {"d": 140.0, "s": 73, "base": 0, "post": 0, "recover": 0, "q1": -1}}, {"type": "Feature", "geometry": {"type": "Point", "coordinates": [335512.3, 1148547.43]}, "properties": {"d": 150.0, "s": 73, "base": 0, "post": 0, "recover": 0, "q1": -1}}, {"type": "Feature", "geometry": {"type": "Point", "coordinates": [335970.0, 1145260.0]}, "properties": {"d": -100.0, "s": 74, "base": 1, "post": 1, "recover": 0, "q1": -1}}, {"type": "Feature", "geometry": {"type": "Point", "coordinates": [335970.0, 1145250.0]}, "properties": {"d": -90.0, "s": 74, "base": 1, "post": 1, "recover": 0, "q1": -1}}, {"type": "Feature", "geometry": {"type": "Point", "coordinates": [335970.0, 1145240.0]}, "properties": {"d": -80.0, "s": 74, "base": 1, "post": 1, "recover": 0, "q1": -1}}, {"type": "Feature", "geometry": {"type": "Point", "coordinates": [335970.0, 1145230.0]}, "properties": {"d": -70.0, "s": 74, "base": 1, "post": 1, "recover": 0, "q1": -1}}, {"type": "Feature", "geometry": {"type": "Point", "coordinates": [335970.0, 1145220.0]}, "properties": {"d": -60.0, "s": 74, "base": 1, "post": 1, "recover": 1, "q1": -1}}, {"type": "Feature", "geometry": {"type": "Point", "coordinates": [335970.0, 1145210.0]}, "properties": {"d": -50.0, "s": 74, "base": 1, "post": 1, "recover": 0, "q1": -1}}, {"type": "Feature", "geometry": {"type": "Point", "coordinates": [335970.0, 1145200.0]}, "properties": {"d": -40.0, "s": 74, "base": 1, "post": 1, "recover": -1, "q1": -1}}, {"type": "Feature", "geometry": {"type": "Point", "coordinates": [335970.0, 1145190.0]}, "properties": {"d": -30.0, "s": 74, "base": 1, "post": 1, "recover": -1, "q1": -1}}, {"type": "Feature", "geometry": {"type": "Point", "coordinates": [335970.0, 1145180.0]}, "properties": {"d": -20.0, "s": 74, "base": 1, "post": 1, "recover": -1, "q1": -1}}, {"type": "Feature", "geometry": {"type": "Point", "coordinates": [335970.0, 1145170.0]}, "properties": {"d": -10.0, "s": 74, "base": 1, "post": 1, "recover": -1, "q1": -1}}, {"type": "Feature", "geometry": {"type": "Point", "coordinates": [335970.0, 1145160.0]}, "properties": {"d": 0.0, "s": 74, "base": 1, "post": 1, "recover": -1, "q1": -1}}, {"type": "Feature", "geometry": {"type": "Point", "coordinates": [335970.0, 1145150.0]}, "properties": {"d": 10.0, "s": 74, "base": 0, "post": 1, "recover": -1, "q1": -1}}, {"type": "Feature", "geometry": {"type": "Point", "coordinates": [335970.0, 1145140.0]}, "properties": {"d": 20.0, "s": 74, "base": 1, "post": 1, "recover": -1, "q1": -1}}, {"type": "Feature", "geometry": {"type": "Point", "coordinates": [335970.0, 1145130.0]}, "properties": {"d": 30.0, "s": 74, "base": 0, "post": 0, "recover": -1, "q1": -1}}, {"type": "Feature", "geometry": {"type": "Point", "coordinates": [335970.0, 1145120.0]}, "properties": {"d": 40.0, "s": 74, "base": 0, "post": 0, "recover": -1, "q1": -1}}, {"type": "Feature", "geometry": {"type": "Point", "coordinates": [335970.0, 1145110.0]}, "properties": {"d": 50.0, "s": 74, "base": 0, "post": 1, "recover": -1, "q1": -1}}, {"type": "Feature", "geometry": {"type": "Point", "coordinates": [335970.0, 1145100.0]}, "properties": {"d": 60.0, "s": 74, "base": 0, "post": 1, "recover": -1, "q1": -1}}, {"type": "Feature", "geometry": {"type": "Point", "coordinates": [335970.0, 1145090.0]}, "properties": {"d": 70.0, "s": 74, "base": 0, "post": 1, "recover": -1, "q1": -1}}, {"type": "Feature", "geometry": {"type": "Point", "coordinates": [335970.0, 1145080.0]}, "properties": {"d": 80.0, "s": 74, "base": 0, "post": 1, "recover": -1, "q1": -1}}, {"type": "Feature", "geometry": {"type": "Point", "coordinates": [335970.0, 1145070.0]}, "properties": {"d": 90.0, "s": 74, "base": 0, "post": 1, "recover": -1, "q1": -1}}, {"type": "Feature", "geometry": {"type": "Point", "coordinates": [335970.0, 1145060.0]}, "properties": {"d": 100.0, "s": 74, "base": 0, "post": 1, "recover": -1, "q1": -1}}, {"type": "Feature", "geometry": {"type": "Point", "coordinates": [335970.0, 1145050.0]}, "properties": {"d": 110.0, "s": 74, "base": 0, "post": 1, "recover": 1, "q1": -1}}, {"type": "Feature", "geometry": {"type": "Point", "coordinates": [335970.0, 1145040.0]}, "properties": {"d": 120.0, "s": 74, "base": 0, "post": 1, "recover": 1, "q1": -1}}, {"type": "Feature", "geometry": {"type": "Point", "coordinates": [335970.0, 1145030.0]}, "properties": {"d": 130.0, "s": 74, "base": 0, "post": 1, "recover": 1, "q1": -1}}, {"type": "Feature", "geometry": {"type": "Point", "coordinates": [335970.0, 1145020.0]}, "properties": {"d": 140.0, "s": 74, "base": 0, "post": 1, "recover": 1, "q1": -1}}, {"type": "Feature", "geometry": {"type": "Point", "coordinates": [335970.0, 1145010.0]}, "properties": {"d": 150.0, "s": 74, "base": 0, "post": 1, "recover": 1, "q1": -1}}, {"type": "Feature", "geometry": {"type": "Point", "coordinates": [336890.0, 1153970.0]}, "properties": {"d": -100.0, "s": 75, "base": 1, "post": 1, "recover": 1, "q1": -1}}, {"type": "Feature", "geometry": {"type": "Point", "coordinates": [336900.0, 1153970.0]}, "properties": {"d": -90.0, "s": 75, "base": 1, "post": 1, "recover": 1, "q1": -1}}, {"type": "Feature", "geometry": {"type": "Point", "coordinates": [336910.0, 1153970.0]}, "properties": {"d": -80.0, "s": 75, "base": 1, "post": 1, "recover": 1, "q1": -1}}, {"type": "Feature", "geometry": {"type": "Point", "coordinates": [336920.0, 1153970.0]}, "properties": {"d": -70.0, "s": 75, "base": 1, "post": 1, "recover": 1, "q1": -1}}, {"type": "Feature", "geometry": {"type": "Point", "coordinates": [336930.0, 1153970.0]}, "properties": {"d": -60.0, "s": 75, "base": 1, "post": 1, "recover": 1, "q1": -1}}, {"type": "Feature", "geometry": {"type": "Point", "coordinates": [336940.0, 1153970.0]}, "properties": {"d": -50.0, "s": 75, "base": 1, "post": 1, "recover": 1, "q1": -1}}, {"type": "Feature", "geometry": {"type": "Point", "coordinates": [336950.0, 1153970.0]}, "properties": {"d": -40.0, "s": 75, "base": 0, "post": 0, "recover": 1, "q1": -1}}, {"type": "Feature", "geometry": {"type": "Point", "coordinates": [336960.0, 1153970.0]}, "properties": {"d": -30.0, "s": 75, "base": 1, "post": 0, "recover": 0, "q1": -1}}, {"type": "Feature", "geometry": {"type": "Point", "coordinates": [336970.0, 1153970.0]}, "properties": {"d": -20.0, "s": 75, "base": -1, "post": -1, "recover": -1, "q1": -1}}, {"type": "Feature", "geometry": {"type": "Point", "coordinates": [336980.0, 1153970.0]}, "properties": {"d": -10.0, "s": 75, "base": -1, "post": -1, "recover": -1, "q1": -1}}, {"type": "Feature", "geometry": {"type": "Point", "coordinates": [336990.0, 1153970.0]}, "properties": {"d": 0.0, "s": 75, "base": -1, "post": -1, "recover": -1, "q1": -1}}, {"type": "Feature", "geometry": {"type": "Point", "coordinates": [337000.0, 1153970.0]}, "properties": {"d": 10.0, "s": 75, "base": -1, "post": -1, "recover": -1, "q1": -1}}, {"type": "Feature", "geometry": {"type": "Point", "coordinates": [337010.0, 1153970.0]}, "properties": {"d": 20.0, "s": 75, "base": 0, "post": 0, "recover": -1, "q1": -1}}, {"type": "Feature", "geometry": {"type": "Point", "coordinates": [337020.0, 1153970.0]}, "properties": {"d": 30.0, "s": 75, "base": 0, "post": 0, "recover": -1, "q1": -1}}, {"type": "Feature", "geometry": {"type": "Point", "coordinates": [337030.0, 1153970.0]}, "properties": {"d": 40.0, "s": 75, "base": 0, "post": 0, "recover": -1, "q1": -1}}, {"type": "Feature", "geometry": {"type": "Point", "coordinates": [337040.0, 1153970.0]}, "properties": {"d": 50.0, "s": 75, "base": 0, "post": 0, "recover": -1, "q1": -1}}, {"type": "Feature", "geometry": {"type": "Point", "coordinates": [337050.0, 1153970.0]}, "properties": {"d": 60.0, "s": 75, "base": 0, "post": 0, "recover": 0, "q1": -1}}, {"type": "Feature", "geometry": {"type": "Point", "coordinates": [337060.0, 1153970.0]}, "properties": {"d": 70.0, "s": 75, "base": 0, "post": 0, "recover": 0, "q1": -1}}, {"type": "Feature", "geometry": {"type": "Point", "coordinates": [337070.0, 1153970.0]}, "properties": {"d": 80.0, "s": 75, "base": 0, "post": 0, "recover": 0, "q1": -1}}, {"type": "Feature", "geometry": {"type": "Point", "coordinates": [337080.0, 1153970.0]}, "properties": {"d": 90.0, "s": 75, "base": 0, "post": 0, "recover": 0, "q1": -1}}, {"type": "Feature", "geometry": {"type": "Point", "coordinates": [337090.0, 1153970.0]}, "properties": {"d": 100.0, "s": 75, "base": 0, "post": 0, "recover": 0, "q1": -1}}, {"type": "Feature", "geometry": {"type": "Point", "coordinates": [337100.0, 1153970.0]}, "properties": {"d": 110.0, "s": 75, "base": 0, "post": 0, "recover": 0, "q1": -1}}, {"type": "Feature", "geometry": {"type": "Point", "coordinates": [337110.0, 1153970.0]}, "properties": {"d": 120.0, "s": 75, "base": -1, "post": 0, "recover": -1, "q1": -1}}, {"type": "Feature", "geometry": {"type": "Point", "coordinates": [337120.0, 1153970.0]}, "properties": {"d": 130.0, "s": 75, "base": -1, "post": 1, "recover": -1, "q1": -1}}, {"type": "Feature", "geometry": {"type": "Point", "coordinates": [337130.0, 1153970.0]}, "properties": {"d": 140.0, "s": 75, "base": 1, "post": -1, "recover": -1, "q1": -1}}, {"type": "Feature", "geometry": {"type": "Point", "coordinates": [337140.0, 1153970.0]}, "properties": {"d": 150.0, "s": 75, "base": 1, "post": -1, "recover": -1, "q1": -1}}, {"type": "Feature", "geometry": {"type": "Point", "coordinates": [337649.44, 1169315.28]}, "properties": {"d": -100.0, "s": 76, "base": 0, "post": 0, "recover": 0, "q1": -1}}, {"type": "Feature", "geometry": {"type": "Point", "coordinates": [337640.5, 1169319.75]}, "properties": {"d": -90.0, "s": 76, "base": 0, "post": 0, "recover": 0, "q1": -1}}, {"type": "Feature", "geometry": {"type": "Point", "coordinates": [337631.55, 1169324.22]}, "properties": {"d": -80.0, "s": 76, "base": -1, "post": 0, "recover": 0, "q1": 0}}, {"type": "Feature", "geometry": {"type": "Point", "coordinates": [337622.61, 1169328.7]}, "properties": {"d": -70.0, "s": 76, "base": -1, "post": 0, "recover": 0, "q1": 0}}, {"type": "Feature", "geometry": {"type": "Point", "coordinates": [337613.67, 1169333.17]}, "properties": {"d": -60.0, "s": 76, "base": 0, "post": 0, "recover": 0, "q1": 0}}, {"type": "Feature", "geometry": {"type": "Point", "coordinates": [337604.72, 1169337.64]}, "properties": {"d": -50.0, "s": 76, "base": 0, "post": 0, "recover": 0, "q1": 0}}, {"type": "Feature", "geometry": {"type": "Point", "coordinates": [337595.78, 1169342.11]}, "properties": {"d": -40.0, "s": 76, "base": 0, "post": 0, "recover": 0, "q1": 0}}, {"type": "Feature", "geometry": {"type": "Point", "coordinates": [337586.83, 1169346.58]}, "properties": {"d": -30.0, "s": 76, "base": 0, "post": 0, "recover": 0, "q1": 0}}, {"type": "Feature", "geometry": {"type": "Point", "coordinates": [337577.89, 1169351.06]}, "properties": {"d": -20.0, "s": 76, "base": 0, "post": 0, "recover": 0, "q1": 0}}, {"type": "Feature", "geometry": {"type": "Point", "coordinates": [337568.94, 1169355.53]}, "properties": {"d": -10.0, "s": 76, "base": -1, "post": 0, "recover": 0, "q1": 0}}, {"type": "Feature", "geometry": {"type": "Point", "coordinates": [337560.0, 1169360.0]}, "properties": {"d": 0.0, "s": 76, "base": -1, "post": 0, "recover": 0, "q1": 0}}, {"type": "Feature", "geometry": {"type": "Point", "coordinates": [337551.06, 1169364.47]}, "properties": {"d": 10.0, "s": 76, "base": 0, "post": 0, "recover": 0, "q1": 0}}, {"type": "Feature", "geometry": {"type": "Point", "coordinates": [337542.11, 1169368.94]}, "properties": {"d": 20.0, "s": 76, "base": 0, "post": 0, "recover": 0, "q1": 0}}, {"type": "Feature", "geometry": {"type": "Point", "coordinates": [337533.17, 1169373.42]}, "properties": {"d": 30.0, "s": 76, "base": 0, "post": 0, "recover": 0, "q1": -1}}, {"type": "Feature", "geometry": {"type": "Point", "coordinates": [337524.22, 1169377.89]}, "properties": {"d": 40.0, "s": 76, "base": 0, "post": 0, "recover": 0, "q1": -1}}, {"type": "Feature", "geometry": {"type": "Point", "coordinates": [337515.28, 1169382.36]}, "properties": {"d": 50.0, "s": 76, "base": 0, "post": 0, "recover": 0, "q1": -1}}, {"type": "Feature", "geometry": {"type": "Point", "coordinates": [337506.33, 1169386.83]}, "properties": {"d": 60.0, "s": 76, "base": 0, "post": 0, "recover": 0, "q1": -1}}, {"type": "Feature", "geometry": {"type": "Point", "coordinates": [337497.39, 1169391.3]}, "properties": {"d": 70.0, "s": 76, "base": 0, "post": 0, "recover": 0, "q1": -1}}, {"type": "Feature", "geometry": {"type": "Point", "coordinates": [337488.45, 1169395.78]}, "properties": {"d": 80.0, "s": 76, "base": 0, "post": 0, "recover": 0, "q1": -1}}, {"type": "Feature", "geometry": {"type": "Point", "coordinates": [337479.5, 1169400.25]}, "properties": {"d": 90.0, "s": 76, "base": 0, "post": 0, "recover": 0, "q1": -1}}, {"type": "Feature", "geometry": {"type": "Point", "coordinates": [337470.56, 1169404.72]}, "properties": {"d": 100.0, "s": 76, "base": 0, "post": 0, "recover": 0, "q1": -1}}, {"type": "Feature", "geometry": {"type": "Point", "coordinates": [337461.61, 1169409.19]}, "properties": {"d": 110.0, "s": 76, "base": 0, "post": 0, "recover": 0, "q1": -1}}, {"type": "Feature", "geometry": {"type": "Point", "coordinates": [337452.67, 1169413.67]}, "properties": {"d": 120.0, "s": 76, "base": 0, "post": 0, "recover": 0, "q1": -1}}, {"type": "Feature", "geometry": {"type": "Point", "coordinates": [337443.72, 1169418.14]}, "properties": {"d": 130.0, "s": 76, "base": 0, "post": 0, "recover": 0, "q1": -1}}, {"type": "Feature", "geometry": {"type": "Point", "coordinates": [337434.78, 1169422.61]}, "properties": {"d": 140.0, "s": 76, "base": 0, "post": 0, "recover": 0, "q1": 0}}, {"type": "Feature", "geometry": {"type": "Point", "coordinates": [337425.84, 1169427.08]}, "properties": {"d": 150.0, "s": 76, "base": 0, "post": 0, "recover": 0, "q1": 0}}, {"type": "Feature", "geometry": {"type": "Point", "coordinates": [338525.28, 1163700.56]}, "properties": {"d": -100.0, "s": 77, "base": 0, "post": 0, "recover": -1, "q1": -1}}, {"type": "Feature", "geometry": {"type": "Point", "coordinates": [338529.75, 1163709.5]}, "properties": {"d": -90.0, "s": 77, "base": 0, "post": 0, "recover": -1, "q1": -1}}, {"type": "Feature", "geometry": {"type": "Point", "coordinates": [338534.22, 1163718.45]}, "properties": {"d": -80.0, "s": 77, "base": 1, "post": 0, "recover": -1, "q1": -1}}, {"type": "Feature", "geometry": {"type": "Point", "coordinates": [338538.7, 1163727.39]}, "properties": {"d": -70.0, "s": 77, "base": -1, "post": 0, "recover": -1, "q1": -1}}, {"type": "Feature", "geometry": {"type": "Point", "coordinates": [338543.17, 1163736.33]}, "properties": {"d": -60.0, "s": 77, "base": -1, "post": 0, "recover": -1, "q1": -1}}, {"type": "Feature", "geometry": {"type": "Point", "coordinates": [338547.64, 1163745.28]}, "properties": {"d": -50.0, "s": 77, "base": 1, "post": -1, "recover": -1, "q1": -1}}, {"type": "Feature", "geometry": {"type": "Point", "coordinates": [338552.11, 1163754.22]}, "properties": {"d": -40.0, "s": 77, "base": 1, "post": -1, "recover": -1, "q1": -1}}, {"type": "Feature", "geometry": {"type": "Point", "coordinates": [338556.58, 1163763.17]}, "properties": {"d": -30.0, "s": 77, "base": -1, "post": -1, "recover": -1, "q1": -1}}, {"type": "Feature", "geometry": {"type": "Point", "coordinates": [338561.06, 1163772.11]}, "properties": {"d": -20.0, "s": 77, "base": -1, "post": -1, "recover": -1, "q1": -1}}, {"type": "Feature", "geometry": {"type": "Point", "coordinates": [338565.53, 1163781.06]}, "properties": {"d": -10.0, "s": 77, "base": -1, "post": -1, "recover": -1, "q1": -1}}, {"type": "Feature", "geometry": {"type": "Point", "coordinates": [338570.0, 1163790.0]}, "properties": {"d": 0.0, "s": 77, "base": 0, "post": 0, "recover": -1, "q1": -1}}, {"type": "Feature", "geometry": {"type": "Point", "coordinates": [338574.47, 1163798.94]}, "properties": {"d": 10.0, "s": 77, "base": 0, "post": 0, "recover": -1, "q1": -1}}, {"type": "Feature", "geometry": {"type": "Point", "coordinates": [338578.94, 1163807.89]}, "properties": {"d": 20.0, "s": 77, "base": 0, "post": 0, "recover": -1, "q1": -1}}, {"type": "Feature", "geometry": {"type": "Point", "coordinates": [338583.42, 1163816.83]}, "properties": {"d": 30.0, "s": 77, "base": 0, "post": 0, "recover": -1, "q1": -1}}, {"type": "Feature", "geometry": {"type": "Point", "coordinates": [338587.89, 1163825.78]}, "properties": {"d": 40.0, "s": 77, "base": 0, "post": 0, "recover": -1, "q1": -1}}, {"type": "Feature", "geometry": {"type": "Point", "coordinates": [338592.36, 1163834.72]}, "properties": {"d": 50.0, "s": 77, "base": 0, "post": 0, "recover": -1, "q1": -1}}, {"type": "Feature", "geometry": {"type": "Point", "coordinates": [338596.83, 1163843.67]}, "properties": {"d": 60.0, "s": 77, "base": 0, "post": 0, "recover": -1, "q1": -1}}, {"type": "Feature", "geometry": {"type": "Point", "coordinates": [338601.3, 1163852.61]}, "properties": {"d": 70.0, "s": 77, "base": 0, "post": 0, "recover": -1, "q1": -1}}, {"type": "Feature", "geometry": {"type": "Point", "coordinates": [338605.78, 1163861.55]}, "properties": {"d": 80.0, "s": 77, "base": 0, "post": 0, "recover": 0, "q1": -1}}, {"type": "Feature", "geometry": {"type": "Point", "coordinates": [338610.25, 1163870.5]}, "properties": {"d": 90.0, "s": 77, "base": 0, "post": 0, "recover": 0, "q1": -1}}, {"type": "Feature", "geometry": {"type": "Point", "coordinates": [338614.72, 1163879.44]}, "properties": {"d": 100.0, "s": 77, "base": 0, "post": 0, "recover": 0, "q1": -1}}, {"type": "Feature", "geometry": {"type": "Point", "coordinates": [338619.19, 1163888.39]}, "properties": {"d": 110.0, "s": 77, "base": 0, "post": 0, "recover": 0, "q1": -1}}, {"type": "Feature", "geometry": {"type": "Point", "coordinates": [338623.67, 1163897.33]}, "properties": {"d": 120.0, "s": 77, "base": 0, "post": 0, "recover": 0, "q1": -1}}, {"type": "Feature", "geometry": {"type": "Point", "coordinates": [338628.14, 1163906.28]}, "properties": {"d": 130.0, "s": 77, "base": 0, "post": 0, "recover": 0, "q1": -1}}, {"type": "Feature", "geometry": {"type": "Point", "coordinates": [338632.61, 1163915.22]}, "properties": {"d": 140.0, "s": 77, "base": 0, "post": 0, "recover": 0, "q1": -1}}, {"type": "Feature", "geometry": {"type": "Point", "coordinates": [338637.08, 1163924.16]}, "properties": {"d": 150.0, "s": 77, "base": 0, "post": 0, "recover": 0, "q1": -1}}, {"type": "Feature", "geometry": {"type": "Point", "coordinates": [338969.61, 1141581.94]}, "properties": {"d": -100.0, "s": 78, "base": 0, "post": 1, "recover": 1, "q1": -1}}, {"type": "Feature", "geometry": {"type": "Point", "coordinates": [338967.65, 1141591.75]}, "properties": {"d": -90.0, "s": 78, "base": 1, "post": 1, "recover": 1, "q1": -1}}, {"type": "Feature", "geometry": {"type": "Point", "coordinates": [338965.69, 1141601.55]}, "properties": {"d": -80.0, "s": 78, "base": 1, "post": 1, "recover": 1, "q1": -1}}, {"type": "Feature", "geometry": {"type": "Point", "coordinates": [338963.73, 1141611.36]}, "properties": {"d": -70.0, "s": 78, "base": 1, "post": 1, "recover": 1, "q1": -1}}, {"type": "Feature", "geometry": {"type": "Point", "coordinates": [338961.77, 1141621.17]}, "properties": {"d": -60.0, "s": 78, "base": 1, "post": 1, "recover": 0, "q1": -1}}, {"type": "Feature", "geometry": {"type": "Point", "coordinates": [338959.81, 1141630.97]}, "properties": {"d": -50.0, "s": 78, "base": 1, "post": 0, "recover": 0, "q1": -1}}, {"type": "Feature", "geometry": {"type": "Point", "coordinates": [338957.84, 1141640.78]}, "properties": {"d": -40.0, "s": 78, "base": 0, "post": 0, "recover": 0, "q1": -1}}, {"type": "Feature", "geometry": {"type": "Point", "coordinates": [338955.88, 1141650.58]}, "properties": {"d": -30.0, "s": 78, "base": 0, "post": 0, "recover": 0, "q1": -1}}, {"type": "Feature", "geometry": {"type": "Point", "coordinates": [338953.92, 1141660.39]}, "properties": {"d": -20.0, "s": 78, "base": 0, "post": 0, "recover": 0, "q1": -1}}, {"type": "Feature", "geometry": {"type": "Point", "coordinates": [338951.96, 1141670.19]}, "properties": {"d": -10.0, "s": 78, "base": 0, "post": 0, "recover": 0, "q1": -1}}, {"type": "Feature", "geometry": {"type": "Point", "coordinates": [338950.0, 1141680.0]}, "properties": {"d": 0.0, "s": 78, "base": 0, "post": 0, "recover": 0, "q1": -1}}, {"type": "Feature", "geometry": {"type": "Point", "coordinates": [338948.04, 1141689.81]}, "properties": {"d": 10.0, "s": 78, "base": 0, "post": 0, "recover": 1, "q1": -1}}, {"type": "Feature", "geometry": {"type": "Point", "coordinates": [338946.08, 1141699.61]}, "properties": {"d": 20.0, "s": 78, "base": 1, "post": 1, "recover": 1, "q1": -1}}, {"type": "Feature", "geometry": {"type": "Point", "coordinates": [338944.12, 1141709.42]}, "properties": {"d": 30.0, "s": 78, "base": 1, "post": 1, "recover": 1, "q1": -1}}, {"type": "Feature", "geometry": {"type": "Point", "coordinates": [338942.16, 1141719.22]}, "properties": {"d": 40.0, "s": 78, "base": 1, "post": 1, "recover": 1, "q1": -1}}, {"type": "Feature", "geometry": {"type": "Point", "coordinates": [338940.19, 1141729.03]}, "properties": {"d": 50.0, "s": 78, "base": 1, "post": 1, "recover": 1, "q1": -1}}, {"type": "Feature", "geometry": {"type": "Point", "coordinates": [338938.23, 1141738.83]}, "properties": {"d": 60.0, "s": 78, "base": 1, "post": 1, "recover": 1, "q1": -1}}, {"type": "Feature", "geometry": {"type": "Point", "coordinates": [338936.27, 1141748.64]}, "properties": {"d": 70.0, "s": 78, "base": 0, "post": 1, "recover": 1, "q1": -1}}, {"type": "Feature", "geometry": {"type": "Point", "coordinates": [338934.31, 1141758.45]}, "properties": {"d": 80.0, "s": 78, "base": 0, "post": 0, "recover": 0, "q1": -1}}, {"type": "Feature", "geometry": {"type": "Point", "coordinates": [338932.35, 1141768.25]}, "properties": {"d": 90.0, "s": 78, "base": 0, "post": 0, "recover": 0, "q1": -1}}, {"type": "Feature", "geometry": {"type": "Point", "coordinates": [338930.39, 1141778.06]}, "properties": {"d": 100.0, "s": 78, "base": 0, "post": 0, "recover": 0, "q1": -1}}, {"type": "Feature", "geometry": {"type": "Point", "coordinates": [338928.43, 1141787.86]}, "properties": {"d": 110.0, "s": 78, "base": 0, "post": 0, "recover": 0, "q1": -1}}, {"type": "Feature", "geometry": {"type": "Point", "coordinates": [338926.47, 1141797.67]}, "properties": {"d": 120.0, "s": 78, "base": 0, "post": 0, "recover": 0, "q1": -1}}, {"type": "Feature", "geometry": {"type": "Point", "coordinates": [338924.5, 1141807.48]}, "properties": {"d": 130.0, "s": 78, "base": 0, "post": 0, "recover": 0, "q1": -1}}, {"type": "Feature", "geometry": {"type": "Point", "coordinates": [338922.54, 1141817.28]}, "properties": {"d": 140.0, "s": 78, "base": 0, "post": 0, "recover": 0, "q1": -1}}, {"type": "Feature", "geometry": {"type": "Point", "coordinates": [338920.58, 1141827.09]}, "properties": {"d": 150.0, "s": 78, "base": 0, "post": 0, "recover": 0, "q1": -1}}, {"type": "Feature", "geometry": {"type": "Point", "coordinates": [340400.0, 1163100.0]}, "properties": {"d": -100.0, "s": 79, "base": -1, "post": 0, "recover": 0, "q1": -1}}, {"type": "Feature", "geometry": {"type": "Point", "coordinates": [340390.0, 1163100.0]}, "properties": {"d": -90.0, "s": 79, "base": -1, "post": 0, "recover": 0, "q1": -1}}, {"type": "Feature", "geometry": {"type": "Point", "coordinates": [340380.0, 1163100.0]}, "properties": {"d": -80.0, "s": 79, "base": -1, "post": 0, "recover": 0, "q1": -1}}, {"type": "Feature", "geometry": {"type": "Point", "coordinates": [340370.0, 1163100.0]}, "properties": {"d": -70.0, "s": 79, "base": 0, "post": 0, "recover": 0, "q1": -1}}, {"type": "Feature", "geometry": {"type": "Point", "coordinates": [340360.0, 1163100.0]}, "properties": {"d": -60.0, "s": 79, "base": 0, "post": 0, "recover": 0, "q1": -1}}, {"type": "Feature", "geometry": {"type": "Point", "coordinates": [340350.0, 1163100.0]}, "properties": {"d": -50.0, "s": 79, "base": -1, "post": 0, "recover": 0, "q1": -1}}, {"type": "Feature", "geometry": {"type": "Point", "coordinates": [340340.0, 1163100.0]}, "properties": {"d": -40.0, "s": 79, "base": 0, "post": 0, "recover": 0, "q1": -1}}, {"type": "Feature", "geometry": {"type": "Point", "coordinates": [340330.0, 1163100.0]}, "properties": {"d": -30.0, "s": 79, "base": 0, "post": 0, "recover": 0, "q1": -1}}, {"type": "Feature", "geometry": {"type": "Point", "coordinates": [340320.0, 1163100.0]}, "properties": {"d": -20.0, "s": 79, "base": -1, "post": 0, "recover": 0, "q1": -1}}, {"type": "Feature", "geometry": {"type": "Point", "coordinates": [340310.0, 1163100.0]}, "properties": {"d": -10.0, "s": 79, "base": -1, "post": 0, "recover": 0, "q1": -1}}, {"type": "Feature", "geometry": {"type": "Point", "coordinates": [340300.0, 1163100.0]}, "properties": {"d": 0.0, "s": 79, "base": 0, "post": 0, "recover": 0, "q1": -1}}, {"type": "Feature", "geometry": {"type": "Point", "coordinates": [340290.0, 1163100.0]}, "properties": {"d": 10.0, "s": 79, "base": 0, "post": 0, "recover": 0, "q1": -1}}, {"type": "Feature", "geometry": {"type": "Point", "coordinates": [340280.0, 1163100.0]}, "properties": {"d": 20.0, "s": 79, "base": 0, "post": 0, "recover": 0, "q1": -1}}, {"type": "Feature", "geometry": {"type": "Point", "coordinates": [340270.0, 1163100.0]}, "properties": {"d": 30.0, "s": 79, "base": 0, "post": 0, "recover": 0, "q1": -1}}, {"type": "Feature", "geometry": {"type": "Point", "coordinates": [340260.0, 1163100.0]}, "properties": {"d": 40.0, "s": 79, "base": 0, "post": 0, "recover": 0, "q1": -1}}, {"type": "Feature", "geometry": {"type": "Point", "coordinates": [340250.0, 1163100.0]}, "properties": {"d": 50.0, "s": 79, "base": 0, "post": 0, "recover": 0, "q1": -1}}, {"type": "Feature", "geometry": {"type": "Point", "coordinates": [340240.0, 1163100.0]}, "properties": {"d": 60.0, "s": 79, "base": 0, "post": 0, "recover": 0, "q1": -1}}, {"type": "Feature", "geometry": {"type": "Point", "coordinates": [340230.0, 1163100.0]}, "properties": {"d": 70.0, "s": 79, "base": 0, "post": 0, "recover": 0, "q1": -1}}, {"type": "Feature", "geometry": {"type": "Point", "coordinates": [340220.0, 1163100.0]}, "properties": {"d": 80.0, "s": 79, "base": 0, "post": 0, "recover": 0, "q1": -1}}, {"type": "Feature", "geometry": {"type": "Point", "coordinates": [340210.0, 1163100.0]}, "properties": {"d": 90.0, "s": 79, "base": 0, "post": 0, "recover": 0, "q1": -1}}, {"type": "Feature", "geometry": {"type": "Point", "coordinates": [340200.0, 1163100.0]}, "properties": {"d": 100.0, "s": 79, "base": 0, "post": 0, "recover": 0, "q1": -1}}, {"type": "Feature", "geometry": {"type": "Point", "coordinates": [340190.0, 1163100.0]}, "properties": {"d": 110.0, "s": 79, "base": 0, "post": 0, "recover": 0, "q1": -1}}, {"type": "Feature", "geometry": {"type": "Point", "coordinates": [340180.0, 1163100.0]}, "properties": {"d": 120.0, "s": 79, "base": 0, "post": 0, "recover": 0, "q1": 0}}, {"type": "Feature", "geometry": {"type": "Point", "coordinates": [340170.0, 1163100.0]}, "properties": {"d": 130.0, "s": 79, "base": 0, "post": 0, "recover": 0, "q1": 0}}, {"type": "Feature", "geometry": {"type": "Point", "coordinates": [340160.0, 1163100.0]}, "properties": {"d": 140.0, "s": 79, "base": 0, "post": 0, "recover": 0, "q1": 0}}, {"type": "Feature", "geometry": {"type": "Point", "coordinates": [340150.0, 1163100.0]}, "properties": {"d": 150.0, "s": 79, "base": 0, "post": 0, "recover": 0, "q1": 0}}, {"type": "Feature", "geometry": {"type": "Point", "coordinates": [341710.0, 1180110.42]}, "properties": {"d": -100.0, "s": 80, "base": -1, "post": 0, "recover": 0, "q1": 0}}, {"type": "Feature", "geometry": {"type": "Point", "coordinates": [341700.0, 1180110.38]}, "properties": {"d": -90.0, "s": 80, "base": -1, "post": 0, "recover": 0, "q1": 0}}, {"type": "Feature", "geometry": {"type": "Point", "coordinates": [341690.0, 1180110.34]}, "properties": {"d": -80.0, "s": 80, "base": -1, "post": 0, "recover": 0, "q1": 0}}, {"type": "Feature", "geometry": {"type": "Point", "coordinates": [341680.0, 1180110.3]}, "properties": {"d": -70.0, "s": 80, "base": -1, "post": 0, "recover": 0, "q1": 0}}, {"type": "Feature", "geometry": {"type": "Point", "coordinates": [341670.0, 1180110.25]}, "properties": {"d": -60.0, "s": 80, "base": -1, "post": 0, "recover": 0, "q1": 0}}, {"type": "Feature", "geometry": {"type": "Point", "coordinates": [341660.0, 1180110.21]}, "properties": {"d": -50.0, "s": 80, "base": -1, "post": 0, "recover": 0, "q1": 0}}, {"type": "Feature", "geometry": {"type": "Point", "coordinates": [341650.0, 1180110.17]}, "properties": {"d": -40.0, "s": 80, "base": -1, "post": 0, "recover": 0, "q1": 0}}, {"type": "Feature", "geometry": {"type": "Point", "coordinates": [341640.0, 1180110.13]}, "properties": {"d": -30.0, "s": 80, "base": -1, "post": 0, "recover": 0, "q1": 0}}, {"type": "Feature", "geometry": {"type": "Point", "coordinates": [341630.0, 1180110.08]}, "properties": {"d": -20.0, "s": 80, "base": -1, "post": 0, "recover": 0, "q1": 0}}, {"type": "Feature", "geometry": {"type": "Point", "coordinates": [341620.0, 1180110.04]}, "properties": {"d": -10.0, "s": 80, "base": -1, "post": 0, "recover": 0, "q1": 0}}, {"type": "Feature", "geometry": {"type": "Point", "coordinates": [341610.0, 1180110.0]}, "properties": {"d": 0.0, "s": 80, "base": -1, "post": 0, "recover": 0, "q1": 0}}, {"type": "Feature", "geometry": {"type": "Point", "coordinates": [341600.0, 1180109.96]}, "properties": {"d": 10.0, "s": 80, "base": -1, "post": 0, "recover": 0, "q1": 0}}, {"type": "Feature", "geometry": {"type": "Point", "coordinates": [341590.0, 1180109.92]}, "properties": {"d": 20.0, "s": 80, "base": 0, "post": 0, "recover": 0, "q1": 0}}, {"type": "Feature", "geometry": {"type": "Point", "coordinates": [341580.0, 1180109.87]}, "properties": {"d": 30.0, "s": 80, "base": 0, "post": 0, "recover": 0, "q1": 0}}, {"type": "Feature", "geometry": {"type": "Point", "coordinates": [341570.0, 1180109.83]}, "properties": {"d": 40.0, "s": 80, "base": 0, "post": 0, "recover": 0, "q1": 0}}, {"type": "Feature", "geometry": {"type": "Point", "coordinates": [341560.0, 1180109.79]}, "properties": {"d": 50.0, "s": 80, "base": 0, "post": 0, "recover": 0, "q1": 0}}, {"type": "Feature", "geometry": {"type": "Point", "coordinates": [341550.0, 1180109.75]}, "properties": {"d": 60.0, "s": 80, "base": 0, "post": 0, "recover": 0, "q1": 0}}, {"type": "Feature", "geometry": {"type": "Point", "coordinates": [341540.0, 1180109.7]}, "properties": {"d": 70.0, "s": 80, "base": 0, "post": 0, "recover": 0, "q1": 0}}, {"type": "Feature", "geometry": {"type": "Point", "coordinates": [341530.0, 1180109.66]}, "properties": {"d": 80.0, "s": 80, "base": 0, "post": 0, "recover": 0, "q1": 0}}, {"type": "Feature", "geometry": {"type": "Point", "coordinates": [341520.0, 1180109.62]}, "properties": {"d": 90.0, "s": 80, "base": 0, "post": 0, "recover": 0, "q1": 0}}, {"type": "Feature", "geometry": {"type": "Point", "coordinates": [341510.0, 1180109.58]}, "properties": {"d": 100.0, "s": 80, "base": 0, "post": 0, "recover": 0, "q1": 0}}, {"type": "Feature", "geometry": {"type": "Point", "coordinates": [341500.0, 1180109.53]}, "properties": {"d": 110.0, "s": 80, "base": 0, "post": 0, "recover": 0, "q1": 0}}, {"type": "Feature", "geometry": {"type": "Point", "coordinates": [341490.0, 1180109.49]}, "properties": {"d": 120.0, "s": 80, "base": 0, "post": 0, "recover": 0, "q1": 0}}, {"type": "Feature", "geometry": {"type": "Point", "coordinates": [341480.0, 1180109.45]}, "properties": {"d": 130.0, "s": 80, "base": 0, "post": 0, "recover": 0, "q1": 0}}, {"type": "Feature", "geometry": {"type": "Point", "coordinates": [341470.0, 1180109.41]}, "properties": {"d": 140.0, "s": 80, "base": 0, "post": 0, "recover": 0, "q1": 0}}, {"type": "Feature", "geometry": {"type": "Point", "coordinates": [341460.0, 1180109.36]}, "properties": {"d": 150.0, "s": 80, "base": 0, "post": 0, "recover": 0, "q1": 0}}, {"type": "Feature", "geometry": {"type": "Point", "coordinates": [342370.71, 1177489.29]}, "properties": {"d": -100.0, "s": 81, "base": 0, "post": 0, "recover": -1, "q1": -1}}, {"type": "Feature", "geometry": {"type": "Point", "coordinates": [342363.64, 1177496.36]}, "properties": {"d": -90.0, "s": 81, "base": 0, "post": 0, "recover": 0, "q1": -1}}, {"type": "Feature", "geometry": {"type": "Point", "coordinates": [342356.57, 1177503.43]}, "properties": {"d": -80.0, "s": 81, "base": 0, "post": 0, "recover": -1, "q1": -1}}, {"type": "Feature", "geometry": {"type": "Point", "coordinates": [342349.5, 1177510.5]}, "properties": {"d": -70.0, "s": 81, "base": 0, "post": 0, "recover": -1, "q1": -1}}, {"type": "Feature", "geometry": {"type": "Point", "coordinates": [342342.43, 1177517.57]}, "properties": {"d": -60.0, "s": 81, "base": 0, "post": 0, "recover": 0, "q1": 0}}, {"type": "Feature", "geometry": {"type": "Point", "coordinates": [342335.36, 1177524.64]}, "properties": {"d": -50.0, "s": 81, "base": 0, "post": 0, "recover": 0, "q1": 0}}, {"type": "Feature", "geometry": {"type": "Point", "coordinates": [342328.28, 1177531.72]}, "properties": {"d": -40.0, "s": 81, "base": 0, "post": 0, "recover": 0, "q1": 0}}, {"type": "Feature", "geometry": {"type": "Point", "coordinates": [342321.21, 1177538.79]}, "properties": {"d": -30.0, "s": 81, "base": -1, "post": 0, "recover": 0, "q1": 0}}, {"type": "Feature", "geometry": {"type": "Point", "coordinates": [342314.14, 1177545.86]}, "properties": {"d": -20.0, "s": 81, "base": -1, "post": 0, "recover": 0, "q1": 0}}, {"type": "Feature", "geometry": {"type": "Point", "coordinates": [342307.07, 1177552.93]}, "properties": {"d": -10.0, "s": 81, "base": -1, "post": 0, "recover": 0, "q1": 0}}, {"type": "Feature", "geometry": {"type": "Point", "coordinates": [342300.0, 1177560.0]}, "properties": {"d": 0.0, "s": 81, "base": 0, "post": 0, "recover": 0, "q1": 0}}, {"type": "Feature", "geometry": {"type": "Point", "coordinates": [342292.93, 1177567.07]}, "properties": {"d": 10.0, "s": 81, "base": 0, "post": 0, "recover": 0, "q1": 0}}, {"type": "Feature", "geometry": {"type": "Point", "coordinates": [342285.86, 1177574.14]}, "properties": {"d": 20.0, "s": 81, "base": 0, "post": 0, "recover": 0, "q1": 0}}, {"type": "Feature", "geometry": {"type": "Point", "coordinates": [342278.79, 1177581.21]}, "properties": {"d": 30.0, "s": 81, "base": 0, "post": 0, "recover": 0, "q1": 0}}, {"type": "Feature", "geometry": {"type": "Point", "coordinates": [342271.72, 1177588.28]}, "properties": {"d": 40.0, "s": 81, "base": 0, "post": 0, "recover": 0, "q1": 0}}, {"type": "Feature", "geometry": {"type": "Point", "coordinates": [342264.64, 1177595.36]}, "properties": {"d": 50.0, "s": 81, "base": 0, "post": 0, "recover": 0, "q1": 0}}, {"type": "Feature", "geometry": {"type": "Point", "coordinates": [342257.57, 1177602.43]}, "properties": {"d": 60.0, "s": 81, "base": 0, "post": 0, "recover": 0, "q1": 0}}, {"type": "Feature", "geometry": {"type": "Point", "coordinates": [342250.5, 1177609.5]}, "properties": {"d": 70.0, "s": 81, "base": 0, "post": 0, "recover": 0, "q1": 0}}, {"type": "Feature", "geometry": {"type": "Point", "coordinates": [342243.43, 1177616.57]}, "properties": {"d": 80.0, "s": 81, "base": 0, "post": 0, "recover": 0, "q1": 0}}, {"type": "Feature", "geometry": {"type": "Point", "coordinates": [342236.36, 1177623.64]}, "properties": {"d": 90.0, "s": 81, "base": 0, "post": 0, "recover": 0, "q1": 0}}, {"type": "Feature", "geometry": {"type": "Point", "coordinates": [342229.29, 1177630.71]}, "properties": {"d": 100.0, "s": 81, "base": 0, "post": 0, "recover": 0, "q1": -1}}, {"type": "Feature", "geometry": {"type": "Point", "coordinates": [342222.22, 1177637.78]}, "properties": {"d": 110.0, "s": 81, "base": 0, "post": 0, "recover": 0, "q1": -1}}, {"type": "Feature", "geometry": {"type": "Point", "coordinates": [342215.15, 1177644.85]}, "properties": {"d": 120.0, "s": 81, "base": 0, "post": 0, "recover": 0, "q1": 0}}, {"type": "Feature", "geometry": {"type": "Point", "coordinates": [342208.08, 1177651.92]}, "properties": {"d": 130.0, "s": 81, "base": 0, "post": 0, "recover": 0, "q1": 0}}, {"type": "Feature", "geometry": {"type": "Point", "coordinates": [342201.01, 1177658.99]}, "properties": {"d": 140.0, "s": 81, "base": 0, "post": 0, "recover": 0, "q1": 0}}, {"type": "Feature", "geometry": {"type": "Point", "coordinates": [342193.93, 1177666.07]}, "properties": {"d": 150.0, "s": 81, "base": 0, "post": 0, "recover": 0, "q1": 0}}, {"type": "Feature", "geometry": {"type": "Point", "coordinates": [343789.29, 1152189.29]}, "properties": {"d": -100.0, "s": 82, "base": -1, "post": -1, "recover": -1, "q1": -1}}, {"type": "Feature", "geometry": {"type": "Point", "coordinates": [343796.36, 1152196.36]}, "properties": {"d": -90.0, "s": 82, "base": -1, "post": -1, "recover": -1, "q1": -1}}, {"type": "Feature", "geometry": {"type": "Point", "coordinates": [343803.43, 1152203.43]}, "properties": {"d": -80.0, "s": 82, "base": 1, "post": 1, "recover": -1, "q1": -1}}, {"type": "Feature", "geometry": {"type": "Point", "coordinates": [343810.5, 1152210.5]}, "properties": {"d": -70.0, "s": 82, "base": 1, "post": 1, "recover": -1, "q1": -1}}, {"type": "Feature", "geometry": {"type": "Point", "coordinates": [343817.57, 1152217.57]}, "properties": {"d": -60.0, "s": 82, "base": 1, "post": 1, "recover": -1, "q1": -1}}, {"type": "Feature", "geometry": {"type": "Point", "coordinates": [343824.64, 1152224.64]}, "properties": {"d": -50.0, "s": 82, "base": 1, "post": -1, "recover": -1, "q1": -1}}, {"type": "Feature", "geometry": {"type": "Point", "coordinates": [343831.72, 1152231.72]}, "properties": {"d": -40.0, "s": 82, "base": 0, "post": -1, "recover": -1, "q1": -1}}, {"type": "Feature", "geometry": {"type": "Point", "coordinates": [343838.79, 1152238.79]}, "properties": {"d": -30.0, "s": 82, "base": 0, "post": -1, "recover": -1, "q1": -1}}, {"type": "Feature", "geometry": {"type": "Point", "coordinates": [343845.86, 1152245.86]}, "properties": {"d": -20.0, "s": 82, "base": 0, "post": -1, "recover": -1, "q1": -1}}, {"type": "Feature", "geometry": {"type": "Point", "coordinates": [343852.93, 1152252.93]}, "properties": {"d": -10.0, "s": 82, "base": 0, "post": -1, "recover": -1, "q1": -1}}, {"type": "Feature", "geometry": {"type": "Point", "coordinates": [343860.0, 1152260.0]}, "properties": {"d": 0.0, "s": 82, "base": 0, "post": -1, "recover": -1, "q1": -1}}, {"type": "Feature", "geometry": {"type": "Point", "coordinates": [343867.07, 1152267.07]}, "properties": {"d": 10.0, "s": 82, "base": 1, "post": -1, "recover": -1, "q1": -1}}, {"type": "Feature", "geometry": {"type": "Point", "coordinates": [343874.14, 1152274.14]}, "properties": {"d": 20.0, "s": 82, "base": 1, "post": -1, "recover": -1, "q1": -1}}, {"type": "Feature", "geometry": {"type": "Point", "coordinates": [343881.21, 1152281.21]}, "properties": {"d": 30.0, "s": 82, "base": 1, "post": 1, "recover": -1, "q1": -1}}, {"type": "Feature", "geometry": {"type": "Point", "coordinates": [343888.28, 1152288.28]}, "properties": {"d": 40.0, "s": 82, "base": -1, "post": 1, "recover": -1, "q1": -1}}, {"type": "Feature", "geometry": {"type": "Point", "coordinates": [343895.36, 1152295.36]}, "properties": {"d": 50.0, "s": 82, "base": -1, "post": 1, "recover": -1, "q1": -1}}, {"type": "Feature", "geometry": {"type": "Point", "coordinates": [343902.43, 1152302.43]}, "properties": {"d": 60.0, "s": 82, "base": -1, "post": 0, "recover": -1, "q1": -1}}, {"type": "Feature", "geometry": {"type": "Point", "coordinates": [343909.5, 1152309.5]}, "properties": {"d": 70.0, "s": 82, "base": -1, "post": 0, "recover": -1, "q1": -1}}, {"type": "Feature", "geometry": {"type": "Point", "coordinates": [343916.57, 1152316.57]}, "properties": {"d": 80.0, "s": 82, "base": -1, "post": 0, "recover": -1, "q1": -1}}, {"type": "Feature", "geometry": {"type": "Point", "coordinates": [343923.64, 1152323.64]}, "properties": {"d": 90.0, "s": 82, "base": 1, "post": -1, "recover": -1, "q1": -1}}, {"type": "Feature", "geometry": {"type": "Point", "coordinates": [343930.71, 1152330.71]}, "properties": {"d": 100.0, "s": 82, "base": 0, "post": -1, "recover": -1, "q1": -1}}, {"type": "Feature", "geometry": {"type": "Point", "coordinates": [343937.78, 1152337.78]}, "properties": {"d": 110.0, "s": 82, "base": 1, "post": -1, "recover": -1, "q1": -1}}, {"type": "Feature", "geometry": {"type": "Point", "coordinates": [343944.85, 1152344.85]}, "properties": {"d": 120.0, "s": 82, "base": 0, "post": 0, "recover": -1, "q1": -1}}, {"type": "Feature", "geometry": {"type": "Point", "coordinates": [343951.92, 1152351.92]}, "properties": {"d": 130.0, "s": 82, "base": 0, "post": 0, "recover": -1, "q1": -1}}, {"type": "Feature", "geometry": {"type": "Point", "coordinates": [343958.99, 1152358.99]}, "properties": {"d": 140.0, "s": 82, "base": 0, "post": 0, "recover": -1, "q1": -1}}, {"type": "Feature", "geometry": {"type": "Point", "coordinates": [343966.07, 1152366.07]}, "properties": {"d": 150.0, "s": 82, "base": -1, "post": 1, "recover": -1, "q1": -1}}, {"type": "Feature", "geometry": {"type": "Point", "coordinates": [344740.0, 1187119.43]}, "properties": {"d": -100.0, "s": 83, "base": 1, "post": 1, "recover": -1, "q1": -1}}, {"type": "Feature", "geometry": {"type": "Point", "coordinates": [344730.0, 1187119.49]}, "properties": {"d": -90.0, "s": 83, "base": 1, "post": 0, "recover": -1, "q1": -1}}, {"type": "Feature", "geometry": {"type": "Point", "coordinates": [344720.0, 1187119.54]}, "properties": {"d": -80.0, "s": 83, "base": 1, "post": 1, "recover": -1, "q1": -1}}, {"type": "Feature", "geometry": {"type": "Point", "coordinates": [344710.0, 1187119.6]}, "properties": {"d": -70.0, "s": 83, "base": 1, "post": -1, "recover": -1, "q1": -1}}, {"type": "Feature", "geometry": {"type": "Point", "coordinates": [344700.0, 1187119.66]}, "properties": {"d": -60.0, "s": 83, "base": 1, "post": -1, "recover": -1, "q1": -1}}, {"type": "Feature", "geometry": {"type": "Point", "coordinates": [344690.0, 1187119.72]}, "properties": {"d": -50.0, "s": 83, "base": 1, "post": -1, "recover": -1, "q1": -1}}, {"type": "Feature", "geometry": {"type": "Point", "coordinates": [344680.0, 1187119.77]}, "properties": {"d": -40.0, "s": 83, "base": 1, "post": -1, "recover": -1, "q1": -1}}, {"type": "Feature", "geometry": {"type": "Point", "coordinates": [344670.0, 1187119.83]}, "properties": {"d": -30.0, "s": 83, "base": 1, "post": -1, "recover": -1, "q1": -1}}, {"type": "Feature", "geometry": {"type": "Point", "coordinates": [344660.0, 1187119.89]}, "properties": {"d": -20.0, "s": 83, "base": 0, "post": -1, "recover": -1, "q1": -1}}, {"type": "Feature", "geometry": {"type": "Point", "coordinates": [344650.0, 1187119.94]}, "properties": {"d": -10.0, "s": 83, "base": 0, "post": -1, "recover": -1, "q1": -1}}, {"type": "Feature", "geometry": {"type": "Point", "coordinates": [344640.0, 1187120.0]}, "properties": {"d": 0.0, "s": 83, "base": 0, "post": -1, "recover": -1, "q1": -1}}, {"type": "Feature", "geometry": {"type": "Point", "coordinates": [344630.0, 1187120.06]}, "properties": {"d": 10.0, "s": 83, "base": 1, "post": -1, "recover": -1, "q1": -1}}, {"type": "Feature", "geometry": {"type": "Point", "coordinates": [344620.0, 1187120.11]}, "properties": {"d": 20.0, "s": 83, "base": 1, "post": -1, "recover": -1, "q1": -1}}, {"type": "Feature", "geometry": {"type": "Point", "coordinates": [344610.0, 1187120.17]}, "properties": {"d": 30.0, "s": 83, "base": -1, "post": -1, "recover": -1, "q1": -1}}, {"type": "Feature", "geometry": {"type": "Point", "coordinates": [344600.0, 1187120.23]}, "properties": {"d": 40.0, "s": 83, "base": -1, "post": -1, "recover": -1, "q1": -1}}, {"type": "Feature", "geometry": {"type": "Point", "coordinates": [344590.0, 1187120.28]}, "properties": {"d": 50.0, "s": 83, "base": -1, "post": -1, "recover": -1, "q1": -1}}, {"type": "Feature", "geometry": {"type": "Point", "coordinates": [344580.0, 1187120.34]}, "properties": {"d": 60.0, "s": 83, "base": -1, "post": -1, "recover": -1, "q1": -1}}, {"type": "Feature", "geometry": {"type": "Point", "coordinates": [344570.0, 1187120.4]}, "properties": {"d": 70.0, "s": 83, "base": 1, "post": 0, "recover": -1, "q1": -1}}, {"type": "Feature", "geometry": {"type": "Point", "coordinates": [344560.0, 1187120.46]}, "properties": {"d": 80.0, "s": 83, "base": 0, "post": 0, "recover": 0, "q1": -1}}, {"type": "Feature", "geometry": {"type": "Point", "coordinates": [344550.0, 1187120.51]}, "properties": {"d": 90.0, "s": 83, "base": 0, "post": 0, "recover": 0, "q1": -1}}, {"type": "Feature", "geometry": {"type": "Point", "coordinates": [344540.0, 1187120.57]}, "properties": {"d": 100.0, "s": 83, "base": 0, "post": 0, "recover": 0, "q1": -1}}, {"type": "Feature", "geometry": {"type": "Point", "coordinates": [344530.0, 1187120.63]}, "properties": {"d": 110.0, "s": 83, "base": 0, "post": 0, "recover": 0, "q1": -1}}, {"type": "Feature", "geometry": {"type": "Point", "coordinates": [344520.0, 1187120.68]}, "properties": {"d": 120.0, "s": 83, "base": 0, "post": 0, "recover": 0, "q1": -1}}, {"type": "Feature", "geometry": {"type": "Point", "coordinates": [344510.0, 1187120.74]}, "properties": {"d": 130.0, "s": 83, "base": 0, "post": 0, "recover": 0, "q1": -1}}, {"type": "Feature", "geometry": {"type": "Point", "coordinates": [344500.0, 1187120.8]}, "properties": {"d": 140.0, "s": 83, "base": 0, "post": 0, "recover": 0, "q1": -1}}, {"type": "Feature", "geometry": {"type": "Point", "coordinates": [344490.0, 1187120.85]}, "properties": {"d": 150.0, "s": 83, "base": 0, "post": 0, "recover": 0, "q1": -1}}, {"type": "Feature", "geometry": {"type": "Point", "coordinates": [345550.0, 1143760.0]}, "properties": {"d": -100.0, "s": 84, "base": -1, "post": 1, "recover": 1, "q1": -1}}, {"type": "Feature", "geometry": {"type": "Point", "coordinates": [345540.0, 1143760.0]}, "properties": {"d": -90.0, "s": 84, "base": -1, "post": 1, "recover": 1, "q1": -1}}, {"type": "Feature", "geometry": {"type": "Point", "coordinates": [345530.0, 1143760.0]}, "properties": {"d": -80.0, "s": 84, "base": -1, "post": 1, "recover": 1, "q1": -1}}, {"type": "Feature", "geometry": {"type": "Point", "coordinates": [345520.0, 1143760.0]}, "properties": {"d": -70.0, "s": 84, "base": -1, "post": 1, "recover": 1, "q1": -1}}, {"type": "Feature", "geometry": {"type": "Point", "coordinates": [345510.0, 1143760.0]}, "properties": {"d": -60.0, "s": 84, "base": -1, "post": 1, "recover": 1, "q1": -1}}, {"type": "Feature", "geometry": {"type": "Point", "coordinates": [345500.0, 1143760.0]}, "properties": {"d": -50.0, "s": 84, "base": -1, "post": 1, "recover": 1, "q1": -1}}, {"type": "Feature", "geometry": {"type": "Point", "coordinates": [345490.0, 1143760.0]}, "properties": {"d": -40.0, "s": 84, "base": -1, "post": 1, "recover": 1, "q1": -1}}, {"type": "Feature", "geometry": {"type": "Point", "coordinates": [345480.0, 1143760.0]}, "properties": {"d": -30.0, "s": 84, "base": -1, "post": 1, "recover": 1, "q1": -1}}, {"type": "Feature", "geometry": {"type": "Point", "coordinates": [345470.0, 1143760.0]}, "properties": {"d": -20.0, "s": 84, "base": -1, "post": 1, "recover": 1, "q1": -1}}, {"type": "Feature", "geometry": {"type": "Point", "coordinates": [345460.0, 1143760.0]}, "properties": {"d": -10.0, "s": 84, "base": -1, "post": 1, "recover": 1, "q1": -1}}, {"type": "Feature", "geometry": {"type": "Point", "coordinates": [345450.0, 1143760.0]}, "properties": {"d": 0.0, "s": 84, "base": -1, "post": 1, "recover": 1, "q1": -1}}, {"type": "Feature", "geometry": {"type": "Point", "coordinates": [345440.0, 1143760.0]}, "properties": {"d": 10.0, "s": 84, "base": -1, "post": 1, "recover": 1, "q1": -1}}, {"type": "Feature", "geometry": {"type": "Point", "coordinates": [345430.0, 1143760.0]}, "properties": {"d": 20.0, "s": 84, "base": 0, "post": 1, "recover": 1, "q1": -1}}, {"type": "Feature", "geometry": {"type": "Point", "coordinates": [345420.0, 1143760.0]}, "properties": {"d": 30.0, "s": 84, "base": 0, "post": 1, "recover": 1, "q1": -1}}, {"type": "Feature", "geometry": {"type": "Point", "coordinates": [345410.0, 1143760.0]}, "properties": {"d": 40.0, "s": 84, "base": 0, "post": 1, "recover": 1, "q1": -1}}, {"type": "Feature", "geometry": {"type": "Point", "coordinates": [345400.0, 1143760.0]}, "properties": {"d": 50.0, "s": 84, "base": 0, "post": 1, "recover": 1, "q1": -1}}, {"type": "Feature", "geometry": {"type": "Point", "coordinates": [345390.0, 1143760.0]}, "properties": {"d": 60.0, "s": 84, "base": 0, "post": 1, "recover": 1, "q1": -1}}, {"type": "Feature", "geometry": {"type": "Point", "coordinates": [345380.0, 1143760.0]}, "properties": {"d": 70.0, "s": 84, "base": 0, "post": 1, "recover": 1, "q1": -1}}, {"type": "Feature", "geometry": {"type": "Point", "coordinates": [345370.0, 1143760.0]}, "properties": {"d": 80.0, "s": 84, "base": 0, "post": 1, "recover": 1, "q1": -1}}, {"type": "Feature", "geometry": {"type": "Point", "coordinates": [345360.0, 1143760.0]}, "properties": {"d": 90.0, "s": 84, "base": 0, "post": 1, "recover": 1, "q1": -1}}, {"type": "Feature", "geometry": {"type": "Point", "coordinates": [345350.0, 1143760.0]}, "properties": {"d": 100.0, "s": 84, "base": 0, "post": 1, "recover": 0, "q1": -1}}, {"type": "Feature", "geometry": {"type": "Point", "coordinates": [345340.0, 1143760.0]}, "properties": {"d": 110.0, "s": 84, "base": 0, "post": 1, "recover": 0, "q1": -1}}, {"type": "Feature", "geometry": {"type": "Point", "coordinates": [345330.0, 1143760.0]}, "properties": {"d": 120.0, "s": 84, "base": 0, "post": 1, "recover": 0, "q1": -1}}, {"type": "Feature", "geometry": {"type": "Point", "coordinates": [345320.0, 1143760.0]}, "properties": {"d": 130.0, "s": 84, "base": 0, "post": 1, "recover": 0, "q1": -1}}, {"type": "Feature", "geometry": {"type": "Point", "coordinates": [345310.0, 1143760.0]}, "properties": {"d": 140.0, "s": 84, "base": 0, "post": 0, "recover": 0, "q1": -1}}, {"type": "Feature", "geometry": {"type": "Point", "coordinates": [345300.0, 1143760.0]}, "properties": {"d": 150.0, "s": 84, "base": 0, "post": 0, "recover": 0, "q1": -1}}, {"type": "Feature", "geometry": {"type": "Point", "coordinates": [346075.13, 1160391.62]}, "properties": {"d": -100.0, "s": 85, "base": 0, "post": 0, "recover": -1, "q1": -1}}, {"type": "Feature", "geometry": {"type": "Point", "coordinates": [346084.62, 1160388.46]}, "properties": {"d": -90.0, "s": 85, "base": -1, "post": -1, "recover": -1, "q1": -1}}, {"type": "Feature", "geometry": {"type": "Point", "coordinates": [346094.11, 1160385.3]}, "properties": {"d": -80.0, "s": 85, "base": -1, "post": -1, "recover": -1, "q1": -1}}, {"type": "Feature", "geometry": {"type": "Point", "coordinates": [346103.59, 1160382.14]}, "properties": {"d": -70.0, "s": 85, "base": -1, "post": -1, "recover": -1, "q1": -1}}, {"type": "Feature", "geometry": {"type": "Point", "coordinates": [346113.08, 1160378.97]}, "properties": {"d": -60.0, "s": 85, "base": -1, "post": -1, "recover": -1, "q1": -1}}, {"type": "Feature", "geometry": {"type": "Point", "coordinates": [346122.57, 1160375.81]}, "properties": {"d": -50.0, "s": 85, "base": 0, "post": 0, "recover": -1, "q1": -1}}, {"type": "Feature", "geometry": {"type": "Point", "coordinates": [346132.05, 1160372.65]}, "properties": {"d": -40.0, "s": 85, "base": 0, "post": 0, "recover": -1, "q1": -1}}, {"type": "Feature", "geometry": {"type": "Point", "coordinates": [346141.54, 1160369.49]}, "properties": {"d": -30.0, "s": 85, "base": 0, "post": 0, "recover": -1, "q1": -1}}, {"type": "Feature", "geometry": {"type": "Point", "coordinates": [346151.03, 1160366.32]}, "properties": {"d": -20.0, "s": 85, "base": 0, "post": 0, "recover": -1, "q1": -1}}, {"type": "Feature", "geometry": {"type": "Point", "coordinates": [346160.51, 1160363.16]}, "properties": {"d": -10.0, "s": 85, "base": 0, "post": 0, "recover": -1, "q1": -1}}, {"type": "Feature", "geometry": {"type": "Point", "coordinates": [346170.0, 1160360.0]}, "properties": {"d": 0.0, "s": 85, "base": 0, "post": 0, "recover": -1, "q1": -1}}, {"type": "Feature", "geometry": {"type": "Point", "coordinates": [346179.49, 1160356.84]}, "properties": {"d": 10.0, "s": 85, "base": -1, "post": -1, "recover": -1, "q1": -1}}, {"type": "Feature", "geometry": {"type": "Point", "coordinates": [346188.97, 1160353.68]}, "properties": {"d": 20.0, "s": 85, "base": -1, "post": -1, "recover": -1, "q1": -1}}, {"type": "Feature", "geometry": {"type": "Point", "coordinates": [346198.46, 1160350.51]}, "properties": {"d": 30.0, "s": 85, "base": -1, "post": -1, "recover": -1, "q1": -1}}, {"type": "Feature", "geometry": {"type": "Point", "coordinates": [346207.95, 1160347.35]}, "properties": {"d": 40.0, "s": 85, "base": -1, "post": -1, "recover": -1, "q1": -1}}, {"type": "Feature", "geometry": {"type": "Point", "coordinates": [346217.43, 1160344.19]}, "properties": {"d": 50.0, "s": 85, "base": -1, "post": -1, "recover": -1, "q1": -1}}, {"type": "Feature", "geometry": {"type": "Point", "coordinates": [346226.92, 1160341.03]}, "properties": {"d": 60.0, "s": 85, "base": 0, "post": 0, "recover": -1, "q1": -1}}, {"type": "Feature", "geometry": {"type": "Point", "coordinates": [346236.41, 1160337.86]}, "properties": {"d": 70.0, "s": 85, "base": 0, "post": 0, "recover": 0, "q1": -1}}, {"type": "Feature", "geometry": {"type": "Point", "coordinates": [346245.89, 1160334.7]}, "properties": {"d": 80.0, "s": 85, "base": 0, "post": 0, "recover": 0, "q1": -1}}, {"type": "Feature", "geometry": {"type": "Point", "coordinates": [346255.38, 1160331.54]}, "properties": {"d": 90.0, "s": 85, "base": 0, "post": 0, "recover": 0, "q1": -1}}, {"type": "Feature", "geometry": {"type": "Point", "coordinates": [346264.87, 1160328.38]}, "properties": {"d": 100.0, "s": 85, "base": 0, "post": 0, "recover": 0, "q1": -1}}, {"type": "Feature", "geometry": {"type": "Point", "coordinates": [346274.36, 1160325.21]}, "properties": {"d": 110.0, "s": 85, "base": 0, "post": 0, "recover": 0, "q1": -1}}, {"type": "Feature", "geometry": {"type": "Point", "coordinates": [346283.84, 1160322.05]}, "properties": {"d": 120.0, "s": 85, "base": 0, "post": 0, "recover": 0, "q1": -1}}, {"type": "Feature", "geometry": {"type": "Point", "coordinates": [346293.33, 1160318.89]}, "properties": {"d": 130.0, "s": 85, "base": 0, "post": 0, "recover": 0, "q1": -1}}, {"type": "Feature", "geometry": {"type": "Point", "coordinates": [346302.82, 1160315.73]}, "properties": {"d": 140.0, "s": 85, "base": 0, "post": 0, "recover": 0, "q1": -1}}, {"type": "Feature", "geometry": {"type": "Point", "coordinates": [346312.3, 1160312.57]}, "properties": {"d": 150.0, "s": 85, "base": 0, "post": 0, "recover": 0, "q1": -1}}, {"type": "Feature", "geometry": {"type": "Point", "coordinates": [346825.13, 1146291.62]}, "properties": {"d": -100.0, "s": 86, "base": 0, "post": 0, "recover": -1, "q1": -1}}, {"type": "Feature", "geometry": {"type": "Point", "coordinates": [346834.62, 1146288.46]}, "properties": {"d": -90.0, "s": 86, "base": 0, "post": 1, "recover": -1, "q1": -1}}, {"type": "Feature", "geometry": {"type": "Point", "coordinates": [346844.11, 1146285.3]}, "properties": {"d": -80.0, "s": 86, "base": 1, "post": 1, "recover": -1, "q1": -1}}, {"type": "Feature", "geometry": {"type": "Point", "coordinates": [346853.59, 1146282.14]}, "properties": {"d": -70.0, "s": 86, "base": 0, "post": 1, "recover": -1, "q1": -1}}, {"type": "Feature", "geometry": {"type": "Point", "coordinates": [346863.08, 1146278.97]}, "properties": {"d": -60.0, "s": 86, "base": 0, "post": 1, "recover": -1, "q1": -1}}, {"type": "Feature", "geometry": {"type": "Point", "coordinates": [346872.57, 1146275.81]}, "properties": {"d": -50.0, "s": 86, "base": 0, "post": 0, "recover": -1, "q1": -1}}, {"type": "Feature", "geometry": {"type": "Point", "coordinates": [346882.05, 1146272.65]}, "properties": {"d": -40.0, "s": 86, "base": 0, "post": 0, "recover": -1, "q1": -1}}, {"type": "Feature", "geometry": {"type": "Point", "coordinates": [346891.54, 1146269.49]}, "properties": {"d": -30.0, "s": 86, "base": 0, "post": 0, "recover": -1, "q1": -1}}, {"type": "Feature", "geometry": {"type": "Point", "coordinates": [346901.03, 1146266.32]}, "properties": {"d": -20.0, "s": 86, "base": 0, "post": 1, "recover": -1, "q1": -1}}, {"type": "Feature", "geometry": {"type": "Point", "coordinates": [346910.51, 1146263.16]}, "properties": {"d": -10.0, "s": 86, "base": 0, "post": 1, "recover": -1, "q1": -1}}, {"type": "Feature", "geometry": {"type": "Point", "coordinates": [346920.0, 1146260.0]}, "properties": {"d": 0.0, "s": 86, "base": 1, "post": 1, "recover": -1, "q1": -1}}, {"type": "Feature", "geometry": {"type": "Point", "coordinates": [346929.49, 1146256.84]}, "properties": {"d": 10.0, "s": 86, "base": 0, "post": 1, "recover": -1, "q1": -1}}, {"type": "Feature", "geometry": {"type": "Point", "coordinates": [346938.97, 1146253.68]}, "properties": {"d": 20.0, "s": 86, "base": 0, "post": 1, "recover": -1, "q1": -1}}, {"type": "Feature", "geometry": {"type": "Point", "coordinates": [346948.46, 1146250.51]}, "properties": {"d": 30.0, "s": 86, "base": 0, "post": 1, "recover": -1, "q1": -1}}, {"type": "Feature", "geometry": {"type": "Point", "coordinates": [346957.95, 1146247.35]}, "properties": {"d": 40.0, "s": 86, "base": 0, "post": 1, "recover": -1, "q1": -1}}, {"type": "Feature", "geometry": {"type": "Point", "coordinates": [346967.43, 1146244.19]}, "properties": {"d": 50.0, "s": 86, "base": 0, "post": 1, "recover": -1, "q1": -1}}, {"type": "Feature", "geometry": {"type": "Point", "coordinates": [346976.92, 1146241.03]}, "properties": {"d": 60.0, "s": 86, "base": 0, "post": 1, "recover": -1, "q1": -1}}, {"type": "Feature", "geometry": {"type": "Point", "coordinates": [346986.41, 1146237.86]}, "properties": {"d": 70.0, "s": 86, "base": 0, "post": 1, "recover": -1, "q1": -1}}, {"type": "Feature", "geometry": {"type": "Point", "coordinates": [346995.89, 1146234.7]}, "properties": {"d": 80.0, "s": 86, "base": 0, "post": 1, "recover": -1, "q1": -1}}, {"type": "Feature", "geometry": {"type": "Point", "coordinates": [347005.38, 1146231.54]}, "properties": {"d": 90.0, "s": 86, "base": 0, "post": 1, "recover": -1, "q1": -1}}, {"type": "Feature", "geometry": {"type": "Point", "coordinates": [347014.87, 1146228.38]}, "properties": {"d": 100.0, "s": 86, "base": 0, "post": 1, "recover": -1, "q1": -1}}, {"type": "Feature", "geometry": {"type": "Point", "coordinates": [347024.36, 1146225.22]}, "properties": {"d": 110.0, "s": 86, "base": 0, "post": 1, "recover": -1, "q1": -1}}, {"type": "Feature", "geometry": {"type": "Point", "coordinates": [347033.84, 1146222.05]}, "properties": {"d": 120.0, "s": 86, "base": 0, "post": 1, "recover": -1, "q1": -1}}, {"type": "Feature", "geometry": {"type": "Point", "coordinates": [347043.33, 1146218.89]}, "properties": {"d": 130.0, "s": 86, "base": 0, "post": 1, "recover": -1, "q1": -1}}, {"type": "Feature", "geometry": {"type": "Point", "coordinates": [347052.82, 1146215.73]}, "properties": {"d": 140.0, "s": 86, "base": 0, "post": 1, "recover": -1, "q1": -1}}, {"type": "Feature", "geometry": {"type": "Point", "coordinates": [347062.3, 1146212.57]}, "properties": {"d": 150.0, "s": 86, "base": 0, "post": 1, "recover": -1, "q1": -1}}, {"type": "Feature", "geometry": {"type": "Point", "coordinates": [347755.13, 1171208.38]}, "properties": {"d": -100.0, "s": 87, "base": -1, "post": 0, "recover": 0, "q1": -1}}, {"type": "Feature", "geometry": {"type": "Point", "coordinates": [347764.62, 1171211.54]}, "properties": {"d": -90.0, "s": 87, "base": -1, "post": 0, "recover": 0, "q1": -1}}, {"type": "Feature", "geometry": {"type": "Point", "coordinates": [347774.11, 1171214.7]}, "properties": {"d": -80.0, "s": 87, "base": -1, "post": 0, "recover": 0, "q1": -1}}, {"type": "Feature", "geometry": {"type": "Point", "coordinates": [347783.59, 1171217.86]}, "properties": {"d": -70.0, "s": 87, "base": 0, "post": 0, "recover": 0, "q1": -1}}, {"type": "Feature", "geometry": {"type": "Point", "coordinates": [347793.08, 1171221.03]}, "properties": {"d": -60.0, "s": 87, "base": 0, "post": 0, "recover": 0, "q1": -1}}, {"type": "Feature", "geometry": {"type": "Point", "coordinates": [347802.57, 1171224.19]}, "properties": {"d": -50.0, "s": 87, "base": 0, "post": 0, "recover": 0, "q1": -1}}, {"type": "Feature", "geometry": {"type": "Point", "coordinates": [347812.05, 1171227.35]}, "properties": {"d": -40.0, "s": 87, "base": 0, "post": 0, "recover": 0, "q1": -1}}, {"type": "Feature", "geometry": {"type": "Point", "coordinates": [347821.54, 1171230.51]}, "properties": {"d": -30.0, "s": 87, "base": 0, "post": 0, "recover": 0, "q1": -1}}, {"type": "Feature", "geometry": {"type": "Point", "coordinates": [347831.03, 1171233.68]}, "properties": {"d": -20.0, "s": 87, "base": 0, "post": 0, "recover": 0, "q1": -1}}, {"type": "Feature", "geometry": {"type": "Point", "coordinates": [347840.51, 1171236.84]}, "properties": {"d": -10.0, "s": 87, "base": -1, "post": -1, "recover": 0, "q1": -1}}, {"type": "Feature", "geometry": {"type": "Point", "coordinates": [347850.0, 1171240.0]}, "properties": {"d": 0.0, "s": 87, "base": -1, "post": -1, "recover": 0, "q1": -1}}, {"type": "Feature", "geometry": {"type": "Point", "coordinates": [347859.49, 1171243.16]}, "properties": {"d": 10.0, "s": 87, "base": -1, "post": -1, "recover": 0, "q1": -1}}, {"type": "Feature", "geometry": {"type": "Point", "coordinates": [347868.97, 1171246.32]}, "properties": {"d": 20.0, "s": 87, "base": -1, "post": -1, "recover": 0, "q1": -1}}, {"type": "Feature", "geometry": {"type": "Point", "coordinates": [347878.46, 1171249.49]}, "properties": {"d": 30.0, "s": 87, "base": -1, "post": -1, "recover": 0, "q1": -1}}, {"type": "Feature", "geometry": {"type": "Point", "coordinates": [347887.95, 1171252.65]}, "properties": {"d": 40.0, "s": 87, "base": 0, "post": 0, "recover": 0, "q1": -1}}, {"type": "Feature", "geometry": {"type": "Point", "coordinates": [347897.43, 1171255.81]}, "properties": {"d": 50.0, "s": 87, "base": 0, "post": 0, "recover": 0, "q1": -1}}, {"type": "Feature", "geometry": {"type": "Point", "coordinates": [347906.92, 1171258.97]}, "properties": {"d": 60.0, "s": 87, "base": 0, "post": 0, "recover": 0, "q1": -1}}, {"type": "Feature", "geometry": {"type": "Point", "coordinates": [347916.41, 1171262.14]}, "properties": {"d": 70.0, "s": 87, "base": 0, "post": 0, "recover": 0, "q1": 0}}, {"type": "Feature", "geometry": {"type": "Point", "coordinates": [347925.89, 1171265.3]}, "properties": {"d": 80.0, "s": 87, "base": 0, "post": 0, "recover": 0, "q1": -1}}, {"type": "Feature", "geometry": {"type": "Point", "coordinates": [347935.38, 1171268.46]}, "properties": {"d": 90.0, "s": 87, "base": 0, "post": 0, "recover": 0, "q1": -1}}, {"type": "Feature", "geometry": {"type": "Point", "coordinates": [347944.87, 1171271.62]}, "properties": {"d": 100.0, "s": 87, "base": 0, "post": 0, "recover": 0, "q1": -1}}, {"type": "Feature", "geometry": {"type": "Point", "coordinates": [347954.36, 1171274.78]}, "properties": {"d": 110.0, "s": 87, "base": 0, "post": 0, "recover": 0, "q1": -1}}, {"type": "Feature", "geometry": {"type": "Point", "coordinates": [347963.84, 1171277.95]}, "properties": {"d": 120.0, "s": 87, "base": 0, "post": 0, "recover": 0, "q1": -1}}, {"type": "Feature", "geometry": {"type": "Point", "coordinates": [347973.33, 1171281.11]}, "properties": {"d": 130.0, "s": 87, "base": 0, "post": 0, "recover": 0, "q1": -1}}, {"type": "Feature", "geometry": {"type": "Point", "coordinates": [347982.82, 1171284.27]}, "properties": {"d": 140.0, "s": 87, "base": 0, "post": 0, "recover": 0, "q1": -1}}, {"type": "Feature", "geometry": {"type": "Point", "coordinates": [347992.3, 1171287.43]}, "properties": {"d": 150.0, "s": 87, "base": 0, "post": 0, "recover": 0, "q1": -1}}, {"type": "Feature", "geometry": {"type": "Point", "coordinates": [349278.38, 1179175.13]}, "properties": {"d": -100.0, "s": 88, "base": 0, "post": 0, "recover": 0, "q1": -1}}, {"type": "Feature", "geometry": {"type": "Point", "coordinates": [349281.54, 1179184.62]}, "properties": {"d": -90.0, "s": 88, "base": -1, "post": -1, "recover": -1, "q1": -1}}, {"type": "Feature", "geometry": {"type": "Point", "coordinates": [349284.7, 1179194.11]}, "properties": {"d": -80.0, "s": 88, "base": -1, "post": -1, "recover": -1, "q1": -1}}, {"type": "Feature", "geometry": {"type": "Point", "coordinates": [349287.86, 1179203.59]}, "properties": {"d": -70.0, "s": 88, "base": -1, "post": -1, "recover": -1, "q1": -1}}, {"type": "Feature", "geometry": {"type": "Point", "coordinates": [349291.03, 1179213.08]}, "properties": {"d": -60.0, "s": 88, "base": -1, "post": -1, "recover": -1, "q1": -1}}, {"type": "Feature", "geometry": {"type": "Point", "coordinates": [349294.19, 1179222.57]}, "properties": {"d": -50.0, "s": 88, "base": 0, "post": 0, "recover": 0, "q1": -1}}, {"type": "Feature", "geometry": {"type": "Point", "coordinates": [349297.35, 1179232.05]}, "properties": {"d": -40.0, "s": 88, "base": 0, "post": 0, "recover": 0, "q1": -1}}, {"type": "Feature", "geometry": {"type": "Point", "coordinates": [349300.51, 1179241.54]}, "properties": {"d": -30.0, "s": 88, "base": 0, "post": 0, "recover": -1, "q1": -1}}, {"type": "Feature", "geometry": {"type": "Point", "coordinates": [349303.68, 1179251.03]}, "properties": {"d": -20.0, "s": 88, "base": -1, "post": -1, "recover": -1, "q1": -1}}, {"type": "Feature", "geometry": {"type": "Point", "coordinates": [349306.84, 1179260.51]}, "properties": {"d": -10.0, "s": 88, "base": -1, "post": -1, "recover": -1, "q1": -1}}, {"type": "Feature", "geometry": {"type": "Point", "coordinates": [349310.0, 1179270.0]}, "properties": {"d": 0.0, "s": 88, "base": 0, "post": -1, "recover": -1, "q1": -1}}, {"type": "Feature", "geometry": {"type": "Point", "coordinates": [349313.16, 1179279.49]}, "properties": {"d": 10.0, "s": 88, "base": 0, "post": -1, "recover": -1, "q1": -1}}, {"type": "Feature", "geometry": {"type": "Point", "coordinates": [349316.32, 1179288.97]}, "properties": {"d": 20.0, "s": 88, "base": 0, "post": 0, "recover": 0, "q1": -1}}, {"type": "Feature", "geometry": {"type": "Point", "coordinates": [349319.49, 1179298.46]}, "properties": {"d": 30.0, "s": 88, "base": 0, "post": 0, "recover": 0, "q1": -1}}, {"type": "Feature", "geometry": {"type": "Point", "coordinates": [349322.65, 1179307.95]}, "properties": {"d": 40.0, "s": 88, "base": 0, "post": 0, "recover": 0, "q1": -1}}, {"type": "Feature", "geometry": {"type": "Point", "coordinates": [349325.81, 1179317.43]}, "properties": {"d": 50.0, "s": 88, "base": 0, "post": 0, "recover": 0, "q1": -1}}, {"type": "Feature", "geometry": {"type": "Point", "coordinates": [349328.97, 1179326.92]}, "properties": {"d": 60.0, "s": 88, "base": 0, "post": 0, "recover": 0, "q1": -1}}, {"type": "Feature", "geometry": {"type": "Point", "coordinates": [349332.14, 1179336.41]}, "properties": {"d": 70.0, "s": 88, "base": 0, "post": 0, "recover": 0, "q1": -1}}, {"type": "Feature", "geometry": {"type": "Point", "coordinates": [349335.3, 1179345.89]}, "properties": {"d": 80.0, "s": 88, "base": 0, "post": 0, "recover": 0, "q1": -1}}, {"type": "Feature", "geometry": {"type": "Point", "coordinates": [349338.46, 1179355.38]}, "properties": {"d": 90.0, "s": 88, "base": 0, "post": 0, "recover": 0, "q1": -1}}, {"type": "Feature", "geometry": {"type": "Point", "coordinates": [349341.62, 1179364.87]}, "properties": {"d": 100.0, "s": 88, "base": 0, "post": 0, "recover": 0, "q1": -1}}, {"type": "Feature", "geometry": {"type": "Point", "coordinates": [349344.79, 1179374.36]}, "properties": {"d": 110.0, "s": 88, "base": 0, "post": 0, "recover": 0, "q1": -1}}, {"type": "Feature", "geometry": {"type": "Point", "coordinates": [349347.95, 1179383.84]}, "properties": {"d": 120.0, "s": 88, "base": 0, "post": 0, "recover": 0, "q1": -1}}, {"type": "Feature", "geometry": {"type": "Point", "coordinates": [349351.11, 1179393.33]}, "properties": {"d": 130.0, "s": 88, "base": 0, "post": 0, "recover": 0, "q1": -1}}, {"type": "Feature", "geometry": {"type": "Point", "coordinates": [349354.27, 1179402.82]}, "properties": {"d": 140.0, "s": 88, "base": 0, "post": 0, "recover": 0, "q1": -1}}, {"type": "Feature", "geometry": {"type": "Point", "coordinates": [349357.43, 1179412.3]}, "properties": {"d": 150.0, "s": 88, "base": 0, "post": 0, "recover": 0, "q1": -1}}, {"type": "Feature", "geometry": {"type": "Point", "coordinates": [350320.0, 1148890.0]}, "properties": {"d": -100.0, "s": 89, "base": 1, "post": -1, "recover": -1, "q1": -1}}, {"type": "Feature", "geometry": {"type": "Point", "coordinates": [350320.0, 1148880.0]}, "properties": {"d": -90.0, "s": 89, "base": 1, "post": -1, "recover": -1, "q1": -1}}, {"type": "Feature", "geometry": {"type": "Point", "coordinates": [350320.0, 1148870.0]}, "properties": {"d": -80.0, "s": 89, "base": 1, "post": -1, "recover": -1, "q1": -1}}, {"type": "Feature", "geometry": {"type": "Point", "coordinates": [350320.0, 1148860.0]}, "properties": {"d": -70.0, "s": 89, "base": 1, "post": -1, "recover": -1, "q1": -1}}, {"type": "Feature", "geometry": {"type": "Point", "coordinates": [350320.0, 1148850.0]}, "properties": {"d": -60.0, "s": 89, "base": 0, "post": -1, "recover": -1, "q1": -1}}, {"type": "Feature", "geometry": {"type": "Point", "coordinates": [350320.0, 1148840.0]}, "properties": {"d": -50.0, "s": 89, "base": 0, "post": -1, "recover": -1, "q1": -1}}, {"type": "Feature", "geometry": {"type": "Point", "coordinates": [350320.0, 1148830.0]}, "properties": {"d": -40.0, "s": 89, "base": 0, "post": -1, "recover": -1, "q1": -1}}, {"type": "Feature", "geometry": {"type": "Point", "coordinates": [350320.0, 1148820.0]}, "properties": {"d": -30.0, "s": 89, "base": 0, "post": -1, "recover": -1, "q1": -1}}, {"type": "Feature", "geometry": {"type": "Point", "coordinates": [350320.0, 1148810.0]}, "properties": {"d": -20.0, "s": 89, "base": 0, "post": 0, "recover": -1, "q1": -1}}, {"type": "Feature", "geometry": {"type": "Point", "coordinates": [350320.0, 1148800.0]}, "properties": {"d": -10.0, "s": 89, "base": 0, "post": 0, "recover": -1, "q1": -1}}, {"type": "Feature", "geometry": {"type": "Point", "coordinates": [350320.0, 1148790.0]}, "properties": {"d": 0.0, "s": 89, "base": 0, "post": -1, "recover": -1, "q1": -1}}, {"type": "Feature", "geometry": {"type": "Point", "coordinates": [350320.0, 1148780.0]}, "properties": {"d": 10.0, "s": 89, "base": 1, "post": -1, "recover": -1, "q1": -1}}, {"type": "Feature", "geometry": {"type": "Point", "coordinates": [350320.0, 1148770.0]}, "properties": {"d": 20.0, "s": 89, "base": 1, "post": -1, "recover": -1, "q1": -1}}, {"type": "Feature", "geometry": {"type": "Point", "coordinates": [350320.0, 1148760.0]}, "properties": {"d": 30.0, "s": 89, "base": 1, "post": -1, "recover": -1, "q1": -1}}, {"type": "Feature", "geometry": {"type": "Point", "coordinates": [350320.0, 1148750.0]}, "properties": {"d": 40.0, "s": 89, "base": 1, "post": -1, "recover": -1, "q1": -1}}, {"type": "Feature", "geometry": {"type": "Point", "coordinates": [350320.0, 1148740.0]}, "properties": {"d": 50.0, "s": 89, "base": 1, "post": -1, "recover": -1, "q1": -1}}, {"type": "Feature", "geometry": {"type": "Point", "coordinates": [350320.0, 1148730.0]}, "properties": {"d": 60.0, "s": 89, "base": 1, "post": 1, "recover": -1, "q1": -1}}, {"type": "Feature", "geometry": {"type": "Point", "coordinates": [350320.0, 1148720.0]}, "properties": {"d": 70.0, "s": 89, "base": 0, "post": 1, "recover": -1, "q1": -1}}, {"type": "Feature", "geometry": {"type": "Point", "coordinates": [350320.0, 1148710.0]}, "properties": {"d": 80.0, "s": 89, "base": 0, "post": 1, "recover": -1, "q1": -1}}, {"type": "Feature", "geometry": {"type": "Point", "coordinates": [350320.0, 1148700.0]}, "properties": {"d": 90.0, "s": 89, "base": 0, "post": 1, "recover": -1, "q1": -1}}, {"type": "Feature", "geometry": {"type": "Point", "coordinates": [350320.0, 1148690.0]}, "properties": {"d": 100.0, "s": 89, "base": 0, "post": 1, "recover": -1, "q1": -1}}, {"type": "Feature", "geometry": {"type": "Point", "coordinates": [350320.0, 1148680.0]}, "properties": {"d": 110.0, "s": 89, "base": 0, "post": 1, "recover": -1, "q1": -1}}, {"type": "Feature", "geometry": {"type": "Point", "coordinates": [350320.0, 1148670.0]}, "properties": {"d": 120.0, "s": 89, "base": 0, "post": 1, "recover": -1, "q1": -1}}, {"type": "Feature", "geometry": {"type": "Point", "coordinates": [350320.0, 1148660.0]}, "properties": {"d": 130.0, "s": 89, "base": 0, "post": 0, "recover": -1, "q1": -1}}, {"type": "Feature", "geometry": {"type": "Point", "coordinates": [350320.0, 1148650.0]}, "properties": {"d": 140.0, "s": 89, "base": 0, "post": 0, "recover": -1, "q1": -1}}, {"type": "Feature", "geometry": {"type": "Point", "coordinates": [350320.0, 1148640.0]}, "properties": {"d": 150.0, "s": 89, "base": 0, "post": 0, "recover": -1, "q1": -1}}, {"type": "Feature", "geometry": {"type": "Point", "coordinates": [352795.28, 1155689.44]}, "properties": {"d": -100.0, "s": 90, "base": 0, "post": 1, "recover": -1, "q1": -1}}, {"type": "Feature", "geometry": {"type": "Point", "coordinates": [352799.75, 1155680.5]}, "properties": {"d": -90.0, "s": 90, "base": 0, "post": 1, "recover": -1, "q1": -1}}, {"type": "Feature", "geometry": {"type": "Point", "coordinates": [352804.22, 1155671.55]}, "properties": {"d": -80.0, "s": 90, "base": 0, "post": 1, "recover": -1, "q1": -1}}, {"type": "Feature", "geometry": {"type": "Point", "coordinates": [352808.7, 1155662.61]}, "properties": {"d": -70.0, "s": 90, "base": 1, "post": 1, "recover": -1, "q1": -1}}, {"type": "Feature", "geometry": {"type": "Point", "coordinates": [352813.17, 1155653.67]}, "properties": {"d": -60.0, "s": 90, "base": 1, "post": 1, "recover": 1, "q1": -1}}, {"type": "Feature", "geometry": {"type": "Point", "coordinates": [352817.64, 1155644.72]}, "properties": {"d": -50.0, "s": 90, "base": 1, "post": 1, "recover": 1, "q1": -1}}, {"type": "Feature", "geometry": {"type": "Point", "coordinates": [352822.11, 1155635.78]}, "properties": {"d": -40.0, "s": 90, "base": 1, "post": 1, "recover": -1, "q1": -1}}, {"type": "Feature", "geometry": {"type": "Point", "coordinates": [352826.58, 1155626.83]}, "properties": {"d": -30.0, "s": 90, "base": 0, "post": 1, "recover": -1, "q1": -1}}, {"type": "Feature", "geometry": {"type": "Point", "coordinates": [352831.06, 1155617.89]}, "properties": {"d": -20.0, "s": 90, "base": 0, "post": 1, "recover": -1, "q1": -1}}, {"type": "Feature", "geometry": {"type": "Point", "coordinates": [352835.53, 1155608.94]}, "properties": {"d": -10.0, "s": 90, "base": 0, "post": 1, "recover": -1, "q1": -1}}, {"type": "Feature", "geometry": {"type": "Point", "coordinates": [352840.0, 1155600.0]}, "properties": {"d": 0.0, "s": 90, "base": 0, "post": 1, "recover": -1, "q1": -1}}, {"type": "Feature", "geometry": {"type": "Point", "coordinates": [352844.47, 1155591.06]}, "properties": {"d": 10.0, "s": 90, "base": -1, "post": 1, "recover": -1, "q1": -1}}, {"type": "Feature", "geometry": {"type": "Point", "coordinates": [352848.94, 1155582.11]}, "properties": {"d": 20.0, "s": 90, "base": -1, "post": 1, "recover": -1, "q1": -1}}, {"type": "Feature", "geometry": {"type": "Point", "coordinates": [352853.42, 1155573.17]}, "properties": {"d": 30.0, "s": 90, "base": -1, "post": 1, "recover": -1, "q1": -1}}, {"type": "Feature", "geometry": {"type": "Point", "coordinates": [352857.89, 1155564.22]}, "properties": {"d": 40.0, "s": 90, "base": -1, "post": 1, "recover": -1, "q1": -1}}, {"type": "Feature", "geometry": {"type": "Point", "coordinates": [352862.36, 1155555.28]}, "properties": {"d": 50.0, "s": 90, "base": 0, "post": 1, "recover": -1, "q1": -1}}, {"type": "Feature", "geometry": {"type": "Point", "coordinates": [352866.83, 1155546.33]}, "properties": {"d": 60.0, "s": 90, "base": 0, "post": 1, "recover": -1, "q1": -1}}, {"type": "Feature", "geometry": {"type": "Point", "coordinates": [352871.3, 1155537.39]}, "properties": {"d": 70.0, "s": 90, "base": 0, "post": 1, "recover": -1, "q1": -1}}, {"type": "Feature", "geometry": {"type": "Point", "coordinates": [352875.78, 1155528.45]}, "properties": {"d": 80.0, "s": 90, "base": 0, "post": 1, "recover": -1, "q1": -1}}, {"type": "Feature", "geometry": {"type": "Point", "coordinates": [352880.25, 1155519.5]}, "properties": {"d": 90.0, "s": 90, "base": 1, "post": 1, "recover": -1, "q1": -1}}, {"type": "Feature", "geometry": {"type": "Point", "coordinates": [352884.72, 1155510.56]}, "properties": {"d": 100.0, "s": 90, "base": 0, "post": 1, "recover": -1, "q1": -1}}, {"type": "Feature", "geometry": {"type": "Point", "coordinates": [352889.19, 1155501.61]}, "properties": {"d": 110.0, "s": 90, "base": 0, "post": 1, "recover": -1, "q1": -1}}, {"type": "Feature", "geometry": {"type": "Point", "coordinates": [352893.67, 1155492.67]}, "properties": {"d": 120.0, "s": 90, "base": 0, "post": 0, "recover": -1, "q1": -1}}, {"type": "Feature", "geometry": {"type": "Point", "coordinates": [352898.14, 1155483.72]}, "properties": {"d": 130.0, "s": 90, "base": 0, "post": 0, "recover": -1, "q1": -1}}, {"type": "Feature", "geometry": {"type": "Point", "coordinates": [352902.61, 1155474.78]}, "properties": {"d": 140.0, "s": 90, "base": 0, "post": 1, "recover": -1, "q1": -1}}, {"type": "Feature", "geometry": {"type": "Point", "coordinates": [352907.08, 1155465.84]}, "properties": {"d": 150.0, "s": 90, "base": 0, "post": 1, "recover": -1, "q1": -1}}, {"type": "Feature", "geometry": {"type": "Point", "coordinates": [354770.39, 1166258.06]}, "properties": {"d": -100.0, "s": 91, "base": 0, "post": -1, "recover": 0, "q1": -1}}, {"type": "Feature", "geometry": {"type": "Point", "coordinates": [354772.35, 1166248.25]}, "properties": {"d": -90.0, "s": 91, "base": 0, "post": -1, "recover": 0, "q1": -1}}, {"type": "Feature", "geometry": {"type": "Point", "coordinates": [354774.31, 1166238.45]}, "properties": {"d": -80.0, "s": 91, "base": -1, "post": -1, "recover": -1, "q1": -1}}, {"type": "Feature", "geometry": {"type": "Point", "coordinates": [354776.27, 1166228.64]}, "properties": {"d": -70.0, "s": 91, "base": -1, "post": -1, "recover": -1, "q1": -1}}, {"type": "Feature", "geometry": {"type": "Point", "coordinates": [354778.23, 1166218.83]}, "properties": {"d": -60.0, "s": 91, "base": 0, "post": -1, "recover": -1, "q1": -1}}, {"type": "Feature", "geometry": {"type": "Point", "coordinates": [354780.19, 1166209.03]}, "properties": {"d": -50.0, "s": 91, "base": 0, "post": -1, "recover": -1, "q1": -1}}, {"type": "Feature", "geometry": {"type": "Point", "coordinates": [354782.16, 1166199.22]}, "properties": {"d": -40.0, "s": 91, "base": 0, "post": -1, "recover": -1, "q1": -1}}, {"type": "Feature", "geometry": {"type": "Point", "coordinates": [354784.12, 1166189.42]}, "properties": {"d": -30.0, "s": 91, "base": 0, "post": -1, "recover": -1, "q1": -1}}, {"type": "Feature", "geometry": {"type": "Point", "coordinates": [354786.08, 1166179.61]}, "properties": {"d": -20.0, "s": 91, "base": -1, "post": -1, "recover": -1, "q1": -1}}, {"type": "Feature", "geometry": {"type": "Point", "coordinates": [354788.04, 1166169.81]}, "properties": {"d": -10.0, "s": 91, "base": -1, "post": -1, "recover": -1, "q1": -1}}, {"type": "Feature", "geometry": {"type": "Point", "coordinates": [354790.0, 1166160.0]}, "properties": {"d": 0.0, "s": 91, "base": 0, "post": -1, "recover": 0, "q1": -1}}, {"type": "Feature", "geometry": {"type": "Point", "coordinates": [354791.96, 1166150.19]}, "properties": {"d": 10.0, "s": 91, "base": 0, "post": -1, "recover": 0, "q1": -1}}, {"type": "Feature", "geometry": {"type": "Point", "coordinates": [354793.92, 1166140.39]}, "properties": {"d": 20.0, "s": 91, "base": 0, "post": -1, "recover": 0, "q1": -1}}, {"type": "Feature", "geometry": {"type": "Point", "coordinates": [354795.88, 1166130.58]}, "properties": {"d": 30.0, "s": 91, "base": 0, "post": -1, "recover": 0, "q1": -1}}, {"type": "Feature", "geometry": {"type": "Point", "coordinates": [354797.84, 1166120.78]}, "properties": {"d": 40.0, "s": 91, "base": 0, "post": -1, "recover": 0, "q1": -1}}, {"type": "Feature", "geometry": {"type": "Point", "coordinates": [354799.81, 1166110.97]}, "properties": {"d": 50.0, "s": 91, "base": 0, "post": -1, "recover": 0, "q1": -1}}, {"type": "Feature", "geometry": {"type": "Point", "coordinates": [354801.77, 1166101.17]}, "properties": {"d": 60.0, "s": 91, "base": 0, "post": -1, "recover": 0, "q1": -1}}, {"type": "Feature", "geometry": {"type": "Point", "coordinates": [354803.73, 1166091.36]}, "properties": {"d": 70.0, "s": 91, "base": 0, "post": -1, "recover": 0, "q1": -1}}, {"type": "Feature", "geometry": {"type": "Point", "coordinates": [354805.69, 1166081.55]}, "properties": {"d": 80.0, "s": 91, "base": 0, "post": -1, "recover": 0, "q1": -1}}, {"type": "Feature", "geometry": {"type": "Point", "coordinates": [354807.65, 1166071.75]}, "properties": {"d": 90.0, "s": 91, "base": 0, "post": -1, "recover": 0, "q1": -1}}, {"type": "Feature", "geometry": {"type": "Point", "coordinates": [354809.61, 1166061.94]}, "properties": {"d": 100.0, "s": 91, "base": 0, "post": -1, "recover": 0, "q1": -1}}, {"type": "Feature", "geometry": {"type": "Point", "coordinates": [354811.57, 1166052.14]}, "properties": {"d": 110.0, "s": 91, "base": 0, "post": -1, "recover": 0, "q1": -1}}, {"type": "Feature", "geometry": {"type": "Point", "coordinates": [354813.53, 1166042.33]}, "properties": {"d": 120.0, "s": 91, "base": 0, "post": -1, "recover": 0, "q1": -1}}, {"type": "Feature", "geometry": {"type": "Point", "coordinates": [354815.5, 1166032.52]}, "properties": {"d": 130.0, "s": 91, "base": 0, "post": -1, "recover": 0, "q1": -1}}, {"type": "Feature", "geometry": {"type": "Point", "coordinates": [354817.46, 1166022.72]}, "properties": {"d": 140.0, "s": 91, "base": 0, "post": 0, "recover": 0, "q1": -1}}, {"type": "Feature", "geometry": {"type": "Point", "coordinates": [354819.42, 1166012.91]}, "properties": {"d": 150.0, "s": 91, "base": 0, "post": 0, "recover": 0, "q1": -1}}, {"type": "Feature", "geometry": {"type": "Point", "coordinates": [356271.94, 1171610.39]}, "properties": {"d": -100.0, "s": 92, "base": 1, "post": 1, "recover": -1, "q1": -1}}, {"type": "Feature", "geometry": {"type": "Point", "coordinates": [356281.75, 1171612.35]}, "properties": {"d": -90.0, "s": 92, "base": 1, "post": 1, "recover": -1, "q1": -1}}, {"type": "Feature", "geometry": {"type": "Point", "coordinates": [356291.55, 1171614.31]}, "properties": {"d": -80.0, "s": 92, "base": 1, "post": 1, "recover": -1, "q1": -1}}, {"type": "Feature", "geometry": {"type": "Point", "coordinates": [356301.36, 1171616.27]}, "properties": {"d": -70.0, "s": 92, "base": 1, "post": 1, "recover": -1, "q1": -1}}, {"type": "Feature", "geometry": {"type": "Point", "coordinates": [356311.17, 1171618.23]}, "properties": {"d": -60.0, "s": 92, "base": 0, "post": 0, "recover": -1, "q1": -1}}, {"type": "Feature", "geometry": {"type": "Point", "coordinates": [356320.97, 1171620.19]}, "properties": {"d": -50.0, "s": 92, "base": 0, "post": 0, "recover": -1, "q1": -1}}, {"type": "Feature", "geometry": {"type": "Point", "coordinates": [356330.78, 1171622.16]}, "properties": {"d": -40.0, "s": 92, "base": -1, "post": -1, "recover": -1, "q1": -1}}, {"type": "Feature", "geometry": {"type": "Point", "coordinates": [356340.58, 1171624.12]}, "properties": {"d": -30.0, "s": 92, "base": -1, "post": -1, "recover": -1, "q1": -1}}, {"type": "Feature", "geometry": {"type": "Point", "coordinates": [356350.39, 1171626.08]}, "properties": {"d": -20.0, "s": 92, "base": 1, "post": -1, "recover": -1, "q1": -1}}, {"type": "Feature", "geometry": {"type": "Point", "coordinates": [356360.19, 1171628.04]}, "properties": {"d": -10.0, "s": 92, "base": 1, "post": -1, "recover": -1, "q1": -1}}, {"type": "Feature", "geometry": {"type": "Point", "coordinates": [356370.0, 1171630.0]}, "properties": {"d": 0.0, "s": 92, "base": 1, "post": -1, "recover": -1, "q1": -1}}, {"type": "Feature", "geometry": {"type": "Point", "coordinates": [356379.81, 1171631.96]}, "properties": {"d": 10.0, "s": 92, "base": 1, "post": -1, "recover": -1, "q1": -1}}, {"type": "Feature", "geometry": {"type": "Point", "coordinates": [356389.61, 1171633.92]}, "properties": {"d": 20.0, "s": 92, "base": 0, "post": -1, "recover": -1, "q1": -1}}, {"type": "Feature", "geometry": {"type": "Point", "coordinates": [356399.42, 1171635.88]}, "properties": {"d": 30.0, "s": 92, "base": 0, "post": -1, "recover": -1, "q1": -1}}, {"type": "Feature", "geometry": {"type": "Point", "coordinates": [356409.22, 1171637.84]}, "properties": {"d": 40.0, "s": 92, "base": 0, "post": -1, "recover": -1, "q1": -1}}, {"type": "Feature", "geometry": {"type": "Point", "coordinates": [356419.03, 1171639.81]}, "properties": {"d": 50.0, "s": 92, "base": 0, "post": -1, "recover": -1, "q1": -1}}, {"type": "Feature", "geometry": {"type": "Point", "coordinates": [356428.83, 1171641.77]}, "properties": {"d": 60.0, "s": 92, "base": 0, "post": 0, "recover": -1, "q1": -1}}, {"type": "Feature", "geometry": {"type": "Point", "coordinates": [356438.64, 1171643.73]}, "properties": {"d": 70.0, "s": 92, "base": 0, "post": 0, "recover": -1, "q1": -1}}, {"type": "Feature", "geometry": {"type": "Point", "coordinates": [356448.45, 1171645.69]}, "properties": {"d": 80.0, "s": 92, "base": 0, "post": 0, "recover": -1, "q1": -1}}, {"type": "Feature", "geometry": {"type": "Point", "coordinates": [356458.25, 1171647.65]}, "properties": {"d": 90.0, "s": 92, "base": 0, "post": 0, "recover": 0, "q1": -1}}, {"type": "Feature", "geometry": {"type": "Point", "coordinates": [356468.06, 1171649.61]}, "properties": {"d": 100.0, "s": 92, "base": 0, "post": 0, "recover": 0, "q1": -1}}, {"type": "Feature", "geometry": {"type": "Point", "coordinates": [356477.86, 1171651.57]}, "properties": {"d": 110.0, "s": 92, "base": 0, "post": 0, "recover": 0, "q1": -1}}, {"type": "Feature", "geometry": {"type": "Point", "coordinates": [356487.67, 1171653.53]}, "properties": {"d": 120.0, "s": 92, "base": 0, "post": 0, "recover": 0, "q1": -1}}, {"type": "Feature", "geometry": {"type": "Point", "coordinates": [356497.48, 1171655.5]}, "properties": {"d": 130.0, "s": 92, "base": 0, "post": 0, "recover": 0, "q1": -1}}, {"type": "Feature", "geometry": {"type": "Point", "coordinates": [356507.28, 1171657.46]}, "properties": {"d": 140.0, "s": 92, "base": 0, "post": 0, "recover": 0, "q1": -1}}, {"type": "Feature", "geometry": {"type": "Point", "coordinates": [356517.09, 1171659.42]}, "properties": {"d": 150.0, "s": 92, "base": 0, "post": 0, "recover": 0, "q1": -1}}, {"type": "Feature", "geometry": {"type": "Point", "coordinates": [357371.62, 1160044.87]}, "properties": {"d": -100.0, "s": 93, "base": -1, "post": 0, "recover": 0, "q1": -1}}, {"type": "Feature", "geometry": {"type": "Point", "coordinates": [357368.46, 1160035.38]}, "properties": {"d": -90.0, "s": 93, "base": -1, "post": 0, "recover": 0, "q1": -1}}, {"type": "Feature", "geometry": {"type": "Point", "coordinates": [357365.3, 1160025.89]}, "properties": {"d": -80.0, "s": 93, "base": -1, "post": 0, "recover": 0, "q1": -1}}, {"type": "Feature", "geometry": {"type": "Point", "coordinates": [357362.14, 1160016.41]}, "properties": {"d": -70.0, "s": 93, "base": -1, "post": 0, "recover": 0, "q1": -1}}, {"type": "Feature", "geometry": {"type": "Point", "coordinates": [357358.97, 1160006.92]}, "properties": {"d": -60.0, "s": 93, "base": -1, "post": 0, "recover": 0, "q1": -1}}, {"type": "Feature", "geometry": {"type": "Point", "coordinates": [357355.81, 1159997.43]}, "properties": {"d": -50.0, "s": 93, "base": -1, "post": 0, "recover": 0, "q1": -1}}, {"type": "Feature", "geometry": {"type": "Point", "coordinates": [357352.65, 1159987.95]}, "properties": {"d": -40.0, "s": 93, "base": -1, "post": 0, "recover": 0, "q1": -1}}, {"type": "Feature", "geometry": {"type": "Point", "coordinates": [357349.49, 1159978.46]}, "properties": {"d": -30.0, "s": 93, "base": -1, "post": 0, "recover": 0, "q1": -1}}, {"type": "Feature", "geometry": {"type": "Point", "coordinates": [357346.32, 1159968.97]}, "properties": {"d": -20.0, "s": 93, "base": -1, "post": 0, "recover": 0, "q1": -1}}, {"type": "Feature", "geometry": {"type": "Point", "coordinates": [357343.16, 1159959.49]}, "properties": {"d": -10.0, "s": 93, "base": 0, "post": 0, "recover": 0, "q1": -1}}, {"type": "Feature", "geometry": {"type": "Point", "coordinates": [357340.0, 1159950.0]}, "properties": {"d": 0.0, "s": 93, "base": 0, "post": 0, "recover": 0, "q1": -1}}, {"type": "Feature", "geometry": {"type": "Point", "coordinates": [357336.84, 1159940.51]}, "properties": {"d": 10.0, "s": 93, "base": 0, "post": 0, "recover": 0, "q1": -1}}, {"type": "Feature", "geometry": {"type": "Point", "coordinates": [357333.68, 1159931.03]}, "properties": {"d": 20.0, "s": 93, "base": 0, "post": 0, "recover": 0, "q1": -1}}, {"type": "Feature", "geometry": {"type": "Point", "coordinates": [357330.51, 1159921.54]}, "properties": {"d": 30.0, "s": 93, "base": 0, "post": 0, "recover": 0, "q1": -1}}, {"type": "Feature", "geometry": {"type": "Point", "coordinates": [357327.35, 1159912.05]}, "properties": {"d": 40.0, "s": 93, "base": 0, "post": 0, "recover": 0, "q1": -1}}, {"type": "Feature", "geometry": {"type": "Point", "coordinates": [357324.19, 1159902.57]}, "properties": {"d": 50.0, "s": 93, "base": 0, "post": 0, "recover": 0, "q1": 0}}, {"type": "Feature", "geometry": {"type": "Point", "coordinates": [357321.03, 1159893.08]}, "properties": {"d": 60.0, "s": 93, "base": 0, "post": 0, "recover": 0, "q1": 0}}, {"type": "Feature", "geometry": {"type": "Point", "coordinates": [357317.86, 1159883.59]}, "properties": {"d": 70.0, "s": 93, "base": 0, "post": 0, "recover": 0, "q1": 0}}, {"type": "Feature", "geometry": {"type": "Point", "coordinates": [357314.7, 1159874.11]}, "properties": {"d": 80.0, "s": 93, "base": 0, "post": 0, "recover": 0, "q1": -1}}, {"type": "Feature", "geometry": {"type": "Point", "coordinates": [357311.54, 1159864.62]}, "properties": {"d": 90.0, "s": 93, "base": 0, "post": 0, "recover": 0, "q1": -1}}, {"type": "Feature", "geometry": {"type": "Point", "coordinates": [357308.38, 1159855.13]}, "properties": {"d": 100.0, "s": 93, "base": 0, "post": 0, "recover": 0, "q1": -1}}, {"type": "Feature", "geometry": {"type": "Point", "coordinates": [357305.22, 1159845.64]}, "properties": {"d": 110.0, "s": 93, "base": 0, "post": 0, "recover": 0, "q1": -1}}, {"type": "Feature", "geometry": {"type": "Point", "coordinates": [357302.05, 1159836.16]}, "properties": {"d": 120.0, "s": 93, "base": 0, "post": 0, "recover": 0, "q1": -1}}, {"type": "Feature", "geometry": {"type": "Point", "coordinates": [357298.89, 1159826.67]}, "properties": {"d": 130.0, "s": 93, "base": 0, "post": 0, "recover": 0, "q1": -1}}, {"type": "Feature", "geometry": {"type": "Point", "coordinates": [357295.73, 1159817.18]}, "properties": {"d": 140.0, "s": 93, "base": 0, "post": 0, "recover": 0, "q1": -1}}, {"type": "Feature", "geometry": {"type": "Point", "coordinates": [357292.57, 1159807.7]}, "properties": {"d": 150.0, "s": 93, "base": 0, "post": 0, "recover": 0, "q1": -1}}, {"type": "Feature", "geometry": {"type": "Point", "coordinates": [358800.56, 1145554.72]}, "properties": {"d": -100.0, "s": 94, "base": 1, "post": -1, "recover": -1, "q1": 0}}, {"type": "Feature", "geometry": {"type": "Point", "coordinates": [358809.5, 1145550.25]}, "properties": {"d": -90.0, "s": 94, "base": 1, "post": -1, "recover": -1, "q1": 0}}, {"type": "Feature", "geometry": {"type": "Point", "coordinates": [358818.45, 1145545.78]}, "properties": {"d": -80.0, "s": 94, "base": 1, "post": 0, "recover": -1, "q1": 0}}, {"type": "Feature", "geometry": {"type": "Point", "coordinates": [358827.39, 1145541.3]}, "properties": {"d": -70.0, "s": 94, "base": 0, "post": 0, "recover": -1, "q1": 0}}, {"type": "Feature", "geometry": {"type": "Point", "coordinates": [358836.33, 1145536.83]}, "properties": {"d": -60.0, "s": 94, "base": 0, "post": 0, "recover": -1, "q1": 0}}, {"type": "Feature", "geometry": {"type": "Point", "coordinates": [358845.28, 1145532.36]}, "properties": {"d": -50.0, "s": 94, "base": 0, "post": 0, "recover": -1, "q1": 0}}, {"type": "Feature", "geometry": {"type": "Point", "coordinates": [358854.22, 1145527.89]}, "properties": {"d": -40.0, "s": 94, "base": 0, "post": 0, "recover": -1, "q1": 0}}, {"type": "Feature", "geometry": {"type": "Point", "coordinates": [358863.17, 1145523.42]}, "properties": {"d": -30.0, "s": 94, "base": 0, "post": 0, "recover": -1, "q1": 0}}, {"type": "Feature", "geometry": {"type": "Point", "coordinates": [358872.11, 1145518.94]}, "properties": {"d": -20.0, "s": 94, "base": 0, "post": 0, "recover": -1, "q1": 0}}, {"type": "Feature", "geometry": {"type": "Point", "coordinates": [358881.06, 1145514.47]}, "properties": {"d": -10.0, "s": 94, "base": 0, "post": 0, "recover": -1, "q1": 0}}, {"type": "Feature", "geometry": {"type": "Point", "coordinates": [358890.0, 1145510.0]}, "properties": {"d": 0.0, "s": 94, "base": 0, "post": 0, "recover": -1, "q1": 0}}, {"type": "Feature", "geometry": {"type": "Point", "coordinates": [358898.94, 1145505.53]}, "properties": {"d": 10.0, "s": 94, "base": 0, "post": 0, "recover": -1, "q1": 0}}, {"type": "Feature", "geometry": {"type": "Point", "coordinates": [358907.89, 1145501.06]}, "properties": {"d": 20.0, "s": 94, "base": 1, "post": 0, "recover": -1, "q1": 0}}, {"type": "Feature", "geometry": {"type": "Point", "coordinates": [358916.83, 1145496.58]}, "properties": {"d": 30.0, "s": 94, "base": 1, "post": 0, "recover": -1, "q1": 0}}, {"type": "Feature", "geometry": {"type": "Point", "coordinates": [358925.78, 1145492.11]}, "properties": {"d": 40.0, "s": 94, "base": 1, "post": 0, "recover": -1, "q1": 0}}, {"type": "Feature", "geometry": {"type": "Point", "coordinates": [358934.72, 1145487.64]}, "properties": {"d": 50.0, "s": 94, "base": 0, "post": 0, "recover": -1, "q1": 0}}, {"type": "Feature", "geometry": {"type": "Point", "coordinates": [358943.67, 1145483.17]}, "properties": {"d": 60.0, "s": 94, "base": 0, "post": 0, "recover": -1, "q1": 0}}, {"type": "Feature", "geometry": {"type": "Point", "coordinates": [358952.61, 1145478.7]}, "properties": {"d": 70.0, "s": 94, "base": 0, "post": 0, "recover": -1, "q1": 0}}, {"type": "Feature", "geometry": {"type": "Point", "coordinates": [358961.55, 1145474.22]}, "properties": {"d": 80.0, "s": 94, "base": 0, "post": 0, "recover": -1, "q1": 0}}, {"type": "Feature", "geometry": {"type": "Point", "coordinates": [358970.5, 1145469.75]}, "properties": {"d": 90.0, "s": 94, "base": 0, "post": 0, "recover": -1, "q1": 0}}, {"type": "Feature", "geometry": {"type": "Point", "coordinates": [358979.44, 1145465.28]}, "properties": {"d": 100.0, "s": 94, "base": 0, "post": 0, "recover": -1, "q1": 0}}, {"type": "Feature", "geometry": {"type": "Point", "coordinates": [358988.39, 1145460.81]}, "properties": {"d": 110.0, "s": 94, "base": 0, "post": 0, "recover": -1, "q1": 0}}, {"type": "Feature", "geometry": {"type": "Point", "coordinates": [358997.33, 1145456.33]}, "properties": {"d": 120.0, "s": 94, "base": 0, "post": 0, "recover": -1, "q1": 0}}, {"type": "Feature", "geometry": {"type": "Point", "coordinates": [359006.28, 1145451.86]}, "properties": {"d": 130.0, "s": 94, "base": 1, "post": 0, "recover": -1, "q1": 0}}, {"type": "Feature", "geometry": {"type": "Point", "coordinates": [359015.22, 1145447.39]}, "properties": {"d": 140.0, "s": 94, "base": -1, "post": 0, "recover": -1, "q1": 0}}, {"type": "Feature", "geometry": {"type": "Point", "coordinates": [359024.16, 1145442.92]}, "properties": {"d": 150.0, "s": 94, "base": -1, "post": 0, "recover": -1, "q1": 0}}, {"type": "Feature", "geometry": {"type": "Point", "coordinates": [360999.86, 1160795.33]}, "properties": {"d": -100.0, "s": 95, "base": 1, "post": 1, "recover": -1, "q1": -1}}, {"type": "Feature", "geometry": {"type": "Point", "coordinates": [360989.87, 1160794.79]}, "properties": {"d": -90.0, "s": 95, "base": 1, "post": 1, "recover": -1, "q1": -1}}, {"type": "Feature", "geometry": {"type": "Point", "coordinates": [360979.89, 1160794.26]}, "properties": {"d": -80.0, "s": 95, "base": 1, "post": 1, "recover": -1, "q1": -1}}, {"type": "Feature", "geometry": {"type": "Point", "coordinates": [360969.9, 1160793.73]}, "properties": {"d": -70.0, "s": 95, "base": -1, "post": 1, "recover": -1, "q1": -1}}, {"type": "Feature", "geometry": {"type": "Point", "coordinates": [360959.91, 1160793.2]}, "properties": {"d": -60.0, "s": 95, "base": -1, "post": 1, "recover": -1, "q1": -1}}, {"type": "Feature", "geometry": {"type": "Point", "coordinates": [360949.93, 1160792.66]}, "properties": {"d": -50.0, "s": 95, "base": -1, "post": 1, "recover": -1, "q1": -1}}, {"type": "Feature", "geometry": {"type": "Point", "coordinates": [360939.94, 1160792.13]}, "properties": {"d": -40.0, "s": 95, "base": -1, "post": 1, "recover": -1, "q1": -1}}, {"type": "Feature", "geometry": {"type": "Point", "coordinates": [360929.96, 1160791.6]}, "properties": {"d": -30.0, "s": 95, "base": 1, "post": -1, "recover": -1, "q1": -1}}, {"type": "Feature", "geometry": {"type": "Point", "coordinates": [360919.97, 1160791.07]}, "properties": {"d": -20.0, "s": 95, "base": 1, "post": -1, "recover": -1, "q1": -1}}, {"type": "Feature", "geometry": {"type": "Point", "coordinates": [360909.99, 1160790.53]}, "properties": {"d": -10.0, "s": 95, "base": 0, "post": -1, "recover": -1, "q1": -1}}, {"type": "Feature", "geometry": {"type": "Point", "coordinates": [360900.0, 1160790.0]}, "properties": {"d": 0.0, "s": 95, "base": 0, "post": -1, "recover": -1, "q1": -1}}, {"type": "Feature", "geometry": {"type": "Point", "coordinates": [360890.01, 1160789.47]}, "properties": {"d": 10.0, "s": 95, "base": -1, "post": 1, "recover": -1, "q1": -1}}, {"type": "Feature", "geometry": {"type": "Point", "coordinates": [360880.03, 1160788.93]}, "properties": {"d": 20.0, "s": 95, "base": -1, "post": 1, "recover": -1, "q1": -1}}, {"type": "Feature", "geometry": {"type": "Point", "coordinates": [360870.04, 1160788.4]}, "properties": {"d": 30.0, "s": 95, "base": -1, "post": 1, "recover": -1, "q1": -1}}, {"type": "Feature", "geometry": {"type": "Point", "coordinates": [360860.06, 1160787.87]}, "properties": {"d": 40.0, "s": 95, "base": -1, "post": 0, "recover": -1, "q1": -1}}, {"type": "Feature", "geometry": {"type": "Point", "coordinates": [360850.07, 1160787.34]}, "properties": {"d": 50.0, "s": 95, "base": 0, "post": 0, "recover": -1, "q1": -1}}, {"type": "Feature", "geometry": {"type": "Point", "coordinates": [360840.09, 1160786.8]}, "properties": {"d": 60.0, "s": 95, "base": 0, "post": -1, "recover": -1, "q1": -1}}, {"type": "Feature", "geometry": {"type": "Point", "coordinates": [360830.1, 1160786.27]}, "properties": {"d": 70.0, "s": 95, "base": 0, "post": -1, "recover": -1, "q1": -1}}, {"type": "Feature", "geometry": {"type": "Point", "coordinates": [360820.11, 1160785.74]}, "properties": {"d": 80.0, "s": 95, "base": 0, "post": 0, "recover": -1, "q1": -1}}, {"type": "Feature", "geometry": {"type": "Point", "coordinates": [360810.13, 1160785.21]}, "properties": {"d": 90.0, "s": 95, "base": 0, "post": 0, "recover": -1, "q1": -1}}, {"type": "Feature", "geometry": {"type": "Point", "coordinates": [360800.14, 1160784.67]}, "properties": {"d": 100.0, "s": 95, "base": 0, "post": 0, "recover": -1, "q1": -1}}, {"type": "Feature", "geometry": {"type": "Point", "coordinates": [360790.16, 1160784.14]}, "properties": {"d": 110.0, "s": 95, "base": 0, "post": 0, "recover": -1, "q1": -1}}, {"type": "Feature", "geometry": {"type": "Point", "coordinates": [360780.17, 1160783.61]}, "properties": {"d": 120.0, "s": 95, "base": 0, "post": 0, "recover": -1, "q1": -1}}, {"type": "Feature", "geometry": {"type": "Point", "coordinates": [360770.18, 1160783.08]}, "properties": {"d": 130.0, "s": 95, "base": 0, "post": 0, "recover": 0, "q1": -1}}, {"type": "Feature", "geometry": {"type": "Point", "coordinates": [360760.2, 1160782.54]}, "properties": {"d": 140.0, "s": 95, "base": 0, "post": 0, "recover": 0, "q1": -1}}, {"type": "Feature", "geometry": {"type": "Point", "coordinates": [360750.21, 1160782.01]}, "properties": {"d": 150.0, "s": 95, "base": 0, "post": 0, "recover": 0, "q1": -1}}, {"type": "Feature", "geometry": {"type": "Point", "coordinates": [364070.39, 1176201.94]}, "properties": {"d": -100.0, "s": 96, "base": -1, "post": -1, "recover": -1, "q1": -1}}, {"type": "Feature", "geometry": {"type": "Point", "coordinates": [364072.35, 1176211.75]}, "properties": {"d": -90.0, "s": 96, "base": -1, "post": -1, "recover": -1, "q1": -1}}, {"type": "Feature", "geometry": {"type": "Point", "coordinates": [364074.31, 1176221.55]}, "properties": {"d": -80.0, "s": 96, "base": -1, "post": -1, "recover": -1, "q1": -1}}, {"type": "Feature", "geometry": {"type": "Point", "coordinates": [364076.27, 1176231.36]}, "properties": {"d": -70.0, "s": 96, "base": -1, "post": -1, "recover": -1, "q1": -1}}, {"type": "Feature", "geometry": {"type": "Point", "coordinates": [364078.23, 1176241.17]}, "properties": {"d": -60.0, "s": 96, "base": -1, "post": -1, "recover": -1, "q1": 0}}, {"type": "Feature", "geometry": {"type": "Point", "coordinates": [364080.19, 1176250.97]}, "properties": {"d": -50.0, "s": 96, "base": -1, "post": -1, "recover": -1, "q1": 0}}, {"type": "Feature", "geometry": {"type": "Point", "coordinates": [364082.16, 1176260.78]}, "properties": {"d": -40.0, "s": 96, "base": -1, "post": -1, "recover": -1, "q1": -1}}, {"type": "Feature", "geometry": {"type": "Point", "coordinates": [364084.12, 1176270.58]}, "properties": {"d": -30.0, "s": 96, "base": -1, "post": -1, "recover": -1, "q1": -1}}, {"type": "Feature", "geometry": {"type": "Point", "coordinates": [364086.08, 1176280.39]}, "properties": {"d": -20.0, "s": 96, "base": -1, "post": -1, "recover": -1, "q1": -1}}, {"type": "Feature", "geometry": {"type": "Point", "coordinates": [364088.04, 1176290.19]}, "properties": {"d": -10.0, "s": 96, "base": -1, "post": -1, "recover": -1, "q1": -1}}, {"type": "Feature", "geometry": {"type": "Point", "coordinates": [364090.0, 1176300.0]}, "properties": {"d": 0.0, "s": 96, "base": 0, "post": -1, "recover": -1, "q1": -1}}, {"type": "Feature", "geometry": {"type": "Point", "coordinates": [364091.96, 1176309.81]}, "properties": {"d": 10.0, "s": 96, "base": 0, "post": -1, "recover": -1, "q1": -1}}, {"type": "Feature", "geometry": {"type": "Point", "coordinates": [364093.92, 1176319.61]}, "properties": {"d": 20.0, "s": 96, "base": 0, "post": -1, "recover": -1, "q1": -1}}, {"type": "Feature", "geometry": {"type": "Point", "coordinates": [364095.88, 1176329.42]}, "properties": {"d": 30.0, "s": 96, "base": 0, "post": -1, "recover": -1, "q1": -1}}, {"type": "Feature", "geometry": {"type": "Point", "coordinates": [364097.84, 1176339.22]}, "properties": {"d": 40.0, "s": 96, "base": 0, "post": -1, "recover": -1, "q1": -1}}, {"type": "Feature", "geometry": {"type": "Point", "coordinates": [364099.81, 1176349.03]}, "properties": {"d": 50.0, "s": 96, "base": 0, "post": -1, "recover": -1, "q1": -1}}, {"type": "Feature", "geometry": {"type": "Point", "coordinates": [364101.77, 1176358.83]}, "properties": {"d": 60.0, "s": 96, "base": 0, "post": -1, "recover": -1, "q1": -1}}, {"type": "Feature", "geometry": {"type": "Point", "coordinates": [364103.73, 1176368.64]}, "properties": {"d": 70.0, "s": 96, "base": 0, "post": -1, "recover": -1, "q1": -1}}, {"type": "Feature", "geometry": {"type": "Point", "coordinates": [364105.69, 1176378.45]}, "properties": {"d": 80.0, "s": 96, "base": 0, "post": -1, "recover": -1, "q1": -1}}, {"type": "Feature", "geometry": {"type": "Point", "coordinates": [364107.65, 1176388.25]}, "properties": {"d": 90.0, "s": 96, "base": 0, "post": -1, "recover": -1, "q1": -1}}, {"type": "Feature", "geometry": {"type": "Point", "coordinates": [364109.61, 1176398.06]}, "properties": {"d": 100.0, "s": 96, "base": 0, "post": -1, "recover": -1, "q1": -1}}, {"type": "Feature", "geometry": {"type": "Point", "coordinates": [364111.57, 1176407.86]}, "properties": {"d": 110.0, "s": 96, "base": 0, "post": -1, "recover": -1, "q1": -1}}, {"type": "Feature", "geometry": {"type": "Point", "coordinates": [364113.53, 1176417.67]}, "properties": {"d": 120.0, "s": 96, "base": 0, "post": -1, "recover": -1, "q1": -1}}, {"type": "Feature", "geometry": {"type": "Point", "coordinates": [364115.49, 1176427.48]}, "properties": {"d": 130.0, "s": 96, "base": 0, "post": -1, "recover": -1, "q1": -1}}, {"type": "Feature", "geometry": {"type": "Point", "coordinates": [364117.46, 1176437.28]}, "properties": {"d": 140.0, "s": 96, "base": 0, "post": -1, "recover": 0, "q1": -1}}, {"type": "Feature", "geometry": {"type": "Point", "coordinates": [364119.42, 1176447.09]}, "properties": {"d": 150.0, "s": 96, "base": 0, "post": -1, "recover": 0, "q1": -1}}, {"type": "Feature", "geometry": {"type": "Point", "coordinates": [364339.29, 1159819.29]}, "properties": {"d": -100.0, "s": 97, "base": 1, "post": 1, "recover": -1, "q1": -1}}, {"type": "Feature", "geometry": {"type": "Point", "coordinates": [364346.36, 1159826.36]}, "properties": {"d": -90.0, "s": 97, "base": 1, "post": 1, "recover": -1, "q1": -1}}, {"type": "Feature", "geometry": {"type": "Point", "coordinates": [364353.43, 1159833.43]}, "properties": {"d": -80.0, "s": 97, "base": 1, "post": 1, "recover": -1, "q1": -1}}, {"type": "Feature", "geometry": {"type": "Point", "coordinates": [364360.5, 1159840.5]}, "properties": {"d": -70.0, "s": 97, "base": 1, "post": 1, "recover": -1, "q1": -1}}, {"type": "Feature", "geometry": {"type": "Point", "coordinates": [364367.57, 1159847.57]}, "properties": {"d": -60.0, "s": 97, "base": 1, "post": 1, "recover": -1, "q1": -1}}, {"type": "Feature", "geometry": {"type": "Point", "coordinates": [364374.64, 1159854.64]}, "properties": {"d": -50.0, "s": 97, "base": 1, "post": 1, "recover": -1, "q1": -1}}, {"type": "Feature", "geometry": {"type": "Point", "coordinates": [364381.72, 1159861.72]}, "properties": {"d": -40.0, "s": 97, "base": 0, "post": 1, "recover": -1, "q1": -1}}, {"type": "Feature", "geometry": {"type": "Point", "coordinates": [364388.79, 1159868.79]}, "properties": {"d": -30.0, "s": 97, "base": 0, "post": 1, "recover": -1, "q1": -1}}, {"type": "Feature", "geometry": {"type": "Point", "coordinates": [364395.86, 1159875.86]}, "properties": {"d": -20.0, "s": 97, "base": 0, "post": 1, "recover": -1, "q1": -1}}, {"type": "Feature", "geometry": {"type": "Point", "coordinates": [364402.93, 1159882.93]}, "properties": {"d": -10.0, "s": 97, "base": 1, "post": 1, "recover": 0, "q1": -1}}, {"type": "Feature", "geometry": {"type": "Point", "coordinates": [364410.0, 1159890.0]}, "properties": {"d": 0.0, "s": 97, "base": 1, "post": 1, "recover": 1, "q1": -1}}, {"type": "Feature", "geometry": {"type": "Point", "coordinates": [364417.07, 1159897.07]}, "properties": {"d": 10.0, "s": 97, "base": 1, "post": 1, "recover": 1, "q1": -1}}, {"type": "Feature", "geometry": {"type": "Point", "coordinates": [364424.14, 1159904.14]}, "properties": {"d": 20.0, "s": 97, "base": 1, "post": 1, "recover": 1, "q1": -1}}, {"type": "Feature", "geometry": {"type": "Point", "coordinates": [364431.21, 1159911.21]}, "properties": {"d": 30.0, "s": 97, "base": 1, "post": 1, "recover": 1, "q1": -1}}, {"type": "Feature", "geometry": {"type": "Point", "coordinates": [364438.28, 1159918.28]}, "properties": {"d": 40.0, "s": 97, "base": 1, "post": 1, "recover": 1, "q1": -1}}, {"type": "Feature", "geometry": {"type": "Point", "coordinates": [364445.36, 1159925.36]}, "properties": {"d": 50.0, "s": 97, "base": 0, "post": 1, "recover": 1, "q1": -1}}, {"type": "Feature", "geometry": {"type": "Point", "coordinates": [364452.43, 1159932.43]}, "properties": {"d": 60.0, "s": 97, "base": 0, "post": 1, "recover": 1, "q1": -1}}, {"type": "Feature", "geometry": {"type": "Point", "coordinates": [364459.5, 1159939.5]}, "properties": {"d": 70.0, "s": 97, "base": 0, "post": 1, "recover": 1, "q1": -1}}, {"type": "Feature", "geometry": {"type": "Point", "coordinates": [364466.57, 1159946.57]}, "properties": {"d": 80.0, "s": 97, "base": 0, "post": 1, "recover": 1, "q1": -1}}, {"type": "Feature", "geometry": {"type": "Point", "coordinates": [364473.64, 1159953.64]}, "properties": {"d": 90.0, "s": 97, "base": 0, "post": 1, "recover": 1, "q1": -1}}, {"type": "Feature", "geometry": {"type": "Point", "coordinates": [364480.71, 1159960.71]}, "properties": {"d": 100.0, "s": 97, "base": 0, "post": 1, "recover": 1, "q1": -1}}, {"type": "Feature", "geometry": {"type": "Point", "coordinates": [364487.78, 1159967.78]}, "properties": {"d": 110.0, "s": 97, "base": 0, "post": 1, "recover": -1, "q1": -1}}, {"type": "Feature", "geometry": {"type": "Point", "coordinates": [364494.85, 1159974.85]}, "properties": {"d": 120.0, "s": 97, "base": 0, "post": 1, "recover": -1, "q1": -1}}, {"type": "Feature", "geometry": {"type": "Point", "coordinates": [364501.92, 1159981.92]}, "properties": {"d": 130.0, "s": 97, "base": 0, "post": 1, "recover": -1, "q1": -1}}, {"type": "Feature", "geometry": {"type": "Point", "coordinates": [364508.99, 1159988.99]}, "properties": {"d": 140.0, "s": 97, "base": 0, "post": 1, "recover": 1, "q1": -1}}, {"type": "Feature", "geometry": {"type": "Point", "coordinates": [364516.07, 1159996.07]}, "properties": {"d": 150.0, "s": 97, "base": 0, "post": 1, "recover": 1, "q1": -1}}, {"type": "Feature", "geometry": {"type": "Point", "coordinates": [365760.56, 1161124.72]}, "properties": {"d": -100.0, "s": 98, "base": 1, "post": 1, "recover": 1, "q1": -1}}, {"type": "Feature", "geometry": {"type": "Point", "coordinates": [365769.5, 1161120.25]}, "properties": {"d": -90.0, "s": 98, "base": 1, "post": 1, "recover": 1, "q1": -1}}, {"type": "Feature", "geometry": {"type": "Point", "coordinates": [365778.45, 1161115.78]}, "properties": {"d": -80.0, "s": 98, "base": 0, "post": 1, "recover": 1, "q1": -1}}, {"type": "Feature", "geometry": {"type": "Point", "coordinates": [365787.39, 1161111.3]}, "properties": {"d": -70.0, "s": 98, "base": 0, "post": 1, "recover": 1, "q1": -1}}, {"type": "Feature", "geometry": {"type": "Point", "coordinates": [365796.33, 1161106.83]}, "properties": {"d": -60.0, "s": 98, "base": 0, "post": 1, "recover": 1, "q1": -1}}, {"type": "Feature", "geometry": {"type": "Point", "coordinates": [365805.28, 1161102.36]}, "properties": {"d": -50.0, "s": 98, "base": 0, "post": 1, "recover": 1, "q1": -1}}, {"type": "Feature", "geometry": {"type": "Point", "coordinates": [365814.22, 1161097.89]}, "properties": {"d": -40.0, "s": 98, "base": 0, "post": -1, "recover": 1, "q1": -1}}, {"type": "Feature", "geometry": {"type": "Point", "coordinates": [365823.17, 1161093.42]}, "properties": {"d": -30.0, "s": 98, "base": 0, "post": -1, "recover": -1, "q1": -1}}, {"type": "Feature", "geometry": {"type": "Point", "coordinates": [365832.11, 1161088.94]}, "properties": {"d": -20.0, "s": 98, "base": 0, "post": -1, "recover": -1, "q1": -1}}, {"type": "Feature", "geometry": {"type": "Point", "coordinates": [365841.06, 1161084.47]}, "properties": {"d": -10.0, "s": 98, "base": 0, "post": -1, "recover": -1, "q1": -1}}, {"type": "Feature", "geometry": {"type": "Point", "coordinates": [365850.0, 1161080.0]}, "properties": {"d": 0.0, "s": 98, "base": 0, "post": -1, "recover": -1, "q1": -1}}, {"type": "Feature", "geometry": {"type": "Point", "coordinates": [365858.94, 1161075.53]}, "properties": {"d": 10.0, "s": 98, "base": 1, "post": -1, "recover": -1, "q1": -1}}, {"type": "Feature", "geometry": {"type": "Point", "coordinates": [365867.89, 1161071.06]}, "properties": {"d": 20.0, "s": 98, "base": 1, "post": -1, "recover": -1, "q1": -1}}, {"type": "Feature", "geometry": {"type": "Point", "coordinates": [365876.83, 1161066.58]}, "properties": {"d": 30.0, "s": 98, "base": 1, "post": -1, "recover": -1, "q1": -1}}, {"type": "Feature", "geometry": {"type": "Point", "coordinates": [365885.78, 1161062.11]}, "properties": {"d": 40.0, "s": 98, "base": 1, "post": -1, "recover": -1, "q1": -1}}, {"type": "Feature", "geometry": {"type": "Point", "coordinates": [365894.72, 1161057.64]}, "properties": {"d": 50.0, "s": 98, "base": 1, "post": -1, "recover": -1, "q1": -1}}, {"type": "Feature", "geometry": {"type": "Point", "coordinates": [365903.67, 1161053.17]}, "properties": {"d": 60.0, "s": 98, "base": 1, "post": -1, "recover": -1, "q1": -1}}, {"type": "Feature", "geometry": {"type": "Point", "coordinates": [365912.61, 1161048.7]}, "properties": {"d": 70.0, "s": 98, "base": 0, "post": -1, "recover": -1, "q1": -1}}, {"type": "Feature", "geometry": {"type": "Point", "coordinates": [365921.55, 1161044.22]}, "properties": {"d": 80.0, "s": 98, "base": 0, "post": -1, "recover": -1, "q1": -1}}, {"type": "Feature", "geometry": {"type": "Point", "coordinates": [365930.5, 1161039.75]}, "properties": {"d": 90.0, "s": 98, "base": 1, "post": -1, "recover": -1, "q1": -1}}, {"type": "Feature", "geometry": {"type": "Point", "coordinates": [365939.44, 1161035.28]}, "properties": {"d": 100.0, "s": 98, "base": 1, "post": -1, "recover": -1, "q1": -1}}, {"type": "Feature", "geometry": {"type": "Point", "coordinates": [365948.39, 1161030.81]}, "properties": {"d": 110.0, "s": 98, "base": 1, "post": -1, "recover": 1, "q1": -1}}, {"type": "Feature", "geometry": {"type": "Point", "coordinates": [365957.33, 1161026.33]}, "properties": {"d": 120.0, "s": 98, "base": 1, "post": -1, "recover": 1, "q1": -1}}, {"type": "Feature", "geometry": {"type": "Point", "coordinates": [365966.28, 1161021.86]}, "properties": {"d": 130.0, "s": 98, "base": 1, "post": -1, "recover": 1, "q1": -1}}, {"type": "Feature", "geometry": {"type": "Point", "coordinates": [365975.22, 1161017.39]}, "properties": {"d": 140.0, "s": 98, "base": 0, "post": -1, "recover": 0, "q1": -1}}, {"type": "Feature", "geometry": {"type": "Point", "coordinates": [365984.16, 1161012.92]}, "properties": {"d": 150.0, "s": 98, "base": 0, "post": -1, "recover": 1, "q1": -1}}, {"type": "Feature", "geometry": {"type": "Point", "coordinates": [366905.28, 1159799.44]}, "properties": {"d": -100.0, "s": 99, "base": 1, "post": -1, "recover": -1, "q1": -1}}, {"type": "Feature", "geometry": {"type": "Point", "coordinates": [366909.75, 1159790.5]}, "properties": {"d": -90.0, "s": 99, "base": 1, "post": -1, "recover": -1, "q1": -1}}, {"type": "Feature", "geometry": {"type": "Point", "coordinates": [366914.22, 1159781.55]}, "properties": {"d": -80.0, "s": 99, "base": 1, "post": -1, "recover": -1, "q1": -1}}, {"type": "Feature", "geometry": {"type": "Point", "coordinates": [366918.7, 1159772.61]}, "properties": {"d": -70.0, "s": 99, "base": 1, "post": -1, "recover": -1, "q1": -1}}, {"type": "Feature", "geometry": {"type": "Point", "coordinates": [366923.17, 1159763.67]}, "properties": {"d": -60.0, "s": 99, "base": 1, "post": -1, "recover": -1, "q1": -1}}, {"type": "Feature", "geometry": {"type": "Point", "coordinates": [366927.64, 1159754.72]}, "properties": {"d": -50.0, "s": 99, "base": 1, "post": -1, "recover": -1, "q1": -1}}, {"type": "Feature", "geometry": {"type": "Point", "coordinates": [366932.11, 1159745.78]}, "properties": {"d": -40.0, "s": 99, "base": 1, "post": -1, "recover": -1, "q1": -1}}, {"type": "Feature", "geometry": {"type": "Point", "coordinates": [366936.58, 1159736.83]}, "properties": {"d": -30.0, "s": 99, "base": 1, "post": -1, "recover": -1, "q1": -1}}, {"type": "Feature", "geometry": {"type": "Point", "coordinates": [366941.06, 1159727.89]}, "properties": {"d": -20.0, "s": 99, "base": 1, "post": -1, "recover": -1, "q1": -1}}, {"type": "Feature", "geometry": {"type": "Point", "coordinates": [366945.53, 1159718.94]}, "properties": {"d": -10.0, "s": 99, "base": 1, "post": -1, "recover": -1, "q1": -1}}, {"type": "Feature", "geometry": {"type": "Point", "coordinates": [366950.0, 1159710.0]}, "properties": {"d": 0.0, "s": 99, "base": 0, "post": -1, "recover": -1, "q1": -1}}, {"type": "Feature", "geometry": {"type": "Point", "coordinates": [366954.47, 1159701.06]}, "properties": {"d": 10.0, "s": 99, "base": 0, "post": -1, "recover": -1, "q1": -1}}, {"type": "Feature", "geometry": {"type": "Point", "coordinates": [366958.94, 1159692.11]}, "properties": {"d": 20.0, "s": 99, "base": 0, "post": -1, "recover": -1, "q1": -1}}, {"type": "Feature", "geometry": {"type": "Point", "coordinates": [366963.42, 1159683.17]}, "properties": {"d": 30.0, "s": 99, "base": 0, "post": -1, "recover": -1, "q1": -1}}, {"type": "Feature", "geometry": {"type": "Point", "coordinates": [366967.89, 1159674.22]}, "properties": {"d": 40.0, "s": 99, "base": 0, "post": -1, "recover": -1, "q1": -1}}, {"type": "Feature", "geometry": {"type": "Point", "coordinates": [366972.36, 1159665.28]}, "properties": {"d": 50.0, "s": 99, "base": 0, "post": -1, "recover": -1, "q1": -1}}, {"type": "Feature", "geometry": {"type": "Point", "coordinates": [366976.83, 1159656.33]}, "properties": {"d": 60.0, "s": 99, "base": 0, "post": -1, "recover": -1, "q1": -1}}, {"type": "Feature", "geometry": {"type": "Point", "coordinates": [366981.31, 1159647.39]}, "properties": {"d": 70.0, "s": 99, "base": 0, "post": -1, "recover": -1, "q1": -1}}, {"type": "Feature", "geometry": {"type": "Point", "coordinates": [366985.78, 1159638.45]}, "properties": {"d": 80.0, "s": 99, "base": 0, "post": -1, "recover": -1, "q1": -1}}, {"type": "Feature", "geometry": {"type": "Point", "coordinates": [366990.25, 1159629.5]}, "properties": {"d": 90.0, "s": 99, "base": 0, "post": -1, "recover": -1, "q1": -1}}, {"type": "Feature", "geometry": {"type": "Point", "coordinates": [366994.72, 1159620.56]}, "properties": {"d": 100.0, "s": 99, "base": 0, "post": -1, "recover": -1, "q1": -1}}, {"type": "Feature", "geometry": {"type": "Point", "coordinates": [366999.19, 1159611.61]}, "properties": {"d": 110.0, "s": 99, "base": 0, "post": -1, "recover": -1, "q1": -1}}, {"type": "Feature", "geometry": {"type": "Point", "coordinates": [367003.67, 1159602.67]}, "properties": {"d": 120.0, "s": 99, "base": 0, "post": -1, "recover": -1, "q1": -1}}, {"type": "Feature", "geometry": {"type": "Point", "coordinates": [367008.14, 1159593.72]}, "properties": {"d": 130.0, "s": 99, "base": 0, "post": -1, "recover": -1, "q1": -1}}, {"type": "Feature", "geometry": {"type": "Point", "coordinates": [367012.61, 1159584.78]}, "properties": {"d": 140.0, "s": 99, "base": 0, "post": -1, "recover": -1, "q1": -1}}, {"type": "Feature", "geometry": {"type": "Point", "coordinates": [367017.08, 1159575.84]}, "properties": {"d": 150.0, "s": 99, "base": 0, "post": -1, "recover": -1, "q1": -1}}, {"type": "Feature", "geometry": {"type": "Point", "coordinates": [368081.62, 1167424.87]}, "properties": {"d": -100.0, "s": 100, "base": -1, "post": -1, "recover": -1, "q1": -1}}, {"type": "Feature", "geometry": {"type": "Point", "coordinates": [368078.46, 1167415.38]}, "properties": {"d": -90.0, "s": 100, "base": -1, "post": -1, "recover": -1, "q1": -1}}, {"type": "Feature", "geometry": {"type": "Point", "coordinates": [368075.3, 1167405.89]}, "properties": {"d": -80.0, "s": 100, "base": -1, "post": -1, "recover": -1, "q1": -1}}, {"type": "Feature", "geometry": {"type": "Point", "coordinates": [368072.14, 1167396.41]}, "properties": {"d": -70.0, "s": 100, "base": -1, "post": -1, "recover": -1, "q1": -1}}, {"type": "Feature", "geometry": {"type": "Point", "coordinates": [368068.97, 1167386.92]}, "properties": {"d": -60.0, "s": 100, "base": -1, "post": -1, "recover": -1, "q1": -1}}, {"type": "Feature", "geometry": {"type": "Point", "coordinates": [368065.81, 1167377.43]}, "properties": {"d": -50.0, "s": 100, "base": -1, "post": -1, "recover": -1, "q1": -1}}, {"type": "Feature", "geometry": {"type": "Point", "coordinates": [368062.65, 1167367.95]}, "properties": {"d": -40.0, "s": 100, "base": -1, "post": -1, "recover": -1, "q1": -1}}, {"type": "Feature", "geometry": {"type": "Point", "coordinates": [368059.49, 1167358.46]}, "properties": {"d": -30.0, "s": 100, "base": -1, "post": -1, "recover": -1, "q1": -1}}, {"type": "Feature", "geometry": {"type": "Point", "coordinates": [368056.32, 1167348.97]}, "properties": {"d": -20.0, "s": 100, "base": -1, "post": -1, "recover": -1, "q1": -1}}, {"type": "Feature", "geometry": {"type": "Point", "coordinates": [368053.16, 1167339.49]}, "properties": {"d": -10.0, "s": 100, "base": 0, "post": -1, "recover": -1, "q1": -1}}, {"type": "Feature", "geometry": {"type": "Point", "coordinates": [368050.0, 1167330.0]}, "properties": {"d": 0.0, "s": 100, "base": 0, "post": -1, "recover": -1, "q1": -1}}, {"type": "Feature", "geometry": {"type": "Point", "coordinates": [368046.84, 1167320.51]}, "properties": {"d": 10.0, "s": 100, "base": 0, "post": -1, "recover": -1, "q1": -1}}, {"type": "Feature", "geometry": {"type": "Point", "coordinates": [368043.68, 1167311.03]}, "properties": {"d": 20.0, "s": 100, "base": 0, "post": -1, "recover": -1, "q1": -1}}, {"type": "Feature", "geometry": {"type": "Point", "coordinates": [368040.51, 1167301.54]}, "properties": {"d": 30.0, "s": 100, "base": 0, "post": -1, "recover": -1, "q1": -1}}, {"type": "Feature", "geometry": {"type": "Point", "coordinates": [368037.35, 1167292.05]}, "properties": {"d": 40.0, "s": 100, "base": 0, "post": -1, "recover": -1, "q1": -1}}, {"type": "Feature", "geometry": {"type": "Point", "coordinates": [368034.19, 1167282.57]}, "properties": {"d": 50.0, "s": 100, "base": 0, "post": -1, "recover": -1, "q1": -1}}, {"type": "Feature", "geometry": {"type": "Point", "coordinates": [368031.03, 1167273.08]}, "properties": {"d": 60.0, "s": 100, "base": -1, "post": -1, "recover": -1, "q1": -1}}, {"type": "Feature", "geometry": {"type": "Point", "coordinates": [368027.86, 1167263.59]}, "properties": {"d": 70.0, "s": 100, "base": -1, "post": -1, "recover": -1, "q1": -1}}, {"type": "Feature", "geometry": {"type": "Point", "coordinates": [368024.7, 1167254.11]}, "properties": {"d": 80.0, "s": 100, "base": 0, "post": -1, "recover": -1, "q1": -1}}, {"type": "Feature", "geometry": {"type": "Point", "coordinates": [368021.54, 1167244.62]}, "properties": {"d": 90.0, "s": 100, "base": 0, "post": -1, "recover": -1, "q1": -1}}, {"type": "Feature", "geometry": {"type": "Point", "coordinates": [368018.38, 1167235.13]}, "properties": {"d": 100.0, "s": 100, "base": 0, "post": -1, "recover": -1, "q1": -1}}, {"type": "Feature", "geometry": {"type": "Point", "coordinates": [368015.21, 1167225.64]}, "properties": {"d": 110.0, "s": 100, "base": 0, "post": -1, "recover": -1, "q1": -1}}, {"type": "Feature", "geometry": {"type": "Point", "coordinates": [368012.05, 1167216.16]}, "properties": {"d": 120.0, "s": 100, "base": 0, "post": -1, "recover": -1, "q1": -1}}, {"type": "Feature", "geometry": {"type": "Point", "coordinates": [368008.89, 1167206.67]}, "properties": {"d": 130.0, "s": 100, "base": 0, "post": -1, "recover": -1, "q1": -1}}, {"type": "Feature", "geometry": {"type": "Point", "coordinates": [368005.73, 1167197.18]}, "properties": {"d": 140.0, "s": 100, "base": 0, "post": -1, "recover": -1, "q1": -1}}, {"type": "Feature", "geometry": {"type": "Point", "coordinates": [368002.57, 1167187.7]}, "properties": {"d": 150.0, "s": 100, "base": 0, "post": -1, "recover": -1, "q1": -1}}, {"type": "Feature", "geometry": {"type": "Point", "coordinates": [368859.61, 1167518.06]}, "properties": {"d": -100.0, "s": 101, "base": 0, "post": 1, "recover": -1, "q1": -1}}, {"type": "Feature", "geometry": {"type": "Point", "coordinates": [368857.65, 1167508.25]}, "properties": {"d": -90.0, "s": 101, "base": 0, "post": 1, "recover": -1, "q1": -1}}, {"type": "Feature", "geometry": {"type": "Point", "coordinates": [368855.69, 1167498.45]}, "properties": {"d": -80.0, "s": 101, "base": 1, "post": 1, "recover": -1, "q1": -1}}, {"type": "Feature", "geometry": {"type": "Point", "coordinates": [368853.73, 1167488.64]}, "properties": {"d": -70.0, "s": 101, "base": 1, "post": 1, "recover": -1, "q1": -1}}, {"type": "Feature", "geometry": {"type": "Point", "coordinates": [368851.77, 1167478.83]}, "properties": {"d": -60.0, "s": 101, "base": 1, "post": 1, "recover": -1, "q1": -1}}, {"type": "Feature", "geometry": {"type": "Point", "coordinates": [368849.81, 1167469.03]}, "properties": {"d": -50.0, "s": 101, "base": 1, "post": 1, "recover": -1, "q1": -1}}, {"type": "Feature", "geometry": {"type": "Point", "coordinates": [368847.84, 1167459.22]}, "properties": {"d": -40.0, "s": 101, "base": 1, "post": 1, "recover": -1, "q1": -1}}, {"type": "Feature", "geometry": {"type": "Point", "coordinates": [368845.88, 1167449.42]}, "properties": {"d": -30.0, "s": 101, "base": 1, "post": 1, "recover": -1, "q1": -1}}, {"type": "Feature", "geometry": {"type": "Point", "coordinates": [368843.92, 1167439.61]}, "properties": {"d": -20.0, "s": 101, "base": 1, "post": 1, "recover": -1, "q1": -1}}, {"type": "Feature", "geometry": {"type": "Point", "coordinates": [368841.96, 1167429.81]}, "properties": {"d": -10.0, "s": 101, "base": 1, "post": 1, "recover": -1, "q1": -1}}, {"type": "Feature", "geometry": {"type": "Point", "coordinates": [368840.0, 1167420.0]}, "properties": {"d": 0.0, "s": 101, "base": 1, "post": 1, "recover": -1, "q1": -1}}, {"type": "Feature", "geometry": {"type": "Point", "coordinates": [368838.04, 1167410.19]}, "properties": {"d": 10.0, "s": 101, "base": 0, "post": 1, "recover": -1, "q1": -1}}, {"type": "Feature", "geometry": {"type": "Point", "coordinates": [368836.08, 1167400.39]}, "properties": {"d": 20.0, "s": 101, "base": 0, "post": 1, "recover": -1, "q1": -1}}, {"type": "Feature", "geometry": {"type": "Point", "coordinates": [368834.12, 1167390.58]}, "properties": {"d": 30.0, "s": 101, "base": 0, "post": 1, "recover": -1, "q1": -1}}, {"type": "Feature", "geometry": {"type": "Point", "coordinates": [368832.16, 1167380.78]}, "properties": {"d": 40.0, "s": 101, "base": 0, "post": 1, "recover": -1, "q1": -1}}, {"type": "Feature", "geometry": {"type": "Point", "coordinates": [368830.19, 1167370.97]}, "properties": {"d": 50.0, "s": 101, "base": 0, "post": 1, "recover": -1, "q1": -1}}, {"type": "Feature", "geometry": {"type": "Point", "coordinates": [368828.23, 1167361.17]}, "properties": {"d": 60.0, "s": 101, "base": 0, "post": 1, "recover": -1, "q1": -1}}, {"type": "Feature", "geometry": {"type": "Point", "coordinates": [368826.27, 1167351.36]}, "properties": {"d": 70.0, "s": 101, "base": 0, "post": 1, "recover": -1, "q1": -1}}, {"type": "Feature", "geometry": {"type": "Point", "coordinates": [368824.31, 1167341.55]}, "properties": {"d": 80.0, "s": 101, "base": 0, "post": 1, "recover": -1, "q1": -1}}, {"type": "Feature", "geometry": {"type": "Point", "coordinates": [368822.35, 1167331.75]}, "properties": {"d": 90.0, "s": 101, "base": 0, "post": 1, "recover": -1, "q1": -1}}, {"type": "Feature", "geometry": {"type": "Point", "coordinates": [368820.39, 1167321.94]}, "properties": {"d": 100.0, "s": 101, "base": 0, "post": 1, "recover": -1, "q1": -1}}, {"type": "Feature", "geometry": {"type": "Point", "coordinates": [368818.43, 1167312.14]}, "properties": {"d": 110.0, "s": 101, "base": 0, "post": 1, "recover": -1, "q1": -1}}, {"type": "Feature", "geometry": {"type": "Point", "coordinates": [368816.47, 1167302.33]}, "properties": {"d": 120.0, "s": 101, "base": 0, "post": 1, "recover": -1, "q1": -1}}, {"type": "Feature", "geometry": {"type": "Point", "coordinates": [368814.5, 1167292.52]}, "properties": {"d": 130.0, "s": 101, "base": 0, "post": 1, "recover": -1, "q1": -1}}, {"type": "Feature", "geometry": {"type": "Point", "coordinates": [368812.54, 1167282.72]}, "properties": {"d": 140.0, "s": 101, "base": 0, "post": 1, "recover": -1, "q1": -1}}, {"type": "Feature", "geometry": {"type": "Point", "coordinates": [368810.58, 1167272.91]}, "properties": {"d": 150.0, "s": 101, "base": 0, "post": 1, "recover": -1, "q1": -1}}, {"type": "Feature", "geometry": {"type": "Point", "coordinates": [369520.71, 1177240.71]}, "properties": {"d": -100.0, "s": 102, "base": -1, "post": 1, "recover": -1, "q1": -1}}, {"type": "Feature", "geometry": {"type": "Point", "coordinates": [369513.64, 1177233.64]}, "properties": {"d": -90.0, "s": 102, "base": 0, "post": -1, "recover": -1, "q1": -1}}, {"type": "Feature", "geometry": {"type": "Point", "coordinates": [369506.57, 1177226.57]}, "properties": {"d": -80.0, "s": 102, "base": 0, "post": -1, "recover": -1, "q1": -1}}, {"type": "Feature", "geometry": {"type": "Point", "coordinates": [369499.5, 1177219.5]}, "properties": {"d": -70.0, "s": 102, "base": 0, "post": 0, "recover": -1, "q1": -1}}, {"type": "Feature", "geometry": {"type": "Point", "coordinates": [369492.43, 1177212.43]}, "properties": {"d": -60.0, "s": 102, "base": 0, "post": 0, "recover": -1, "q1": -1}}, {"type": "Feature", "geometry": {"type": "Point", "coordinates": [369485.36, 1177205.36]}, "properties": {"d": -50.0, "s": 102, "base": 0, "post": 0, "recover": -1, "q1": -1}}, {"type": "Feature", "geometry": {"type": "Point", "coordinates": [369478.28, 1177198.28]}, "properties": {"d": -40.0, "s": 102, "base": 0, "post": 0, "recover": -1, "q1": -1}}, {"type": "Feature", "geometry": {"type": "Point", "coordinates": [369471.21, 1177191.21]}, "properties": {"d": -30.0, "s": 102, "base": 0, "post": 1, "recover": -1, "q1": -1}}, {"type": "Feature", "geometry": {"type": "Point", "coordinates": [369464.14, 1177184.14]}, "properties": {"d": -20.0, "s": 102, "base": 0, "post": 0, "recover": -1, "q1": -1}}, {"type": "Feature", "geometry": {"type": "Point", "coordinates": [369457.07, 1177177.07]}, "properties": {"d": -10.0, "s": 102, "base": 0, "post": 0, "recover": -1, "q1": -1}}, {"type": "Feature", "geometry": {"type": "Point", "coordinates": [369450.0, 1177170.0]}, "properties": {"d": 0.0, "s": 102, "base": 0, "post": 0, "recover": -1, "q1": -1}}, {"type": "Feature", "geometry": {"type": "Point", "coordinates": [369442.93, 1177162.93]}, "properties": {"d": 10.0, "s": 102, "base": 0, "post": 0, "recover": -1, "q1": -1}}, {"type": "Feature", "geometry": {"type": "Point", "coordinates": [369435.86, 1177155.86]}, "properties": {"d": 20.0, "s": 102, "base": 1, "post": -1, "recover": -1, "q1": -1}}, {"type": "Feature", "geometry": {"type": "Point", "coordinates": [369428.79, 1177148.79]}, "properties": {"d": 30.0, "s": 102, "base": 1, "post": -1, "recover": -1, "q1": -1}}, {"type": "Feature", "geometry": {"type": "Point", "coordinates": [369421.72, 1177141.72]}, "properties": {"d": 40.0, "s": 102, "base": 1, "post": -1, "recover": -1, "q1": -1}}, {"type": "Feature", "geometry": {"type": "Point", "coordinates": [369414.64, 1177134.64]}, "properties": {"d": 50.0, "s": 102, "base": 1, "post": -1, "recover": -1, "q1": -1}}, {"type": "Feature", "geometry": {"type": "Point", "coordinates": [369407.57, 1177127.57]}, "properties": {"d": 60.0, "s": 102, "base": 1, "post": -1, "recover": -1, "q1": -1}}, {"type": "Feature", "geometry": {"type": "Point", "coordinates": [369400.5, 1177120.5]}, "properties": {"d": 70.0, "s": 102, "base": -1, "post": -1, "recover": -1, "q1": -1}}, {"type": "Feature", "geometry": {"type": "Point", "coordinates": [369393.43, 1177113.43]}, "properties": {"d": 80.0, "s": 102, "base": 1, "post": -1, "recover": -1, "q1": -1}}, {"type": "Feature", "geometry": {"type": "Point", "coordinates": [369386.36, 1177106.36]}, "properties": {"d": 90.0, "s": 102, "base": 1, "post": -1, "recover": -1, "q1": -1}}, {"type": "Feature", "geometry": {"type": "Point", "coordinates": [369379.29, 1177099.29]}, "properties": {"d": 100.0, "s": 102, "base": 0, "post": 0, "recover": -1, "q1": -1}}, {"type": "Feature", "geometry": {"type": "Point", "coordinates": [369372.22, 1177092.22]}, "properties": {"d": 110.0, "s": 102, "base": 0, "post": 0, "recover": -1, "q1": -1}}, {"type": "Feature", "geometry": {"type": "Point", "coordinates": [369365.15, 1177085.15]}, "properties": {"d": 120.0, "s": 102, "base": 0, "post": 0, "recover": -1, "q1": -1}}, {"type": "Feature", "geometry": {"type": "Point", "coordinates": [369358.08, 1177078.08]}, "properties": {"d": 130.0, "s": 102, "base": 0, "post": 0, "recover": -1, "q1": -1}}, {"type": "Feature", "geometry": {"type": "Point", "coordinates": [369351.01, 1177071.01]}, "properties": {"d": 140.0, "s": 102, "base": 0, "post": 0, "recover": -1, "q1": -1}}, {"type": "Feature", "geometry": {"type": "Point", "coordinates": [369343.93, 1177063.93]}, "properties": {"d": 150.0, "s": 102, "base": 0, "post": 0, "recover": -1, "q1": -1}}, {"type": "Feature", "geometry": {"type": "Point", "coordinates": [369650.0, 1151230.0]}, "properties": {"d": -100.0, "s": 103, "base": 1, "post": -1, "recover": -1, "q1": -1}}, {"type": "Feature", "geometry": {"type": "Point", "coordinates": [369650.0, 1151220.0]}, "properties": {"d": -90.0, "s": 103, "base": 1, "post": -1, "recover": -1, "q1": -1}}, {"type": "Feature", "geometry": {"type": "Point", "coordinates": [369650.0, 1151210.0]}, "properties": {"d": -80.0, "s": 103, "base": 1, "post": -1, "recover": -1, "q1": -1}}, {"type": "Feature", "geometry": {"type": "Point", "coordinates": [369650.0, 1151200.0]}, "properties": {"d": -70.0, "s": 103, "base": 1, "post": -1, "recover": -1, "q1": -1}}, {"type": "Feature", "geometry": {"type": "Point", "coordinates": [369650.0, 1151190.0]}, "properties": {"d": -60.0, "s": 103, "base": 1, "post": -1, "recover": -1, "q1": -1}}, {"type": "Feature", "geometry": {"type": "Point", "coordinates": [369650.0, 1151180.0]}, "properties": {"d": -50.0, "s": 103, "base": 1, "post": -1, "recover": -1, "q1": -1}}, {"type": "Feature", "geometry": {"type": "Point", "coordinates": [369650.0, 1151170.0]}, "properties": {"d": -40.0, "s": 103, "base": 1, "post": -1, "recover": -1, "q1": -1}}, {"type": "Feature", "geometry": {"type": "Point", "coordinates": [369650.0, 1151160.0]}, "properties": {"d": -30.0, "s": 103, "base": 1, "post": -1, "recover": -1, "q1": -1}}, {"type": "Feature", "geometry": {"type": "Point", "coordinates": [369650.0, 1151150.0]}, "properties": {"d": -20.0, "s": 103, "base": 1, "post": -1, "recover": -1, "q1": -1}}, {"type": "Feature", "geometry": {"type": "Point", "coordinates": [369650.0, 1151140.0]}, "properties": {"d": -10.0, "s": 103, "base": 1, "post": -1, "recover": -1, "q1": -1}}, {"type": "Feature", "geometry": {"type": "Point", "coordinates": [369650.0, 1151130.0]}, "properties": {"d": 0.0, "s": 103, "base": 0, "post": -1, "recover": -1, "q1": -1}}, {"type": "Feature", "geometry": {"type": "Point", "coordinates": [369650.0, 1151120.0]}, "properties": {"d": 10.0, "s": 103, "base": 0, "post": -1, "recover": -1, "q1": -1}}, {"type": "Feature", "geometry": {"type": "Point", "coordinates": [369650.0, 1151110.0]}, "properties": {"d": 20.0, "s": 103, "base": 0, "post": -1, "recover": -1, "q1": -1}}, {"type": "Feature", "geometry": {"type": "Point", "coordinates": [369650.0, 1151100.0]}, "properties": {"d": 30.0, "s": 103, "base": 0, "post": -1, "recover": -1, "q1": 0}}, {"type": "Feature", "geometry": {"type": "Point", "coordinates": [369650.0, 1151090.0]}, "properties": {"d": 40.0, "s": 103, "base": 0, "post": -1, "recover": -1, "q1": 0}}, {"type": "Feature", "geometry": {"type": "Point", "coordinates": [369650.0, 1151080.0]}, "properties": {"d": 50.0, "s": 103, "base": 0, "post": -1, "recover": -1, "q1": 0}}, {"type": "Feature", "geometry": {"type": "Point", "coordinates": [369650.0, 1151070.0]}, "properties": {"d": 60.0, "s": 103, "base": 0, "post": -1, "recover": -1, "q1": 0}}, {"type": "Feature", "geometry": {"type": "Point", "coordinates": [369650.0, 1151060.0]}, "properties": {"d": 70.0, "s": 103, "base": 0, "post": -1, "recover": -1, "q1": 0}}, {"type": "Feature", "geometry": {"type": "Point", "coordinates": [369650.0, 1151050.0]}, "properties": {"d": 80.0, "s": 103, "base": 0, "post": -1, "recover": -1, "q1": 0}}, {"type": "Feature", "geometry": {"type": "Point", "coordinates": [369650.0, 1151040.0]}, "properties": {"d": 90.0, "s": 103, "base": 0, "post": -1, "recover": -1, "q1": 0}}, {"type": "Feature", "geometry": {"type": "Point", "coordinates": [369650.0, 1151030.0]}, "properties": {"d": 100.0, "s": 103, "base": 0, "post": -1, "recover": -1, "q1": 0}}, {"type": "Feature", "geometry": {"type": "Point", "coordinates": [369650.0, 1151020.0]}, "properties": {"d": 110.0, "s": 103, "base": 0, "post": -1, "recover": -1, "q1": 0}}, {"type": "Feature", "geometry": {"type": "Point", "coordinates": [369650.0, 1151010.0]}, "properties": {"d": 120.0, "s": 103, "base": 0, "post": -1, "recover": -1, "q1": 0}}, {"type": "Feature", "geometry": {"type": "Point", "coordinates": [369650.0, 1151000.0]}, "properties": {"d": 130.0, "s": 103, "base": 0, "post": -1, "recover": -1, "q1": 0}}, {"type": "Feature", "geometry": {"type": "Point", "coordinates": [369650.0, 1150990.0]}, "properties": {"d": 140.0, "s": 103, "base": 0, "post": -1, "recover": -1, "q1": 0}}, {"type": "Feature", "geometry": {"type": "Point", "coordinates": [369650.0, 1150980.0]}, "properties": {"d": 150.0, "s": 103, "base": 0, "post": -1, "recover": -1, "q1": -1}}, {"type": "Feature", "geometry": {"type": "Point", "coordinates": [370329.29, 1164880.71]}, "properties": {"d": -100.0, "s": 104, "base": 1, "post": 1, "recover": 1, "q1": -1}}, {"type": "Feature", "geometry": {"type": "Point", "coordinates": [370336.36, 1164873.64]}, "properties": {"d": -90.0, "s": 104, "base": 1, "post": 1, "recover": 1, "q1": -1}}, {"type": "Feature", "geometry": {"type": "Point", "coordinates": [370343.43, 1164866.57]}, "properties": {"d": -80.0, "s": 104, "base": 1, "post": 1, "recover": 1, "q1": -1}}, {"type": "Feature", "geometry": {"type": "Point", "coordinates": [370350.5, 1164859.5]}, "properties": {"d": -70.0, "s": 104, "base": 1, "post": 1, "recover": 1, "q1": -1}}, {"type": "Feature", "geometry": {"type": "Point", "coordinates": [370357.57, 1164852.43]}, "properties": {"d": -60.0, "s": 104, "base": 1, "post": 1, "recover": 1, "q1": -1}}, {"type": "Feature", "geometry": {"type": "Point", "coordinates": [370364.64, 1164845.36]}, "properties": {"d": -50.0, "s": 104, "base": 1, "post": 1, "recover": 1, "q1": -1}}, {"type": "Feature", "geometry": {"type": "Point", "coordinates": [370371.72, 1164838.28]}, "properties": {"d": -40.0, "s": 104, "base": 1, "post": 1, "recover": 1, "q1": -1}}, {"type": "Feature", "geometry": {"type": "Point", "coordinates": [370378.79, 1164831.21]}, "properties": {"d": -30.0, "s": 104, "base": 1, "post": 1, "recover": 1, "q1": -1}}, {"type": "Feature", "geometry": {"type": "Point", "coordinates": [370385.86, 1164824.14]}, "properties": {"d": -20.0, "s": 104, "base": 1, "post": 1, "recover": 1, "q1": -1}}, {"type": "Feature", "geometry": {"type": "Point", "coordinates": [370392.93, 1164817.07]}, "properties": {"d": -10.0, "s": 104, "base": 0, "post": 1, "recover": 1, "q1": -1}}, {"type": "Feature", "geometry": {"type": "Point", "coordinates": [370400.0, 1164810.0]}, "properties": {"d": 0.0, "s": 104, "base": 0, "post": 1, "recover": 1, "q1": -1}}, {"type": "Feature", "geometry": {"type": "Point", "coordinates": [370407.07, 1164802.93]}, "properties": {"d": 10.0, "s": 104, "base": 0, "post": 1, "recover": 1, "q1": -1}}, {"type": "Feature", "geometry": {"type": "Point", "coordinates": [370414.14, 1164795.86]}, "properties": {"d": 20.0, "s": 104, "base": 0, "post": 1, "recover": 1, "q1": -1}}, {"type": "Feature", "geometry": {"type": "Point", "coordinates": [370421.21, 1164788.79]}, "properties": {"d": 30.0, "s": 104, "base": 0, "post": 1, "recover": 1, "q1": -1}}, {"type": "Feature", "geometry": {"type": "Point", "coordinates": [370428.28, 1164781.72]}, "properties": {"d": 40.0, "s": 104, "base": 0, "post": 1, "recover": 1, "q1": -1}}, {"type": "Feature", "geometry": {"type": "Point", "coordinates": [370435.36, 1164774.64]}, "properties": {"d": 50.0, "s": 104, "base": 0, "post": 1, "recover": 1, "q1": -1}}, {"type": "Feature", "geometry": {"type": "Point", "coordinates": [370442.43, 1164767.57]}, "properties": {"d": 60.0, "s": 104, "base": 0, "post": 1, "recover": 1, "q1": -1}}, {"type": "Feature", "geometry": {"type": "Point", "coordinates": [370449.5, 1164760.5]}, "properties": {"d": 70.0, "s": 104, "base": 0, "post": 1, "recover": 1, "q1": -1}}, {"type": "Feature", "geometry": {"type": "Point", "coordinates": [370456.57, 1164753.43]}, "properties": {"d": 80.0, "s": 104, "base": 0, "post": 1, "recover": 1, "q1": -1}}, {"type": "Feature", "geometry": {"type": "Point", "coordinates": [370463.64, 1164746.36]}, "properties": {"d": 90.0, "s": 104, "base": 0, "post": 1, "recover": 1, "q1": -1}}, {"type": "Feature", "geometry": {"type": "Point", "coordinates": [370470.71, 1164739.29]}, "properties": {"d": 100.0, "s": 104, "base": 0, "post": 1, "recover": 1, "q1": -1}}, {"type": "Feature", "geometry": {"type": "Point", "coordinates": [370477.78, 1164732.22]}, "properties": {"d": 110.0, "s": 104, "base": 0, "post": 1, "recover": 1, "q1": -1}}, {"type": "Feature", "geometry": {"type": "Point", "coordinates": [370484.85, 1164725.15]}, "properties": {"d": 120.0, "s": 104, "base": 0, "post": 1, "recover": 1, "q1": -1}}, {"type": "Feature", "geometry": {"type": "Point", "coordinates": [370491.92, 1164718.08]}, "properties": {"d": 130.0, "s": 104, "base": 0, "post": 1, "recover": 1, "q1": -1}}, {"type": "Feature", "geometry": {"type": "Point", "coordinates": [370498.99, 1164711.01]}, "properties": {"d": 140.0, "s": 104, "base": 0, "post": 1, "recover": 1, "q1": -1}}, {"type": "Feature", "geometry": {"type": "Point", "coordinates": [370506.07, 1164703.93]}, "properties": {"d": 150.0, "s": 104, "base": 0, "post": 1, "recover": 1, "q1": -1}}, {"type": "Feature", "geometry": {"type": "Point", "coordinates": [371109.61, 1169871.94]}, "properties": {"d": -100.0, "s": 105, "base": 1, "post": 1, "recover": -1, "q1": -1}}, {"type": "Feature", "geometry": {"type": "Point", "coordinates": [371107.65, 1169881.75]}, "properties": {"d": -90.0, "s": 105, "base": 1, "post": 1, "recover": -1, "q1": -1}}, {"type": "Feature", "geometry": {"type": "Point", "coordinates": [371105.69, 1169891.55]}, "properties": {"d": -80.0, "s": 105, "base": 1, "post": 1, "recover": -1, "q1": -1}}, {"type": "Feature", "geometry": {"type": "Point", "coordinates": [371103.73, 1169901.36]}, "properties": {"d": -70.0, "s": 105, "base": 1, "post": 1, "recover": -1, "q1": -1}}, {"type": "Feature", "geometry": {"type": "Point", "coordinates": [371101.77, 1169911.17]}, "properties": {"d": -60.0, "s": 105, "base": 1, "post": 1, "recover": -1, "q1": -1}}, {"type": "Feature", "geometry": {"type": "Point", "coordinates": [371099.81, 1169920.97]}, "properties": {"d": -50.0, "s": 105, "base": 1, "post": 1, "recover": -1, "q1": -1}}, {"type": "Feature", "geometry": {"type": "Point", "coordinates": [371097.84, 1169930.78]}, "properties": {"d": -40.0, "s": 105, "base": 1, "post": 1, "recover": -1, "q1": -1}}, {"type": "Feature", "geometry": {"type": "Point", "coordinates": [371095.88, 1169940.58]}, "properties": {"d": -30.0, "s": 105, "base": 1, "post": 1, "recover": -1, "q1": -1}}, {"type": "Feature", "geometry": {"type": "Point", "coordinates": [371093.92, 1169950.39]}, "properties": {"d": -20.0, "s": 105, "base": 1, "post": 1, "recover": -1, "q1": -1}}, {"type": "Feature", "geometry": {"type": "Point", "coordinates": [371091.96, 1169960.19]}, "properties": {"d": -10.0, "s": 105, "base": 1, "post": 1, "recover": -1, "q1": -1}}, {"type": "Feature", "geometry": {"type": "Point", "coordinates": [371090.0, 1169970.0]}, "properties": {"d": 0.0, "s": 105, "base": 1, "post": 1, "recover": -1, "q1": -1}}, {"type": "Feature", "geometry": {"type": "Point", "coordinates": [371088.04, 1169979.81]}, "properties": {"d": 10.0, "s": 105, "base": 0, "post": 1, "recover": -1, "q1": -1}}, {"type": "Feature", "geometry": {"type": "Point", "coordinates": [371086.08, 1169989.61]}, "properties": {"d": 20.0, "s": 105, "base": 0, "post": 1, "recover": -1, "q1": -1}}, {"type": "Feature", "geometry": {"type": "Point", "coordinates": [371084.12, 1169999.42]}, "properties": {"d": 30.0, "s": 105, "base": 0, "post": 1, "recover": -1, "q1": -1}}, {"type": "Feature", "geometry": {"type": "Point", "coordinates": [371082.16, 1170009.22]}, "properties": {"d": 40.0, "s": 105, "base": 0, "post": 1, "recover": -1, "q1": -1}}, {"type": "Feature", "geometry": {"type": "Point", "coordinates": [371080.19, 1170019.03]}, "properties": {"d": 50.0, "s": 105, "base": 0, "post": 1, "recover": -1, "q1": -1}}, {"type": "Feature", "geometry": {"type": "Point", "coordinates": [371078.23, 1170028.83]}, "properties": {"d": 60.0, "s": 105, "base": 0, "post": 1, "recover": -1, "q1": -1}}, {"type": "Feature", "geometry": {"type": "Point", "coordinates": [371076.27, 1170038.64]}, "properties": {"d": 70.0, "s": 105, "base": 0, "post": 1, "recover": -1, "q1": -1}}, {"type": "Feature", "geometry": {"type": "Point", "coordinates": [371074.31, 1170048.45]}, "properties": {"d": 80.0, "s": 105, "base": 0, "post": 1, "recover": -1, "q1": -1}}, {"type": "Feature", "geometry": {"type": "Point", "coordinates": [371072.35, 1170058.25]}, "properties": {"d": 90.0, "s": 105, "base": 0, "post": 1, "recover": -1, "q1": -1}}, {"type": "Feature", "geometry": {"type": "Point", "coordinates": [371070.39, 1170068.06]}, "properties": {"d": 100.0, "s": 105, "base": 0, "post": 1, "recover": 1, "q1": -1}}, {"type": "Feature", "geometry": {"type": "Point", "coordinates": [371068.43, 1170077.86]}, "properties": {"d": 110.0, "s": 105, "base": 0, "post": 1, "recover": 1, "q1": -1}}, {"type": "Feature", "geometry": {"type": "Point", "coordinates": [371066.47, 1170087.67]}, "properties": {"d": 120.0, "s": 105, "base": 0, "post": 1, "recover": 1, "q1": -1}}, {"type": "Feature", "geometry": {"type": "Point", "coordinates": [371064.5, 1170097.48]}, "properties": {"d": 130.0, "s": 105, "base": 0, "post": 1, "recover": 1, "q1": -1}}, {"type": "Feature", "geometry": {"type": "Point", "coordinates": [371062.54, 1170107.28]}, "properties": {"d": 140.0, "s": 105, "base": 0, "post": 1, "recover": 1, "q1": -1}}, {"type": "Feature", "geometry": {"type": "Point", "coordinates": [371060.58, 1170117.09]}, "properties": {"d": 150.0, "s": 105, "base": 0, "post": 1, "recover": 1, "q1": -1}}, {"type": "Feature", "geometry": {"type": "Point", "coordinates": [371380.71, 1160050.71]}, "properties": {"d": -100.0, "s": 106, "base": 1, "post": 1, "recover": 1, "q1": -1}}, {"type": "Feature", "geometry": {"type": "Point", "coordinates": [371373.64, 1160043.64]}, "properties": {"d": -90.0, "s": 106, "base": 1, "post": 1, "recover": 1, "q1": -1}}, {"type": "Feature", "geometry": {"type": "Point", "coordinates": [371366.57, 1160036.57]}, "properties": {"d": -80.0, "s": 106, "base": 1, "post": 1, "recover": 1, "q1": -1}}, {"type": "Feature", "geometry": {"type": "Point", "coordinates": [371359.5, 1160029.5]}, "properties": {"d": -70.0, "s": 106, "base": 1, "post": 1, "recover": 1, "q1": -1}}, {"type": "Feature", "geometry": {"type": "Point", "coordinates": [371352.43, 1160022.43]}, "properties": {"d": -60.0, "s": 106, "base": 1, "post": 1, "recover": 1, "q1": -1}}, {"type": "Feature", "geometry": {"type": "Point", "coordinates": [371345.36, 1160015.36]}, "properties": {"d": -50.0, "s": 106, "base": 1, "post": 1, "recover": 1, "q1": -1}}, {"type": "Feature", "geometry": {"type": "Point", "coordinates": [371338.28, 1160008.28]}, "properties": {"d": -40.0, "s": 106, "base": 1, "post": 1, "recover": 1, "q1": -1}}, {"type": "Feature", "geometry": {"type": "Point", "coordinates": [371331.21, 1160001.21]}, "properties": {"d": -30.0, "s": 106, "base": 1, "post": 1, "recover": 1, "q1": -1}}, {"type": "Feature", "geometry": {"type": "Point", "coordinates": [371324.14, 1159994.14]}, "properties": {"d": -20.0, "s": 106, "base": 1, "post": 1, "recover": 1, "q1": -1}}, {"type": "Feature", "geometry": {"type": "Point", "coordinates": [371317.07, 1159987.07]}, "properties": {"d": -10.0, "s": 106, "base": 1, "post": 1, "recover": 1, "q1": -1}}, {"type": "Feature", "geometry": {"type": "Point", "coordinates": [371310.0, 1159980.0]}, "properties": {"d": 0.0, "s": 106, "base": 1, "post": 1, "recover": 1, "q1": -1}}, {"type": "Feature", "geometry": {"type": "Point", "coordinates": [371302.93, 1159972.93]}, "properties": {"d": 10.0, "s": 106, "base": 1, "post": 1, "recover": 1, "q1": -1}}, {"type": "Feature", "geometry": {"type": "Point", "coordinates": [371295.86, 1159965.86]}, "properties": {"d": 20.0, "s": 106, "base": 0, "post": 1, "recover": 0, "q1": -1}}, {"type": "Feature", "geometry": {"type": "Point", "coordinates": [371288.79, 1159958.79]}, "properties": {"d": 30.0, "s": 106, "base": 0, "post": 1, "recover": 0, "q1": -1}}, {"type": "Feature", "geometry": {"type": "Point", "coordinates": [371281.72, 1159951.72]}, "properties": {"d": 40.0, "s": 106, "base": 0, "post": 1, "recover": 0, "q1": -1}}, {"type": "Feature", "geometry": {"type": "Point", "coordinates": [371274.64, 1159944.64]}, "properties": {"d": 50.0, "s": 106, "base": 0, "post": 0, "recover": 0, "q1": -1}}, {"type": "Feature", "geometry": {"type": "Point", "coordinates": [371267.57, 1159937.57]}, "properties": {"d": 60.0, "s": 106, "base": 0, "post": 0, "recover": 0, "q1": -1}}, {"type": "Feature", "geometry": {"type": "Point", "coordinates": [371260.5, 1159930.5]}, "properties": {"d": 70.0, "s": 106, "base": 0, "post": 0, "recover": 0, "q1": -1}}, {"type": "Feature", "geometry": {"type": "Point", "coordinates": [371253.43, 1159923.43]}, "properties": {"d": 80.0, "s": 106, "base": 0, "post": 0, "recover": 0, "q1": -1}}, {"type": "Feature", "geometry": {"type": "Point", "coordinates": [371246.36, 1159916.36]}, "properties": {"d": 90.0, "s": 106, "base": 0, "post": 0, "recover": 0, "q1": -1}}, {"type": "Feature", "geometry": {"type": "Point", "coordinates": [371239.29, 1159909.29]}, "properties": {"d": 100.0, "s": 106, "base": 0, "post": 0, "recover": 0, "q1": -1}}, {"type": "Feature", "geometry": {"type": "Point", "coordinates": [371232.22, 1159902.22]}, "properties": {"d": 110.0, "s": 106, "base": 0, "post": 0, "recover": 0, "q1": -1}}, {"type": "Feature", "geometry": {"type": "Point", "coordinates": [371225.15, 1159895.15]}, "properties": {"d": 120.0, "s": 106, "base": 0, "post": 0, "recover": 0, "q1": -1}}, {"type": "Feature", "geometry": {"type": "Point", "coordinates": [371218.08, 1159888.08]}, "properties": {"d": 130.0, "s": 106, "base": 0, "post": 0, "recover": 0, "q1": -1}}, {"type": "Feature", "geometry": {"type": "Point", "coordinates": [371211.01, 1159881.01]}, "properties": {"d": 140.0, "s": 106, "base": 0, "post": 0, "recover": 0, "q1": -1}}, {"type": "Feature", "geometry": {"type": "Point", "coordinates": [371203.93, 1159873.93]}, "properties": {"d": 150.0, "s": 106, "base": 0, "post": 0, "recover": 0, "q1": -1}}, {"type": "Feature", "geometry": {"type": "Point", "coordinates": [371730.0, 1186260.25]}, "properties": {"d": -100.0, "s": 107, "base": -1, "post": -1, "recover": -1, "q1": -1}}, {"type": "Feature", "geometry": {"type": "Point", "coordinates": [371740.0, 1186260.22]}, "properties": {"d": -90.0, "s": 107, "base": -1, "post": -1, "recover": -1, "q1": -1}}, {"type": "Feature", "geometry": {"type": "Point", "coordinates": [371750.0, 1186260.2]}, "properties": {"d": -80.0, "s": 107, "base": -1, "post": -1, "recover": -1, "q1": -1}}, {"type": "Feature", "geometry": {"type": "Point", "coordinates": [371760.0, 1186260.17]}, "properties": {"d": -70.0, "s": 107, "base": -1, "post": -1, "recover": -1, "q1": -1}}, {"type": "Feature", "geometry": {"type": "Point", "coordinates": [371770.0, 1186260.15]}, "properties": {"d": -60.0, "s": 107, "base": 0, "post": 0, "recover": -1, "q1": -1}}, {"type": "Feature", "geometry": {"type": "Point", "coordinates": [371780.0, 1186260.12]}, "properties": {"d": -50.0, "s": 107, "base": 0, "post": 0, "recover": -1, "q1": -1}}, {"type": "Feature", "geometry": {"type": "Point", "coordinates": [371790.0, 1186260.1]}, "properties": {"d": -40.0, "s": 107, "base": 0, "post": 0, "recover": -1, "q1": -1}}, {"type": "Feature", "geometry": {"type": "Point", "coordinates": [371800.0, 1186260.07]}, "properties": {"d": -30.0, "s": 107, "base": 0, "post": 0, "recover": -1, "q1": -1}}, {"type": "Feature", "geometry": {"type": "Point", "coordinates": [371810.0, 1186260.05]}, "properties": {"d": -20.0, "s": 107, "base": 0, "post": 0, "recover": -1, "q1": -1}}, {"type": "Feature", "geometry": {"type": "Point", "coordinates": [371820.0, 1186260.02]}, "properties": {"d": -10.0, "s": 107, "base": 0, "post": 0, "recover": -1, "q1": -1}}, {"type": "Feature", "geometry": {"type": "Point", "coordinates": [371830.0, 1186260.0]}, "properties": {"d": 0.0, "s": 107, "base": 0, "post": 0, "recover": -1, "q1": -1}}, {"type": "Feature", "geometry": {"type": "Point", "coordinates": [371840.0, 1186259.98]}, "properties": {"d": 10.0, "s": 107, "base": 0, "post": 0, "recover": -1, "q1": -1}}, {"type": "Feature", "geometry": {"type": "Point", "coordinates": [371850.0, 1186259.95]}, "properties": {"d": 20.0, "s": 107, "base": 0, "post": 0, "recover": -1, "q1": -1}}, {"type": "Feature", "geometry": {"type": "Point", "coordinates": [371860.0, 1186259.93]}, "properties": {"d": 30.0, "s": 107, "base": 0, "post": 0, "recover": -1, "q1": -1}}, {"type": "Feature", "geometry": {"type": "Point", "coordinates": [371870.0, 1186259.9]}, "properties": {"d": 40.0, "s": 107, "base": 0, "post": 0, "recover": -1, "q1": -1}}, {"type": "Feature", "geometry": {"type": "Point", "coordinates": [371880.0, 1186259.88]}, "properties": {"d": 50.0, "s": 107, "base": 0, "post": 0, "recover": -1, "q1": -1}}, {"type": "Feature", "geometry": {"type": "Point", "coordinates": [371890.0, 1186259.85]}, "properties": {"d": 60.0, "s": 107, "base": 0, "post": 0, "recover": -1, "q1": -1}}, {"type": "Feature", "geometry": {"type": "Point", "coordinates": [371900.0, 1186259.83]}, "properties": {"d": 70.0, "s": 107, "base": 0, "post": 0, "recover": -1, "q1": -1}}, {"type": "Feature", "geometry": {"type": "Point", "coordinates": [371910.0, 1186259.8]}, "properties": {"d": 80.0, "s": 107, "base": 0, "post": 0, "recover": -1, "q1": -1}}, {"type": "Feature", "geometry": {"type": "Point", "coordinates": [371920.0, 1186259.78]}, "properties": {"d": 90.0, "s": 107, "base": 0, "post": 0, "recover": 0, "q1": -1}}, {"type": "Feature", "geometry": {"type": "Point", "coordinates": [371930.0, 1186259.75]}, "properties": {"d": 100.0, "s": 107, "base": 0, "post": 0, "recover": 0, "q1": -1}}, {"type": "Feature", "geometry": {"type": "Point", "coordinates": [371940.0, 1186259.73]}, "properties": {"d": 110.0, "s": 107, "base": 0, "post": 0, "recover": 0, "q1": -1}}, {"type": "Feature", "geometry": {"type": "Point", "coordinates": [371950.0, 1186259.7]}, "properties": {"d": 120.0, "s": 107, "base": 0, "post": 0, "recover": 0, "q1": -1}}, {"type": "Feature", "geometry": {"type": "Point", "coordinates": [371960.0, 1186259.68]}, "properties": {"d": 130.0, "s": 107, "base": 0, "post": 0, "recover": 0, "q1": -1}}, {"type": "Feature", "geometry": {"type": "Point", "coordinates": [371970.0, 1186259.65]}, "properties": {"d": 140.0, "s": 107, "base": 0, "post": 0, "recover": 0, "q1": -1}}, {"type": "Feature", "geometry": {"type": "Point", "coordinates": [371980.0, 1186259.63]}, "properties": {"d": 150.0, "s": 107, "base": 0, "post": 0, "recover": 0, "q1": 0}}, {"type": "Feature", "geometry": {"type": "Point", "coordinates": [372449.61, 1141071.94]}, "properties": {"d": -100.0, "s": 108, "base": 0, "post": 1, "recover": -1, "q1": -1}}, {"type": "Feature", "geometry": {"type": "Point", "coordinates": [372447.65, 1141081.75]}, "properties": {"d": -90.0, "s": 108, "base": 1, "post": 1, "recover": -1, "q1": -1}}, {"type": "Feature", "geometry": {"type": "Point", "coordinates": [372445.69, 1141091.55]}, "properties": {"d": -80.0, "s": 108, "base": 1, "post": 1, "recover": -1, "q1": -1}}, {"type": "Feature", "geometry": {"type": "Point", "coordinates": [372443.73, 1141101.36]}, "properties": {"d": -70.0, "s": 108, "base": 1, "post": 1, "recover": -1, "q1": -1}}, {"type": "Feature", "geometry": {"type": "Point", "coordinates": [372441.77, 1141111.17]}, "properties": {"d": -60.0, "s": 108, "base": 1, "post": 1, "recover": -1, "q1": -1}}, {"type": "Feature", "geometry": {"type": "Point", "coordinates": [372439.81, 1141120.97]}, "properties": {"d": -50.0, "s": 108, "base": 1, "post": 1, "recover": -1, "q1": -1}}, {"type": "Feature", "geometry": {"type": "Point", "coordinates": [372437.84, 1141130.78]}, "properties": {"d": -40.0, "s": 108, "base": 1, "post": 1, "recover": -1, "q1": -1}}, {"type": "Feature", "geometry": {"type": "Point", "coordinates": [372435.88, 1141140.58]}, "properties": {"d": -30.0, "s": 108, "base": 0, "post": 0, "recover": -1, "q1": -1}}, {"type": "Feature", "geometry": {"type": "Point", "coordinates": [372433.92, 1141150.39]}, "properties": {"d": -20.0, "s": 108, "base": 0, "post": 0, "recover": -1, "q1": -1}}, {"type": "Feature", "geometry": {"type": "Point", "coordinates": [372431.96, 1141160.19]}, "properties": {"d": -10.0, "s": 108, "base": 0, "post": 0, "recover": -1, "q1": -1}}, {"type": "Feature", "geometry": {"type": "Point", "coordinates": [372430.0, 1141170.0]}, "properties": {"d": 0.0, "s": 108, "base": 1, "post": 0, "recover": -1, "q1": -1}}, {"type": "Feature", "geometry": {"type": "Point", "coordinates": [372428.04, 1141179.81]}, "properties": {"d": 10.0, "s": 108, "base": 1, "post": 0, "recover": -1, "q1": -1}}, {"type": "Feature", "geometry": {"type": "Point", "coordinates": [372426.08, 1141189.61]}, "properties": {"d": 20.0, "s": 108, "base": 1, "post": 0, "recover": -1, "q1": -1}}, {"type": "Feature", "geometry": {"type": "Point", "coordinates": [372424.12, 1141199.42]}, "properties": {"d": 30.0, "s": 108, "base": 1, "post": 0, "recover": -1, "q1": -1}}, {"type": "Feature", "geometry": {"type": "Point", "coordinates": [372422.16, 1141209.22]}, "properties": {"d": 40.0, "s": 108, "base": 1, "post": 0, "recover": -1, "q1": -1}}, {"type": "Feature", "geometry": {"type": "Point", "coordinates": [372420.19, 1141219.03]}, "properties": {"d": 50.0, "s": 108, "base": 1, "post": 0, "recover": -1, "q1": -1}}, {"type": "Feature", "geometry": {"type": "Point", "coordinates": [372418.23, 1141228.83]}, "properties": {"d": 60.0, "s": 108, "base": 0, "post": 0, "recover": -1, "q1": -1}}, {"type": "Feature", "geometry": {"type": "Point", "coordinates": [372416.27, 1141238.64]}, "properties": {"d": 70.0, "s": 108, "base": 0, "post": 0, "recover": -1, "q1": -1}}, {"type": "Feature", "geometry": {"type": "Point", "coordinates": [372414.31, 1141248.45]}, "properties": {"d": 80.0, "s": 108, "base": 0, "post": 0, "recover": -1, "q1": -1}}, {"type": "Feature", "geometry": {"type": "Point", "coordinates": [372412.35, 1141258.25]}, "properties": {"d": 90.0, "s": 108, "base": 0, "post": 0, "recover": -1, "q1": -1}}, {"type": "Feature", "geometry": {"type": "Point", "coordinates": [372410.39, 1141268.06]}, "properties": {"d": 100.0, "s": 108, "base": 0, "post": 0, "recover": -1, "q1": -1}}, {"type": "Feature", "geometry": {"type": "Point", "coordinates": [372408.43, 1141277.86]}, "properties": {"d": 110.0, "s": 108, "base": 0, "post": 0, "recover": -1, "q1": -1}}, {"type": "Feature", "geometry": {"type": "Point", "coordinates": [372406.47, 1141287.67]}, "properties": {"d": 120.0, "s": 108, "base": 0, "post": 0, "recover": -1, "q1": -1}}, {"type": "Feature", "geometry": {"type": "Point", "coordinates": [372404.5, 1141297.48]}, "properties": {"d": 130.0, "s": 108, "base": 0, "post": 0, "recover": -1, "q1": -1}}, {"type": "Feature", "geometry": {"type": "Point", "coordinates": [372402.54, 1141307.28]}, "properties": {"d": 140.0, "s": 108, "base": 0, "post": 0, "recover": -1, "q1": -1}}, {"type": "Feature", "geometry": {"type": "Point", "coordinates": [372400.58, 1141317.09]}, "properties": {"d": 150.0, "s": 108, "base": 0, "post": 0, "recover": -1, "q1": -1}}, {"type": "Feature", "geometry": {"type": "Point", "coordinates": [373868.06, 1147800.39]}, "properties": {"d": -100.0, "s": 109, "base": 1, "post": 1, "recover": 1, "q1": -1}}, {"type": "Feature", "geometry": {"type": "Point", "coordinates": [373858.25, 1147802.35]}, "properties": {"d": -90.0, "s": 109, "base": 1, "post": 1, "recover": 1, "q1": -1}}, {"type": "Feature", "geometry": {"type": "Point", "coordinates": [373848.45, 1147804.31]}, "properties": {"d": -80.0, "s": 109, "base": 1, "post": 1, "recover": 1, "q1": -1}}, {"type": "Feature", "geometry": {"type": "Point", "coordinates": [373838.64, 1147806.27]}, "properties": {"d": -70.0, "s": 109, "base": 1, "post": 1, "recover": 1, "q1": -1}}, {"type": "Feature", "geometry": {"type": "Point", "coordinates": [373828.83, 1147808.23]}, "properties": {"d": -60.0, "s": 109, "base": 1, "post": 1, "recover": 1, "q1": -1}}, {"type": "Feature", "geometry": {"type": "Point", "coordinates": [373819.03, 1147810.19]}, "properties": {"d": -50.0, "s": 109, "base": 1, "post": 1, "recover": -1, "q1": -1}}, {"type": "Feature", "geometry": {"type": "Point", "coordinates": [373809.22, 1147812.16]}, "properties": {"d": -40.0, "s": 109, "base": 1, "post": 1, "recover": -1, "q1": -1}}, {"type": "Feature", "geometry": {"type": "Point", "coordinates": [373799.42, 1147814.12]}, "properties": {"d": -30.0, "s": 109, "base": 1, "post": 1, "recover": -1, "q1": -1}}, {"type": "Feature", "geometry": {"type": "Point", "coordinates": [373789.61, 1147816.08]}, "properties": {"d": -20.0, "s": 109, "base": 1, "post": 1, "recover": -1, "q1": -1}}, {"type": "Feature", "geometry": {"type": "Point", "coordinates": [373779.81, 1147818.04]}, "properties": {"d": -10.0, "s": 109, "base": 1, "post": 0, "recover": -1, "q1": -1}}, {"type": "Feature", "geometry": {"type": "Point", "coordinates": [373770.0, 1147820.0]}, "properties": {"d": 0.0, "s": 109, "base": 1, "post": 0, "recover": -1, "q1": -1}}, {"type": "Feature", "geometry": {"type": "Point", "coordinates": [373760.19, 1147821.96]}, "properties": {"d": 10.0, "s": 109, "base": 0, "post": 0, "recover": 0, "q1": -1}}, {"type": "Feature", "geometry": {"type": "Point", "coordinates": [373750.39, 1147823.92]}, "properties": {"d": 20.0, "s": 109, "base": 0, "post": 0, "recover": 0, "q1": -1}}, {"type": "Feature", "geometry": {"type": "Point", "coordinates": [373740.58, 1147825.88]}, "properties": {"d": 30.0, "s": 109, "base": 0, "post": 0, "recover": 0, "q1": -1}}, {"type": "Feature", "geometry": {"type": "Point", "coordinates": [373730.78, 1147827.84]}, "properties": {"d": 40.0, "s": 109, "base": 0, "post": 0, "recover": 0, "q1": -1}}, {"type": "Feature", "geometry": {"type": "Point", "coordinates": [373720.97, 1147829.81]}, "properties": {"d": 50.0, "s": 109, "base": 0, "post": 0, "recover": 0, "q1": -1}}, {"type": "Feature", "geometry": {"type": "Point", "coordinates": [373711.17, 1147831.77]}, "properties": {"d": 60.0, "s": 109, "base": 0, "post": 0, "recover": 0, "q1": -1}}, {"type": "Feature", "geometry": {"type": "Point", "coordinates": [373701.36, 1147833.73]}, "properties": {"d": 70.0, "s": 109, "base": 0, "post": 0, "recover": 0, "q1": -1}}, {"type": "Feature", "geometry": {"type": "Point", "coordinates": [373691.55, 1147835.69]}, "properties": {"d": 80.0, "s": 109, "base": 0, "post": 0, "recover": 0, "q1": -1}}, {"type": "Feature", "geometry": {"type": "Point", "coordinates": [373681.75, 1147837.65]}, "properties": {"d": 90.0, "s": 109, "base": 0, "post": 0, "recover": 0, "q1": -1}}, {"type": "Feature", "geometry": {"type": "Point", "coordinates": [373671.94, 1147839.61]}, "properties": {"d": 100.0, "s": 109, "base": 0, "post": 0, "recover": 0, "q1": -1}}, {"type": "Feature", "geometry": {"type": "Point", "coordinates": [373662.14, 1147841.57]}, "properties": {"d": 110.0, "s": 109, "base": 0, "post": 0, "recover": 0, "q1": -1}}, {"type": "Feature", "geometry": {"type": "Point", "coordinates": [373652.33, 1147843.53]}, "properties": {"d": 120.0, "s": 109, "base": 0, "post": 0, "recover": 0, "q1": -1}}, {"type": "Feature", "geometry": {"type": "Point", "coordinates": [373642.52, 1147845.5]}, "properties": {"d": 130.0, "s": 109, "base": 0, "post": 0, "recover": 0, "q1": -1}}, {"type": "Feature", "geometry": {"type": "Point", "coordinates": [373632.72, 1147847.46]}, "properties": {"d": 140.0, "s": 109, "base": 0, "post": 0, "recover": 0, "q1": -1}}, {"type": "Feature", "geometry": {"type": "Point", "coordinates": [373622.91, 1147849.42]}, "properties": {"d": 150.0, "s": 109, "base": 0, "post": 0, "recover": 0, "q1": -1}}, {"type": "Feature", "geometry": {"type": "Point", "coordinates": [375380.0, 1150590.0]}, "properties": {"d": -100.0, "s": 110, "base": 0, "post": 0, "recover": -1, "q1": -1}}, {"type": "Feature", "geometry": {"type": "Point", "coordinates": [375390.0, 1150590.0]}, "properties": {"d": -90.0, "s": 110, "base": 0, "post": 0, "recover": 0, "q1": -1}}, {"type": "Feature", "geometry": {"type": "Point", "coordinates": [375400.0, 1150590.0]}, "properties": {"d": -80.0, "s": 110, "base": 0, "post": 0, "recover": 0, "q1": -1}}, {"type": "Feature", "geometry": {"type": "Point", "coordinates": [375410.0, 1150590.0]}, "properties": {"d": -70.0, "s": 110, "base": 1, "post": 1, "recover": -1, "q1": -1}}, {"type": "Feature", "geometry": {"type": "Point", "coordinates": [375420.0, 1150590.0]}, "properties": {"d": -60.0, "s": 110, "base": 1, "post": 1, "recover": -1, "q1": -1}}, {"type": "Feature", "geometry": {"type": "Point", "coordinates": [375430.0, 1150590.0]}, "properties": {"d": -50.0, "s": 110, "base": 1, "post": 1, "recover": -1, "q1": -1}}, {"type": "Feature", "geometry": {"type": "Point", "coordinates": [375440.0, 1150590.0]}, "properties": {"d": -40.0, "s": 110, "base": 1, "post": 1, "recover": -1, "q1": -1}}, {"type": "Feature", "geometry": {"type": "Point", "coordinates": [375450.0, 1150590.0]}, "properties": {"d": -30.0, "s": 110, "base": 1, "post": 1, "recover": -1, "q1": -1}}, {"type": "Feature", "geometry": {"type": "Point", "coordinates": [375460.0, 1150590.0]}, "properties": {"d": -20.0, "s": 110, "base": 1, "post": 1, "recover": -1, "q1": -1}}, {"type": "Feature", "geometry": {"type": "Point", "coordinates": [375470.0, 1150590.0]}, "properties": {"d": -10.0, "s": 110, "base": 1, "post": 1, "recover": -1, "q1": -1}}, {"type": "Feature", "geometry": {"type": "Point", "coordinates": [375480.0, 1150590.0]}, "properties": {"d": 0.0, "s": 110, "base": 0, "post": 1, "recover": -1, "q1": -1}}, {"type": "Feature", "geometry": {"type": "Point", "coordinates": [375490.0, 1150590.0]}, "properties": {"d": 10.0, "s": 110, "base": 0, "post": 1, "recover": -1, "q1": -1}}, {"type": "Feature", "geometry": {"type": "Point", "coordinates": [375500.0, 1150590.0]}, "properties": {"d": 20.0, "s": 110, "base": 0, "post": 1, "recover": -1, "q1": -1}}, {"type": "Feature", "geometry": {"type": "Point", "coordinates": [375510.0, 1150590.0]}, "properties": {"d": 30.0, "s": 110, "base": -1, "post": 1, "recover": -1, "q1": -1}}, {"type": "Feature", "geometry": {"type": "Point", "coordinates": [375520.0, 1150590.0]}, "properties": {"d": 40.0, "s": 110, "base": -1, "post": 1, "recover": -1, "q1": -1}}, {"type": "Feature", "geometry": {"type": "Point", "coordinates": [375530.0, 1150590.0]}, "properties": {"d": 50.0, "s": 110, "base": 0, "post": 1, "recover": -1, "q1": -1}}, {"type": "Feature", "geometry": {"type": "Point", "coordinates": [375540.0, 1150590.0]}, "properties": {"d": 60.0, "s": 110, "base": 0, "post": 0, "recover": -1, "q1": -1}}, {"type": "Feature", "geometry": {"type": "Point", "coordinates": [375550.0, 1150590.0]}, "properties": {"d": 70.0, "s": 110, "base": 0, "post": 0, "recover": -1, "q1": -1}}, {"type": "Feature", "geometry": {"type": "Point", "coordinates": [375560.0, 1150590.0]}, "properties": {"d": 80.0, "s": 110, "base": 0, "post": 0, "recover": -1, "q1": -1}}, {"type": "Feature", "geometry": {"type": "Point", "coordinates": [375570.0, 1150590.0]}, "properties": {"d": 90.0, "s": 110, "base": 0, "post": 0, "recover": -1, "q1": -1}}, {"type": "Feature", "geometry": {"type": "Point", "coordinates": [375580.0, 1150590.0]}, "properties": {"d": 100.0, "s": 110, "base": 0, "post": 0, "recover": -1, "q1": -1}}, {"type": "Feature", "geometry": {"type": "Point", "coordinates": [375590.0, 1150590.0]}, "properties": {"d": 110.0, "s": 110, "base": 0, "post": 0, "recover": -1, "q1": -1}}, {"type": "Feature", "geometry": {"type": "Point", "coordinates": [375600.0, 1150590.0]}, "properties": {"d": 120.0, "s": 110, "base": 0, "post": 0, "recover": -1, "q1": -1}}, {"type": "Feature", "geometry": {"type": "Point", "coordinates": [375610.0, 1150590.0]}, "properties": {"d": 130.0, "s": 110, "base": 0, "post": 0, "recover": -1, "q1": -1}}, {"type": "Feature", "geometry": {"type": "Point", "coordinates": [375620.0, 1150590.0]}, "properties": {"d": 140.0, "s": 110, "base": 0, "post": 0, "recover": -1, "q1": -1}}, {"type": "Feature", "geometry": {"type": "Point", "coordinates": [375630.0, 1150590.0]}, "properties": {"d": 150.0, "s": 110, "base": 0, "post": 0, "recover": -1, "q1": -1}}, {"type": "Feature", "geometry": {"type": "Point", "coordinates": [365959.29, 1143559.29]}, "properties": {"d": -100.0, "s": 111, "base": 1, "post": -1, "recover": -1, "q1": -1}}, {"type": "Feature", "geometry": {"type": "Point", "coordinates": [365966.36, 1143566.36]}, "properties": {"d": -90.0, "s": 111, "base": 1, "post": -1, "recover": -1, "q1": -1}}, {"type": "Feature", "geometry": {"type": "Point", "coordinates": [365973.43, 1143573.43]}, "properties": {"d": -80.0, "s": 111, "base": 1, "post": -1, "recover": -1, "q1": -1}}, {"type": "Feature", "geometry": {"type": "Point", "coordinates": [365980.5, 1143580.5]}, "properties": {"d": -70.0, "s": 111, "base": 1, "post": -1, "recover": -1, "q1": -1}}, {"type": "Feature", "geometry": {"type": "Point", "coordinates": [365987.57, 1143587.57]}, "properties": {"d": -60.0, "s": 111, "base": 1, "post": -1, "recover": -1, "q1": -1}}, {"type": "Feature", "geometry": {"type": "Point", "coordinates": [365994.64, 1143594.64]}, "properties": {"d": -50.0, "s": 111, "base": 1, "post": -1, "recover": -1, "q1": -1}}, {"type": "Feature", "geometry": {"type": "Point", "coordinates": [366001.72, 1143601.72]}, "properties": {"d": -40.0, "s": 111, "base": 1, "post": -1, "recover": -1, "q1": 0}}, {"type": "Feature", "geometry": {"type": "Point", "coordinates": [366008.79, 1143608.79]}, "properties": {"d": -30.0, "s": 111, "base": 1, "post": -1, "recover": -1, "q1": 0}}, {"type": "Feature", "geometry": {"type": "Point", "coordinates": [366015.86, 1143615.86]}, "properties": {"d": -20.0, "s": 111, "base": 1, "post": -1, "recover": -1, "q1": 0}}, {"type": "Feature", "geometry": {"type": "Point", "coordinates": [366022.93, 1143622.93]}, "properties": {"d": -10.0, "s": 111, "base": 1, "post": -1, "recover": -1, "q1": 0}}, {"type": "Feature", "geometry": {"type": "Point", "coordinates": [366030.0, 1143630.0]}, "properties": {"d": 0.0, "s": 111, "base": 1, "post": -1, "recover": -1, "q1": 0}}, {"type": "Feature", "geometry": {"type": "Point", "coordinates": [366037.07, 1143637.07]}, "properties": {"d": 10.0, "s": 111, "base": 1, "post": -1, "recover": -1, "q1": 0}}, {"type": "Feature", "geometry": {"type": "Point", "coordinates": [366044.14, 1143644.14]}, "properties": {"d": 20.0, "s": 111, "base": 1, "post": -1, "recover": -1, "q1": 0}}, {"type": "Feature", "geometry": {"type": "Point", "coordinates": [366051.21, 1143651.21]}, "properties": {"d": 30.0, "s": 111, "base": 0, "post": -1, "recover": -1, "q1": 0}}, {"type": "Feature", "geometry": {"type": "Point", "coordinates": [366058.28, 1143658.28]}, "properties": {"d": 40.0, "s": 111, "base": 0, "post": -1, "recover": -1, "q1": 0}}, {"type": "Feature", "geometry": {"type": "Point", "coordinates": [366065.36, 1143665.36]}, "properties": {"d": 50.0, "s": 111, "base": 0, "post": -1, "recover": -1, "q1": 0}}, {"type": "Feature", "geometry": {"type": "Point", "coordinates": [366072.43, 1143672.43]}, "properties": {"d": 60.0, "s": 111, "base": 0, "post": -1, "recover": -1, "q1": 0}}, {"type": "Feature", "geometry": {"type": "Point", "coordinates": [366079.5, 1143679.5]}, "properties": {"d": 70.0, "s": 111, "base": 0, "post": -1, "recover": -1, "q1": 0}}, {"type": "Feature", "geometry": {"type": "Point", "coordinates": [366086.57, 1143686.57]}, "properties": {"d": 80.0, "s": 111, "base": 0, "post": -1, "recover": -1, "q1": 0}}, {"type": "Feature", "geometry": {"type": "Point", "coordinates": [366093.64, 1143693.64]}, "properties": {"d": 90.0, "s": 111, "base": 0, "post": -1, "recover": -1, "q1": 0}}, {"type": "Feature", "geometry": {"type": "Point", "coordinates": [366100.71, 1143700.71]}, "properties": {"d": 100.0, "s": 111, "base": 0, "post": -1, "recover": -1, "q1": 0}}, {"type": "Feature", "geometry": {"type": "Point", "coordinates": [366107.78, 1143707.78]}, "properties": {"d": 110.0, "s": 111, "base": 0, "post": -1, "recover": -1, "q1": 0}}, {"type": "Feature", "geometry": {"type": "Point", "coordinates": [366114.85, 1143714.85]}, "properties": {"d": 120.0, "s": 111, "base": 0, "post": -1, "recover": -1, "q1": 0}}, {"type": "Feature", "geometry": {"type": "Point", "coordinates": [366121.92, 1143721.92]}, "properties": {"d": 130.0, "s": 111, "base": 0, "post": -1, "recover": -1, "q1": 0}}, {"type": "Feature", "geometry": {"type": "Point", "coordinates": [366128.99, 1143729.0]}, "properties": {"d": 140.0, "s": 111, "base": 1, "post": -1, "recover": -1, "q1": 0}}, {"type": "Feature", "geometry": {"type": "Point", "coordinates": [366136.07, 1143736.07]}, "properties": {"d": 150.0, "s": 111, "base": 1, "post": -1, "recover": -1, "q1": 0}}, {"type": "Feature", "geometry": {"type": "Point", "coordinates": [363820.0, 1145180.0]}, "properties": {"d": -100.0, "s": 112, "base": 1, "post": -1, "recover": -1, "q1": -1}}, {"type": "Feature", "geometry": {"type": "Point", "coordinates": [363820.0, 1145190.0]}, "properties": {"d": -90.0, "s": 112, "base": 1, "post": -1, "recover": 0, "q1": -1}}, {"type": "Feature", "geometry": {"type": "Point", "coordinates": [363820.0, 1145200.0]}, "properties": {"d": -80.0, "s": 112, "base": 1, "post": -1, "recover": 0, "q1": -1}}, {"type": "Feature", "geometry": {"type": "Point", "coordinates": [363820.0, 1145210.0]}, "properties": {"d": -70.0, "s": 112, "base": 1, "post": -1, "recover": 0, "q1": -1}}, {"type": "Feature", "geometry": {"type": "Point", "coordinates": [363820.0, 1145220.0]}, "properties": {"d": -60.0, "s": 112, "base": 1, "post": -1, "recover": 0, "q1": -1}}, {"type": "Feature", "geometry": {"type": "Point", "coordinates": [363820.0, 1145230.0]}, "properties": {"d": -50.0, "s": 112, "base": 1, "post": -1, "recover": 0, "q1": -1}}, {"type": "Feature", "geometry": {"type": "Point", "coordinates": [363820.0, 1145240.0]}, "properties": {"d": -40.0, "s": 112, "base": 1, "post": -1, "recover": 0, "q1": -1}}, {"type": "Feature", "geometry": {"type": "Point", "coordinates": [363820.0, 1145250.0]}, "properties": {"d": -30.0, "s": 112, "base": 1, "post": -1, "recover": 0, "q1": -1}}, {"type": "Feature", "geometry": {"type": "Point", "coordinates": [363820.0, 1145260.0]}, "properties": {"d": -20.0, "s": 112, "base": 1, "post": -1, "recover": 0, "q1": 0}}, {"type": "Feature", "geometry": {"type": "Point", "coordinates": [363820.0, 1145270.0]}, "properties": {"d": -10.0, "s": 112, "base": 1, "post": -1, "recover": 0, "q1": 0}}, {"type": "Feature", "geometry": {"type": "Point", "coordinates": [363820.0, 1145280.0]}, "properties": {"d": 0.0, "s": 112, "base": 1, "post": -1, "recover": 0, "q1": 0}}, {"type": "Feature", "geometry": {"type": "Point", "coordinates": [363820.0, 1145290.0]}, "properties": {"d": 10.0, "s": 112, "base": 0, "post": -1, "recover": 0, "q1": 0}}, {"type": "Feature", "geometry": {"type": "Point", "coordinates": [363820.0, 1145300.0]}, "properties": {"d": 20.0, "s": 112, "base": 0, "post": -1, "recover": 0, "q1": 0}}, {"type": "Feature", "geometry": {"type": "Point", "coordinates": [363820.0, 1145310.0]}, "properties": {"d": 30.0, "s": 112, "base": 0, "post": -1, "recover": 0, "q1": 0}}, {"type": "Feature", "geometry": {"type": "Point", "coordinates": [363820.0, 1145320.0]}, "properties": {"d": 40.0, "s": 112, "base": 0, "post": -1, "recover": 0, "q1": 0}}, {"type": "Feature", "geometry": {"type": "Point", "coordinates": [363820.0, 1145330.0]}, "properties": {"d": 50.0, "s": 112, "base": 0, "post": -1, "recover": -1, "q1": -1}}, {"type": "Feature", "geometry": {"type": "Point", "coordinates": [363820.0, 1145340.0]}, "properties": {"d": 60.0, "s": 112, "base": 0, "post": -1, "recover": -1, "q1": -1}}, {"type": "Feature", "geometry": {"type": "Point", "coordinates": [363820.0, 1145350.0]}, "properties": {"d": 70.0, "s": 112, "base": 0, "post": -1, "recover": -1, "q1": 0}}, {"type": "Feature", "geometry": {"type": "Point", "coordinates": [363820.0, 1145360.0]}, "properties": {"d": 80.0, "s": 112, "base": 0, "post": -1, "recover": -1, "q1": 0}}, {"type": "Feature", "geometry": {"type": "Point", "coordinates": [363820.0, 1145370.0]}, "properties": {"d": 90.0, "s": 112, "base": 0, "post": -1, "recover": -1, "q1": 0}}, {"type": "Feature", "geometry": {"type": "Point", "coordinates": [363820.0, 1145380.0]}, "properties": {"d": 100.0, "s": 112, "base": 0, "post": -1, "recover": -1, "q1": 0}}, {"type": "Feature", "geometry": {"type": "Point", "coordinates": [363820.0, 1145390.0]}, "properties": {"d": 110.0, "s": 112, "base": 0, "post": -1, "recover": 0, "q1": 0}}, {"type": "Feature", "geometry": {"type": "Point", "coordinates": [363820.0, 1145400.0]}, "properties": {"d": 120.0, "s": 112, "base": 0, "post": -1, "recover": 0, "q1": 0}}, {"type": "Feature", "geometry": {"type": "Point", "coordinates": [363820.0, 1145410.0]}, "properties": {"d": 130.0, "s": 112, "base": 0, "post": -1, "recover": 0, "q1": 0}}, {"type": "Feature", "geometry": {"type": "Point", "coordinates": [363820.0, 1145420.0]}, "properties": {"d": 140.0, "s": 112, "base": 0, "post": -1, "recover": 0, "q1": 0}}, {"type": "Feature", "geometry": {"type": "Point", "coordinates": [363820.0, 1145430.0]}, "properties": {"d": 150.0, "s": 112, "base": 0, "post": -1, "recover": 0, "q1": 0}}, {"type": "Feature", "geometry": {"type": "Point", "coordinates": [358699.29, 1146079.29]}, "properties": {"d": -100.0, "s": 113, "base": -1, "post": 0, "recover": -1, "q1": 0}}, {"type": "Feature", "geometry": {"type": "Point", "coordinates": [358706.36, 1146086.36]}, "properties": {"d": -90.0, "s": 113, "base": -1, "post": 0, "recover": -1, "q1": 0}}, {"type": "Feature", "geometry": {"type": "Point", "coordinates": [358713.43, 1146093.43]}, "properties": {"d": -80.0, "s": 113, "base": -1, "post": 0, "recover": -1, "q1": 0}}, {"type": "Feature", "geometry": {"type": "Point", "coordinates": [358720.5, 1146100.5]}, "properties": {"d": -70.0, "s": 113, "base": -1, "post": 0, "recover": -1, "q1": 0}}, {"type": "Feature", "geometry": {"type": "Point", "coordinates": [358727.57, 1146107.57]}, "properties": {"d": -60.0, "s": 113, "base": -1, "post": 0, "recover": -1, "q1": 0}}, {"type": "Feature", "geometry": {"type": "Point", "coordinates": [358734.64, 1146114.64]}, "properties": {"d": -50.0, "s": 113, "base": -1, "post": 0, "recover": -1, "q1": 0}}, {"type": "Feature", "geometry": {"type": "Point", "coordinates": [358741.72, 1146121.72]}, "properties": {"d": -40.0, "s": 113, "base": -1, "post": 0, "recover": -1, "q1": -1}}, {"type": "Feature", "geometry": {"type": "Point", "coordinates": [358748.79, 1146128.79]}, "properties": {"d": -30.0, "s": 113, "base": -1, "post": 0, "recover": -1, "q1": -1}}, {"type": "Feature", "geometry": {"type": "Point", "coordinates": [358755.86, 1146135.86]}, "properties": {"d": -20.0, "s": 113, "base": 0, "post": 0, "recover": -1, "q1": -1}}, {"type": "Feature", "geometry": {"type": "Point", "coordinates": [358762.93, 1146142.93]}, "properties": {"d": -10.0, "s": 113, "base": 0, "post": 0, "recover": -1, "q1": -1}}, {"type": "Feature", "geometry": {"type": "Point", "coordinates": [358770.0, 1146150.0]}, "properties": {"d": 0.0, "s": 113, "base": 0, "post": 0, "recover": -1, "q1": -1}}, {"type": "Feature", "geometry": {"type": "Point", "coordinates": [358777.07, 1146157.07]}, "properties": {"d": 10.0, "s": 113, "base": 0, "post": 0, "recover": -1, "q1": -1}}, {"type": "Feature", "geometry": {"type": "Point", "coordinates": [358784.14, 1146164.14]}, "properties": {"d": 20.0, "s": 113, "base": 0, "post": 0, "recover": -1, "q1": -1}}, {"type": "Feature", "geometry": {"type": "Point", "coordinates": [358791.21, 1146171.21]}, "properties": {"d": 30.0, "s": 113, "base": 0, "post": 0, "recover": -1, "q1": -1}}, {"type": "Feature", "geometry": {"type": "Point", "coordinates": [358798.28, 1146178.28]}, "properties": {"d": 40.0, "s": 113, "base": 0, "post": 0, "recover": -1, "q1": 0}}, {"type": "Feature", "geometry": {"type": "Point", "coordinates": [358805.36, 1146185.36]}, "properties": {"d": 50.0, "s": 113, "base": 0, "post": 0, "recover": -1, "q1": 0}}, {"type": "Feature", "geometry": {"type": "Point", "coordinates": [358812.43, 1146192.43]}, "properties": {"d": 60.0, "s": 113, "base": 0, "post": 0, "recover": -1, "q1": 0}}, {"type": "Feature", "geometry": {"type": "Point", "coordinates": [358819.5, 1146199.5]}, "properties": {"d": 70.0, "s": 113, "base": 0, "post": 0, "recover": -1, "q1": 0}}, {"type": "Feature", "geometry": {"type": "Point", "coordinates": [358826.57, 1146206.57]}, "properties": {"d": 80.0, "s": 113, "base": 0, "post": 0, "recover": -1, "q1": 0}}, {"type": "Feature", "geometry": {"type": "Point", "coordinates": [358833.64, 1146213.64]}, "properties": {"d": 90.0, "s": 113, "base": 0, "post": 0, "recover": -1, "q1": 0}}, {"type": "Feature", "geometry": {"type": "Point", "coordinates": [358840.71, 1146220.71]}, "properties": {"d": 100.0, "s": 113, "base": 0, "post": 0, "recover": -1, "q1": 0}}, {"type": "Feature", "geometry": {"type": "Point", "coordinates": [358847.78, 1146227.78]}, "properties": {"d": 110.0, "s": 113, "base": 0, "post": 0, "recover": -1, "q1": 0}}, {"type": "Feature", "geometry": {"type": "Point", "coordinates": [358854.85, 1146234.85]}, "properties": {"d": 120.0, "s": 113, "base": 0, "post": 0, "recover": -1, "q1": 0}}, {"type": "Feature", "geometry": {"type": "Point", "coordinates": [358861.92, 1146241.92]}, "properties": {"d": 130.0, "s": 113, "base": 0, "post": 0, "recover": 0, "q1": 0}}, {"type": "Feature", "geometry": {"type": "Point", "coordinates": [358868.99, 1146249.0]}, "properties": {"d": 140.0, "s": 113, "base": 0, "post": 0, "recover": 0, "q1": 0}}, {"type": "Feature", "geometry": {"type": "Point", "coordinates": [358876.07, 1146256.07]}, "properties": {"d": 150.0, "s": 113, "base": 0, "post": 0, "recover": 0, "q1": 0}}, {"type": "Feature", "geometry": {"type": "Point", "coordinates": [360559.29, 1144080.71]}, "properties": {"d": -100.0, "s": 114, "base": -1, "post": 0, "recover": -1, "q1": 0}}, {"type": "Feature", "geometry": {"type": "Point", "coordinates": [360566.36, 1144073.64]}, "properties": {"d": -90.0, "s": 114, "base": -1, "post": 0, "recover": -1, "q1": 0}}, {"type": "Feature", "geometry": {"type": "Point", "coordinates": [360573.43, 1144066.57]}, "properties": {"d": -80.0, "s": 114, "base": -1, "post": 0, "recover": -1, "q1": 0}}, {"type": "Feature", "geometry": {"type": "Point", "coordinates": [360580.5, 1144059.5]}, "properties": {"d": -70.0, "s": 114, "base": -1, "post": 0, "recover": -1, "q1": 0}}, {"type": "Feature", "geometry": {"type": "Point", "coordinates": [360587.57, 1144052.43]}, "properties": {"d": -60.0, "s": 114, "base": -1, "post": 0, "recover": -1, "q1": 0}}, {"type": "Feature", "geometry": {"type": "Point", "coordinates": [360594.64, 1144045.36]}, "properties": {"d": -50.0, "s": 114, "base": -1, "post": 0, "recover": -1, "q1": 0}}, {"type": "Feature", "geometry": {"type": "Point", "coordinates": [360601.72, 1144038.28]}, "properties": {"d": -40.0, "s": 114, "base": -1, "post": 0, "recover": -1, "q1": 0}}, {"type": "Feature", "geometry": {"type": "Point", "coordinates": [360608.79, 1144031.21]}, "properties": {"d": -30.0, "s": 114, "base": -1, "post": 0, "recover": -1, "q1": 0}}, {"type": "Feature", "geometry": {"type": "Point", "coordinates": [360615.86, 1144024.14]}, "properties": {"d": -20.0, "s": 114, "base": -1, "post": 0, "recover": -1, "q1": 0}}, {"type": "Feature", "geometry": {"type": "Point", "coordinates": [360622.93, 1144017.07]}, "properties": {"d": -10.0, "s": 114, "base": -1, "post": 0, "recover": -1, "q1": 0}}, {"type": "Feature", "geometry": {"type": "Point", "coordinates": [360630.0, 1144010.0]}, "properties": {"d": 0.0, "s": 114, "base": 0, "post": 0, "recover": -1, "q1": 0}}, {"type": "Feature", "geometry": {"type": "Point", "coordinates": [360637.07, 1144002.93]}, "properties": {"d": 10.0, "s": 114, "base": 0, "post": 0, "recover": -1, "q1": 0}}, {"type": "Feature", "geometry": {"type": "Point", "coordinates": [360644.14, 1143995.86]}, "properties": {"d": 20.0, "s": 114, "base": 0, "post": 0, "recover": -1, "q1": 0}}, {"type": "Feature", "geometry": {"type": "Point", "coordinates": [360651.21, 1143988.79]}, "properties": {"d": 30.0, "s": 114, "base": 0, "post": 0, "recover": -1, "q1": 0}}, {"type": "Feature", "geometry": {"type": "Point", "coordinates": [360658.28, 1143981.72]}, "properties": {"d": 40.0, "s": 114, "base": 0, "post": -1, "recover": -1, "q1": 0}}, {"type": "Feature", "geometry": {"type": "Point", "coordinates": [360665.36, 1143974.64]}, "properties": {"d": 50.0, "s": 114, "base": 0, "post": 0, "recover": -1, "q1": 0}}, {"type": "Feature", "geometry": {"type": "Point", "coordinates": [360672.43, 1143967.57]}, "properties": {"d": 60.0, "s": 114, "base": 0, "post": 0, "recover": -1, "q1": 0}}, {"type": "Feature", "geometry": {"type": "Point", "coordinates": [360679.5, 1143960.5]}, "properties": {"d": 70.0, "s": 114, "base": 0, "post": 0, "recover": -1, "q1": 0}}, {"type": "Feature", "geometry": {"type": "Point", "coordinates": [360686.57, 1143953.43]}, "properties": {"d": 80.0, "s": 114, "base": 0, "post": 0, "recover": -1, "q1": 0}}, {"type": "Feature", "geometry": {"type": "Point", "coordinates": [360693.64, 1143946.36]}, "properties": {"d": 90.0, "s": 114, "base": 0, "post": 0, "recover": -1, "q1": 0}}, {"type": "Feature", "geometry": {"type": "Point", "coordinates": [360700.71, 1143939.29]}, "properties": {"d": 100.0, "s": 114, "base": 0, "post": -1, "recover": -1, "q1": 0}}, {"type": "Feature", "geometry": {"type": "Point", "coordinates": [360707.78, 1143932.22]}, "properties": {"d": 110.0, "s": 114, "base": 0, "post": -1, "recover": -1, "q1": 0}}, {"type": "Feature", "geometry": {"type": "Point", "coordinates": [360714.85, 1143925.15]}, "properties": {"d": 120.0, "s": 114, "base": 0, "post": -1, "recover": -1, "q1": 0}}, {"type": "Feature", "geometry": {"type": "Point", "coordinates": [360721.92, 1143918.08]}, "properties": {"d": 130.0, "s": 114, "base": 0, "post": -1, "recover": -1, "q1": 0}}, {"type": "Feature", "geometry": {"type": "Point", "coordinates": [360728.99, 1143911.01]}, "properties": {"d": 140.0, "s": 114, "base": 0, "post": -1, "recover": -1, "q1": 0}}, {"type": "Feature", "geometry": {"type": "Point", "coordinates": [360736.07, 1143903.93]}, "properties": {"d": 150.0, "s": 114, "base": 0, "post": -1, "recover": -1, "q1": 0}}, {"type": "Feature", "geometry": {"type": "Point", "coordinates": [364148.06, 1143629.61]}, "properties": {"d": -100.0, "s": 115, "base": 0, "post": -1, "recover": 0, "q1": 0}}, {"type": "Feature", "geometry": {"type": "Point", "coordinates": [364138.25, 1143627.65]}, "properties": {"d": -90.0, "s": 115, "base": 0, "post": -1, "recover": 0, "q1": 0}}, {"type": "Feature", "geometry": {"type": "Point", "coordinates": [364128.45, 1143625.69]}, "properties": {"d": -80.0, "s": 115, "base": 1, "post": -1, "recover": 0, "q1": 0}}, {"type": "Feature", "geometry": {"type": "Point", "coordinates": [364118.64, 1143623.73]}, "properties": {"d": -70.0, "s": 115, "base": 1, "post": -1, "recover": 0, "q1": 0}}, {"type": "Feature", "geometry": {"type": "Point", "coordinates": [364108.83, 1143621.77]}, "properties": {"d": -60.0, "s": 115, "base": 1, "post": -1, "recover": 0, "q1": 1}}, {"type": "Feature", "geometry": {"type": "Point", "coordinates": [364099.03, 1143619.81]}, "properties": {"d": -50.0, "s": 115, "base": 1, "post": -1, "recover": 1, "q1": 0}}, {"type": "Feature", "geometry": {"type": "Point", "coordinates": [364089.22, 1143617.84]}, "properties": {"d": -40.0, "s": 115, "base": 1, "post": -1, "recover": 1, "q1": 1}}, {"type": "Feature", "geometry": {"type": "Point", "coordinates": [364079.42, 1143615.88]}, "properties": {"d": -30.0, "s": 115, "base": 1, "post": -1, "recover": 1, "q1": 1}}, {"type": "Feature", "geometry": {"type": "Point", "coordinates": [364069.61, 1143613.92]}, "properties": {"d": -20.0, "s": 115, "base": 1, "post": -1, "recover": -1, "q1": 1}}, {"type": "Feature", "geometry": {"type": "Point", "coordinates": [364059.81, 1143611.96]}, "properties": {"d": -10.0, "s": 115, "base": 1, "post": -1, "recover": 1, "q1": 1}}, {"type": "Feature", "geometry": {"type": "Point", "coordinates": [364050.0, 1143610.0]}, "properties": {"d": 0.0, "s": 115, "base": 1, "post": -1, "recover": 0, "q1": 1}}, {"type": "Feature", "geometry": {"type": "Point", "coordinates": [364040.19, 1143608.04]}, "properties": {"d": 10.0, "s": 115, "base": 1, "post": -1, "recover": 0, "q1": 0}}, {"type": "Feature", "geometry": {"type": "Point", "coordinates": [364030.39, 1143606.08]}, "properties": {"d": 20.0, "s": 115, "base": 0, "post": -1, "recover": 0, "q1": 0}}, {"type": "Feature", "geometry": {"type": "Point", "coordinates": [364020.58, 1143604.12]}, "properties": {"d": 30.0, "s": 115, "base": 0, "post": -1, "recover": 0, "q1": 0}}, {"type": "Feature", "geometry": {"type": "Point", "coordinates": [364010.78, 1143602.16]}, "properties": {"d": 40.0, "s": 115, "base": 0, "post": -1, "recover": 0, "q1": 0}}, {"type": "Feature", "geometry": {"type": "Point", "coordinates": [364000.97, 1143600.19]}, "properties": {"d": 50.0, "s": 115, "base": 0, "post": -1, "recover": 0, "q1": 0}}, {"type": "Feature", "geometry": {"type": "Point", "coordinates": [363991.17, 1143598.23]}, "properties": {"d": 60.0, "s": 115, "base": 0, "post": -1, "recover": 0, "q1": 0}}, {"type": "Feature", "geometry": {"type": "Point", "coordinates": [363981.36, 1143596.27]}, "properties": {"d": 70.0, "s": 115, "base": 0, "post": -1, "recover": 0, "q1": 0}}, {"type": "Feature", "geometry": {"type": "Point", "coordinates": [363971.55, 1143594.31]}, "properties": {"d": 80.0, "s": 115, "base": 0, "post": -1, "recover": -1, "q1": -1}}, {"type": "Feature", "geometry": {"type": "Point", "coordinates": [363961.75, 1143592.35]}, "properties": {"d": 90.0, "s": 115, "base": 0, "post": -1, "recover": -1, "q1": -1}}, {"type": "Feature", "geometry": {"type": "Point", "coordinates": [363951.94, 1143590.39]}, "properties": {"d": 100.0, "s": 115, "base": 0, "post": -1, "recover": -1, "q1": -1}}, {"type": "Feature", "geometry": {"type": "Point", "coordinates": [363942.14, 1143588.43]}, "properties": {"d": 110.0, "s": 115, "base": 0, "post": -1, "recover": -1, "q1": -1}}, {"type": "Feature", "geometry": {"type": "Point", "coordinates": [363932.33, 1143586.47]}, "properties": {"d": 120.0, "s": 115, "base": 0, "post": -1, "recover": -1, "q1": -1}}, {"type": "Feature", "geometry": {"type": "Point", "coordinates": [363922.52, 1143584.5]}, "properties": {"d": 130.0, "s": 115, "base": 0, "post": -1, "recover": -1, "q1": -1}}, {"type": "Feature", "geometry": {"type": "Point", "coordinates": [363912.72, 1143582.54]}, "properties": {"d": 140.0, "s": 115, "base": 0, "post": -1, "recover": -1, "q1": -1}}, {"type": "Feature", "geometry": {"type": "Point", "coordinates": [363902.91, 1143580.58]}, "properties": {"d": 150.0, "s": 115, "base": 0, "post": -1, "recover": -1, "q1": -1}}, {"type": "Feature", "geometry": {"type": "Point", "coordinates": [365760.0, 1143940.0]}, "properties": {"d": -100.0, "s": 116, "base": 0, "post": -1, "recover": -1, "q1": 1}}, {"type": "Feature", "geometry": {"type": "Point", "coordinates": [365760.0, 1143930.0]}, "properties": {"d": -90.0, "s": 116, "base": 0, "post": -1, "recover": -1, "q1": 1}}, {"type": "Feature", "geometry": {"type": "Point", "coordinates": [365760.0, 1143920.0]}, "properties": {"d": -80.0, "s": 116, "base": 1, "post": -1, "recover": -1, "q1": 1}}, {"type": "Feature", "geometry": {"type": "Point", "coordinates": [365760.0, 1143910.0]}, "properties": {"d": -70.0, "s": 116, "base": 1, "post": -1, "recover": -1, "q1": 1}}, {"type": "Feature", "geometry": {"type": "Point", "coordinates": [365760.0, 1143900.0]}, "properties": {"d": -60.0, "s": 116, "base": 1, "post": -1, "recover": -1, "q1": 1}}, {"type": "Feature", "geometry": {"type": "Point", "coordinates": [365760.0, 1143890.0]}, "properties": {"d": -50.0, "s": 116, "base": 1, "post": -1, "recover": -1, "q1": 1}}, {"type": "Feature", "geometry": {"type": "Point", "coordinates": [365760.0, 1143880.0]}, "properties": {"d": -40.0, "s": 116, "base": 1, "post": -1, "recover": -1, "q1": 1}}, {"type": "Feature", "geometry": {"type": "Point", "coordinates": [365760.0, 1143870.0]}, "properties": {"d": -30.0, "s": 116, "base": 1, "post": -1, "recover": -1, "q1": 1}}, {"type": "Feature", "geometry": {"type": "Point", "coordinates": [365760.0, 1143860.0]}, "properties": {"d": -20.0, "s": 116, "base": 1, "post": -1, "recover": -1, "q1": 1}}, {"type": "Feature", "geometry": {"type": "Point", "coordinates": [365760.0, 1143850.0]}, "properties": {"d": -10.0, "s": 116, "base": 1, "post": -1, "recover": -1, "q1": 1}}, {"type": "Feature", "geometry": {"type": "Point", "coordinates": [365760.0, 1143840.0]}, "properties": {"d": 0.0, "s": 116, "base": 1, "post": -1, "recover": -1, "q1": 1}}, {"type": "Feature", "geometry": {"type": "Point", "coordinates": [365760.0, 1143830.0]}, "properties": {"d": 10.0, "s": 116, "base": 1, "post": -1, "recover": -1, "q1": 1}}, {"type": "Feature", "geometry": {"type": "Point", "coordinates": [365760.0, 1143820.0]}, "properties": {"d": 20.0, "s": 116, "base": 0, "post": -1, "recover": -1, "q1": 1}}, {"type": "Feature", "geometry": {"type": "Point", "coordinates": [365760.0, 1143810.0]}, "properties": {"d": 30.0, "s": 116, "base": 0, "post": -1, "recover": -1, "q1": 1}}, {"type": "Feature", "geometry": {"type": "Point", "coordinates": [365760.0, 1143800.0]}, "properties": {"d": 40.0, "s": 116, "base": 0, "post": -1, "recover": -1, "q1": 1}}, {"type": "Feature", "geometry": {"type": "Point", "coordinates": [365760.0, 1143790.0]}, "properties": {"d": 50.0, "s": 116, "base": 0, "post": -1, "recover": -1, "q1": 1}}, {"type": "Feature", "geometry": {"type": "Point", "coordinates": [365760.0, 1143780.0]}, "properties": {"d": 60.0, "s": 116, "base": 0, "post": -1, "recover": -1, "q1": 0}}, {"type": "Feature", "geometry": {"type": "Point", "coordinates": [365760.0, 1143770.0]}, "properties": {"d": 70.0, "s": 116, "base": 0, "post": -1, "recover": -1, "q1": 0}}, {"type": "Feature", "geometry": {"type": "Point", "coordinates": [365760.0, 1143760.0]}, "properties": {"d": 80.0, "s": 116, "base": 0, "post": -1, "recover": -1, "q1": 0}}, {"type": "Feature", "geometry": {"type": "Point", "coordinates": [365760.0, 1143750.0]}, "properties": {"d": 90.0, "s": 116, "base": 0, "post": -1, "recover": -1, "q1": 0}}, {"type": "Feature", "geometry": {"type": "Point", "coordinates": [365760.0, 1143740.0]}, "properties": {"d": 100.0, "s": 116, "base": 0, "post": -1, "recover": -1, "q1": 0}}, {"type": "Feature", "geometry": {"type": "Point", "coordinates": [365760.0, 1143730.0]}, "properties": {"d": 110.0, "s": 116, "base": 0, "post": -1, "recover": -1, "q1": 0}}, {"type": "Feature", "geometry": {"type": "Point", "coordinates": [365760.0, 1143720.0]}, "properties": {"d": 120.0, "s": 116, "base": 0, "post": -1, "recover": -1, "q1": 0}}, {"type": "Feature", "geometry": {"type": "Point", "coordinates": [365760.0, 1143710.0]}, "properties": {"d": 130.0, "s": 116, "base": 0, "post": -1, "recover": -1, "q1": 0}}, {"type": "Feature", "geometry": {"type": "Point", "coordinates": [365760.0, 1143700.0]}, "properties": {"d": 140.0, "s": 116, "base": 1, "post": -1, "recover": -1, "q1": 0}}, {"type": "Feature", "geometry": {"type": "Point", "coordinates": [365760.0, 1143690.0]}, "properties": {"d": 150.0, "s": 116, "base": 1, "post": -1, "recover": -1, "q1": 0}}, {"type": "Feature", "geometry": {"type": "Point", "coordinates": [363450.0, 1178510.0]}, "properties": {"d": -100.0, "s": 117, "base": -1, "post": -1, "recover": -1, "q1": -1}}, {"type": "Feature", "geometry": {"type": "Point", "coordinates": [363450.0, 1178520.0]}, "properties": {"d": -90.0, "s": 117, "base": -1, "post": -1, "recover": 0, "q1": -1}}, {"type": "Feature", "geometry": {"type": "Point", "coordinates": [363450.0, 1178530.0]}, "properties": {"d": -80.0, "s": 117, "base": -1, "post": -1, "recover": 0, "q1": -1}}, {"type": "Feature", "geometry": {"type": "Point", "coordinates": [363450.0, 1178540.0]}, "properties": {"d": -70.0, "s": 117, "base": -1, "post": -1, "recover": 0, "q1": -1}}, {"type": "Feature", "geometry": {"type": "Point", "coordinates": [363450.0, 1178550.0]}, "properties": {"d": -60.0, "s": 117, "base": -1, "post": -1, "recover": 0, "q1": -1}}, {"type": "Feature", "geometry": {"type": "Point", "coordinates": [363450.0, 1178560.0]}, "properties": {"d": -50.0, "s": 117, "base": -1, "post": -1, "recover": 0, "q1": -1}}, {"type": "Feature", "geometry": {"type": "Point", "coordinates": [363450.0, 1178570.0]}, "properties": {"d": -40.0, "s": 117, "base": -1, "post": -1, "recover": 0, "q1": -1}}, {"type": "Feature", "geometry": {"type": "Point", "coordinates": [363450.0, 1178580.0]}, "properties": {"d": -30.0, "s": 117, "base": -1, "post": -1, "recover": 0, "q1": -1}}, {"type": "Feature", "geometry": {"type": "Point", "coordinates": [363450.0, 1178590.0]}, "properties": {"d": -20.0, "s": 117, "base": -1, "post": -1, "recover": -1, "q1": -1}}, {"type": "Feature", "geometry": {"type": "Point", "coordinates": [363450.0, 1178600.0]}, "properties": {"d": -10.0, "s": 117, "base": -1, "post": -1, "recover": -1, "q1": -1}}, {"type": "Feature", "geometry": {"type": "Point", "coordinates": [363450.0, 1178610.0]}, "properties": {"d": 0.0, "s": 117, "base": -1, "post": -1, "recover": -1, "q1": -1}}, {"type": "Feature", "geometry": {"type": "Point", "coordinates": [363450.0, 1178620.0]}, "properties": {"d": 10.0, "s": 117, "base": -1, "post": -1, "recover": -1, "q1": -1}}, {"type": "Feature", "geometry": {"type": "Point", "coordinates": [363450.0, 1178630.0]}, "properties": {"d": 20.0, "s": 117, "base": -1, "post": -1, "recover": -1, "q1": -1}}, {"type": "Feature", "geometry": {"type": "Point", "coordinates": [363450.0, 1178640.0]}, "properties": {"d": 30.0, "s": 117, "base": 0, "post": -1, "recover": -1, "q1": -1}}, {"type": "Feature", "geometry": {"type": "Point", "coordinates": [363450.0, 1178650.0]}, "properties": {"d": 40.0, "s": 117, "base": 0, "post": -1, "recover": -1, "q1": -1}}, {"type": "Feature", "geometry": {"type": "Point", "coordinates": [363450.0, 1178660.0]}, "properties": {"d": 50.0, "s": 117, "base": 0, "post": -1, "recover": -1, "q1": -1}}, {"type": "Feature", "geometry": {"type": "Point", "coordinates": [363450.0, 1178670.0]}, "properties": {"d": 60.0, "s": 117, "base": 0, "post": -1, "recover": -1, "q1": -1}}, {"type": "Feature", "geometry": {"type": "Point", "coordinates": [363450.0, 1178680.0]}, "properties": {"d": 70.0, "s": 117, "base": 1, "post": -1, "recover": -1, "q1": -1}}, {"type": "Feature", "geometry": {"type": "Point", "coordinates": [363450.0, 1178690.0]}, "properties": {"d": 80.0, "s": 117, "base": 1, "post": -1, "recover": -1, "q1": -1}}, {"type": "Feature", "geometry": {"type": "Point", "coordinates": [363450.0, 1178700.0]}, "properties": {"d": 90.0, "s": 117, "base": 0, "post": -1, "recover": -1, "q1": -1}}, {"type": "Feature", "geometry": {"type": "Point", "coordinates": [363450.0, 1178710.0]}, "properties": {"d": 100.0, "s": 117, "base": 0, "post": -1, "recover": -1, "q1": -1}}, {"type": "Feature", "geometry": {"type": "Point", "coordinates": [363450.0, 1178720.0]}, "properties": {"d": 110.0, "s": 117, "base": 0, "post": -1, "recover": -1, "q1": -1}}, {"type": "Feature", "geometry": {"type": "Point", "coordinates": [363450.0, 1178730.0]}, "properties": {"d": 120.0, "s": 117, "base": 0, "post": -1, "recover": -1, "q1": -1}}, {"type": "Feature", "geometry": {"type": "Point", "coordinates": [363450.0, 1178740.0]}, "properties": {"d": 130.0, "s": 117, "base": 0, "post": -1, "recover": -1, "q1": -1}}, {"type": "Feature", "geometry": {"type": "Point", "coordinates": [363450.0, 1178750.0]}, "properties": {"d": 140.0, "s": 117, "base": 0, "post": -1, "recover": -1, "q1": -1}}, {"type": "Feature", "geometry": {"type": "Point", "coordinates": [363450.0, 1178760.0]}, "properties": {"d": 150.0, "s": 117, "base": 0, "post": -1, "recover": -1, "q1": -1}}, {"type": "Feature", "geometry": {"type": "Point", "coordinates": [358075.13, 1145328.38]}, "properties": {"d": -100.0, "s": 118, "base": -1, "post": -1, "recover": -1, "q1": 0}}, {"type": "Feature", "geometry": {"type": "Point", "coordinates": [358084.62, 1145331.54]}, "properties": {"d": -90.0, "s": 118, "base": -1, "post": -1, "recover": -1, "q1": 0}}, {"type": "Feature", "geometry": {"type": "Point", "coordinates": [358094.11, 1145334.7]}, "properties": {"d": -80.0, "s": 118, "base": -1, "post": -1, "recover": -1, "q1": 0}}, {"type": "Feature", "geometry": {"type": "Point", "coordinates": [358103.59, 1145337.86]}, "properties": {"d": -70.0, "s": 118, "base": 0, "post": -1, "recover": -1, "q1": 0}}, {"type": "Feature", "geometry": {"type": "Point", "coordinates": [358113.08, 1145341.03]}, "properties": {"d": -60.0, "s": 118, "base": 0, "post": -1, "recover": -1, "q1": 0}}, {"type": "Feature", "geometry": {"type": "Point", "coordinates": [358122.57, 1145344.19]}, "properties": {"d": -50.0, "s": 118, "base": -1, "post": -1, "recover": -1, "q1": 0}}, {"type": "Feature", "geometry": {"type": "Point", "coordinates": [358132.05, 1145347.35]}, "properties": {"d": -40.0, "s": 118, "base": -1, "post": -1, "recover": -1, "q1": 0}}, {"type": "Feature", "geometry": {"type": "Point", "coordinates": [358141.54, 1145350.51]}, "properties": {"d": -30.0, "s": 118, "base": -1, "post": -1, "recover": -1, "q1": 0}}, {"type": "Feature", "geometry": {"type": "Point", "coordinates": [358151.03, 1145353.68]}, "properties": {"d": -20.0, "s": 118, "base": -1, "post": -1, "recover": -1, "q1": 0}}, {"type": "Feature", "geometry": {"type": "Point", "coordinates": [358160.51, 1145356.84]}, "properties": {"d": -10.0, "s": 118, "base": 0, "post": -1, "recover": -1, "q1": 0}}, {"type": "Feature", "geometry": {"type": "Point", "coordinates": [358170.0, 1145360.0]}, "properties": {"d": 0.0, "s": 118, "base": 0, "post": -1, "recover": -1, "q1": 0}}, {"type": "Feature", "geometry": {"type": "Point", "coordinates": [358179.49, 1145363.16]}, "properties": {"d": 10.0, "s": 118, "base": 0, "post": -1, "recover": -1, "q1": 0}}, {"type": "Feature", "geometry": {"type": "Point", "coordinates": [358188.97, 1145366.32]}, "properties": {"d": 20.0, "s": 118, "base": 0, "post": -1, "recover": -1, "q1": 0}}, {"type": "Feature", "geometry": {"type": "Point", "coordinates": [358198.46, 1145369.49]}, "properties": {"d": 30.0, "s": 118, "base": 0, "post": -1, "recover": -1, "q1": 0}}, {"type": "Feature", "geometry": {"type": "Point", "coordinates": [358207.95, 1145372.65]}, "properties": {"d": 40.0, "s": 118, "base": 0, "post": -1, "recover": -1, "q1": 0}}, {"type": "Feature", "geometry": {"type": "Point", "coordinates": [358217.43, 1145375.81]}, "properties": {"d": 50.0, "s": 118, "base": 0, "post": -1, "recover": -1, "q1": 0}}, {"type": "Feature", "geometry": {"type": "Point", "coordinates": [358226.92, 1145378.97]}, "properties": {"d": 60.0, "s": 118, "base": 0, "post": -1, "recover": -1, "q1": 0}}, {"type": "Feature", "geometry": {"type": "Point", "coordinates": [358236.41, 1145382.14]}, "properties": {"d": 70.0, "s": 118, "base": 0, "post": -1, "recover": -1, "q1": 0}}, {"type": "Feature", "geometry": {"type": "Point", "coordinates": [358245.89, 1145385.3]}, "properties": {"d": 80.0, "s": 118, "base": 0, "post": -1, "recover": -1, "q1": 0}}, {"type": "Feature", "geometry": {"type": "Point", "coordinates": [358255.38, 1145388.46]}, "properties": {"d": 90.0, "s": 118, "base": 0, "post": -1, "recover": -1, "q1": 0}}, {"type": "Feature", "geometry": {"type": "Point", "coordinates": [358264.87, 1145391.62]}, "properties": {"d": 100.0, "s": 118, "base": 0, "post": 1, "recover": -1, "q1": 0}}, {"type": "Feature", "geometry": {"type": "Point", "coordinates": [358274.36, 1145394.79]}, "properties": {"d": 110.0, "s": 118, "base": 0, "post": 1, "recover": -1, "q1": 0}}, {"type": "Feature", "geometry": {"type": "Point", "coordinates": [358283.84, 1145397.95]}, "properties": {"d": 120.0, "s": 118, "base": -1, "post": 1, "recover": -1, "q1": 0}}, {"type": "Feature", "geometry": {"type": "Point", "coordinates": [358293.33, 1145401.11]}, "properties": {"d": 130.0, "s": 118, "base": -1, "post": 1, "recover": -1, "q1": 0}}, {"type": "Feature", "geometry": {"type": "Point", "coordinates": [358302.82, 1145404.27]}, "properties": {"d": 140.0, "s": 118, "base": -1, "post": -1, "recover": -1, "q1": 0}}, {"type": "Feature", "geometry": {"type": "Point", "coordinates": [358312.3, 1145407.43]}, "properties": {"d": 150.0, "s": 118, "base": -1, "post": -1, "recover": -1, "q1": 0}}, {"type": "Feature", "geometry": {"type": "Point", "coordinates": [371920.0, 1142680.0]}, "properties": {"d": -100.0, "s": 119, "base": 0, "post": 1, "recover": 0, "q1": 0}}, {"type": "Feature", "geometry": {"type": "Point", "coordinates": [371920.0, 1142670.0]}, "properties": {"d": -90.0, "s": 119, "base": 1, "post": 1, "recover": 0, "q1": 0}}, {"type": "Feature", "geometry": {"type": "Point", "coordinates": [371920.0, 1142660.0]}, "properties": {"d": -80.0, "s": 119, "base": 0, "post": 0, "recover": 0, "q1": 0}}, {"type": "Feature", "geometry": {"type": "Point", "coordinates": [371920.0, 1142650.0]}, "properties": {"d": -70.0, "s": 119, "base": 0, "post": 0, "recover": 0, "q1": 0}}, {"type": "Feature", "geometry": {"type": "Point", "coordinates": [371920.0, 1142640.0]}, "properties": {"d": -60.0, "s": 119, "base": 0, "post": 1, "recover": 0, "q1": 0}}, {"type": "Feature", "geometry": {"type": "Point", "coordinates": [371920.0, 1142630.0]}, "properties": {"d": -50.0, "s": 119, "base": 0, "post": 1, "recover": 1, "q1": 1}}, {"type": "Feature", "geometry": {"type": "Point", "coordinates": [371920.0, 1142620.0]}, "properties": {"d": -40.0, "s": 119, "base": 0, "post": 1, "recover": 1, "q1": 1}}, {"type": "Feature", "geometry": {"type": "Point", "coordinates": [371920.0, 1142610.0]}, "properties": {"d": -30.0, "s": 119, "base": 0, "post": 1, "recover": 1, "q1": 1}}, {"type": "Feature", "geometry": {"type": "Point", "coordinates": [371920.0, 1142600.0]}, "properties": {"d": -20.0, "s": 119, "base": 0, "post": 1, "recover": 1, "q1": 1}}, {"type": "Feature", "geometry": {"type": "Point", "coordinates": [371920.0, 1142590.0]}, "properties": {"d": -10.0, "s": 119, "base": 0, "post": 1, "recover": 0, "q1": 1}}, {"type": "Feature", "geometry": {"type": "Point", "coordinates": [371920.0, 1142580.0]}, "properties": {"d": 0.0, "s": 119, "base": 1, "post": 1, "recover": 0, "q1": 1}}, {"type": "Feature", "geometry": {"type": "Point", "coordinates": [371920.0, 1142570.0]}, "properties": {"d": 10.0, "s": 119, "base": 1, "post": 1, "recover": 0, "q1": 1}}, {"type": "Feature", "geometry": {"type": "Point", "coordinates": [371920.0, 1142560.0]}, "properties": {"d": 20.0, "s": 119, "base": 1, "post": 1, "recover": 0, "q1": 1}}, {"type": "Feature", "geometry": {"type": "Point", "coordinates": [371920.0, 1142550.0]}, "properties": {"d": 30.0, "s": 119, "base": 0, "post": 1, "recover": 0, "q1": 1}}, {"type": "Feature", "geometry": {"type": "Point", "coordinates": [371920.0, 1142540.0]}, "properties": {"d": 40.0, "s": 119, "base": 0, "post": 1, "recover": 0, "q1": 1}}, {"type": "Feature", "geometry": {"type": "Point", "coordinates": [371920.0, 1142530.0]}, "properties": {"d": 50.0, "s": 119, "base": 1, "post": 1, "recover": 1, "q1": 1}}, {"type": "Feature", "geometry": {"type": "Point", "coordinates": [371920.0, 1142520.0]}, "properties": {"d": 60.0, "s": 119, "base": 1, "post": 1, "recover": 1, "q1": 1}}, {"type": "Feature", "geometry": {"type": "Point", "coordinates": [371920.0, 1142510.0]}, "properties": {"d": 70.0, "s": 119, "base": 0, "post": 1, "recover": 0, "q1": 1}}, {"type": "Feature", "geometry": {"type": "Point", "coordinates": [371920.0, 1142500.0]}, "properties": {"d": 80.0, "s": 119, "base": 0, "post": 1, "recover": 0, "q1": 1}}, {"type": "Feature", "geometry": {"type": "Point", "coordinates": [371920.0, 1142490.0]}, "properties": {"d": 90.0, "s": 119, "base": 1, "post": 1, "recover": 0, "q1": 0}}, {"type": "Feature", "geometry": {"type": "Point", "coordinates": [371920.0, 1142480.0]}, "properties": {"d": 100.0, "s": 119, "base": 1, "post": 1, "recover": 0, "q1": 0}}, {"type": "Feature", "geometry": {"type": "Point", "coordinates": [371920.0, 1142470.0]}, "properties": {"d": 110.0, "s": 119, "base": 0, "post": 1, "recover": 0, "q1": 1}}, {"type": "Feature", "geometry": {"type": "Point", "coordinates": [371920.0, 1142460.0]}, "properties": {"d": 120.0, "s": 119, "base": 0, "post": 1, "recover": 0, "q1": 0}}, {"type": "Feature", "geometry": {"type": "Point", "coordinates": [371920.0, 1142450.0]}, "properties": {"d": 130.0, "s": 119, "base": 0, "post": 1, "recover": 0, "q1": 0}}, {"type": "Feature", "geometry": {"type": "Point", "coordinates": [371920.0, 1142440.0]}, "properties": {"d": 140.0, "s": 119, "base": 0, "post": 1, "recover": 0, "q1": -1}}, {"type": "Feature", "geometry": {"type": "Point", "coordinates": [371920.0, 1142430.0]}, "properties": {"d": 150.0, "s": 119, "base": 0, "post": 1, "recover": 0, "q1": -1}}, {"type": "Feature", "geometry": {"type": "Point", "coordinates": [372414.72, 1143449.44]}, "properties": {"d": -100.0, "s": 120, "base": 1, "post": 0, "recover": 0, "q1": 0}}, {"type": "Feature", "geometry": {"type": "Point", "coordinates": [372410.25, 1143440.5]}, "properties": {"d": -90.0, "s": 120, "base": 1, "post": 0, "recover": 0, "q1": 0}}, {"type": "Feature", "geometry": {"type": "Point", "coordinates": [372405.78, 1143431.55]}, "properties": {"d": -80.0, "s": 120, "base": 1, "post": 0, "recover": 0, "q1": 0}}, {"type": "Feature", "geometry": {"type": "Point", "coordinates": [372401.3, 1143422.61]}, "properties": {"d": -70.0, "s": 120, "base": 1, "post": 0, "recover": 0, "q1": 0}}, {"type": "Feature", "geometry": {"type": "Point", "coordinates": [372396.83, 1143413.67]}, "properties": {"d": -60.0, "s": 120, "base": 0, "post": 0, "recover": 0, "q1": -1}}, {"type": "Feature", "geometry": {"type": "Point", "coordinates": [372392.36, 1143404.72]}, "properties": {"d": -50.0, "s": 120, "base": 1, "post": 0, "recover": 0, "q1": -1}}, {"type": "Feature", "geometry": {"type": "Point", "coordinates": [372387.89, 1143395.78]}, "properties": {"d": -40.0, "s": 120, "base": 1, "post": 0, "recover": 0, "q1": -1}}, {"type": "Feature", "geometry": {"type": "Point", "coordinates": [372383.42, 1143386.83]}, "properties": {"d": -30.0, "s": 120, "base": 1, "post": 0, "recover": 0, "q1": -1}}, {"type": "Feature", "geometry": {"type": "Point", "coordinates": [372378.94, 1143377.89]}, "properties": {"d": -20.0, "s": 120, "base": 1, "post": 0, "recover": 0, "q1": -1}}, {"type": "Feature", "geometry": {"type": "Point", "coordinates": [372374.47, 1143368.94]}, "properties": {"d": -10.0, "s": 120, "base": 1, "post": 0, "recover": -1, "q1": -1}}, {"type": "Feature", "geometry": {"type": "Point", "coordinates": [372370.0, 1143360.0]}, "properties": {"d": 0.0, "s": 120, "base": 1, "post": 0, "recover": -1, "q1": -1}}, {"type": "Feature", "geometry": {"type": "Point", "coordinates": [372365.53, 1143351.06]}, "properties": {"d": 10.0, "s": 120, "base": 0, "post": 0, "recover": -1, "q1": -1}}, {"type": "Feature", "geometry": {"type": "Point", "coordinates": [372361.06, 1143342.11]}, "properties": {"d": 20.0, "s": 120, "base": 0, "post": 0, "recover": -1, "q1": -1}}, {"type": "Feature", "geometry": {"type": "Point", "coordinates": [372356.58, 1143333.17]}, "properties": {"d": 30.0, "s": 120, "base": 0, "post": 0, "recover": -1, "q1": -1}}, {"type": "Feature", "geometry": {"type": "Point", "coordinates": [372352.11, 1143324.22]}, "properties": {"d": 40.0, "s": 120, "base": 0, "post": 0, "recover": -1, "q1": -1}}, {"type": "Feature", "geometry": {"type": "Point", "coordinates": [372347.64, 1143315.28]}, "properties": {"d": 50.0, "s": 120, "base": 0, "post": 0, "recover": -1, "q1": -1}}, {"type": "Feature", "geometry": {"type": "Point", "coordinates": [372343.17, 1143306.33]}, "properties": {"d": 60.0, "s": 120, "base": 0, "post": 0, "recover": -1, "q1": -1}}, {"type": "Feature", "geometry": {"type": "Point", "coordinates": [372338.7, 1143297.39]}, "properties": {"d": 70.0, "s": 120, "base": 0, "post": 0, "recover": -1, "q1": -1}}, {"type": "Feature", "geometry": {"type": "Point", "coordinates": [372334.22, 1143288.45]}, "properties": {"d": 80.0, "s": 120, "base": 0, "post": 0, "recover": -1, "q1": -1}}, {"type": "Feature", "geometry": {"type": "Point", "coordinates": [372329.75, 1143279.5]}, "properties": {"d": 90.0, "s": 120, "base": 0, "post": 0, "recover": -1, "q1": -1}}, {"type": "Feature", "geometry": {"type": "Point", "coordinates": [372325.28, 1143270.56]}, "properties": {"d": 100.0, "s": 120, "base": 0, "post": 0, "recover": -1, "q1": -1}}, {"type": "Feature", "geometry": {"type": "Point", "coordinates": [372320.81, 1143261.61]}, "properties": {"d": 110.0, "s": 120, "base": 0, "post": 0, "recover": -1, "q1": -1}}, {"type": "Feature", "geometry": {"type": "Point", "coordinates": [372316.33, 1143252.67]}, "properties": {"d": 120.0, "s": 120, "base": 1, "post": 1, "recover": -1, "q1": -1}}, {"type": "Feature", "geometry": {"type": "Point", "coordinates": [372311.86, 1143243.72]}, "properties": {"d": 130.0, "s": 120, "base": 1, "post": 0, "recover": -1, "q1": -1}}, {"type": "Feature", "geometry": {"type": "Point", "coordinates": [372307.39, 1143234.78]}, "properties": {"d": 140.0, "s": 120, "base": 1, "post": 1, "recover": -1, "q1": -1}}, {"type": "Feature", "geometry": {"type": "Point", "coordinates": [372302.92, 1143225.84]}, "properties": {"d": 150.0, "s": 120, "base": 1, "post": 1, "recover": -1, "q1": -1}}, {"type": "Feature", "geometry": {"type": "Point", "coordinates": [371697.42, 1181808.56]}, "properties": {"d": -100.0, "s": 121, "base": 1, "post": 1, "recover": 1, "q1": -1}}, {"type": "Feature", "geometry": {"type": "Point", "coordinates": [371688.67, 1181803.71]}, "properties": {"d": -90.0, "s": 121, "base": 1, "post": 1, "recover": 1, "q1": -1}}, {"type": "Feature", "geometry": {"type": "Point", "coordinates": [371679.93, 1181798.85]}, "properties": {"d": -80.0, "s": 121, "base": 1, "post": 1, "recover": 1, "q1": -1}}, {"type": "Feature", "geometry": {"type": "Point", "coordinates": [371671.19, 1181794.0]}, "properties": {"d": -70.0, "s": 121, "base": 1, "post": 1, "recover": 1, "q1": -1}}, {"type": "Feature", "geometry": {"type": "Point", "coordinates": [371662.45, 1181789.14]}, "properties": {"d": -60.0, "s": 121, "base": 1, "post": 1, "recover": 0, "q1": 0}}, {"type": "Feature", "geometry": {"type": "Point", "coordinates": [371653.71, 1181784.28]}, "properties": {"d": -50.0, "s": 121, "base": 1, "post": 0, "recover": 0, "q1": 0}}, {"type": "Feature", "geometry": {"type": "Point", "coordinates": [371644.97, 1181779.43]}, "properties": {"d": -40.0, "s": 121, "base": 0, "post": 0, "recover": 0, "q1": 0}}, {"type": "Feature", "geometry": {"type": "Point", "coordinates": [371636.22, 1181774.57]}, "properties": {"d": -30.0, "s": 121, "base": 0, "post": 0, "recover": 0, "q1": 0}}, {"type": "Feature", "geometry": {"type": "Point", "coordinates": [371627.48, 1181769.71]}, "properties": {"d": -20.0, "s": 121, "base": 0, "post": 0, "recover": 0, "q1": 0}}, {"type": "Feature", "geometry": {"type": "Point", "coordinates": [371618.74, 1181764.86]}, "properties": {"d": -10.0, "s": 121, "base": 0, "post": 0, "recover": 0, "q1": 0}}, {"type": "Feature", "geometry": {"type": "Point", "coordinates": [371610.0, 1181760.0]}, "properties": {"d": 0.0, "s": 121, "base": 0, "post": 0, "recover": 0, "q1": 0}}, {"type": "Feature", "geometry": {"type": "Point", "coordinates": [371601.26, 1181755.14]}, "properties": {"d": 10.0, "s": 121, "base": 0, "post": 0, "recover": 0, "q1": 0}}, {"type": "Feature", "geometry": {"type": "Point", "coordinates": [371592.52, 1181750.29]}, "properties": {"d": 20.0, "s": 121, "base": 1, "post": 1, "recover": 1, "q1": 1}}, {"type": "Feature", "geometry": {"type": "Point", "coordinates": [371583.78, 1181745.43]}, "properties": {"d": 30.0, "s": 121, "base": 1, "post": 1, "recover": 1, "q1": 1}}, {"type": "Feature", "geometry": {"type": "Point", "coordinates": [371575.03, 1181740.57]}, "properties": {"d": 40.0, "s": 121, "base": 0, "post": 1, "recover": 0, "q1": 0}}, {"type": "Feature", "geometry": {"type": "Point", "coordinates": [371566.29, 1181735.72]}, "properties": {"d": 50.0, "s": 121, "base": 0, "post": 1, "recover": 0, "q1": 0}}, {"type": "Feature", "geometry": {"type": "Point", "coordinates": [371557.55, 1181730.86]}, "properties": {"d": 60.0, "s": 121, "base": 0, "post": 1, "recover": 0, "q1": 0}}, {"type": "Feature", "geometry": {"type": "Point", "coordinates": [371548.81, 1181726.0]}, "properties": {"d": 70.0, "s": 121, "base": 0, "post": 1, "recover": 0, "q1": 0}}, {"type": "Feature", "geometry": {"type": "Point", "coordinates": [371540.07, 1181721.15]}, "properties": {"d": 80.0, "s": 121, "base": 0, "post": 0, "recover": 0, "q1": 0}}, {"type": "Feature", "geometry": {"type": "Point", "coordinates": [371531.33, 1181716.29]}, "properties": {"d": 90.0, "s": 121, "base": 0, "post": 0, "recover": -1, "q1": -1}}, {"type": "Feature", "geometry": {"type": "Point", "coordinates": [371522.58, 1181711.44]}, "properties": {"d": 100.0, "s": 121, "base": 1, "post": 1, "recover": -1, "q1": -1}}, {"type": "Feature", "geometry": {"type": "Point", "coordinates": [371513.84, 1181706.58]}, "properties": {"d": 110.0, "s": 121, "base": 1, "post": -1, "recover": -1, "q1": -1}}, {"type": "Feature", "geometry": {"type": "Point", "coordinates": [371505.1, 1181701.72]}, "properties": {"d": 120.0, "s": 121, "base": 0, "post": -1, "recover": -1, "q1": -1}}, {"type": "Feature", "geometry": {"type": "Point", "coordinates": [371496.36, 1181696.87]}, "properties": {"d": 130.0, "s": 121, "base": -1, "post": -1, "recover": -1, "q1": -1}}, {"type": "Feature", "geometry": {"type": "Point", "coordinates": [371487.62, 1181692.01]}, "properties": {"d": 140.0, "s": 121, "base": -1, "post": -1, "recover": -1, "q1": -1}}, {"type": "Feature", "geometry": {"type": "Point", "coordinates": [371478.88, 1181687.15]}, "properties": {"d": 150.0, "s": 121, "base": -1, "post": -1, "recover": -1, "q1": -1}}, {"type": "Feature", "geometry": {"type": "Point", "coordinates": [369850.0, 1164020.0]}, "properties": {"d": -100.0, "s": 122, "base": 1, "post": 1, "recover": 1, "q1": -1}}, {"type": "Feature", "geometry": {"type": "Point", "coordinates": [369840.0, 1164020.0]}, "properties": {"d": -90.0, "s": 122, "base": 1, "post": 1, "recover": 1, "q1": -1}}, {"type": "Feature", "geometry": {"type": "Point", "coordinates": [369830.0, 1164020.0]}, "properties": {"d": -80.0, "s": 122, "base": 1, "post": 1, "recover": 1, "q1": -1}}, {"type": "Feature", "geometry": {"type": "Point", "coordinates": [369820.0, 1164020.0]}, "properties": {"d": -70.0, "s": 122, "base": 1, "post": 1, "recover": 1, "q1": -1}}, {"type": "Feature", "geometry": {"type": "Point", "coordinates": [369810.0, 1164020.0]}, "properties": {"d": -60.0, "s": 122, "base": 1, "post": 1, "recover": 1, "q1": -1}}, {"type": "Feature", "geometry": {"type": "Point", "coordinates": [369800.0, 1164020.0]}, "properties": {"d": -50.0, "s": 122, "base": 1, "post": 1, "recover": 1, "q1": -1}}, {"type": "Feature", "geometry": {"type": "Point", "coordinates": [369790.0, 1164020.0]}, "properties": {"d": -40.0, "s": 122, "base": 1, "post": 1, "recover": 1, "q1": -1}}, {"type": "Feature", "geometry": {"type": "Point", "coordinates": [369780.0, 1164020.0]}, "properties": {"d": -30.0, "s": 122, "base": 1, "post": 1, "recover": 0, "q1": -1}}, {"type": "Feature", "geometry": {"type": "Point", "coordinates": [369770.0, 1164020.0]}, "properties": {"d": -20.0, "s": 122, "base": 0, "post": 1, "recover": 0, "q1": -1}}, {"type": "Feature", "geometry": {"type": "Point", "coordinates": [369760.0, 1164020.0]}, "properties": {"d": -10.0, "s": 122, "base": 0, "post": 1, "recover": 0, "q1": -1}}, {"type": "Feature", "geometry": {"type": "Point", "coordinates": [369750.0, 1164020.0]}, "properties": {"d": 0.0, "s": 122, "base": 1, "post": 1, "recover": 0, "q1": -1}}, {"type": "Feature", "geometry": {"type": "Point", "coordinates": [369740.0, 1164020.0]}, "properties": {"d": 10.0, "s": 122, "base": 1, "post": 1, "recover": 1, "q1": -1}}, {"type": "Feature", "geometry": {"type": "Point", "coordinates": [369730.0, 1164020.0]}, "properties": {"d": 20.0, "s": 122, "base": 0, "post": 1, "recover": 1, "q1": -1}}, {"type": "Feature", "geometry": {"type": "Point", "coordinates": [369720.0, 1164020.0]}, "properties": {"d": 30.0, "s": 122, "base": 0, "post": 1, "recover": 1, "q1": -1}}, {"type": "Feature", "geometry": {"type": "Point", "coordinates": [369710.0, 1164020.0]}, "properties": {"d": 40.0, "s": 122, "base": 1, "post": 1, "recover": 1, "q1": -1}}, {"type": "Feature", "geometry": {"type": "Point", "coordinates": [369700.0, 1164020.0]}, "properties": {"d": 50.0, "s": 122, "base": 0, "post": 1, "recover": 1, "q1": -1}}, {"type": "Feature", "geometry": {"type": "Point", "coordinates": [369690.0, 1164020.0]}, "properties": {"d": 60.0, "s": 122, "base": 0, "post": 1, "recover": 1, "q1": -1}}, {"type": "Feature", "geometry": {"type": "Point", "coordinates": [369680.0, 1164020.0]}, "properties": {"d": 70.0, "s": 122, "base": 0, "post": 1, "recover": 1, "q1": -1}}, {"type": "Feature", "geometry": {"type": "Point", "coordinates": [369670.0, 1164020.0]}, "properties": {"d": 80.0, "s": 122, "base": 0, "post": 1, "recover": 1, "q1": -1}}, {"type": "Feature", "geometry": {"type": "Point", "coordinates": [369660.0, 1164020.0]}, "properties": {"d": 90.0, "s": 122, "base": 0, "post": 1, "recover": 1, "q1": -1}}, {"type": "Feature", "geometry": {"type": "Point", "coordinates": [369650.0, 1164020.0]}, "properties": {"d": 100.0, "s": 122, "base": 1, "post": 1, "recover": 1, "q1": -1}}, {"type": "Feature", "geometry": {"type": "Point", "coordinates": [369640.0, 1164020.0]}, "properties": {"d": 110.0, "s": 122, "base": 1, "post": 1, "recover": 1, "q1": -1}}, {"type": "Feature", "geometry": {"type": "Point", "coordinates": [369630.0, 1164020.0]}, "properties": {"d": 120.0, "s": 122, "base": 1, "post": 1, "recover": 0, "q1": -1}}, {"type": "Feature", "geometry": {"type": "Point", "coordinates": [369620.0, 1164020.0]}, "properties": {"d": 130.0, "s": 122, "base": 1, "post": 1, "recover": 0, "q1": -1}}, {"type": "Feature", "geometry": {"type": "Point", "coordinates": [369610.0, 1164020.0]}, "properties": {"d": 140.0, "s": 122, "base": 1, "post": 1, "recover": 0, "q1": -1}}, {"type": "Feature", "geometry": {"type": "Point", "coordinates": [369600.0, 1164020.0]}, "properties": {"d": 150.0, "s": 122, "base": 1, "post": 1, "recover": 0, "q1": -1}}, {"type": "Feature", "geometry": {"type": "Point", "coordinates": [369110.0, 1165860.0]}, "properties": {"d": -100.0, "s": 123, "base": 1, "post": 1, "recover": -1, "q1": -1}}, {"type": "Feature", "geometry": {"type": "Point", "coordinates": [369120.0, 1165860.0]}, "properties": {"d": -90.0, "s": 123, "base": 1, "post": 1, "recover": -1, "q1": -1}}, {"type": "Feature", "geometry": {"type": "Point", "coordinates": [369130.0, 1165860.0]}, "properties": {"d": -80.0, "s": 123, "base": 1, "post": 1, "recover": -1, "q1": -1}}, {"type": "Feature", "geometry": {"type": "Point", "coordinates": [369140.0, 1165860.0]}, "properties": {"d": -70.0, "s": 123, "base": 1, "post": 1, "recover": -1, "q1": -1}}, {"type": "Feature", "geometry": {"type": "Point", "coordinates": [369150.0, 1165860.0]}, "properties": {"d": -60.0, "s": 123, "base": 1, "post": 1, "recover": -1, "q1": -1}}, {"type": "Feature", "geometry": {"type": "Point", "coordinates": [369160.0, 1165860.0]}, "properties": {"d": -50.0, "s": 123, "base": 1, "post": 1, "recover": -1, "q1": -1}}, {"type": "Feature", "geometry": {"type": "Point", "coordinates": [369170.0, 1165860.0]}, "properties": {"d": -40.0, "s": 123, "base": 1, "post": -1, "recover": -1, "q1": -1}}, {"type": "Feature", "geometry": {"type": "Point", "coordinates": [369180.0, 1165860.0]}, "properties": {"d": -30.0, "s": 123, "base": 1, "post": -1, "recover": -1, "q1": -1}}, {"type": "Feature", "geometry": {"type": "Point", "coordinates": [369190.0, 1165860.0]}, "properties": {"d": -20.0, "s": 123, "base": 1, "post": -1, "recover": 1, "q1": -1}}, {"type": "Feature", "geometry": {"type": "Point", "coordinates": [369200.0, 1165860.0]}, "properties": {"d": -10.0, "s": 123, "base": 1, "post": -1, "recover": 1, "q1": -1}}, {"type": "Feature", "geometry": {"type": "Point", "coordinates": [369210.0, 1165860.0]}, "properties": {"d": 0.0, "s": 123, "base": 0, "post": -1, "recover": 1, "q1": -1}}, {"type": "Feature", "geometry": {"type": "Point", "coordinates": [369220.0, 1165860.0]}, "properties": {"d": 10.0, "s": 123, "base": 0, "post": -1, "recover": 1, "q1": -1}}, {"type": "Feature", "geometry": {"type": "Point", "coordinates": [369230.0, 1165860.0]}, "properties": {"d": 20.0, "s": 123, "base": 0, "post": -1, "recover": 1, "q1": -1}}, {"type": "Feature", "geometry": {"type": "Point", "coordinates": [369240.0, 1165860.0]}, "properties": {"d": 30.0, "s": 123, "base": 0, "post": -1, "recover": 1, "q1": -1}}, {"type": "Feature", "geometry": {"type": "Point", "coordinates": [369250.0, 1165860.0]}, "properties": {"d": 40.0, "s": 123, "base": 0, "post": -1, "recover": 1, "q1": -1}}, {"type": "Feature", "geometry": {"type": "Point", "coordinates": [369260.0, 1165860.0]}, "properties": {"d": 50.0, "s": 123, "base": 0, "post": -1, "recover": 1, "q1": -1}}, {"type": "Feature", "geometry": {"type": "Point", "coordinates": [369270.0, 1165860.0]}, "properties": {"d": 60.0, "s": 123, "base": 0, "post": -1, "recover": 1, "q1": -1}}, {"type": "Feature", "geometry": {"type": "Point", "coordinates": [369280.0, 1165860.0]}, "properties": {"d": 70.0, "s": 123, "base": 0, "post": -1, "recover": 1, "q1": -1}}, {"type": "Feature", "geometry": {"type": "Point", "coordinates": [369290.0, 1165860.0]}, "properties": {"d": 80.0, "s": 123, "base": 0, "post": -1, "recover": 1, "q1": -1}}, {"type": "Feature", "geometry": {"type": "Point", "coordinates": [369300.0, 1165860.0]}, "properties": {"d": 90.0, "s": 123, "base": 0, "post": -1, "recover": 1, "q1": -1}}, {"type": "Feature", "geometry": {"type": "Point", "coordinates": [369310.0, 1165860.0]}, "properties": {"d": 100.0, "s": 123, "base": 0, "post": -1, "recover": 1, "q1": -1}}, {"type": "Feature", "geometry": {"type": "Point", "coordinates": [369320.0, 1165860.0]}, "properties": {"d": 110.0, "s": 123, "base": 0, "post": -1, "recover": 1, "q1": -1}}, {"type": "Feature", "geometry": {"type": "Point", "coordinates": [369330.0, 1165860.0]}, "properties": {"d": 120.0, "s": 123, "base": 0, "post": -1, "recover": 1, "q1": -1}}, {"type": "Feature", "geometry": {"type": "Point", "coordinates": [369340.0, 1165860.0]}, "properties": {"d": 130.0, "s": 123, "base": 0, "post": -1, "recover": 1, "q1": -1}}, {"type": "Feature", "geometry": {"type": "Point", "coordinates": [369350.0, 1165860.0]}, "properties": {"d": 140.0, "s": 123, "base": 0, "post": -1, "recover": 1, "q1": -1}}, {"type": "Feature", "geometry": {"type": "Point", "coordinates": [369360.0, 1165860.0]}, "properties": {"d": 150.0, "s": 123, "base": 0, "post": -1, "recover": 1, "q1": -1}}, {"type": "Feature", "geometry": {"type": "Point", "coordinates": [368340.0, 1164290.0]}, "properties": {"d": -100.0, "s": 124, "base": 1, "post": -1, "recover": 1, "q1": -1}}, {"type": "Feature", "geometry": {"type": "Point", "coordinates": [368340.0, 1164300.0]}, "properties": {"d": -90.0, "s": 124, "base": 1, "post": -1, "recover": 1, "q1": -1}}, {"type": "Feature", "geometry": {"type": "Point", "coordinates": [368340.0, 1164310.0]}, "properties": {"d": -80.0, "s": 124, "base": 1, "post": -1, "recover": 1, "q1": -1}}, {"type": "Feature", "geometry": {"type": "Point", "coordinates": [368340.0, 1164320.0]}, "properties": {"d": -70.0, "s": 124, "base": 1, "post": -1, "recover": 1, "q1": -1}}, {"type": "Feature", "geometry": {"type": "Point", "coordinates": [368340.0, 1164330.0]}, "properties": {"d": -60.0, "s": 124, "base": 1, "post": -1, "recover": 1, "q1": -1}}, {"type": "Feature", "geometry": {"type": "Point", "coordinates": [368340.0, 1164340.0]}, "properties": {"d": -50.0, "s": 124, "base": 1, "post": -1, "recover": 1, "q1": -1}}, {"type": "Feature", "geometry": {"type": "Point", "coordinates": [368340.0, 1164350.0]}, "properties": {"d": -40.0, "s": 124, "base": 1, "post": -1, "recover": 1, "q1": -1}}, {"type": "Feature", "geometry": {"type": "Point", "coordinates": [368340.0, 1164360.0]}, "properties": {"d": -30.0, "s": 124, "base": 1, "post": -1, "recover": 1, "q1": -1}}, {"type": "Feature", "geometry": {"type": "Point", "coordinates": [368340.0, 1164370.0]}, "properties": {"d": -20.0, "s": 124, "base": 1, "post": -1, "recover": 1, "q1": -1}}, {"type": "Feature", "geometry": {"type": "Point", "coordinates": [368340.0, 1164380.0]}, "properties": {"d": -10.0, "s": 124, "base": 0, "post": -1, "recover": 1, "q1": -1}}, {"type": "Feature", "geometry": {"type": "Point", "coordinates": [368340.0, 1164390.0]}, "properties": {"d": 0.0, "s": 124, "base": 0, "post": -1, "recover": 1, "q1": -1}}, {"type": "Feature", "geometry": {"type": "Point", "coordinates": [368340.0, 1164400.0]}, "properties": {"d": 10.0, "s": 124, "base": 0, "post": -1, "recover": 1, "q1": -1}}, {"type": "Feature", "geometry": {"type": "Point", "coordinates": [368340.0, 1164410.0]}, "properties": {"d": 20.0, "s": 124, "base": 0, "post": -1, "recover": 1, "q1": -1}}, {"type": "Feature", "geometry": {"type": "Point", "coordinates": [368340.0, 1164420.0]}, "properties": {"d": 30.0, "s": 124, "base": 0, "post": -1, "recover": 1, "q1": -1}}, {"type": "Feature", "geometry": {"type": "Point", "coordinates": [368340.0, 1164430.0]}, "properties": {"d": 40.0, "s": 124, "base": 0, "post": -1, "recover": 1, "q1": -1}}, {"type": "Feature", "geometry": {"type": "Point", "coordinates": [368340.0, 1164440.0]}, "properties": {"d": 50.0, "s": 124, "base": 0, "post": -1, "recover": 1, "q1": -1}}, {"type": "Feature", "geometry": {"type": "Point", "coordinates": [368340.0, 1164450.0]}, "properties": {"d": 60.0, "s": 124, "base": 0, "post": -1, "recover": 1, "q1": -1}}, {"type": "Feature", "geometry": {"type": "Point", "coordinates": [368340.0, 1164460.0]}, "properties": {"d": 70.0, "s": 124, "base": 0, "post": -1, "recover": 1, "q1": -1}}, {"type": "Feature", "geometry": {"type": "Point", "coordinates": [368340.0, 1164470.0]}, "properties": {"d": 80.0, "s": 124, "base": 0, "post": -1, "recover": 1, "q1": -1}}, {"type": "Feature", "geometry": {"type": "Point", "coordinates": [368340.0, 1164480.0]}, "properties": {"d": 90.0, "s": 124, "base": 0, "post": -1, "recover": 1, "q1": -1}}, {"type": "Feature", "geometry": {"type": "Point", "coordinates": [368340.0, 1164490.0]}, "properties": {"d": 100.0, "s": 124, "base": 0, "post": -1, "recover": 1, "q1": -1}}, {"type": "Feature", "geometry": {"type": "Point", "coordinates": [368340.0, 1164500.0]}, "properties": {"d": 110.0, "s": 124, "base": 0, "post": -1, "recover": 1, "q1": -1}}, {"type": "Feature", "geometry": {"type": "Point", "coordinates": [368340.0, 1164510.0]}, "properties": {"d": 120.0, "s": 124, "base": 0, "post": -1, "recover": 1, "q1": -1}}, {"type": "Feature", "geometry": {"type": "Point", "coordinates": [368340.0, 1164520.0]}, "properties": {"d": 130.0, "s": 124, "base": 0, "post": -1, "recover": 1, "q1": -1}}, {"type": "Feature", "geometry": {"type": "Point", "coordinates": [368340.0, 1164530.0]}, "properties": {"d": 140.0, "s": 124, "base": 0, "post": -1, "recover": 1, "q1": -1}}, {"type": "Feature", "geometry": {"type": "Point", "coordinates": [368340.0, 1164540.0]}, "properties": {"d": 150.0, "s": 124, "base": 0, "post": -1, "recover": 1, "q1": -1}}, {"type": "Feature", "geometry": {"type": "Point", "coordinates": [366350.0, 1161380.0]}, "properties": {"d": -100.0, "s": 125, "base": 1, "post": -1, "recover": 1, "q1": -1}}, {"type": "Feature", "geometry": {"type": "Point", "coordinates": [366350.0, 1161390.0]}, "properties": {"d": -90.0, "s": 125, "base": 1, "post": -1, "recover": 1, "q1": -1}}, {"type": "Feature", "geometry": {"type": "Point", "coordinates": [366350.0, 1161400.0]}, "properties": {"d": -80.0, "s": 125, "base": 1, "post": -1, "recover": 1, "q1": -1}}, {"type": "Feature", "geometry": {"type": "Point", "coordinates": [366350.0, 1161410.0]}, "properties": {"d": -70.0, "s": 125, "base": 1, "post": -1, "recover": 1, "q1": -1}}, {"type": "Feature", "geometry": {"type": "Point", "coordinates": [366350.0, 1161420.0]}, "properties": {"d": -60.0, "s": 125, "base": 1, "post": -1, "recover": -1, "q1": -1}}, {"type": "Feature", "geometry": {"type": "Point", "coordinates": [366350.0, 1161430.0]}, "properties": {"d": -50.0, "s": 125, "base": 1, "post": -1, "recover": -1, "q1": -1}}, {"type": "Feature", "geometry": {"type": "Point", "coordinates": [366350.0, 1161440.0]}, "properties": {"d": -40.0, "s": 125, "base": 1, "post": -1, "recover": -1, "q1": -1}}, {"type": "Feature", "geometry": {"type": "Point", "coordinates": [366350.0, 1161450.0]}, "properties": {"d": -30.0, "s": 125, "base": 1, "post": -1, "recover": -1, "q1": -1}}, {"type": "Feature", "geometry": {"type": "Point", "coordinates": [366350.0, 1161460.0]}, "properties": {"d": -20.0, "s": 125, "base": 1, "post": -1, "recover": -1, "q1": -1}}, {"type": "Feature", "geometry": {"type": "Point", "coordinates": [366350.0, 1161470.0]}, "properties": {"d": -10.0, "s": 125, "base": 1, "post": -1, "recover": -1, "q1": -1}}, {"type": "Feature", "geometry": {"type": "Point", "coordinates": [366350.0, 1161480.0]}, "properties": {"d": 0.0, "s": 125, "base": 0, "post": -1, "recover": -1, "q1": -1}}, {"type": "Feature", "geometry": {"type": "Point", "coordinates": [366350.0, 1161490.0]}, "properties": {"d": 10.0, "s": 125, "base": 0, "post": -1, "recover": -1, "q1": -1}}, {"type": "Feature", "geometry": {"type": "Point", "coordinates": [366350.0, 1161500.0]}, "properties": {"d": 20.0, "s": 125, "base": 0, "post": -1, "recover": -1, "q1": -1}}, {"type": "Feature", "geometry": {"type": "Point", "coordinates": [366350.0, 1161510.0]}, "properties": {"d": 30.0, "s": 125, "base": 0, "post": -1, "recover": -1, "q1": -1}}, {"type": "Feature", "geometry": {"type": "Point", "coordinates": [366350.0, 1161520.0]}, "properties": {"d": 40.0, "s": 125, "base": 0, "post": -1, "recover": -1, "q1": -1}}, {"type": "Feature", "geometry": {"type": "Point", "coordinates": [366350.0, 1161530.0]}, "properties": {"d": 50.0, "s": 125, "base": 0, "post": -1, "recover": -1, "q1": -1}}, {"type": "Feature", "geometry": {"type": "Point", "coordinates": [366350.0, 1161540.0]}, "properties": {"d": 60.0, "s": 125, "base": 0, "post": -1, "recover": -1, "q1": -1}}, {"type": "Feature", "geometry": {"type": "Point", "coordinates": [366350.0, 1161550.0]}, "properties": {"d": 70.0, "s": 125, "base": 0, "post": -1, "recover": -1, "q1": -1}}, {"type": "Feature", "geometry": {"type": "Point", "coordinates": [366350.0, 1161560.0]}, "properties": {"d": 80.0, "s": 125, "base": 0, "post": -1, "recover": -1, "q1": -1}}, {"type": "Feature", "geometry": {"type": "Point", "coordinates": [366350.0, 1161570.0]}, "properties": {"d": 90.0, "s": 125, "base": 0, "post": -1, "recover": -1, "q1": -1}}, {"type": "Feature", "geometry": {"type": "Point", "coordinates": [366350.0, 1161580.0]}, "properties": {"d": 100.0, "s": 125, "base": 0, "post": -1, "recover": -1, "q1": -1}}, {"type": "Feature", "geometry": {"type": "Point", "coordinates": [366350.0, 1161590.0]}, "properties": {"d": 110.0, "s": 125, "base": 0, "post": -1, "recover": -1, "q1": -1}}, {"type": "Feature", "geometry": {"type": "Point", "coordinates": [366350.0, 1161600.0]}, "properties": {"d": 120.0, "s": 125, "base": 0, "post": -1, "recover": -1, "q1": -1}}, {"type": "Feature", "geometry": {"type": "Point", "coordinates": [366350.0, 1161610.0]}, "properties": {"d": 130.0, "s": 125, "base": 0, "post": -1, "recover": -1, "q1": -1}}, {"type": "Feature", "geometry": {"type": "Point", "coordinates": [366350.0, 1161620.0]}, "properties": {"d": 140.0, "s": 125, "base": 0, "post": -1, "recover": -1, "q1": -1}}, {"type": "Feature", "geometry": {"type": "Point", "coordinates": [366350.0, 1161630.0]}, "properties": {"d": 150.0, "s": 125, "base": 0, "post": -1, "recover": -1, "q1": -1}}, {"type": "Feature", "geometry": {"type": "Point", "coordinates": [365230.0, 1164380.0]}, "properties": {"d": -100.0, "s": 126, "base": 0, "post": -1, "recover": 1, "q1": -1}}, {"type": "Feature", "geometry": {"type": "Point", "coordinates": [365220.0, 1164380.0]}, "properties": {"d": -90.0, "s": 126, "base": 0, "post": -1, "recover": 1, "q1": -1}}, {"type": "Feature", "geometry": {"type": "Point", "coordinates": [365210.0, 1164380.0]}, "properties": {"d": -80.0, "s": 126, "base": 1, "post": 1, "recover": 1, "q1": -1}}, {"type": "Feature", "geometry": {"type": "Point", "coordinates": [365200.0, 1164380.0]}, "properties": {"d": -70.0, "s": 126, "base": 1, "post": 1, "recover": 1, "q1": -1}}, {"type": "Feature", "geometry": {"type": "Point", "coordinates": [365190.0, 1164380.0]}, "properties": {"d": -60.0, "s": 126, "base": 1, "post": 1, "recover": 1, "q1": -1}}, {"type": "Feature", "geometry": {"type": "Point", "coordinates": [365180.0, 1164380.0]}, "properties": {"d": -50.0, "s": 126, "base": 0, "post": 1, "recover": 1, "q1": -1}}, {"type": "Feature", "geometry": {"type": "Point", "coordinates": [365170.0, 1164380.0]}, "properties": {"d": -40.0, "s": 126, "base": 0, "post": 1, "recover": 1, "q1": -1}}, {"type": "Feature", "geometry": {"type": "Point", "coordinates": [365160.0, 1164380.0]}, "properties": {"d": -30.0, "s": 126, "base": 0, "post": 1, "recover": 1, "q1": -1}}, {"type": "Feature", "geometry": {"type": "Point", "coordinates": [365150.0, 1164380.0]}, "properties": {"d": -20.0, "s": 126, "base": 0, "post": 1, "recover": 1, "q1": -1}}, {"type": "Feature", "geometry": {"type": "Point", "coordinates": [365140.0, 1164380.0]}, "properties": {"d": -10.0, "s": 126, "base": 1, "post": 1, "recover": 1, "q1": -1}}, {"type": "Feature", "geometry": {"type": "Point", "coordinates": [365130.0, 1164380.0]}, "properties": {"d": 0.0, "s": 126, "base": 0, "post": 1, "recover": 1, "q1": -1}}, {"type": "Feature", "geometry": {"type": "Point", "coordinates": [365120.0, 1164380.0]}, "properties": {"d": 10.0, "s": 126, "base": 1, "post": 1, "recover": 1, "q1": -1}}, {"type": "Feature", "geometry": {"type": "Point", "coordinates": [365110.0, 1164380.0]}, "properties": {"d": 20.0, "s": 126, "base": 1, "post": 1, "recover": 1, "q1": -1}}, {"type": "Feature", "geometry": {"type": "Point", "coordinates": [365100.0, 1164380.0]}, "properties": {"d": 30.0, "s": 126, "base": 1, "post": 1, "recover": 1, "q1": -1}}, {"type": "Feature", "geometry": {"type": "Point", "coordinates": [365090.0, 1164380.0]}, "properties": {"d": 40.0, "s": 126, "base": 1, "post": 1, "recover": 1, "q1": -1}}, {"type": "Feature", "geometry": {"type": "Point", "coordinates": [365080.0, 1164380.0]}, "properties": {"d": 50.0, "s": 126, "base": 1, "post": 1, "recover": 1, "q1": -1}}, {"type": "Feature", "geometry": {"type": "Point", "coordinates": [365070.0, 1164380.0]}, "properties": {"d": 60.0, "s": 126, "base": 1, "post": 1, "recover": 1, "q1": -1}}, {"type": "Feature", "geometry": {"type": "Point", "coordinates": [365060.0, 1164380.0]}, "properties": {"d": 70.0, "s": 126, "base": 1, "post": 1, "recover": 1, "q1": -1}}, {"type": "Feature", "geometry": {"type": "Point", "coordinates": [365050.0, 1164380.0]}, "properties": {"d": 80.0, "s": 126, "base": 0, "post": 1, "recover": 1, "q1": -1}}, {"type": "Feature", "geometry": {"type": "Point", "coordinates": [365040.0, 1164380.0]}, "properties": {"d": 90.0, "s": 126, "base": 0, "post": 1, "recover": 1, "q1": -1}}, {"type": "Feature", "geometry": {"type": "Point", "coordinates": [365030.0, 1164380.0]}, "properties": {"d": 100.0, "s": 126, "base": 0, "post": 1, "recover": 1, "q1": -1}}, {"type": "Feature", "geometry": {"type": "Point", "coordinates": [365020.0, 1164380.0]}, "properties": {"d": 110.0, "s": 126, "base": 0, "post": 1, "recover": 1, "q1": -1}}, {"type": "Feature", "geometry": {"type": "Point", "coordinates": [365010.0, 1164380.0]}, "properties": {"d": 120.0, "s": 126, "base": 0, "post": 1, "recover": 1, "q1": -1}}, {"type": "Feature", "geometry": {"type": "Point", "coordinates": [365000.0, 1164380.0]}, "properties": {"d": 130.0, "s": 126, "base": 0, "post": 1, "recover": 1, "q1": -1}}, {"type": "Feature", "geometry": {"type": "Point", "coordinates": [364990.0, 1164380.0]}, "properties": {"d": 140.0, "s": 126, "base": 0, "post": 1, "recover": 1, "q1": -1}}, {"type": "Feature", "geometry": {"type": "Point", "coordinates": [364980.0, 1164380.0]}, "properties": {"d": 150.0, "s": 126, "base": 0, "post": 1, "recover": 1, "q1": -1}}, {"type": "Feature", "geometry": {"type": "Point", "coordinates": [363700.71, 1162150.71]}, "properties": {"d": -100.0, "s": 127, "base": 1, "post": 1, "recover": 1, "q1": -1}}, {"type": "Feature", "geometry": {"type": "Point", "coordinates": [363693.64, 1162143.64]}, "properties": {"d": -90.0, "s": 127, "base": 1, "post": 1, "recover": 1, "q1": -1}}, {"type": "Feature", "geometry": {"type": "Point", "coordinates": [363686.57, 1162136.57]}, "properties": {"d": -80.0, "s": 127, "base": 1, "post": 1, "recover": 1, "q1": -1}}, {"type": "Feature", "geometry": {"type": "Point", "coordinates": [363679.5, 1162129.5]}, "properties": {"d": -70.0, "s": 127, "base": 1, "post": 1, "recover": 1, "q1": -1}}, {"type": "Feature", "geometry": {"type": "Point", "coordinates": [363672.43, 1162122.43]}, "properties": {"d": -60.0, "s": 127, "base": 1, "post": 1, "recover": 1, "q1": -1}}, {"type": "Feature", "geometry": {"type": "Point", "coordinates": [363665.36, 1162115.36]}, "properties": {"d": -50.0, "s": 127, "base": 1, "post": 1, "recover": 1, "q1": -1}}, {"type": "Feature", "geometry": {"type": "Point", "coordinates": [363658.28, 1162108.28]}, "properties": {"d": -40.0, "s": 127, "base": 1, "post": 1, "recover": 1, "q1": -1}}, {"type": "Feature", "geometry": {"type": "Point", "coordinates": [363651.21, 1162101.21]}, "properties": {"d": -30.0, "s": 127, "base": 1, "post": 1, "recover": 1, "q1": -1}}, {"type": "Feature", "geometry": {"type": "Point", "coordinates": [363644.14, 1162094.14]}, "properties": {"d": -20.0, "s": 127, "base": 1, "post": 1, "recover": 1, "q1": -1}}, {"type": "Feature", "geometry": {"type": "Point", "coordinates": [363637.07, 1162087.07]}, "properties": {"d": -10.0, "s": 127, "base": 0, "post": 1, "recover": 1, "q1": -1}}, {"type": "Feature", "geometry": {"type": "Point", "coordinates": [363630.0, 1162080.0]}, "properties": {"d": 0.0, "s": 127, "base": 0, "post": 1, "recover": 1, "q1": -1}}, {"type": "Feature", "geometry": {"type": "Point", "coordinates": [363622.93, 1162072.93]}, "properties": {"d": 10.0, "s": 127, "base": 0, "post": 1, "recover": 1, "q1": -1}}, {"type": "Feature", "geometry": {"type": "Point", "coordinates": [363615.86, 1162065.86]}, "properties": {"d": 20.0, "s": 127, "base": 0, "post": 1, "recover": 1, "q1": -1}}, {"type": "Feature", "geometry": {"type": "Point", "coordinates": [363608.79, 1162058.79]}, "properties": {"d": 30.0, "s": 127, "base": 0, "post": 1, "recover": 1, "q1": -1}}, {"type": "Feature", "geometry": {"type": "Point", "coordinates": [363601.72, 1162051.72]}, "properties": {"d": 40.0, "s": 127, "base": 0, "post": 1, "recover": 1, "q1": -1}}, {"type": "Feature", "geometry": {"type": "Point", "coordinates": [363594.64, 1162044.64]}, "properties": {"d": 50.0, "s": 127, "base": 0, "post": 1, "recover": 1, "q1": -1}}, {"type": "Feature", "geometry": {"type": "Point", "coordinates": [363587.57, 1162037.57]}, "properties": {"d": 60.0, "s": 127, "base": 0, "post": 1, "recover": 1, "q1": -1}}, {"type": "Feature", "geometry": {"type": "Point", "coordinates": [363580.5, 1162030.5]}, "properties": {"d": 70.0, "s": 127, "base": 0, "post": 1, "recover": 1, "q1": -1}}, {"type": "Feature", "geometry": {"type": "Point", "coordinates": [363573.43, 1162023.43]}, "properties": {"d": 80.0, "s": 127, "base": 0, "post": 1, "recover": 1, "q1": -1}}, {"type": "Feature", "geometry": {"type": "Point", "coordinates": [363566.36, 1162016.36]}, "properties": {"d": 90.0, "s": 127, "base": 0, "post": 1, "recover": 1, "q1": -1}}, {"type": "Feature", "geometry": {"type": "Point", "coordinates": [363559.29, 1162009.29]}, "properties": {"d": 100.0, "s": 127, "base": 0, "post": 1, "recover": 1, "q1": -1}}, {"type": "Feature", "geometry": {"type": "Point", "coordinates": [363552.22, 1162002.22]}, "properties": {"d": 110.0, "s": 127, "base": 0, "post": 1, "recover": 1, "q1": -1}}, {"type": "Feature", "geometry": {"type": "Point", "coordinates": [363545.15, 1161995.15]}, "properties": {"d": 120.0, "s": 127, "base": 0, "post": 1, "recover": 1, "q1": -1}}, {"type": "Feature", "geometry": {"type": "Point", "coordinates": [363538.08, 1161988.08]}, "properties": {"d": 130.0, "s": 127, "base": 0, "post": 1, "recover": 1, "q1": -1}}, {"type": "Feature", "geometry": {"type": "Point", "coordinates": [363531.01, 1161981.01]}, "properties": {"d": 140.0, "s": 127, "base": 0, "post": 1, "recover": 1, "q1": -1}}, {"type": "Feature", "geometry": {"type": "Point", "coordinates": [363523.93, 1161973.93]}, "properties": {"d": 150.0, "s": 127, "base": 0, "post": 1, "recover": 1, "q1": -1}}, {"type": "Feature", "geometry": {"type": "Point", "coordinates": [365709.29, 1161400.71]}, "properties": {"d": -100.0, "s": 128, "base": 1, "post": 1, "recover": 1, "q1": -1}}, {"type": "Feature", "geometry": {"type": "Point", "coordinates": [365716.36, 1161393.64]}, "properties": {"d": -90.0, "s": 128, "base": 1, "post": 1, "recover": 1, "q1": -1}}, {"type": "Feature", "geometry": {"type": "Point", "coordinates": [365723.43, 1161386.57]}, "properties": {"d": -80.0, "s": 128, "base": 1, "post": 1, "recover": 1, "q1": -1}}, {"type": "Feature", "geometry": {"type": "Point", "coordinates": [365730.5, 1161379.5]}, "properties": {"d": -70.0, "s": 128, "base": 1, "post": 1, "recover": 1, "q1": -1}}, {"type": "Feature", "geometry": {"type": "Point", "coordinates": [365737.57, 1161372.43]}, "properties": {"d": -60.0, "s": 128, "base": 1, "post": 1, "recover": 1, "q1": -1}}, {"type": "Feature", "geometry": {"type": "Point", "coordinates": [365744.64, 1161365.36]}, "properties": {"d": -50.0, "s": 128, "base": 0, "post": 1, "recover": 1, "q1": -1}}, {"type": "Feature", "geometry": {"type": "Point", "coordinates": [365751.72, 1161358.28]}, "properties": {"d": -40.0, "s": 128, "base": 1, "post": 1, "recover": 1, "q1": -1}}, {"type": "Feature", "geometry": {"type": "Point", "coordinates": [365758.79, 1161351.21]}, "properties": {"d": -30.0, "s": 128, "base": 1, "post": 1, "recover": 1, "q1": -1}}, {"type": "Feature", "geometry": {"type": "Point", "coordinates": [365765.86, 1161344.14]}, "properties": {"d": -20.0, "s": 128, "base": 1, "post": 1, "recover": 1, "q1": -1}}, {"type": "Feature", "geometry": {"type": "Point", "coordinates": [365772.93, 1161337.07]}, "properties": {"d": -10.0, "s": 128, "base": 1, "post": 1, "recover": 1, "q1": -1}}, {"type": "Feature", "geometry": {"type": "Point", "coordinates": [365780.0, 1161330.0]}, "properties": {"d": 0.0, "s": 128, "base": 0, "post": 1, "recover": 1, "q1": -1}}, {"type": "Feature", "geometry": {"type": "Point", "coordinates": [365787.07, 1161322.93]}, "properties": {"d": 10.0, "s": 128, "base": 0, "post": 1, "recover": 1, "q1": -1}}, {"type": "Feature", "geometry": {"type": "Point", "coordinates": [365794.14, 1161315.86]}, "properties": {"d": 20.0, "s": 128, "base": 0, "post": 1, "recover": 1, "q1": -1}}, {"type": "Feature", "geometry": {"type": "Point", "coordinates": [365801.21, 1161308.79]}, "properties": {"d": 30.0, "s": 128, "base": 0, "post": 1, "recover": 1, "q1": -1}}, {"type": "Feature", "geometry": {"type": "Point", "coordinates": [365808.28, 1161301.72]}, "properties": {"d": 40.0, "s": 128, "base": 0, "post": 1, "recover": 1, "q1": -1}}, {"type": "Feature", "geometry": {"type": "Point", "coordinates": [365815.36, 1161294.64]}, "properties": {"d": 50.0, "s": 128, "base": 0, "post": 1, "recover": 1, "q1": -1}}, {"type": "Feature", "geometry": {"type": "Point", "coordinates": [365822.43, 1161287.57]}, "properties": {"d": 60.0, "s": 128, "base": 0, "post": 1, "recover": 1, "q1": -1}}, {"type": "Feature", "geometry": {"type": "Point", "coordinates": [365829.5, 1161280.5]}, "properties": {"d": 70.0, "s": 128, "base": 0, "post": 1, "recover": 1, "q1": -1}}, {"type": "Feature", "geometry": {"type": "Point", "coordinates": [365836.57, 1161273.43]}, "properties": {"d": 80.0, "s": 128, "base": 0, "post": 1, "recover": 1, "q1": -1}}, {"type": "Feature", "geometry": {"type": "Point", "coordinates": [365843.64, 1161266.36]}, "properties": {"d": 90.0, "s": 128, "base": 0, "post": -1, "recover": 1, "q1": -1}}, {"type": "Feature", "geometry": {"type": "Point", "coordinates": [365850.71, 1161259.29]}, "properties": {"d": 100.0, "s": 128, "base": 0, "post": -1, "recover": 1, "q1": -1}}, {"type": "Feature", "geometry": {"type": "Point", "coordinates": [365857.78, 1161252.22]}, "properties": {"d": 110.0, "s": 128, "base": 0, "post": -1, "recover": 1, "q1": -1}}, {"type": "Feature", "geometry": {"type": "Point", "coordinates": [365864.85, 1161245.15]}, "properties": {"d": 120.0, "s": 128, "base": 0, "post": -1, "recover": 1, "q1": -1}}, {"type": "Feature", "geometry": {"type": "Point", "coordinates": [365871.92, 1161238.08]}, "properties": {"d": 130.0, "s": 128, "base": 0, "post": -1, "recover": 1, "q1": -1}}, {"type": "Feature", "geometry": {"type": "Point", "coordinates": [365878.99, 1161231.01]}, "properties": {"d": 140.0, "s": 128, "base": 0, "post": -1, "recover": 1, "q1": -1}}, {"type": "Feature", "geometry": {"type": "Point", "coordinates": [365886.07, 1161223.93]}, "properties": {"d": 150.0, "s": 128, "base": 0, "post": -1, "recover": 1, "q1": -1}}, {"type": "Feature", "geometry": {"type": "Point", "coordinates": [370659.29, 1160629.29]}, "properties": {"d": -100.0, "s": 129, "base": 1, "post": 1, "recover": 1, "q1": -1}}, {"type": "Feature", "geometry": {"type": "Point", "coordinates": [370666.36, 1160636.36]}, "properties": {"d": -90.0, "s": 129, "base": 1, "post": 1, "recover": 1, "q1": -1}}, {"type": "Feature", "geometry": {"type": "Point", "coordinates": [370673.43, 1160643.43]}, "properties": {"d": -80.0, "s": 129, "base": 1, "post": 1, "recover": 1, "q1": -1}}, {"type": "Feature", "geometry": {"type": "Point", "coordinates": [370680.5, 1160650.5]}, "properties": {"d": -70.0, "s": 129, "base": 1, "post": 1, "recover": 1, "q1": -1}}, {"type": "Feature", "geometry": {"type": "Point", "coordinates": [370687.57, 1160657.57]}, "properties": {"d": -60.0, "s": 129, "base": 1, "post": 1, "recover": 1, "q1": -1}}, {"type": "Feature", "geometry": {"type": "Point", "coordinates": [370694.64, 1160664.64]}, "properties": {"d": -50.0, "s": 129, "base": 1, "post": 1, "recover": 1, "q1": -1}}, {"type": "Feature", "geometry": {"type": "Point", "coordinates": [370701.72, 1160671.72]}, "properties": {"d": -40.0, "s": 129, "base": 1, "post": 1, "recover": 1, "q1": -1}}, {"type": "Feature", "geometry": {"type": "Point", "coordinates": [370708.79, 1160678.79]}, "properties": {"d": -30.0, "s": 129, "base": 1, "post": 1, "recover": 1, "q1": -1}}, {"type": "Feature", "geometry": {"type": "Point", "coordinates": [370715.86, 1160685.86]}, "properties": {"d": -20.0, "s": 129, "base": 1, "post": 1, "recover": 1, "q1": -1}}, {"type": "Feature", "geometry": {"type": "Point", "coordinates": [370722.93, 1160692.93]}, "properties": {"d": -10.0, "s": 129, "base": 1, "post": 1, "recover": 1, "q1": -1}}, {"type": "Feature", "geometry": {"type": "Point", "coordinates": [370730.0, 1160700.0]}, "properties": {"d": 0.0, "s": 129, "base": 1, "post": 1, "recover": 1, "q1": -1}}, {"type": "Feature", "geometry": {"type": "Point", "coordinates": [370737.07, 1160707.07]}, "properties": {"d": 10.0, "s": 129, "base": 0, "post": 1, "recover": 1, "q1": -1}}, {"type": "Feature", "geometry": {"type": "Point", "coordinates": [370744.14, 1160714.14]}, "properties": {"d": 20.0, "s": 129, "base": 0, "post": 1, "recover": 1, "q1": -1}}, {"type": "Feature", "geometry": {"type": "Point", "coordinates": [370751.21, 1160721.21]}, "properties": {"d": 30.0, "s": 129, "base": 0, "post": 1, "recover": 1, "q1": -1}}, {"type": "Feature", "geometry": {"type": "Point", "coordinates": [370758.28, 1160728.28]}, "properties": {"d": 40.0, "s": 129, "base": 0, "post": 1, "recover": 1, "q1": -1}}, {"type": "Feature", "geometry": {"type": "Point", "coordinates": [370765.36, 1160735.36]}, "properties": {"d": 50.0, "s": 129, "base": 0, "post": 1, "recover": 1, "q1": -1}}, {"type": "Feature", "geometry": {"type": "Point", "coordinates": [370772.43, 1160742.43]}, "properties": {"d": 60.0, "s": 129, "base": 0, "post": 1, "recover": 1, "q1": -1}}, {"type": "Feature", "geometry": {"type": "Point", "coordinates": [370779.5, 1160749.5]}, "properties": {"d": 70.0, "s": 129, "base": 0, "post": 1, "recover": 1, "q1": -1}}, {"type": "Feature", "geometry": {"type": "Point", "coordinates": [370786.57, 1160756.57]}, "properties": {"d": 80.0, "s": 129, "base": 0, "post": 1, "recover": 1, "q1": -1}}, {"type": "Feature", "geometry": {"type": "Point", "coordinates": [370793.64, 1160763.64]}, "properties": {"d": 90.0, "s": 129, "base": 0, "post": 1, "recover": 1, "q1": -1}}, {"type": "Feature", "geometry": {"type": "Point", "coordinates": [370800.71, 1160770.71]}, "properties": {"d": 100.0, "s": 129, "base": 0, "post": 1, "recover": -1, "q1": -1}}, {"type": "Feature", "geometry": {"type": "Point", "coordinates": [370807.78, 1160777.78]}, "properties": {"d": 110.0, "s": 129, "base": 0, "post": 1, "recover": -1, "q1": -1}}, {"type": "Feature", "geometry": {"type": "Point", "coordinates": [370814.85, 1160784.85]}, "properties": {"d": 120.0, "s": 129, "base": 0, "post": 1, "recover": -1, "q1": -1}}, {"type": "Feature", "geometry": {"type": "Point", "coordinates": [370821.92, 1160791.92]}, "properties": {"d": 130.0, "s": 129, "base": 0, "post": 1, "recover": -1, "q1": -1}}, {"type": "Feature", "geometry": {"type": "Point", "coordinates": [370828.99, 1160798.99]}, "properties": {"d": 140.0, "s": 129, "base": 0, "post": 1, "recover": -1, "q1": -1}}, {"type": "Feature", "geometry": {"type": "Point", "coordinates": [370836.07, 1160806.07]}, "properties": {"d": 150.0, "s": 129, "base": 0, "post": 1, "recover": -1, "q1": -1}}, {"type": "Feature", "geometry": {"type": "Point", "coordinates": [368650.71, 1162399.29]}, "properties": {"d": -100.0, "s": 130, "base": 1, "post": 1, "recover": 1, "q1": -1}}, {"type": "Feature", "geometry": {"type": "Point", "coordinates": [368643.64, 1162406.36]}, "properties": {"d": -90.0, "s": 130, "base": 1, "post": 1, "recover": 1, "q1": -1}}, {"type": "Feature", "geometry": {"type": "Point", "coordinates": [368636.57, 1162413.43]}, "properties": {"d": -80.0, "s": 130, "base": 1, "post": 1, "recover": 1, "q1": -1}}, {"type": "Feature", "geometry": {"type": "Point", "coordinates": [368629.5, 1162420.5]}, "properties": {"d": -70.0, "s": 130, "base": 1, "post": 1, "recover": 1, "q1": -1}}, {"type": "Feature", "geometry": {"type": "Point", "coordinates": [368622.43, 1162427.57]}, "properties": {"d": -60.0, "s": 130, "base": 0, "post": 1, "recover": 1, "q1": -1}}, {"type": "Feature", "geometry": {"type": "Point", "coordinates": [368615.36, 1162434.64]}, "properties": {"d": -50.0, "s": 130, "base": 0, "post": 1, "recover": 1, "q1": -1}}, {"type": "Feature", "geometry": {"type": "Point", "coordinates": [368608.28, 1162441.72]}, "properties": {"d": -40.0, "s": 130, "base": 1, "post": 1, "recover": 1, "q1": -1}}, {"type": "Feature", "geometry": {"type": "Point", "coordinates": [368601.21, 1162448.79]}, "properties": {"d": -30.0, "s": 130, "base": 1, "post": 1, "recover": 1, "q1": -1}}, {"type": "Feature", "geometry": {"type": "Point", "coordinates": [368594.14, 1162455.86]}, "properties": {"d": -20.0, "s": 130, "base": 0, "post": 1, "recover": 1, "q1": -1}}, {"type": "Feature", "geometry": {"type": "Point", "coordinates": [368587.07, 1162462.93]}, "properties": {"d": -10.0, "s": 130, "base": 0, "post": 1, "recover": 1, "q1": -1}}, {"type": "Feature", "geometry": {"type": "Point", "coordinates": [368580.0, 1162470.0]}, "properties": {"d": 0.0, "s": 130, "base": 0, "post": 1, "recover": 1, "q1": -1}}, {"type": "Feature", "geometry": {"type": "Point", "coordinates": [368572.93, 1162477.07]}, "properties": {"d": 10.0, "s": 130, "base": 0, "post": 1, "recover": 1, "q1": -1}}, {"type": "Feature", "geometry": {"type": "Point", "coordinates": [368565.86, 1162484.14]}, "properties": {"d": 20.0, "s": 130, "base": 0, "post": 1, "recover": 1, "q1": -1}}, {"type": "Feature", "geometry": {"type": "Point", "coordinates": [368558.79, 1162491.21]}, "properties": {"d": 30.0, "s": 130, "base": 0, "post": 1, "recover": 1, "q1": -1}}, {"type": "Feature", "geometry": {"type": "Point", "coordinates": [368551.72, 1162498.28]}, "properties": {"d": 40.0, "s": 130, "base": 0, "post": 1, "recover": 1, "q1": -1}}, {"type": "Feature", "geometry": {"type": "Point", "coordinates": [368544.64, 1162505.36]}, "properties": {"d": 50.0, "s": 130, "base": 0, "post": 1, "recover": 1, "q1": -1}}, {"type": "Feature", "geometry": {"type": "Point", "coordinates": [368537.57, 1162512.43]}, "properties": {"d": 60.0, "s": 130, "base": 1, "post": 1, "recover": 1, "q1": -1}}, {"type": "Feature", "geometry": {"type": "Point", "coordinates": [368530.5, 1162519.5]}, "properties": {"d": 70.0, "s": 130, "base": 0, "post": 1, "recover": 1, "q1": -1}}, {"type": "Feature", "geometry": {"type": "Point", "coordinates": [368523.43, 1162526.57]}, "properties": {"d": 80.0, "s": 130, "base": 0, "post": 1, "recover": 1, "q1": -1}}, {"type": "Feature", "geometry": {"type": "Point", "coordinates": [368516.36, 1162533.64]}, "properties": {"d": 90.0, "s": 130, "base": 0, "post": 1, "recover": 1, "q1": -1}}, {"type": "Feature", "geometry": {"type": "Point", "coordinates": [368509.29, 1162540.71]}, "properties": {"d": 100.0, "s": 130, "base": 0, "post": 1, "recover": 1, "q1": -1}}, {"type": "Feature", "geometry": {"type": "Point", "coordinates": [368502.22, 1162547.78]}, "properties": {"d": 110.0, "s": 130, "base": 0, "post": 1, "recover": 1, "q1": -1}}, {"type": "Feature", "geometry": {"type": "Point", "coordinates": [368495.15, 1162554.85]}, "properties": {"d": 120.0, "s": 130, "base": 0, "post": 1, "recover": -1, "q1": -1}}, {"type": "Feature", "geometry": {"type": "Point", "coordinates": [368488.08, 1162561.92]}, "properties": {"d": 130.0, "s": 130, "base": 0, "post": 1, "recover": -1, "q1": -1}}, {"type": "Feature", "geometry": {"type": "Point", "coordinates": [368481.01, 1162568.99]}, "properties": {"d": 140.0, "s": 130, "base": 0, "post": 1, "recover": -1, "q1": -1}}, {"type": "Feature", "geometry": {"type": "Point", "coordinates": [368473.93, 1162576.07]}, "properties": {"d": 150.0, "s": 130, "base": 0, "post": 1, "recover": -1, "q1": -1}}, {"type": "Feature", "geometry": {"type": "Point", "coordinates": [369411.94, 1163420.39]}, "properties": {"d": -100.0, "s": 131, "base": 0, "post": 1, "recover": 1, "q1": -1}}, {"type": "Feature", "geometry": {"type": "Point", "coordinates": [369421.75, 1163422.35]}, "properties": {"d": -90.0, "s": 131, "base": 0, "post": 1, "recover": -1, "q1": -1}}, {"type": "Feature", "geometry": {"type": "Point", "coordinates": [369431.55, 1163424.31]}, "properties": {"d": -80.0, "s": 131, "base": 0, "post": 1, "recover": -1, "q1": -1}}, {"type": "Feature", "geometry": {"type": "Point", "coordinates": [369441.36, 1163426.27]}, "properties": {"d": -70.0, "s": 131, "base": 1, "post": 1, "recover": -1, "q1": -1}}, {"type": "Feature", "geometry": {"type": "Point", "coordinates": [369451.17, 1163428.23]}, "properties": {"d": -60.0, "s": 131, "base": 1, "post": 1, "recover": -1, "q1": -1}}, {"type": "Feature", "geometry": {"type": "Point", "coordinates": [369460.97, 1163430.19]}, "properties": {"d": -50.0, "s": 131, "base": 1, "post": 1, "recover": -1, "q1": -1}}, {"type": "Feature", "geometry": {"type": "Point", "coordinates": [369470.78, 1163432.16]}, "properties": {"d": -40.0, "s": 131, "base": 1, "post": 1, "recover": -1, "q1": -1}}, {"type": "Feature", "geometry": {"type": "Point", "coordinates": [369480.58, 1163434.12]}, "properties": {"d": -30.0, "s": 131, "base": 1, "post": 1, "recover": -1, "q1": -1}}, {"type": "Feature", "geometry": {"type": "Point", "coordinates": [369490.39, 1163436.08]}, "properties": {"d": -20.0, "s": 131, "base": 1, "post": 1, "recover": -1, "q1": -1}}, {"type": "Feature", "geometry": {"type": "Point", "coordinates": [369500.19, 1163438.04]}, "properties": {"d": -10.0, "s": 131, "base": 1, "post": 1, "recover": -1, "q1": -1}}, {"type": "Feature", "geometry": {"type": "Point", "coordinates": [369510.0, 1163440.0]}, "properties": {"d": 0.0, "s": 131, "base": 1, "post": 1, "recover": -1, "q1": -1}}, {"type": "Feature", "geometry": {"type": "Point", "coordinates": [369519.81, 1163441.96]}, "properties": {"d": 10.0, "s": 131, "base": 0, "post": 1, "recover": -1, "q1": -1}}, {"type": "Feature", "geometry": {"type": "Point", "coordinates": [369529.61, 1163443.92]}, "properties": {"d": 20.0, "s": 131, "base": 0, "post": 1, "recover": -1, "q1": -1}}, {"type": "Feature", "geometry": {"type": "Point", "coordinates": [369539.42, 1163445.88]}, "properties": {"d": 30.0, "s": 131, "base": 0, "post": 1, "recover": -1, "q1": -1}}, {"type": "Feature", "geometry": {"type": "Point", "coordinates": [369549.22, 1163447.84]}, "properties": {"d": 40.0, "s": 131, "base": 0, "post": 1, "recover": -1, "q1": -1}}, {"type": "Feature", "geometry": {"type": "Point", "coordinates": [369559.03, 1163449.81]}, "properties": {"d": 50.0, "s": 131, "base": 0, "post": 1, "recover": -1, "q1": -1}}, {"type": "Feature", "geometry": {"type": "Point", "coordinates": [369568.83, 1163451.77]}, "properties": {"d": 60.0, "s": 131, "base": 0, "post": 1, "recover": -1, "q1": -1}}, {"type": "Feature", "geometry": {"type": "Point", "coordinates": [369578.64, 1163453.73]}, "properties": {"d": 70.0, "s": 131, "base": 0, "post": 1, "recover": -1, "q1": -1}}, {"type": "Feature", "geometry": {"type": "Point", "coordinates": [369588.45, 1163455.69]}, "properties": {"d": 80.0, "s": 131, "base": 0, "post": 1, "recover": -1, "q1": -1}}, {"type": "Feature", "geometry": {"type": "Point", "coordinates": [369598.25, 1163457.65]}, "properties": {"d": 90.0, "s": 131, "base": 1, "post": 1, "recover": -1, "q1": -1}}, {"type": "Feature", "geometry": {"type": "Point", "coordinates": [369608.06, 1163459.61]}, "properties": {"d": 100.0, "s": 131, "base": 1, "post": 1, "recover": -1, "q1": -1}}, {"type": "Feature", "geometry": {"type": "Point", "coordinates": [369617.86, 1163461.57]}, "properties": {"d": 110.0, "s": 131, "base": 1, "post": 1, "recover": -1, "q1": -1}}, {"type": "Feature", "geometry": {"type": "Point", "coordinates": [369627.67, 1163463.53]}, "properties": {"d": 120.0, "s": 131, "base": 0, "post": 1, "recover": -1, "q1": -1}}, {"type": "Feature", "geometry": {"type": "Point", "coordinates": [369637.48, 1163465.5]}, "properties": {"d": 130.0, "s": 131, "base": 0, "post": 1, "recover": -1, "q1": -1}}, {"type": "Feature", "geometry": {"type": "Point", "coordinates": [369647.28, 1163467.46]}, "properties": {"d": 140.0, "s": 131, "base": 0, "post": 1, "recover": -1, "q1": -1}}, {"type": "Feature", "geometry": {"type": "Point", "coordinates": [369657.09, 1163469.42]}, "properties": {"d": 150.0, "s": 131, "base": 0, "post": 1, "recover": -1, "q1": -1}}, {"type": "Feature", "geometry": {"type": "Point", "coordinates": [369760.71, 1164019.29]}, "properties": {"d": -100.0, "s": 132, "base": 0, "post": 1, "recover": 0, "q1": -1}}, {"type": "Feature", "geometry": {"type": "Point", "coordinates": [369753.64, 1164026.36]}, "properties": {"d": -90.0, "s": 132, "base": 0, "post": 1, "recover": 0, "q1": -1}}, {"type": "Feature", "geometry": {"type": "Point", "coordinates": [369746.57, 1164033.43]}, "properties": {"d": -80.0, "s": 132, "base": 1, "post": 1, "recover": 0, "q1": -1}}, {"type": "Feature", "geometry": {"type": "Point", "coordinates": [369739.5, 1164040.5]}, "properties": {"d": -70.0, "s": 132, "base": 0, "post": 1, "recover": 1, "q1": -1}}, {"type": "Feature", "geometry": {"type": "Point", "coordinates": [369732.43, 1164047.57]}, "properties": {"d": -60.0, "s": 132, "base": 0, "post": 1, "recover": 1, "q1": -1}}, {"type": "Feature", "geometry": {"type": "Point", "coordinates": [369725.36, 1164054.64]}, "properties": {"d": -50.0, "s": 132, "base": 0, "post": 1, "recover": 1, "q1": -1}}, {"type": "Feature", "geometry": {"type": "Point", "coordinates": [369718.28, 1164061.72]}, "properties": {"d": -40.0, "s": 132, "base": 1, "post": 1, "recover": 1, "q1": -1}}, {"type": "Feature", "geometry": {"type": "Point", "coordinates": [369711.21, 1164068.79]}, "properties": {"d": -30.0, "s": 132, "base": 1, "post": 1, "recover": 1, "q1": -1}}, {"type": "Feature", "geometry": {"type": "Point", "coordinates": [369704.14, 1164075.86]}, "properties": {"d": -20.0, "s": 132, "base": 1, "post": 1, "recover": 1, "q1": -1}}, {"type": "Feature", "geometry": {"type": "Point", "coordinates": [369697.07, 1164082.93]}, "properties": {"d": -10.0, "s": 132, "base": 0, "post": 1, "recover": 1, "q1": -1}}, {"type": "Feature", "geometry": {"type": "Point", "coordinates": [369690.0, 1164090.0]}, "properties": {"d": 0.0, "s": 132, "base": 1, "post": 1, "recover": 1, "q1": -1}}, {"type": "Feature", "geometry": {"type": "Point", "coordinates": [369682.93, 1164097.07]}, "properties": {"d": 10.0, "s": 132, "base": 0, "post": 1, "recover": 1, "q1": -1}}, {"type": "Feature", "geometry": {"type": "Point", "coordinates": [369675.86, 1164104.14]}, "properties": {"d": 20.0, "s": 132, "base": 1, "post": 1, "recover": 1, "q1": -1}}, {"type": "Feature", "geometry": {"type": "Point", "coordinates": [369668.79, 1164111.21]}, "properties": {"d": 30.0, "s": 132, "base": 1, "post": 1, "recover": 1, "q1": -1}}, {"type": "Feature", "geometry": {"type": "Point", "coordinates": [369661.72, 1164118.28]}, "properties": {"d": 40.0, "s": 132, "base": 1, "post": 1, "recover": 1, "q1": -1}}, {"type": "Feature", "geometry": {"type": "Point", "coordinates": [369654.64, 1164125.36]}, "properties": {"d": 50.0, "s": 132, "base": 1, "post": 1, "recover": 1, "q1": -1}}, {"type": "Feature", "geometry": {"type": "Point", "coordinates": [369647.57, 1164132.43]}, "properties": {"d": 60.0, "s": 132, "base": 0, "post": 1, "recover": 1, "q1": -1}}, {"type": "Feature", "geometry": {"type": "Point", "coordinates": [369640.5, 1164139.5]}, "properties": {"d": 70.0, "s": 132, "base": 0, "post": 1, "recover": 1, "q1": -1}}, {"type": "Feature", "geometry": {"type": "Point", "coordinates": [369633.43, 1164146.57]}, "properties": {"d": 80.0, "s": 132, "base": 0, "post": 1, "recover": 1, "q1": -1}}, {"type": "Feature", "geometry": {"type": "Point", "coordinates": [369626.36, 1164153.64]}, "properties": {"d": 90.0, "s": 132, "base": 0, "post": 1, "recover": 1, "q1": -1}}, {"type": "Feature", "geometry": {"type": "Point", "coordinates": [369619.29, 1164160.71]}, "properties": {"d": 100.0, "s": 132, "base": 0, "post": 1, "recover": 1, "q1": -1}}, {"type": "Feature", "geometry": {"type": "Point", "coordinates": [369612.22, 1164167.78]}, "properties": {"d": 110.0, "s": 132, "base": 1, "post": 1, "recover": 0, "q1": -1}}, {"type": "Feature", "geometry": {"type": "Point", "coordinates": [369605.15, 1164174.85]}, "properties": {"d": 120.0, "s": 132, "base": 1, "post": 1, "recover": 0, "q1": -1}}, {"type": "Feature", "geometry": {"type": "Point", "coordinates": [369598.08, 1164181.92]}, "properties": {"d": 130.0, "s": 132, "base": 1, "post": 1, "recover": 0, "q1": -1}}, {"type": "Feature", "geometry": {"type": "Point", "coordinates": [369591.01, 1164188.99]}, "properties": {"d": 140.0, "s": 132, "base": 1, "post": 1, "recover": 0, "q1": -1}}, {"type": "Feature", "geometry": {"type": "Point", "coordinates": [369583.93, 1164196.07]}, "properties": {"d": 150.0, "s": 132, "base": 1, "post": 1, "recover": 0, "q1": -1}}, {"type": "Feature", "geometry": {"type": "Point", "coordinates": [349349.44, 1144884.72]}, "properties": {"d": -100.0, "s": 133, "base": 1, "post": 1, "recover": 1, "q1": 1}}, {"type": "Feature", "geometry": {"type": "Point", "coordinates": [349340.5, 1144880.25]}, "properties": {"d": -90.0, "s": 133, "base": 1, "post": 1, "recover": 1, "q1": 1}}, {"type": "Feature", "geometry": {"type": "Point", "coordinates": [349331.55, 1144875.78]}, "properties": {"d": -80.0, "s": 133, "base": 1, "post": 1, "recover": 1, "q1": 1}}, {"type": "Feature", "geometry": {"type": "Point", "coordinates": [349322.61, 1144871.3]}, "properties": {"d": -70.0, "s": 133, "base": 1, "post": 1, "recover": 1, "q1": 1}}, {"type": "Feature", "geometry": {"type": "Point", "coordinates": [349313.67, 1144866.83]}, "properties": {"d": -60.0, "s": 133, "base": 1, "post": 1, "recover": 0, "q1": 1}}, {"type": "Feature", "geometry": {"type": "Point", "coordinates": [349304.72, 1144862.36]}, "properties": {"d": -50.0, "s": 133, "base": 0, "post": 1, "recover": 0, "q1": 0}}, {"type": "Feature", "geometry": {"type": "Point", "coordinates": [349295.78, 1144857.89]}, "properties": {"d": -40.0, "s": 133, "base": 0, "post": 0, "recover": 1, "q1": 1}}, {"type": "Feature", "geometry": {"type": "Point", "coordinates": [349286.83, 1144853.42]}, "properties": {"d": -30.0, "s": 133, "base": 0, "post": 0, "recover": 1, "q1": 0}}, {"type": "Feature", "geometry": {"type": "Point", "coordinates": [349277.89, 1144848.94]}, "properties": {"d": -20.0, "s": 133, "base": 0, "post": 1, "recover": 1, "q1": 1}}, {"type": "Feature", "geometry": {"type": "Point", "coordinates": [349268.94, 1144844.47]}, "properties": {"d": -10.0, "s": 133, "base": 1, "post": 1, "recover": 1, "q1": 1}}, {"type": "Feature", "geometry": {"type": "Point", "coordinates": [349260.0, 1144840.0]}, "properties": {"d": 0.0, "s": 133, "base": 0, "post": 1, "recover": 1, "q1": 1}}, {"type": "Feature", "geometry": {"type": "Point", "coordinates": [349251.06, 1144835.53]}, "properties": {"d": 10.0, "s": 133, "base": 0, "post": 1, "recover": 1, "q1": 1}}, {"type": "Feature", "geometry": {"type": "Point", "coordinates": [349242.11, 1144831.06]}, "properties": {"d": 20.0, "s": 133, "base": 0, "post": 1, "recover": 1, "q1": 1}}, {"type": "Feature", "geometry": {"type": "Point", "coordinates": [349233.17, 1144826.58]}, "properties": {"d": 30.0, "s": 133, "base": 0, "post": 1, "recover": 1, "q1": 1}}, {"type": "Feature", "geometry": {"type": "Point", "coordinates": [349224.22, 1144822.11]}, "properties": {"d": 40.0, "s": 133, "base": 0, "post": 1, "recover": 1, "q1": 1}}, {"type": "Feature", "geometry": {"type": "Point", "coordinates": [349215.28, 1144817.64]}, "properties": {"d": 50.0, "s": 133, "base": 0, "post": 1, "recover": 1, "q1": 1}}, {"type": "Feature", "geometry": {"type": "Point", "coordinates": [349206.33, 1144813.17]}, "properties": {"d": 60.0, "s": 133, "base": 0, "post": 1, "recover": 1, "q1": 1}}, {"type": "Feature", "geometry": {"type": "Point", "coordinates": [349197.39, 1144808.7]}, "properties": {"d": 70.0, "s": 133, "base": 0, "post": 1, "recover": 1, "q1": 1}}, {"type": "Feature", "geometry": {"type": "Point", "coordinates": [349188.45, 1144804.22]}, "properties": {"d": 80.0, "s": 133, "base": 0, "post": 1, "recover": 1, "q1": 1}}, {"type": "Feature", "geometry": {"type": "Point", "coordinates": [349179.5, 1144799.75]}, "properties": {"d": 90.0, "s": 133, "base": 0, "post": 1, "recover": 1, "q1": 1}}, {"type": "Feature", "geometry": {"type": "Point", "coordinates": [349170.56, 1144795.28]}, "properties": {"d": 100.0, "s": 133, "base": 0, "post": 1, "recover": 1, "q1": -1}}, {"type": "Feature", "geometry": {"type": "Point", "coordinates": [349161.61, 1144790.81]}, "properties": {"d": 110.0, "s": 133, "base": 1, "post": 1, "recover": 1, "q1": -1}}, {"type": "Feature", "geometry": {"type": "Point", "coordinates": [349152.67, 1144786.33]}, "properties": {"d": 120.0, "s": 133, "base": 1, "post": 1, "recover": 1, "q1": -1}}, {"type": "Feature", "geometry": {"type": "Point", "coordinates": [349143.72, 1144781.86]}, "properties": {"d": 130.0, "s": 133, "base": 1, "post": 1, "recover": 1, "q1": -1}}, {"type": "Feature", "geometry": {"type": "Point", "coordinates": [349134.78, 1144777.39]}, "properties": {"d": 140.0, "s": 133, "base": 1, "post": 1, "recover": 1, "q1": -1}}, {"type": "Feature", "geometry": {"type": "Point", "coordinates": [349125.84, 1144772.92]}, "properties": {"d": 150.0, "s": 133, "base": 1, "post": 1, "recover": 1, "q1": -1}}, {"type": "Feature", "geometry": {"type": "Point", "coordinates": [349480.71, 1143300.71]}, "properties": {"d": -100.0, "s": 134, "base": 1, "post": 1, "recover": 1, "q1": 0}}, {"type": "Feature", "geometry": {"type": "Point", "coordinates": [349473.64, 1143293.64]}, "properties": {"d": -90.0, "s": 134, "base": 1, "post": 1, "recover": 1, "q1": 0}}, {"type": "Feature", "geometry": {"type": "Point", "coordinates": [349466.57, 1143286.57]}, "properties": {"d": -80.0, "s": 134, "base": 1, "post": 1, "recover": 1, "q1": 0}}, {"type": "Feature", "geometry": {"type": "Point", "coordinates": [349459.5, 1143279.5]}, "properties": {"d": -70.0, "s": 134, "base": 1, "post": 1, "recover": 1, "q1": 0}}, {"type": "Feature", "geometry": {"type": "Point", "coordinates": [349452.43, 1143272.43]}, "properties": {"d": -60.0, "s": 134, "base": 1, "post": 1, "recover": 1, "q1": 0}}, {"type": "Feature", "geometry": {"type": "Point", "coordinates": [349445.36, 1143265.36]}, "properties": {"d": -50.0, "s": 134, "base": 1, "post": 1, "recover": 1, "q1": 1}}, {"type": "Feature", "geometry": {"type": "Point", "coordinates": [349438.28, 1143258.28]}, "properties": {"d": -40.0, "s": 134, "base": 1, "post": 1, "recover": 1, "q1": 1}}, {"type": "Feature", "geometry": {"type": "Point", "coordinates": [349431.21, 1143251.21]}, "properties": {"d": -30.0, "s": 134, "base": 1, "post": 1, "recover": 1, "q1": 1}}, {"type": "Feature", "geometry": {"type": "Point", "coordinates": [349424.14, 1143244.14]}, "properties": {"d": -20.0, "s": 134, "base": 1, "post": 1, "recover": 1, "q1": 0}}, {"type": "Feature", "geometry": {"type": "Point", "coordinates": [349417.07, 1143237.07]}, "properties": {"d": -10.0, "s": 134, "base": 1, "post": 1, "recover": 1, "q1": 0}}, {"type": "Feature", "geometry": {"type": "Point", "coordinates": [349410.0, 1143230.0]}, "properties": {"d": 0.0, "s": 134, "base": 1, "post": 1, "recover": 1, "q1": 0}}, {"type": "Feature", "geometry": {"type": "Point", "coordinates": [349402.93, 1143222.93]}, "properties": {"d": 10.0, "s": 134, "base": 0, "post": 1, "recover": 1, "q1": 0}}, {"type": "Feature", "geometry": {"type": "Point", "coordinates": [349395.86, 1143215.86]}, "properties": {"d": 20.0, "s": 134, "base": 0, "post": 1, "recover": 1, "q1": 0}}, {"type": "Feature", "geometry": {"type": "Point", "coordinates": [349388.79, 1143208.79]}, "properties": {"d": 30.0, "s": 134, "base": 0, "post": 1, "recover": 1, "q1": 0}}, {"type": "Feature", "geometry": {"type": "Point", "coordinates": [349381.72, 1143201.72]}, "properties": {"d": 40.0, "s": 134, "base": 0, "post": 1, "recover": 1, "q1": 0}}, {"type": "Feature", "geometry": {"type": "Point", "coordinates": [349374.64, 1143194.64]}, "properties": {"d": 50.0, "s": 134, "base": 0, "post": 1, "recover": 1, "q1": 0}}, {"type": "Feature", "geometry": {"type": "Point", "coordinates": [349367.57, 1143187.57]}, "properties": {"d": 60.0, "s": 134, "base": 0, "post": 1, "recover": 1, "q1": 0}}, {"type": "Feature", "geometry": {"type": "Point", "coordinates": [349360.5, 1143180.5]}, "properties": {"d": 70.0, "s": 134, "base": 0, "post": 1, "recover": 1, "q1": 0}}, {"type": "Feature", "geometry": {"type": "Point", "coordinates": [349353.43, 1143173.43]}, "properties": {"d": 80.0, "s": 134, "base": 0, "post": 1, "recover": 1, "q1": 0}}, {"type": "Feature", "geometry": {"type": "Point", "coordinates": [349346.36, 1143166.36]}, "properties": {"d": 90.0, "s": 134, "base": 0, "post": 1, "recover": 1, "q1": 0}}, {"type": "Feature", "geometry": {"type": "Point", "coordinates": [349339.29, 1143159.29]}, "properties": {"d": 100.0, "s": 134, "base": 0, "post": 1, "recover": 1, "q1": 0}}, {"type": "Feature", "geometry": {"type": "Point", "coordinates": [349332.22, 1143152.22]}, "properties": {"d": 110.0, "s": 134, "base": 0, "post": 1, "recover": 1, "q1": 0}}, {"type": "Feature", "geometry": {"type": "Point", "coordinates": [349325.15, 1143145.15]}, "properties": {"d": 120.0, "s": 134, "base": 0, "post": 1, "recover": 1, "q1": 0}}, {"type": "Feature", "geometry": {"type": "Point", "coordinates": [349318.08, 1143138.08]}, "properties": {"d": 130.0, "s": 134, "base": 1, "post": 1, "recover": 1, "q1": 0}}, {"type": "Feature", "geometry": {"type": "Point", "coordinates": [349311.01, 1143131.01]}, "properties": {"d": 140.0, "s": 134, "base": 0, "post": 1, "recover": 1, "q1": 0}}, {"type": "Feature", "geometry": {"type": "Point", "coordinates": [349303.93, 1143123.93]}, "properties": {"d": 150.0, "s": 134, "base": 1, "post": 1, "recover": 1, "q1": 0}}, {"type": "Feature", "geometry": {"type": "Point", "coordinates": [350734.87, 1143128.38]}, "properties": {"d": -100.0, "s": 135, "base": 0, "post": 1, "recover": 0, "q1": 0}}, {"type": "Feature", "geometry": {"type": "Point", "coordinates": [350725.38, 1143131.54]}, "properties": {"d": -90.0, "s": 135, "base": 0, "post": 1, "recover": 0, "q1": 0}}, {"type": "Feature", "geometry": {"type": "Point", "coordinates": [350715.89, 1143134.7]}, "properties": {"d": -80.0, "s": 135, "base": 0, "post": 1, "recover": 0, "q1": 0}}, {"type": "Feature", "geometry": {"type": "Point", "coordinates": [350706.41, 1143137.86]}, "properties": {"d": -70.0, "s": 135, "base": 1, "post": 1, "recover": 0, "q1": 0}}, {"type": "Feature", "geometry": {"type": "Point", "coordinates": [350696.92, 1143141.03]}, "properties": {"d": -60.0, "s": 135, "base": 1, "post": 1, "recover": 0, "q1": 0}}, {"type": "Feature", "geometry": {"type": "Point", "coordinates": [350687.43, 1143144.19]}, "properties": {"d": -50.0, "s": 135, "base": 1, "post": 1, "recover": 0, "q1": 0}}, {"type": "Feature", "geometry": {"type": "Point", "coordinates": [350677.95, 1143147.35]}, "properties": {"d": -40.0, "s": 135, "base": 1, "post": 1, "recover": 0, "q1": 0}}, {"type": "Feature", "geometry": {"type": "Point", "coordinates": [350668.46, 1143150.51]}, "properties": {"d": -30.0, "s": 135, "base": 1, "post": 1, "recover": 0, "q1": 0}}, {"type": "Feature", "geometry": {"type": "Point", "coordinates": [350658.97, 1143153.68]}, "properties": {"d": -20.0, "s": 135, "base": 0, "post": 1, "recover": 0, "q1": 0}}, {"type": "Feature", "geometry": {"type": "Point", "coordinates": [350649.49, 1143156.84]}, "properties": {"d": -10.0, "s": 135, "base": 1, "post": 1, "recover": 0, "q1": 0}}, {"type": "Feature", "geometry": {"type": "Point", "coordinates": [350640.0, 1143160.0]}, "properties": {"d": 0.0, "s": 135, "base": 1, "post": 1, "recover": 0, "q1": 0}}, {"type": "Feature", "geometry": {"type": "Point", "coordinates": [350630.51, 1143163.16]}, "properties": {"d": 10.0, "s": 135, "base": 1, "post": 1, "recover": 0, "q1": 0}}, {"type": "Feature", "geometry": {"type": "Point", "coordinates": [350621.03, 1143166.32]}, "properties": {"d": 20.0, "s": 135, "base": 0, "post": 1, "recover": 0, "q1": 0}}, {"type": "Feature", "geometry": {"type": "Point", "coordinates": [350611.54, 1143169.49]}, "properties": {"d": 30.0, "s": 135, "base": 0, "post": 1, "recover": 0, "q1": 0}}, {"type": "Feature", "geometry": {"type": "Point", "coordinates": [350602.05, 1143172.65]}, "properties": {"d": 40.0, "s": 135, "base": 0, "post": 1, "recover": 0, "q1": 0}}, {"type": "Feature", "geometry": {"type": "Point", "coordinates": [350592.57, 1143175.81]}, "properties": {"d": 50.0, "s": 135, "base": 0, "post": 0, "recover": 0, "q1": 0}}, {"type": "Feature", "geometry": {"type": "Point", "coordinates": [350583.08, 1143178.97]}, "properties": {"d": 60.0, "s": 135, "base": 0, "post": 1, "recover": 0, "q1": 0}}, {"type": "Feature", "geometry": {"type": "Point", "coordinates": [350573.59, 1143182.14]}, "properties": {"d": 70.0, "s": 135, "base": 0, "post": 1, "recover": 0, "q1": 0}}, {"type": "Feature", "geometry": {"type": "Point", "coordinates": [350564.11, 1143185.3]}, "properties": {"d": 80.0, "s": 135, "base": 0, "post": 1, "recover": 0, "q1": 0}}, {"type": "Feature", "geometry": {"type": "Point", "coordinates": [350554.62, 1143188.46]}, "properties": {"d": 90.0, "s": 135, "base": 0, "post": 1, "recover": 0, "q1": 0}}, {"type": "Feature", "geometry": {"type": "Point", "coordinates": [350545.13, 1143191.62]}, "properties": {"d": 100.0, "s": 135, "base": 0, "post": 1, "recover": -1, "q1": 0}}, {"type": "Feature", "geometry": {"type": "Point", "coordinates": [350535.64, 1143194.78]}, "properties": {"d": 110.0, "s": 135, "base": 0, "post": 1, "recover": -1, "q1": 0}}, {"type": "Feature", "geometry": {"type": "Point", "coordinates": [350526.16, 1143197.95]}, "properties": {"d": 120.0, "s": 135, "base": 1, "post": 1, "recover": -1, "q1": 0}}, {"type": "Feature", "geometry": {"type": "Point", "coordinates": [350516.67, 1143201.11]}, "properties": {"d": 130.0, "s": 135, "base": 1, "post": 1, "recover": -1, "q1": 0}}, {"type": "Feature", "geometry": {"type": "Point", "coordinates": [350507.18, 1143204.27]}, "properties": {"d": 140.0, "s": 135, "base": 1, "post": 1, "recover": -1, "q1": 0}}, {"type": "Feature", "geometry": {"type": "Point", "coordinates": [350497.7, 1143207.43]}, "properties": {"d": 150.0, "s": 135, "base": 1, "post": 1, "recover": -1, "q1": 0}}, {"type": "Feature", "geometry": {"type": "Point", "coordinates": [350289.29, 1153510.71]}, "properties": {"d": -100.0, "s": 136, "base": 1, "post": 1, "recover": 1, "q1": -1}}, {"type": "Feature", "geometry": {"type": "Point", "coordinates": [350296.36, 1153503.64]}, "properties": {"d": -90.0, "s": 136, "base": 1, "post": 1, "recover": 1, "q1": -1}}, {"type": "Feature", "geometry": {"type": "Point", "coordinates": [350303.43, 1153496.57]}, "properties": {"d": -80.0, "s": 136, "base": 1, "post": 1, "recover": 1, "q1": -1}}, {"type": "Feature", "geometry": {"type": "Point", "coordinates": [350310.5, 1153489.5]}, "properties": {"d": -70.0, "s": 136, "base": 1, "post": 1, "recover": 1, "q1": -1}}, {"type": "Feature", "geometry": {"type": "Point", "coordinates": [350317.57, 1153482.43]}, "properties": {"d": -60.0, "s": 136, "base": 1, "post": 1, "recover": -1, "q1": -1}}, {"type": "Feature", "geometry": {"type": "Point", "coordinates": [350324.64, 1153475.36]}, "properties": {"d": -50.0, "s": 136, "base": 1, "post": 1, "recover": -1, "q1": -1}}, {"type": "Feature", "geometry": {"type": "Point", "coordinates": [350331.72, 1153468.28]}, "properties": {"d": -40.0, "s": 136, "base": 1, "post": 1, "recover": -1, "q1": -1}}, {"type": "Feature", "geometry": {"type": "Point", "coordinates": [350338.79, 1153461.21]}, "properties": {"d": -30.0, "s": 136, "base": 1, "post": 1, "recover": -1, "q1": -1}}, {"type": "Feature", "geometry": {"type": "Point", "coordinates": [350345.86, 1153454.14]}, "properties": {"d": -20.0, "s": 136, "base": 1, "post": 1, "recover": -1, "q1": -1}}, {"type": "Feature", "geometry": {"type": "Point", "coordinates": [350352.93, 1153447.07]}, "properties": {"d": -10.0, "s": 136, "base": 1, "post": 1, "recover": -1, "q1": -1}}, {"type": "Feature", "geometry": {"type": "Point", "coordinates": [350360.0, 1153440.0]}, "properties": {"d": 0.0, "s": 136, "base": 0, "post": 0, "recover": -1, "q1": -1}}, {"type": "Feature", "geometry": {"type": "Point", "coordinates": [350367.07, 1153432.93]}, "properties": {"d": 10.0, "s": 136, "base": 0, "post": 0, "recover": -1, "q1": -1}}, {"type": "Feature", "geometry": {"type": "Point", "coordinates": [350374.14, 1153425.86]}, "properties": {"d": 20.0, "s": 136, "base": 0, "post": 0, "recover": -1, "q1": -1}}, {"type": "Feature", "geometry": {"type": "Point", "coordinates": [350381.21, 1153418.79]}, "properties": {"d": 30.0, "s": 136, "base": 0, "post": 0, "recover": -1, "q1": -1}}, {"type": "Feature", "geometry": {"type": "Point", "coordinates": [350388.28, 1153411.72]}, "properties": {"d": 40.0, "s": 136, "base": 0, "post": 1, "recover": -1, "q1": -1}}, {"type": "Feature", "geometry": {"type": "Point", "coordinates": [350395.36, 1153404.64]}, "properties": {"d": 50.0, "s": 136, "base": 1, "post": 0, "recover": -1, "q1": -1}}, {"type": "Feature", "geometry": {"type": "Point", "coordinates": [350402.43, 1153397.57]}, "properties": {"d": 60.0, "s": 136, "base": 0, "post": 0, "recover": -1, "q1": -1}}, {"type": "Feature", "geometry": {"type": "Point", "coordinates": [350409.5, 1153390.5]}, "properties": {"d": 70.0, "s": 136, "base": 0, "post": 0, "recover": -1, "q1": -1}}, {"type": "Feature", "geometry": {"type": "Point", "coordinates": [350416.57, 1153383.43]}, "properties": {"d": 80.0, "s": 136, "base": 0, "post": 0, "recover": -1, "q1": -1}}, {"type": "Feature", "geometry": {"type": "Point", "coordinates": [350423.64, 1153376.36]}, "properties": {"d": 90.0, "s": 136, "base": 0, "post": 0, "recover": -1, "q1": -1}}, {"type": "Feature", "geometry": {"type": "Point", "coordinates": [350430.71, 1153369.29]}, "properties": {"d": 100.0, "s": 136, "base": 0, "post": 0, "recover": -1, "q1": -1}}, {"type": "Feature", "geometry": {"type": "Point", "coordinates": [350437.78, 1153362.22]}, "properties": {"d": 110.0, "s": 136, "base": 0, "post": 0, "recover": -1, "q1": -1}}, {"type": "Feature", "geometry": {"type": "Point", "coordinates": [350444.85, 1153355.15]}, "properties": {"d": 120.0, "s": 136, "base": 0, "post": 0, "recover": 0, "q1": -1}}, {"type": "Feature", "geometry": {"type": "Point", "coordinates": [350451.92, 1153348.08]}, "properties": {"d": 130.0, "s": 136, "base": 0, "post": 0, "recover": 0, "q1": -1}}, {"type": "Feature", "geometry": {"type": "Point", "coordinates": [350458.99, 1153341.01]}, "properties": {"d": 140.0, "s": 136, "base": 0, "post": 0, "recover": 0, "q1": -1}}, {"type": "Feature", "geometry": {"type": "Point", "coordinates": [350466.07, 1153333.93]}, "properties": {"d": 150.0, "s": 136, "base": 0, "post": 0, "recover": 0, "q1": -1}}, {"type": "Feature", "geometry": {"type": "Point", "coordinates": [352929.61, 1154648.06]}, "properties": {"d": -100.0, "s": 137, "base": 1, "post": 1, "recover": 0, "q1": 0}}, {"type": "Feature", "geometry": {"type": "Point", "coordinates": [352927.65, 1154638.25]}, "properties": {"d": -90.0, "s": 137, "base": 1, "post": 1, "recover": 0, "q1": 0}}, {"type": "Feature", "geometry": {"type": "Point", "coordinates": [352925.69, 1154628.45]}, "properties": {"d": -80.0, "s": 137, "base": 1, "post": 1, "recover": 0, "q1": 0}}, {"type": "Feature", "geometry": {"type": "Point", "coordinates": [352923.73, 1154618.64]}, "properties": {"d": -70.0, "s": 137, "base": 1, "post": 1, "recover": 0, "q1": 0}}, {"type": "Feature", "geometry": {"type": "Point", "coordinates": [352921.77, 1154608.83]}, "properties": {"d": -60.0, "s": 137, "base": 0, "post": 1, "recover": 0, "q1": 0}}, {"type": "Feature", "geometry": {"type": "Point", "coordinates": [352919.81, 1154599.03]}, "properties": {"d": -50.0, "s": 137, "base": 0, "post": 1, "recover": 0, "q1": 0}}, {"type": "Feature", "geometry": {"type": "Point", "coordinates": [352917.84, 1154589.22]}, "properties": {"d": -40.0, "s": 137, "base": 0, "post": 1, "recover": 0, "q1": 0}}, {"type": "Feature", "geometry": {"type": "Point", "coordinates": [352915.88, 1154579.42]}, "properties": {"d": -30.0, "s": 137, "base": 1, "post": 1, "recover": 0, "q1": 0}}, {"type": "Feature", "geometry": {"type": "Point", "coordinates": [352913.92, 1154569.61]}, "properties": {"d": -20.0, "s": 137, "base": 1, "post": 1, "recover": 0, "q1": 0}}, {"type": "Feature", "geometry": {"type": "Point", "coordinates": [352911.96, 1154559.81]}, "properties": {"d": -10.0, "s": 137, "base": 1, "post": 1, "recover": 0, "q1": 0}}, {"type": "Feature", "geometry": {"type": "Point", "coordinates": [352910.0, 1154550.0]}, "properties": {"d": 0.0, "s": 137, "base": 1, "post": 1, "recover": 0, "q1": 0}}, {"type": "Feature", "geometry": {"type": "Point", "coordinates": [352908.04, 1154540.19]}, "properties": {"d": 10.0, "s": 137, "base": 0, "post": 1, "recover": 0, "q1": 0}}, {"type": "Feature", "geometry": {"type": "Point", "coordinates": [352906.08, 1154530.39]}, "properties": {"d": 20.0, "s": 137, "base": 0, "post": 1, "recover": 0, "q1": 0}}, {"type": "Feature", "geometry": {"type": "Point", "coordinates": [352904.12, 1154520.58]}, "properties": {"d": 30.0, "s": 137, "base": 0, "post": 1, "recover": 0, "q1": 0}}, {"type": "Feature", "geometry": {"type": "Point", "coordinates": [352902.16, 1154510.78]}, "properties": {"d": 40.0, "s": 137, "base": 0, "post": 1, "recover": 0, "q1": 0}}, {"type": "Feature", "geometry": {"type": "Point", "coordinates": [352900.19, 1154500.97]}, "properties": {"d": 50.0, "s": 137, "base": 0, "post": 1, "recover": 0, "q1": 0}}, {"type": "Feature", "geometry": {"type": "Point", "coordinates": [352898.23, 1154491.17]}, "properties": {"d": 60.0, "s": 137, "base": 0, "post": 1, "recover": 0, "q1": 0}}, {"type": "Feature", "geometry": {"type": "Point", "coordinates": [352896.27, 1154481.36]}, "properties": {"d": 70.0, "s": 137, "base": 0, "post": 1, "recover": 0, "q1": 0}}, {"type": "Feature", "geometry": {"type": "Point", "coordinates": [352894.31, 1154471.55]}, "properties": {"d": 80.0, "s": 137, "base": 0, "post": 1, "recover": 0, "q1": 0}}, {"type": "Feature", "geometry": {"type": "Point", "coordinates": [352892.35, 1154461.75]}, "properties": {"d": 90.0, "s": 137, "base": 0, "post": 1, "recover": 0, "q1": 0}}, {"type": "Feature", "geometry": {"type": "Point", "coordinates": [352890.39, 1154451.94]}, "properties": {"d": 100.0, "s": 137, "base": 0, "post": 1, "recover": 0, "q1": 0}}, {"type": "Feature", "geometry": {"type": "Point", "coordinates": [352888.43, 1154442.14]}, "properties": {"d": 110.0, "s": 137, "base": 0, "post": 1, "recover": 0, "q1": 0}}, {"type": "Feature", "geometry": {"type": "Point", "coordinates": [352886.47, 1154432.33]}, "properties": {"d": 120.0, "s": 137, "base": 0, "post": 1, "recover": 0, "q1": 0}}, {"type": "Feature", "geometry": {"type": "Point", "coordinates": [352884.5, 1154422.52]}, "properties": {"d": 130.0, "s": 137, "base": 0, "post": 1, "recover": 0, "q1": 0}}, {"type": "Feature", "geometry": {"type": "Point", "coordinates": [352882.54, 1154412.72]}, "properties": {"d": 140.0, "s": 137, "base": 0, "post": 1, "recover": -1, "q1": 0}}, {"type": "Feature", "geometry": {"type": "Point", "coordinates": [352880.58, 1154402.91]}, "properties": {"d": 150.0, "s": 137, "base": 0, "post": 1, "recover": -1, "q1": 0}}, {"type": "Feature", "geometry": {"type": "Point", "coordinates": [352859.29, 1155100.71]}, "properties": {"d": -100.0, "s": 138, "base": 1, "post": 1, "recover": 1, "q1": -1}}, {"type": "Feature", "geometry": {"type": "Point", "coordinates": [352866.36, 1155093.64]}, "properties": {"d": -90.0, "s": 138, "base": 1, "post": 1, "recover": 1, "q1": -1}}, {"type": "Feature", "geometry": {"type": "Point", "coordinates": [352873.43, 1155086.57]}, "properties": {"d": -80.0, "s": 138, "base": 1, "post": 1, "recover": 1, "q1": -1}}, {"type": "Feature", "geometry": {"type": "Point", "coordinates": [352880.5, 1155079.5]}, "properties": {"d": -70.0, "s": 138, "base": 1, "post": 1, "recover": 1, "q1": -1}}, {"type": "Feature", "geometry": {"type": "Point", "coordinates": [352887.57, 1155072.43]}, "properties": {"d": -60.0, "s": 138, "base": 1, "post": 1, "recover": 1, "q1": -1}}, {"type": "Feature", "geometry": {"type": "Point", "coordinates": [352894.64, 1155065.36]}, "properties": {"d": -50.0, "s": 138, "base": 1, "post": 0, "recover": 1, "q1": -1}}, {"type": "Feature", "geometry": {"type": "Point", "coordinates": [352901.72, 1155058.28]}, "properties": {"d": -40.0, "s": 138, "base": 0, "post": 0, "recover": 0, "q1": -1}}, {"type": "Feature", "geometry": {"type": "Point", "coordinates": [352908.79, 1155051.21]}, "properties": {"d": -30.0, "s": 138, "base": 0, "post": 0, "recover": 0, "q1": -1}}, {"type": "Feature", "geometry": {"type": "Point", "coordinates": [352915.86, 1155044.14]}, "properties": {"d": -20.0, "s": 138, "base": 1, "post": 0, "recover": 0, "q1": -1}}, {"type": "Feature", "geometry": {"type": "Point", "coordinates": [352922.93, 1155037.07]}, "properties": {"d": -10.0, "s": 138, "base": 1, "post": 0, "recover": 0, "q1": -1}}, {"type": "Feature", "geometry": {"type": "Point", "coordinates": [352930.0, 1155030.0]}, "properties": {"d": 0.0, "s": 138, "base": 1, "post": 0, "recover": 0, "q1": -1}}, {"type": "Feature", "geometry": {"type": "Point", "coordinates": [352937.07, 1155022.93]}, "properties": {"d": 10.0, "s": 138, "base": 0, "post": 0, "recover": -1, "q1": -1}}, {"type": "Feature", "geometry": {"type": "Point", "coordinates": [352944.14, 1155015.86]}, "properties": {"d": 20.0, "s": 138, "base": 0, "post": 0, "recover": -1, "q1": -1}}, {"type": "Feature", "geometry": {"type": "Point", "coordinates": [352951.21, 1155008.79]}, "properties": {"d": 30.0, "s": 138, "base": 0, "post": 1, "recover": -1, "q1": -1}}, {"type": "Feature", "geometry": {"type": "Point", "coordinates": [352958.28, 1155001.72]}, "properties": {"d": 40.0, "s": 138, "base": 0, "post": 1, "recover": -1, "q1": -1}}, {"type": "Feature", "geometry": {"type": "Point", "coordinates": [352965.36, 1154994.64]}, "properties": {"d": 50.0, "s": 138, "base": 0, "post": 1, "recover": -1, "q1": 0}}, {"type": "Feature", "geometry": {"type": "Point", "coordinates": [352972.43, 1154987.57]}, "properties": {"d": 60.0, "s": 138, "base": 0, "post": 1, "recover": -1, "q1": 0}}, {"type": "Feature", "geometry": {"type": "Point", "coordinates": [352979.5, 1154980.5]}, "properties": {"d": 70.0, "s": 138, "base": 0, "post": 1, "recover": -1, "q1": 0}}, {"type": "Feature", "geometry": {"type": "Point", "coordinates": [352986.57, 1154973.43]}, "properties": {"d": 80.0, "s": 138, "base": 0, "post": 1, "recover": -1, "q1": 0}}, {"type": "Feature", "geometry": {"type": "Point", "coordinates": [352993.64, 1154966.36]}, "properties": {"d": 90.0, "s": 138, "base": 0, "post": 1, "recover": -1, "q1": 0}}, {"type": "Feature", "geometry": {"type": "Point", "coordinates": [353000.71, 1154959.29]}, "properties": {"d": 100.0, "s": 138, "base": -1, "post": -1, "recover": -1, "q1": -1}}, {"type": "Feature", "geometry": {"type": "Point", "coordinates": [353007.78, 1154952.22]}, "properties": {"d": 110.0, "s": 138, "base": -1, "post": -1, "recover": -1, "q1": -1}}, {"type": "Feature", "geometry": {"type": "Point", "coordinates": [353014.85, 1154945.15]}, "properties": {"d": 120.0, "s": 138, "base": -1, "post": -1, "recover": -1, "q1": -1}}, {"type": "Feature", "geometry": {"type": "Point", "coordinates": [353021.92, 1154938.08]}, "properties": {"d": 130.0, "s": 138, "base": -1, "post": 1, "recover": -1, "q1": -1}}, {"type": "Feature", "geometry": {"type": "Point", "coordinates": [353028.99, 1154931.01]}, "properties": {"d": 140.0, "s": 138, "base": -1, "post": 1, "recover": -1, "q1": -1}}, {"type": "Feature", "geometry": {"type": "Point", "coordinates": [353036.07, 1154923.93]}, "properties": {"d": 150.0, "s": 138, "base": -1, "post": -1, "recover": -1, "q1": -1}}, {"type": "Feature", "geometry": {"type": "Point", "coordinates": [351670.71, 1155769.29]}, "properties": {"d": -100.0, "s": 139, "base": -1, "post": 0, "recover": 0, "q1": -1}}, {"type": "Feature", "geometry": {"type": "Point", "coordinates": [351663.64, 1155776.36]}, "properties": {"d": -90.0, "s": 139, "base": -1, "post": -1, "recover": 0, "q1": -1}}, {"type": "Feature", "geometry": {"type": "Point", "coordinates": [351656.57, 1155783.43]}, "properties": {"d": -80.0, "s": 139, "base": -1, "post": -1, "recover": 0, "q1": -1}}, {"type": "Feature", "geometry": {"type": "Point", "coordinates": [351649.5, 1155790.5]}, "properties": {"d": -70.0, "s": 139, "base": 0, "post": 0, "recover": 0, "q1": -1}}, {"type": "Feature", "geometry": {"type": "Point", "coordinates": [351642.43, 1155797.57]}, "properties": {"d": -60.0, "s": 139, "base": 0, "post": 0, "recover": 0, "q1": -1}}, {"type": "Feature", "geometry": {"type": "Point", "coordinates": [351635.36, 1155804.64]}, "properties": {"d": -50.0, "s": 139, "base": 0, "post": -1, "recover": 0, "q1": -1}}, {"type": "Feature", "geometry": {"type": "Point", "coordinates": [351628.28, 1155811.72]}, "properties": {"d": -40.0, "s": 139, "base": 0, "post": -1, "recover": 0, "q1": -1}}, {"type": "Feature", "geometry": {"type": "Point", "coordinates": [351621.21, 1155818.79]}, "properties": {"d": -30.0, "s": 139, "base": 0, "post": -1, "recover": 0, "q1": -1}}, {"type": "Feature", "geometry": {"type": "Point", "coordinates": [351614.14, 1155825.86]}, "properties": {"d": -20.0, "s": 139, "base": -1, "post": -1, "recover": 0, "q1": -1}}, {"type": "Feature", "geometry": {"type": "Point", "coordinates": [351607.07, 1155832.93]}, "properties": {"d": -10.0, "s": 139, "base": -1, "post": -1, "recover": 0, "q1": -1}}, {"type": "Feature", "geometry": {"type": "Point", "coordinates": [351600.0, 1155840.0]}, "properties": {"d": 0.0, "s": 139, "base": -1, "post": -1, "recover": 0, "q1": -1}}, {"type": "Feature", "geometry": {"type": "Point", "coordinates": [351592.93, 1155847.07]}, "properties": {"d": 10.0, "s": 139, "base": 0, "post": -1, "recover": 0, "q1": 0}}, {"type": "Feature", "geometry": {"type": "Point", "coordinates": [351585.86, 1155854.14]}, "properties": {"d": 20.0, "s": 139, "base": 0, "post": -1, "recover": 0, "q1": 0}}, {"type": "Feature", "geometry": {"type": "Point", "coordinates": [351578.79, 1155861.21]}, "properties": {"d": 30.0, "s": 139, "base": 0, "post": -1, "recover": 0, "q1": 0}}, {"type": "Feature", "geometry": {"type": "Point", "coordinates": [351571.72, 1155868.28]}, "properties": {"d": 40.0, "s": 139, "base": 0, "post": -1, "recover": 0, "q1": -1}}, {"type": "Feature", "geometry": {"type": "Point", "coordinates": [351564.64, 1155875.36]}, "properties": {"d": 50.0, "s": 139, "base": 0, "post": -1, "recover": 0, "q1": -1}}, {"type": "Feature", "geometry": {"type": "Point", "coordinates": [351557.57, 1155882.43]}, "properties": {"d": 60.0, "s": 139, "base": 0, "post": -1, "recover": 0, "q1": -1}}, {"type": "Feature", "geometry": {"type": "Point", "coordinates": [351550.5, 1155889.5]}, "properties": {"d": 70.0, "s": 139, "base": 0, "post": 0, "recover": 0, "q1": 0}}, {"type": "Feature", "geometry": {"type": "Point", "coordinates": [351543.43, 1155896.57]}, "properties": {"d": 80.0, "s": 139, "base": 0, "post": 0, "recover": 0, "q1": 0}}, {"type": "Feature", "geometry": {"type": "Point", "coordinates": [351536.36, 1155903.64]}, "properties": {"d": 90.0, "s": 139, "base": 0, "post": 0, "recover": 0, "q1": 0}}, {"type": "Feature", "geometry": {"type": "Point", "coordinates": [351529.29, 1155910.71]}, "properties": {"d": 100.0, "s": 139, "base": 0, "post": 0, "recover": 0, "q1": 0}}, {"type": "Feature", "geometry": {"type": "Point", "coordinates": [351522.22, 1155917.78]}, "properties": {"d": 110.0, "s": 139, "base": 0, "post": 0, "recover": 0, "q1": 0}}, {"type": "Feature", "geometry": {"type": "Point", "coordinates": [351515.15, 1155924.85]}, "properties": {"d": 120.0, "s": 139, "base": 0, "post": 0, "recover": 0, "q1": 0}}, {"type": "Feature", "geometry": {"type": "Point", "coordinates": [351508.08, 1155931.92]}, "properties": {"d": 130.0, "s": 139, "base": 0, "post": 0, "recover": 0, "q1": 0}}, {"type": "Feature", "geometry": {"type": "Point", "coordinates": [351501.01, 1155939.0]}, "properties": {"d": 140.0, "s": 139, "base": 0, "post": 0, "recover": 0, "q1": 0}}, {"type": "Feature", "geometry": {"type": "Point", "coordinates": [351493.93, 1155946.07]}, "properties": {"d": 150.0, "s": 139, "base": 0, "post": 0, "recover": 0, "q1": 0}}, {"type": "Feature", "geometry": {"type": "Point", "coordinates": [350290.71, 1151169.29]}, "properties": {"d": -100.0, "s": 140, "base": 1, "post": 1, "recover": -1, "q1": -1}}, {"type": "Feature", "geometry": {"type": "Point", "coordinates": [350283.64, 1151176.36]}, "properties": {"d": -90.0, "s": 140, "base": 1, "post": 1, "recover": -1, "q1": -1}}, {"type": "Feature", "geometry": {"type": "Point", "coordinates": [350276.57, 1151183.43]}, "properties": {"d": -80.0, "s": 140, "base": 1, "post": 1, "recover": -1, "q1": -1}}, {"type": "Feature", "geometry": {"type": "Point", "coordinates": [350269.5, 1151190.5]}, "properties": {"d": -70.0, "s": 140, "base": 1, "post": 1, "recover": -1, "q1": -1}}, {"type": "Feature", "geometry": {"type": "Point", "coordinates": [350262.43, 1151197.57]}, "properties": {"d": -60.0, "s": 140, "base": 1, "post": 1, "recover": -1, "q1": -1}}, {"type": "Feature", "geometry": {"type": "Point", "coordinates": [350255.36, 1151204.64]}, "properties": {"d": -50.0, "s": 140, "base": 1, "post": 1, "recover": -1, "q1": -1}}, {"type": "Feature", "geometry": {"type": "Point", "coordinates": [350248.28, 1151211.72]}, "properties": {"d": -40.0, "s": 140, "base": 1, "post": 1, "recover": -1, "q1": -1}}, {"type": "Feature", "geometry": {"type": "Point", "coordinates": [350241.21, 1151218.79]}, "properties": {"d": -30.0, "s": 140, "base": 1, "post": 1, "recover": -1, "q1": -1}}, {"type": "Feature", "geometry": {"type": "Point", "coordinates": [350234.14, 1151225.86]}, "properties": {"d": -20.0, "s": 140, "base": 1, "post": 1, "recover": -1, "q1": -1}}, {"type": "Feature", "geometry": {"type": "Point", "coordinates": [350227.07, 1151232.93]}, "properties": {"d": -10.0, "s": 140, "base": 1, "post": 0, "recover": -1, "q1": -1}}, {"type": "Feature", "geometry": {"type": "Point", "coordinates": [350220.0, 1151240.0]}, "properties": {"d": 0.0, "s": 140, "base": 1, "post": 0, "recover": -1, "q1": -1}}, {"type": "Feature", "geometry": {"type": "Point", "coordinates": [350212.93, 1151247.07]}, "properties": {"d": 10.0, "s": 140, "base": 0, "post": 0, "recover": 0, "q1": -1}}, {"type": "Feature", "geometry": {"type": "Point", "coordinates": [350205.86, 1151254.14]}, "properties": {"d": 20.0, "s": 140, "base": 0, "post": 0, "recover": 0, "q1": -1}}, {"type": "Feature", "geometry": {"type": "Point", "coordinates": [350198.79, 1151261.21]}, "properties": {"d": 30.0, "s": 140, "base": 0, "post": 0, "recover": 0, "q1": -1}}, {"type": "Feature", "geometry": {"type": "Point", "coordinates": [350191.72, 1151268.28]}, "properties": {"d": 40.0, "s": 140, "base": 0, "post": 0, "recover": 0, "q1": -1}}, {"type": "Feature", "geometry": {"type": "Point", "coordinates": [350184.64, 1151275.36]}, "properties": {"d": 50.0, "s": 140, "base": 0, "post": 0, "recover": 0, "q1": -1}}, {"type": "Feature", "geometry": {"type": "Point", "coordinates": [350177.57, 1151282.43]}, "properties": {"d": 60.0, "s": 140, "base": 0, "post": 0, "recover": 0, "q1": -1}}, {"type": "Feature", "geometry": {"type": "Point", "coordinates": [350170.5, 1151289.5]}, "properties": {"d": 70.0, "s": 140, "base": 0, "post": 0, "recover": 0, "q1": -1}}, {"type": "Feature", "geometry": {"type": "Point", "coordinates": [350163.43, 1151296.57]}, "properties": {"d": 80.0, "s": 140, "base": 0, "post": 0, "recover": 0, "q1": 0}}, {"type": "Feature", "geometry": {"type": "Point", "coordinates": [350156.36, 1151303.64]}, "properties": {"d": 90.0, "s": 140, "base": 0, "post": 0, "recover": 0, "q1": 0}}, {"type": "Feature", "geometry": {"type": "Point", "coordinates": [350149.29, 1151310.71]}, "properties": {"d": 100.0, "s": 140, "base": 0, "post": 0, "recover": 0, "q1": 0}}, {"type": "Feature", "geometry": {"type": "Point", "coordinates": [350142.22, 1151317.78]}, "properties": {"d": 110.0, "s": 140, "base": 0, "post": 0, "recover": 0, "q1": 0}}, {"type": "Feature", "geometry": {"type": "Point", "coordinates": [350135.15, 1151324.85]}, "properties": {"d": 120.0, "s": 140, "base": 0, "post": 0, "recover": 0, "q1": 0}}, {"type": "Feature", "geometry": {"type": "Point", "coordinates": [350128.08, 1151331.92]}, "properties": {"d": 130.0, "s": 140, "base": 0, "post": 0, "recover": 0, "q1": 0}}, {"type": "Feature", "geometry": {"type": "Point", "coordinates": [350121.01, 1151338.99]}, "properties": {"d": 140.0, "s": 140, "base": 0, "post": 0, "recover": 0, "q1": 0}}, {"type": "Feature", "geometry": {"type": "Point", "coordinates": [350113.93, 1151346.07]}, "properties": {"d": 150.0, "s": 140, "base": 0, "post": 0, "recover": 0, "q1": 0}}, {"type": "Feature", "geometry": {"type": "Point", "coordinates": [349260.56, 1142874.72]}, "properties": {"d": -100.0, "s": 141, "base": 0, "post": 1, "recover": -1, "q1": 0}}, {"type": "Feature", "geometry": {"type": "Point", "coordinates": [349269.5, 1142870.25]}, "properties": {"d": -90.0, "s": 141, "base": 1, "post": 1, "recover": -1, "q1": 0}}, {"type": "Feature", "geometry": {"type": "Point", "coordinates": [349278.45, 1142865.78]}, "properties": {"d": -80.0, "s": 141, "base": 1, "post": 1, "recover": -1, "q1": 0}}, {"type": "Feature", "geometry": {"type": "Point", "coordinates": [349287.39, 1142861.3]}, "properties": {"d": -70.0, "s": 141, "base": 1, "post": 1, "recover": -1, "q1": 0}}, {"type": "Feature", "geometry": {"type": "Point", "coordinates": [349296.33, 1142856.83]}, "properties": {"d": -60.0, "s": 141, "base": 1, "post": 1, "recover": -1, "q1": 0}}, {"type": "Feature", "geometry": {"type": "Point", "coordinates": [349305.28, 1142852.36]}, "properties": {"d": -50.0, "s": 141, "base": 1, "post": 1, "recover": -1, "q1": 0}}, {"type": "Feature", "geometry": {"type": "Point", "coordinates": [349314.22, 1142847.89]}, "properties": {"d": -40.0, "s": 141, "base": 0, "post": 1, "recover": -1, "q1": 0}}, {"type": "Feature", "geometry": {"type": "Point", "coordinates": [349323.17, 1142843.42]}, "properties": {"d": -30.0, "s": 141, "base": 1, "post": 1, "recover": -1, "q1": 0}}, {"type": "Feature", "geometry": {"type": "Point", "coordinates": [349332.11, 1142838.94]}, "properties": {"d": -20.0, "s": 141, "base": 1, "post": 1, "recover": -1, "q1": 0}}, {"type": "Feature", "geometry": {"type": "Point", "coordinates": [349341.06, 1142834.47]}, "properties": {"d": -10.0, "s": 141, "base": 0, "post": 1, "recover": -1, "q1": 0}}, {"type": "Feature", "geometry": {"type": "Point", "coordinates": [349350.0, 1142830.0]}, "properties": {"d": 0.0, "s": 141, "base": 1, "post": 1, "recover": -1, "q1": 0}}, {"type": "Feature", "geometry": {"type": "Point", "coordinates": [349358.94, 1142825.53]}, "properties": {"d": 10.0, "s": 141, "base": 0, "post": 1, "recover": -1, "q1": 0}}, {"type": "Feature", "geometry": {"type": "Point", "coordinates": [349367.89, 1142821.06]}, "properties": {"d": 20.0, "s": 141, "base": 0, "post": 1, "recover": -1, "q1": 0}}, {"type": "Feature", "geometry": {"type": "Point", "coordinates": [349376.83, 1142816.58]}, "properties": {"d": 30.0, "s": 141, "base": 0, "post": 1, "recover": -1, "q1": 0}}, {"type": "Feature", "geometry": {"type": "Point", "coordinates": [349385.78, 1142812.11]}, "properties": {"d": 40.0, "s": 141, "base": 0, "post": 1, "recover": -1, "q1": 0}}, {"type": "Feature", "geometry": {"type": "Point", "coordinates": [349394.72, 1142807.64]}, "properties": {"d": 50.0, "s": 141, "base": 0, "post": 1, "recover": -1, "q1": 0}}, {"type": "Feature", "geometry": {"type": "Point", "coordinates": [349403.67, 1142803.17]}, "properties": {"d": 60.0, "s": 141, "base": 0, "post": 1, "recover": -1, "q1": 0}}, {"type": "Feature", "geometry": {"type": "Point", "coordinates": [349412.61, 1142798.69]}, "properties": {"d": 70.0, "s": 141, "base": 0, "post": 1, "recover": -1, "q1": 0}}, {"type": "Feature", "geometry": {"type": "Point", "coordinates": [349421.55, 1142794.22]}, "properties": {"d": 80.0, "s": 141, "base": 0, "post": 1, "recover": -1, "q1": 0}}, {"type": "Feature", "geometry": {"type": "Point", "coordinates": [349430.5, 1142789.75]}, "properties": {"d": 90.0, "s": 141, "base": 0, "post": 1, "recover": -1, "q1": 0}}, {"type": "Feature", "geometry": {"type": "Point", "coordinates": [349439.44, 1142785.28]}, "properties": {"d": 100.0, "s": 141, "base": 0, "post": 1, "recover": -1, "q1": 0}}, {"type": "Feature", "geometry": {"type": "Point", "coordinates": [349448.39, 1142780.81]}, "properties": {"d": 110.0, "s": 141, "base": 0, "post": 1, "recover": -1, "q1": 0}}, {"type": "Feature", "geometry": {"type": "Point", "coordinates": [349457.33, 1142776.33]}, "properties": {"d": 120.0, "s": 141, "base": 0, "post": 1, "recover": -1, "q1": 0}}, {"type": "Feature", "geometry": {"type": "Point", "coordinates": [349466.28, 1142771.86]}, "properties": {"d": 130.0, "s": 141, "base": 0, "post": 1, "recover": -1, "q1": 0}}, {"type": "Feature", "geometry": {"type": "Point", "coordinates": [349475.22, 1142767.39]}, "properties": {"d": 140.0, "s": 141, "base": 0, "post": 1, "recover": -1, "q1": 0}}, {"type": "Feature", "geometry": {"type": "Point", "coordinates": [349484.16, 1142762.92]}, "properties": {"d": 150.0, "s": 141, "base": 0, "post": 1, "recover": -1, "q1": 0}}, {"type": "Feature", "geometry": {"type": "Point", "coordinates": [350779.29, 1141059.29]}, "properties": {"d": -100.0, "s": 142, "base": 1, "post": 1, "recover": 0, "q1": 0}}, {"type": "Feature", "geometry": {"type": "Point", "coordinates": [350786.36, 1141066.36]}, "properties": {"d": -90.0, "s": 142, "base": 1, "post": 1, "recover": 0, "q1": 0}}, {"type": "Feature", "geometry": {"type": "Point", "coordinates": [350793.43, 1141073.43]}, "properties": {"d": -80.0, "s": 142, "base": 1, "post": 1, "recover": 0, "q1": 0}}, {"type": "Feature", "geometry": {"type": "Point", "coordinates": [350800.5, 1141080.5]}, "properties": {"d": -70.0, "s": 142, "base": 1, "post": 1, "recover": 0, "q1": 0}}, {"type": "Feature", "geometry": {"type": "Point", "coordinates": [350807.57, 1141087.57]}, "properties": {"d": -60.0, "s": 142, "base": 1, "post": 1, "recover": 0, "q1": 0}}, {"type": "Feature", "geometry": {"type": "Point", "coordinates": [350814.64, 1141094.64]}, "properties": {"d": -50.0, "s": 142, "base": 1, "post": 1, "recover": 0, "q1": 0}}, {"type": "Feature", "geometry": {"type": "Point", "coordinates": [350821.72, 1141101.72]}, "properties": {"d": -40.0, "s": 142, "base": 1, "post": 1, "recover": 0, "q1": 0}}, {"type": "Feature", "geometry": {"type": "Point", "coordinates": [350828.79, 1141108.79]}, "properties": {"d": -30.0, "s": 142, "base": 1, "post": 1, "recover": 0, "q1": 0}}, {"type": "Feature", "geometry": {"type": "Point", "coordinates": [350835.86, 1141115.86]}, "properties": {"d": -20.0, "s": 142, "base": 1, "post": 1, "recover": 0, "q1": 0}}, {"type": "Feature", "geometry": {"type": "Point", "coordinates": [350842.93, 1141122.93]}, "properties": {"d": -10.0, "s": 142, "base": 1, "post": 1, "recover": 0, "q1": 0}}, {"type": "Feature", "geometry": {"type": "Point", "coordinates": [350850.0, 1141130.0]}, "properties": {"d": 0.0, "s": 142, "base": 1, "post": 1, "recover": 0, "q1": 0}}, {"type": "Feature", "geometry": {"type": "Point", "coordinates": [350857.07, 1141137.07]}, "properties": {"d": 10.0, "s": 142, "base": 1, "post": 1, "recover": 0, "q1": 0}}, {"type": "Feature", "geometry": {"type": "Point", "coordinates": [350864.14, 1141144.14]}, "properties": {"d": 20.0, "s": 142, "base": 1, "post": 1, "recover": 0, "q1": 0}}, {"type": "Feature", "geometry": {"type": "Point", "coordinates": [350871.21, 1141151.21]}, "properties": {"d": 30.0, "s": 142, "base": 0, "post": 1, "recover": 0, "q1": 0}}, {"type": "Feature", "geometry": {"type": "Point", "coordinates": [350878.28, 1141158.28]}, "properties": {"d": 40.0, "s": 142, "base": 0, "post": 1, "recover": 0, "q1": 0}}, {"type": "Feature", "geometry": {"type": "Point", "coordinates": [350885.36, 1141165.36]}, "properties": {"d": 50.0, "s": 142, "base": 0, "post": 1, "recover": 0, "q1": 0}}, {"type": "Feature", "geometry": {"type": "Point", "coordinates": [350892.43, 1141172.43]}, "properties": {"d": 60.0, "s": 142, "base": 0, "post": 1, "recover": 0, "q1": 0}}, {"type": "Feature", "geometry": {"type": "Point", "coordinates": [350899.5, 1141179.5]}, "properties": {"d": 70.0, "s": 142, "base": 0, "post": 1, "recover": 0, "q1": 0}}, {"type": "Feature", "geometry": {"type": "Point", "coordinates": [350906.57, 1141186.57]}, "properties": {"d": 80.0, "s": 142, "base": 0, "post": 1, "recover": 0, "q1": 0}}, {"type": "Feature", "geometry": {"type": "Point", "coordinates": [350913.64, 1141193.64]}, "properties": {"d": 90.0, "s": 142, "base": 0, "post": 1, "recover": 0, "q1": 0}}, {"type": "Feature", "geometry": {"type": "Point", "coordinates": [350920.71, 1141200.71]}, "properties": {"d": 100.0, "s": 142, "base": 0, "post": 1, "recover": 0, "q1": 0}}, {"type": "Feature", "geometry": {"type": "Point", "coordinates": [350927.78, 1141207.78]}, "properties": {"d": 110.0, "s": 142, "base": 0, "post": 1, "recover": 0, "q1": 0}}, {"type": "Feature", "geometry": {"type": "Point", "coordinates": [350934.85, 1141214.85]}, "properties": {"d": 120.0, "s": 142, "base": 0, "post": 1, "recover": 0, "q1": 0}}, {"type": "Feature", "geometry": {"type": "Point", "coordinates": [350941.92, 1141221.92]}, "properties": {"d": 130.0, "s": 142, "base": 0, "post": 1, "recover": 0, "q1": 0}}, {"type": "Feature", "geometry": {"type": "Point", "coordinates": [350948.99, 1141228.99]}, "properties": {"d": 140.0, "s": 142, "base": 0, "post": 1, "recover": 0, "q1": 0}}, {"type": "Feature", "geometry": {"type": "Point", "coordinates": [350956.07, 1141236.07]}, "properties": {"d": 150.0, "s": 142, "base": 0, "post": 1, "recover": 0, "q1": 0}}, {"type": "Feature", "geometry": {"type": "Point", "coordinates": [351409.29, 1140190.71]}, "properties": {"d": -100.0, "s": 143, "base": 1, "post": 1, "recover": 1, "q1": 1}}, {"type": "Feature", "geometry": {"type": "Point", "coordinates": [351416.36, 1140183.64]}, "properties": {"d": -90.0, "s": 143, "base": 1, "post": 1, "recover": 1, "q1": 1}}, {"type": "Feature", "geometry": {"type": "Point", "coordinates": [351423.43, 1140176.57]}, "properties": {"d": -80.0, "s": 143, "base": 1, "post": 1, "recover": 1, "q1": 1}}, {"type": "Feature", "geometry": {"type": "Point", "coordinates": [351430.5, 1140169.5]}, "properties": {"d": -70.0, "s": 143, "base": 1, "post": 1, "recover": 1, "q1": 1}}, {"type": "Feature", "geometry": {"type": "Point", "coordinates": [351437.57, 1140162.43]}, "properties": {"d": -60.0, "s": 143, "base": 1, "post": 1, "recover": 1, "q1": 1}}, {"type": "Feature", "geometry": {"type": "Point", "coordinates": [351444.64, 1140155.36]}, "properties": {"d": -50.0, "s": 143, "base": 1, "post": 1, "recover": 1, "q1": 1}}, {"type": "Feature", "geometry": {"type": "Point", "coordinates": [351451.72, 1140148.28]}, "properties": {"d": -40.0, "s": 143, "base": 1, "post": 1, "recover": -1, "q1": 1}}, {"type": "Feature", "geometry": {"type": "Point", "coordinates": [351458.79, 1140141.21]}, "properties": {"d": -30.0, "s": 143, "base": 1, "post": 1, "recover": -1, "q1": 1}}, {"type": "Feature", "geometry": {"type": "Point", "coordinates": [351465.86, 1140134.14]}, "properties": {"d": -20.0, "s": 143, "base": 1, "post": 1, "recover": -1, "q1": 1}}, {"type": "Feature", "geometry": {"type": "Point", "coordinates": [351472.93, 1140127.07]}, "properties": {"d": -10.0, "s": 143, "base": 1, "post": 1, "recover": -1, "q1": 1}}, {"type": "Feature", "geometry": {"type": "Point", "coordinates": [351480.0, 1140120.0]}, "properties": {"d": 0.0, "s": 143, "base": 1, "post": 1, "recover": -1, "q1": 1}}, {"type": "Feature", "geometry": {"type": "Point", "coordinates": [351487.07, 1140112.93]}, "properties": {"d": 10.0, "s": 143, "base": 1, "post": 1, "recover": -1, "q1": 1}}, {"type": "Feature", "geometry": {"type": "Point", "coordinates": [351494.14, 1140105.86]}, "properties": {"d": 20.0, "s": 143, "base": 0, "post": 1, "recover": -1, "q1": 1}}, {"type": "Feature", "geometry": {"type": "Point", "coordinates": [351501.21, 1140098.79]}, "properties": {"d": 30.0, "s": 143, "base": 1, "post": 1, "recover": -1, "q1": 1}}, {"type": "Feature", "geometry": {"type": "Point", "coordinates": [351508.28, 1140091.72]}, "properties": {"d": 40.0, "s": 143, "base": 1, "post": 1, "recover": -1, "q1": 1}}, {"type": "Feature", "geometry": {"type": "Point", "coordinates": [351515.36, 1140084.64]}, "properties": {"d": 50.0, "s": 143, "base": 0, "post": 1, "recover": -1, "q1": 1}}, {"type": "Feature", "geometry": {"type": "Point", "coordinates": [351522.43, 1140077.57]}, "properties": {"d": 60.0, "s": 143, "base": 0, "post": 1, "recover": -1, "q1": 1}}, {"type": "Feature", "geometry": {"type": "Point", "coordinates": [351529.5, 1140070.5]}, "properties": {"d": 70.0, "s": 143, "base": 0, "post": 1, "recover": -1, "q1": 1}}, {"type": "Feature", "geometry": {"type": "Point", "coordinates": [351536.57, 1140063.43]}, "properties": {"d": 80.0, "s": 143, "base": 0, "post": 1, "recover": -1, "q1": 1}}, {"type": "Feature", "geometry": {"type": "Point", "coordinates": [351543.64, 1140056.36]}, "properties": {"d": 90.0, "s": 143, "base": 0, "post": 1, "recover": -1, "q1": 1}}, {"type": "Feature", "geometry": {"type": "Point", "coordinates": [351550.71, 1140049.29]}, "properties": {"d": 100.0, "s": 143, "base": 0, "post": 1, "recover": -1, "q1": 1}}, {"type": "Feature", "geometry": {"type": "Point", "coordinates": [351557.78, 1140042.22]}, "properties": {"d": 110.0, "s": 143, "base": 0, "post": 1, "recover": -1, "q1": 1}}, {"type": "Feature", "geometry": {"type": "Point", "coordinates": [351564.85, 1140035.15]}, "properties": {"d": 120.0, "s": 143, "base": 0, "post": 1, "recover": -1, "q1": 1}}, {"type": "Feature", "geometry": {"type": "Point", "coordinates": [351571.92, 1140028.08]}, "properties": {"d": 130.0, "s": 143, "base": 0, "post": 1, "recover": -1, "q1": 1}}, {"type": "Feature", "geometry": {"type": "Point", "coordinates": [351579.0, 1140021.01]}, "properties": {"d": 140.0, "s": 143, "base": 0, "post": 1, "recover": -1, "q1": 1}}, {"type": "Feature", "geometry": {"type": "Point", "coordinates": [351586.07, 1140013.93]}, "properties": {"d": 150.0, "s": 143, "base": 0, "post": 1, "recover": -1, "q1": 1}}, {"type": "Feature", "geometry": {"type": "Point", "coordinates": [352710.71, 1143190.71]}, "properties": {"d": -100.0, "s": 144, "base": 1, "post": 1, "recover": 1, "q1": 1}}, {"type": "Feature", "geometry": {"type": "Point", "coordinates": [352703.64, 1143183.64]}, "properties": {"d": -90.0, "s": 144, "base": 1, "post": 1, "recover": 1, "q1": 1}}, {"type": "Feature", "geometry": {"type": "Point", "coordinates": [352696.57, 1143176.57]}, "properties": {"d": -80.0, "s": 144, "base": 1, "post": 1, "recover": 1, "q1": 1}}, {"type": "Feature", "geometry": {"type": "Point", "coordinates": [352689.5, 1143169.5]}, "properties": {"d": -70.0, "s": 144, "base": 1, "post": 1, "recover": 1, "q1": 1}}, {"type": "Feature", "geometry": {"type": "Point", "coordinates": [352682.43, 1143162.43]}, "properties": {"d": -60.0, "s": 144, "base": 1, "post": 1, "recover": 1, "q1": 1}}, {"type": "Feature", "geometry": {"type": "Point", "coordinates": [352675.36, 1143155.36]}, "properties": {"d": -50.0, "s": 144, "base": 1, "post": 1, "recover": 1, "q1": 1}}, {"type": "Feature", "geometry": {"type": "Point", "coordinates": [352668.28, 1143148.28]}, "properties": {"d": -40.0, "s": 144, "base": 1, "post": 1, "recover": 1, "q1": 1}}, {"type": "Feature", "geometry": {"type": "Point", "coordinates": [352661.21, 1143141.21]}, "properties": {"d": -30.0, "s": 144, "base": 1, "post": 1, "recover": 1, "q1": 1}}, {"type": "Feature", "geometry": {"type": "Point", "coordinates": [352654.14, 1143134.14]}, "properties": {"d": -20.0, "s": 144, "base": 1, "post": 1, "recover": 1, "q1": 1}}, {"type": "Feature", "geometry": {"type": "Point", "coordinates": [352647.07, 1143127.07]}, "properties": {"d": -10.0, "s": 144, "base": 1, "post": 1, "recover": 1, "q1": 1}}, {"type": "Feature", "geometry": {"type": "Point", "coordinates": [352640.0, 1143120.0]}, "properties": {"d": 0.0, "s": 144, "base": 1, "post": 1, "recover": 1, "q1": 1}}, {"type": "Feature", "geometry": {"type": "Point", "coordinates": [352632.93, 1143112.93]}, "properties": {"d": 10.0, "s": 144, "base": 0, "post": 1, "recover": 1, "q1": 0}}, {"type": "Feature", "geometry": {"type": "Point", "coordinates": [352625.86, 1143105.86]}, "properties": {"d": 20.0, "s": 144, "base": 0, "post": 1, "recover": 1, "q1": 0}}, {"type": "Feature", "geometry": {"type": "Point", "coordinates": [352618.79, 1143098.79]}, "properties": {"d": 30.0, "s": 144, "base": 0, "post": 1, "recover": 0, "q1": 0}}, {"type": "Feature", "geometry": {"type": "Point", "coordinates": [352611.72, 1143091.72]}, "properties": {"d": 40.0, "s": 144, "base": 0, "post": 1, "recover": 0, "q1": 0}}, {"type": "Feature", "geometry": {"type": "Point", "coordinates": [352604.64, 1143084.64]}, "properties": {"d": 50.0, "s": 144, "base": 0, "post": 1, "recover": 0, "q1": 0}}, {"type": "Feature", "geometry": {"type": "Point", "coordinates": [352597.57, 1143077.57]}, "properties": {"d": 60.0, "s": 144, "base": 0, "post": 1, "recover": 0, "q1": 0}}, {"type": "Feature", "geometry": {"type": "Point", "coordinates": [352590.5, 1143070.5]}, "properties": {"d": 70.0, "s": 144, "base": 0, "post": 1, "recover": 0, "q1": 0}}, {"type": "Feature", "geometry": {"type": "Point", "coordinates": [352583.43, 1143063.43]}, "properties": {"d": 80.0, "s": 144, "base": 0, "post": 1, "recover": 0, "q1": 0}}, {"type": "Feature", "geometry": {"type": "Point", "coordinates": [352576.36, 1143056.36]}, "properties": {"d": 90.0, "s": 144, "base": 0, "post": 1, "recover": 0, "q1": 0}}, {"type": "Feature", "geometry": {"type": "Point", "coordinates": [352569.29, 1143049.29]}, "properties": {"d": 100.0, "s": 144, "base": 0, "post": 1, "recover": 0, "q1": 0}}, {"type": "Feature", "geometry": {"type": "Point", "coordinates": [352562.22, 1143042.22]}, "properties": {"d": 110.0, "s": 144, "base": 0, "post": 1, "recover": 1, "q1": 0}}, {"type": "Feature", "geometry": {"type": "Point", "coordinates": [352555.15, 1143035.15]}, "properties": {"d": 120.0, "s": 144, "base": 0, "post": 1, "recover": 1, "q1": 0}}, {"type": "Feature", "geometry": {"type": "Point", "coordinates": [352548.08, 1143028.08]}, "properties": {"d": 130.0, "s": 144, "base": 0, "post": 1, "recover": 1, "q1": 1}}, {"type": "Feature", "geometry": {"type": "Point", "coordinates": [352541.01, 1143021.01]}, "properties": {"d": 140.0, "s": 144, "base": 0, "post": 1, "recover": 1, "q1": 1}}, {"type": "Feature", "geometry": {"type": "Point", "coordinates": [352533.93, 1143013.93]}, "properties": {"d": 150.0, "s": 144, "base": 0, "post": 1, "recover": 0, "q1": 0}}, {"type": "Feature", "geometry": {"type": "Point", "coordinates": [353640.56, 1142765.28]}, "properties": {"d": -100.0, "s": 145, "base": 1, "post": 1, "recover": 0, "q1": 0}}, {"type": "Feature", "geometry": {"type": "Point", "coordinates": [353649.5, 1142769.75]}, "properties": {"d": -90.0, "s": 145, "base": 1, "post": 1, "recover": 0, "q1": 0}}, {"type": "Feature", "geometry": {"type": "Point", "coordinates": [353658.45, 1142774.22]}, "properties": {"d": -80.0, "s": 145, "base": 1, "post": 1, "recover": 0, "q1": 0}}, {"type": "Feature", "geometry": {"type": "Point", "coordinates": [353667.39, 1142778.7]}, "properties": {"d": -70.0, "s": 145, "base": 0, "post": 1, "recover": 0, "q1": 0}}, {"type": "Feature", "geometry": {"type": "Point", "coordinates": [353676.33, 1142783.17]}, "properties": {"d": -60.0, "s": 145, "base": 1, "post": 1, "recover": 0, "q1": 0}}, {"type": "Feature", "geometry": {"type": "Point", "coordinates": [353685.28, 1142787.64]}, "properties": {"d": -50.0, "s": 145, "base": 1, "post": 1, "recover": 0, "q1": 0}}, {"type": "Feature", "geometry": {"type": "Point", "coordinates": [353694.22, 1142792.11]}, "properties": {"d": -40.0, "s": 145, "base": 1, "post": 1, "recover": 0, "q1": 0}}, {"type": "Feature", "geometry": {"type": "Point", "coordinates": [353703.17, 1142796.58]}, "properties": {"d": -30.0, "s": 145, "base": 1, "post": 1, "recover": 0, "q1": 0}}, {"type": "Feature", "geometry": {"type": "Point", "coordinates": [353712.11, 1142801.06]}, "properties": {"d": -20.0, "s": 145, "base": 0, "post": 1, "recover": 0, "q1": 0}}, {"type": "Feature", "geometry": {"type": "Point", "coordinates": [353721.06, 1142805.53]}, "properties": {"d": -10.0, "s": 145, "base": 1, "post": 1, "recover": 0, "q1": 0}}, {"type": "Feature", "geometry": {"type": "Point", "coordinates": [353730.0, 1142810.0]}, "properties": {"d": 0.0, "s": 145, "base": 1, "post": 1, "recover": 0, "q1": 0}}, {"type": "Feature", "geometry": {"type": "Point", "coordinates": [353738.94, 1142814.47]}, "properties": {"d": 10.0, "s": 145, "base": 0, "post": 1, "recover": 0, "q1": 0}}, {"type": "Feature", "geometry": {"type": "Point", "coordinates": [353747.89, 1142818.94]}, "properties": {"d": 20.0, "s": 145, "base": 0, "post": 1, "recover": 0, "q1": 0}}, {"type": "Feature", "geometry": {"type": "Point", "coordinates": [353756.83, 1142823.42]}, "properties": {"d": 30.0, "s": 145, "base": 0, "post": 1, "recover": 0, "q1": 0}}, {"type": "Feature", "geometry": {"type": "Point", "coordinates": [353765.78, 1142827.89]}, "properties": {"d": 40.0, "s": 145, "base": 0, "post": 1, "recover": 0, "q1": 0}}, {"type": "Feature", "geometry": {"type": "Point", "coordinates": [353774.72, 1142832.36]}, "properties": {"d": 50.0, "s": 145, "base": 0, "post": 1, "recover": 0, "q1": 0}}, {"type": "Feature", "geometry": {"type": "Point", "coordinates": [353783.67, 1142836.83]}, "properties": {"d": 60.0, "s": 145, "base": 0, "post": 1, "recover": 0, "q1": 0}}, {"type": "Feature", "geometry": {"type": "Point", "coordinates": [353792.61, 1142841.3]}, "properties": {"d": 70.0, "s": 145, "base": 0, "post": 1, "recover": 0, "q1": 0}}, {"type": "Feature", "geometry": {"type": "Point", "coordinates": [353801.55, 1142845.78]}, "properties": {"d": 80.0, "s": 145, "base": 0, "post": 1, "recover": 0, "q1": 0}}, {"type": "Feature", "geometry": {"type": "Point", "coordinates": [353810.5, 1142850.25]}, "properties": {"d": 90.0, "s": 145, "base": 0, "post": 1, "recover": 0, "q1": 0}}, {"type": "Feature", "geometry": {"type": "Point", "coordinates": [353819.44, 1142854.72]}, "properties": {"d": 100.0, "s": 145, "base": 0, "post": 1, "recover": 0, "q1": 0}}, {"type": "Feature", "geometry": {"type": "Point", "coordinates": [353828.39, 1142859.19]}, "properties": {"d": 110.0, "s": 145, "base": 0, "post": 1, "recover": 0, "q1": 0}}, {"type": "Feature", "geometry": {"type": "Point", "coordinates": [353837.33, 1142863.67]}, "properties": {"d": 120.0, "s": 145, "base": 0, "post": 1, "recover": 0, "q1": 0}}, {"type": "Feature", "geometry": {"type": "Point", "coordinates": [353846.28, 1142868.14]}, "properties": {"d": 130.0, "s": 145, "base": 0, "post": 1, "recover": 0, "q1": 0}}, {"type": "Feature", "geometry": {"type": "Point", "coordinates": [353855.22, 1142872.61]}, "properties": {"d": 140.0, "s": 145, "base": 0, "post": 1, "recover": 0, "q1": 0}}, {"type": "Feature", "geometry": {"type": "Point", "coordinates": [353864.16, 1142877.08]}, "properties": {"d": 150.0, "s": 145, "base": 0, "post": 1, "recover": 0, "q1": 0}}, {"type": "Feature", "geometry": {"type": "Point", "coordinates": [351218.06, 1144200.39]}, "properties": {"d": -100.0, "s": 146, "base": 1, "post": 1, "recover": 0, "q1": 0}}, {"type": "Feature", "geometry": {"type": "Point", "coordinates": [351208.25, 1144202.35]}, "properties": {"d": -90.0, "s": 146, "base": 1, "post": 1, "recover": 0, "q1": 0}}, {"type": "Feature", "geometry": {"type": "Point", "coordinates": [351198.45, 1144204.31]}, "properties": {"d": -80.0, "s": 146, "base": 1, "post": 1, "recover": 0, "q1": 0}}, {"type": "Feature", "geometry": {"type": "Point", "coordinates": [351188.64, 1144206.27]}, "properties": {"d": -70.0, "s": 146, "base": 1, "post": 1, "recover": 0, "q1": 0}}, {"type": "Feature", "geometry": {"type": "Point", "coordinates": [351178.83, 1144208.23]}, "properties": {"d": -60.0, "s": 146, "base": 1, "post": 1, "recover": 0, "q1": 0}}, {"type": "Feature", "geometry": {"type": "Point", "coordinates": [351169.03, 1144210.19]}, "properties": {"d": -50.0, "s": 146, "base": 1, "post": 1, "recover": 0, "q1": 0}}, {"type": "Feature", "geometry": {"type": "Point", "coordinates": [351159.22, 1144212.16]}, "properties": {"d": -40.0, "s": 146, "base": 1, "post": 1, "recover": 0, "q1": 0}}, {"type": "Feature", "geometry": {"type": "Point", "coordinates": [351149.42, 1144214.12]}, "properties": {"d": -30.0, "s": 146, "base": 1, "post": 1, "recover": 0, "q1": 0}}, {"type": "Feature", "geometry": {"type": "Point", "coordinates": [351139.61, 1144216.08]}, "properties": {"d": -20.0, "s": 146, "base": 1, "post": 1, "recover": 0, "q1": 0}}, {"type": "Feature", "geometry": {"type": "Point", "coordinates": [351129.81, 1144218.04]}, "properties": {"d": -10.0, "s": 146, "base": 1, "post": 1, "recover": 0, "q1": 0}}, {"type": "Feature", "geometry": {"type": "Point", "coordinates": [351120.0, 1144220.0]}, "properties": {"d": 0.0, "s": 146, "base": 1, "post": 1, "recover": 0, "q1": 0}}, {"type": "Feature", "geometry": {"type": "Point", "coordinates": [351110.19, 1144221.96]}, "properties": {"d": 10.0, "s": 146, "base": 0, "post": 1, "recover": 0, "q1": 0}}, {"type": "Feature", "geometry": {"type": "Point", "coordinates": [351100.39, 1144223.92]}, "properties": {"d": 20.0, "s": 146, "base": 0, "post": 1, "recover": 0, "q1": 0}}, {"type": "Feature", "geometry": {"type": "Point", "coordinates": [351090.58, 1144225.88]}, "properties": {"d": 30.0, "s": 146, "base": 0, "post": 1, "recover": 0, "q1": 0}}, {"type": "Feature", "geometry": {"type": "Point", "coordinates": [351080.78, 1144227.84]}, "properties": {"d": 40.0, "s": 146, "base": 0, "post": 1, "recover": 0, "q1": 0}}, {"type": "Feature", "geometry": {"type": "Point", "coordinates": [351070.97, 1144229.81]}, "properties": {"d": 50.0, "s": 146, "base": 0, "post": 1, "recover": 0, "q1": 0}}, {"type": "Feature", "geometry": {"type": "Point", "coordinates": [351061.17, 1144231.77]}, "properties": {"d": 60.0, "s": 146, "base": 0, "post": 1, "recover": 0, "q1": 0}}, {"type": "Feature", "geometry": {"type": "Point", "coordinates": [351051.36, 1144233.73]}, "properties": {"d": 70.0, "s": 146, "base": 0, "post": 1, "recover": 0, "q1": 0}}, {"type": "Feature", "geometry": {"type": "Point", "coordinates": [351041.55, 1144235.69]}, "properties": {"d": 80.0, "s": 146, "base": 0, "post": 1, "recover": 0, "q1": 0}}, {"type": "Feature", "geometry": {"type": "Point", "coordinates": [351031.75, 1144237.65]}, "properties": {"d": 90.0, "s": 146, "base": 1, "post": 1, "recover": 0, "q1": 0}}, {"type": "Feature", "geometry": {"type": "Point", "coordinates": [351021.94, 1144239.61]}, "properties": {"d": 100.0, "s": 146, "base": 1, "post": 1, "recover": 0, "q1": 0}}, {"type": "Feature", "geometry": {"type": "Point", "coordinates": [351012.14, 1144241.57]}, "properties": {"d": 110.0, "s": 146, "base": 0, "post": 1, "recover": 0, "q1": 0}}, {"type": "Feature", "geometry": {"type": "Point", "coordinates": [351002.33, 1144243.53]}, "properties": {"d": 120.0, "s": 146, "base": 0, "post": 1, "recover": 0, "q1": 0}}, {"type": "Feature", "geometry": {"type": "Point", "coordinates": [350992.52, 1144245.5]}, "properties": {"d": 130.0, "s": 146, "base": 0, "post": 1, "recover": 0, "q1": 0}}, {"type": "Feature", "geometry": {"type": "Point", "coordinates": [350982.72, 1144247.46]}, "properties": {"d": 140.0, "s": 146, "base": 0, "post": 1, "recover": 0, "q1": 0}}, {"type": "Feature", "geometry": {"type": "Point", "coordinates": [350972.91, 1144249.42]}, "properties": {"d": 150.0, "s": 146, "base": 0, "post": 1, "recover": 0, "q1": 0}}, {"type": "Feature", "geometry": {"type": "Point", "coordinates": [374108.06, 1143759.61]}, "properties": {"d": -100.0, "s": 147, "base": 1, "post": 1, "recover": 0, "q1": 0}}, {"type": "Feature", "geometry": {"type": "Point", "coordinates": [374098.25, 1143757.65]}, "properties": {"d": -90.0, "s": 147, "base": 1, "post": 1, "recover": 0, "q1": 0}}, {"type": "Feature", "geometry": {"type": "Point", "coordinates": [374088.45, 1143755.69]}, "properties": {"d": -80.0, "s": 147, "base": 1, "post": 1, "recover": 0, "q1": 0}}, {"type": "Feature", "geometry": {"type": "Point", "coordinates": [374078.64, 1143753.73]}, "properties": {"d": -70.0, "s": 147, "base": 1, "post": 1, "recover": 0, "q1": 0}}, {"type": "Feature", "geometry": {"type": "Point", "coordinates": [374068.83, 1143751.77]}, "properties": {"d": -60.0, "s": 147, "base": 1, "post": 1, "recover": 0, "q1": 0}}, {"type": "Feature", "geometry": {"type": "Point", "coordinates": [374059.03, 1143749.81]}, "properties": {"d": -50.0, "s": 147, "base": 1, "post": 1, "recover": 0, "q1": 0}}, {"type": "Feature", "geometry": {"type": "Point", "coordinates": [374049.22, 1143747.84]}, "properties": {"d": -40.0, "s": 147, "base": 1, "post": 1, "recover": 0, "q1": 0}}, {"type": "Feature", "geometry": {"type": "Point", "coordinates": [374039.42, 1143745.88]}, "properties": {"d": -30.0, "s": 147, "base": 1, "post": 1, "recover": 0, "q1": 0}}, {"type": "Feature", "geometry": {"type": "Point", "coordinates": [374029.61, 1143743.92]}, "properties": {"d": -20.0, "s": 147, "base": 1, "post": 1, "recover": 0, "q1": 0}}, {"type": "Feature", "geometry": {"type": "Point", "coordinates": [374019.81, 1143741.96]}, "properties": {"d": -10.0, "s": 147, "base": 0, "post": 1, "recover": 1, "q1": 0}}, {"type": "Feature", "geometry": {"type": "Point", "coordinates": [374010.0, 1143740.0]}, "properties": {"d": 0.0, "s": 147, "base": 0, "post": 1, "recover": 1, "q1": 1}}, {"type": "Feature", "geometry": {"type": "Point", "coordinates": [374000.19, 1143738.04]}, "properties": {"d": 10.0, "s": 147, "base": 0, "post": 1, "recover": 1, "q1": 1}}, {"type": "Feature", "geometry": {"type": "Point", "coordinates": [373990.39, 1143736.08]}, "properties": {"d": 20.0, "s": 147, "base": 0, "post": 1, "recover": 1, "q1": 1}}, {"type": "Feature", "geometry": {"type": "Point", "coordinates": [373980.58, 1143734.12]}, "properties": {"d": 30.0, "s": 147, "base": 0, "post": 1, "recover": 1, "q1": -1}}, {"type": "Feature", "geometry": {"type": "Point", "coordinates": [373970.78, 1143732.16]}, "properties": {"d": 40.0, "s": 147, "base": 0, "post": 1, "recover": 1, "q1": -1}}, {"type": "Feature", "geometry": {"type": "Point", "coordinates": [373960.97, 1143730.19]}, "properties": {"d": 50.0, "s": 147, "base": 0, "post": 1, "recover": 1, "q1": 1}}, {"type": "Feature", "geometry": {"type": "Point", "coordinates": [373951.17, 1143728.23]}, "properties": {"d": 60.0, "s": 147, "base": 0, "post": 1, "recover": 1, "q1": 1}}, {"type": "Feature", "geometry": {"type": "Point", "coordinates": [373941.36, 1143726.27]}, "properties": {"d": 70.0, "s": 147, "base": 0, "post": 1, "recover": 1, "q1": 1}}, {"type": "Feature", "geometry": {"type": "Point", "coordinates": [373931.55, 1143724.31]}, "properties": {"d": 80.0, "s": 147, "base": 0, "post": 1, "recover": 0, "q1": 0}}, {"type": "Feature", "geometry": {"type": "Point", "coordinates": [373921.75, 1143722.35]}, "properties": {"d": 90.0, "s": 147, "base": 1, "post": 1, "recover": 1, "q1": 0}}, {"type": "Feature", "geometry": {"type": "Point", "coordinates": [373911.94, 1143720.39]}, "properties": {"d": 100.0, "s": 147, "base": 1, "post": 1, "recover": 1, "q1": 1}}, {"type": "Feature", "geometry": {"type": "Point", "coordinates": [373902.14, 1143718.43]}, "properties": {"d": 110.0, "s": 147, "base": 1, "post": 1, "recover": 1, "q1": 0}}, {"type": "Feature", "geometry": {"type": "Point", "coordinates": [373892.33, 1143716.47]}, "properties": {"d": 120.0, "s": 147, "base": 1, "post": 1, "recover": 0, "q1": 0}}, {"type": "Feature", "geometry": {"type": "Point", "coordinates": [373882.52, 1143714.51]}, "properties": {"d": 130.0, "s": 147, "base": 1, "post": 1, "recover": 1, "q1": 1}}, {"type": "Feature", "geometry": {"type": "Point", "coordinates": [373872.72, 1143712.54]}, "properties": {"d": 140.0, "s": 147, "base": 1, "post": 1, "recover": 0, "q1": 0}}, {"type": "Feature", "geometry": {"type": "Point", "coordinates": [373862.91, 1143710.58]}, "properties": {"d": 150.0, "s": 147, "base": 1, "post": 1, "recover": 0, "q1": 1}}, {"type": "Feature", "geometry": {"type": "Point", "coordinates": [368241.94, 1143659.61]}, "properties": {"d": -100.0, "s": 148, "base": 0, "post": -1, "recover": -1, "q1": -1}}, {"type": "Feature", "geometry": {"type": "Point", "coordinates": [368251.75, 1143657.65]}, "properties": {"d": -90.0, "s": 148, "base": 0, "post": -1, "recover": -1, "q1": -1}}, {"type": "Feature", "geometry": {"type": "Point", "coordinates": [368261.55, 1143655.69]}, "properties": {"d": -80.0, "s": 148, "base": -1, "post": -1, "recover": -1, "q1": -1}}, {"type": "Feature", "geometry": {"type": "Point", "coordinates": [368271.36, 1143653.73]}, "properties": {"d": -70.0, "s": 148, "base": -1, "post": -1, "recover": -1, "q1": -1}}, {"type": "Feature", "geometry": {"type": "Point", "coordinates": [368281.17, 1143651.77]}, "properties": {"d": -60.0, "s": 148, "base": -1, "post": -1, "recover": -1, "q1": -1}}, {"type": "Feature", "geometry": {"type": "Point", "coordinates": [368290.97, 1143649.81]}, "properties": {"d": -50.0, "s": 148, "base": -1, "post": -1, "recover": -1, "q1": -1}}, {"type": "Feature", "geometry": {"type": "Point", "coordinates": [368300.78, 1143647.84]}, "properties": {"d": -40.0, "s": 148, "base": -1, "post": 0, "recover": -1, "q1": -1}}, {"type": "Feature", "geometry": {"type": "Point", "coordinates": [368310.58, 1143645.88]}, "properties": {"d": -30.0, "s": 148, "base": -1, "post": 0, "recover": -1, "q1": -1}}, {"type": "Feature", "geometry": {"type": "Point", "coordinates": [368320.39, 1143643.92]}, "properties": {"d": -20.0, "s": 148, "base": 0, "post": 0, "recover": -1, "q1": -1}}, {"type": "Feature", "geometry": {"type": "Point", "coordinates": [368330.19, 1143641.96]}, "properties": {"d": -10.0, "s": 148, "base": 0, "post": 0, "recover": -1, "q1": -1}}, {"type": "Feature", "geometry": {"type": "Point", "coordinates": [368340.0, 1143640.0]}, "properties": {"d": 0.0, "s": 148, "base": 0, "post": 0, "recover": -1, "q1": -1}}, {"type": "Feature", "geometry": {"type": "Point", "coordinates": [368349.81, 1143638.04]}, "properties": {"d": 10.0, "s": 148, "base": 1, "post": 0, "recover": -1, "q1": -1}}, {"type": "Feature", "geometry": {"type": "Point", "coordinates": [368359.61, 1143636.08]}, "properties": {"d": 20.0, "s": 148, "base": 1, "post": 1, "recover": -1, "q1": -1}}, {"type": "Feature", "geometry": {"type": "Point", "coordinates": [368369.42, 1143634.12]}, "properties": {"d": 30.0, "s": 148, "base": 1, "post": 1, "recover": -1, "q1": -1}}, {"type": "Feature", "geometry": {"type": "Point", "coordinates": [368379.22, 1143632.16]}, "properties": {"d": 40.0, "s": 148, "base": 1, "post": 1, "recover": -1, "q1": -1}}, {"type": "Feature", "geometry": {"type": "Point", "coordinates": [368389.03, 1143630.19]}, "properties": {"d": 50.0, "s": 148, "base": 1, "post": 1, "recover": -1, "q1": -1}}, {"type": "Feature", "geometry": {"type": "Point", "coordinates": [368398.83, 1143628.23]}, "properties": {"d": 60.0, "s": 148, "base": 1, "post": 1, "recover": -1, "q1": -1}}, {"type": "Feature", "geometry": {"type": "Point", "coordinates": [368408.64, 1143626.27]}, "properties": {"d": 70.0, "s": 148, "base": 1, "post": 1, "recover": -1, "q1": -1}}, {"type": "Feature", "geometry": {"type": "Point", "coordinates": [368418.45, 1143624.31]}, "properties": {"d": 80.0, "s": 148, "base": 0, "post": 0, "recover": -1, "q1": -1}}, {"type": "Feature", "geometry": {"type": "Point", "coordinates": [368428.25, 1143622.35]}, "properties": {"d": 90.0, "s": 148, "base": 0, "post": 0, "recover": -1, "q1": -1}}, {"type": "Feature", "geometry": {"type": "Point", "coordinates": [368438.06, 1143620.39]}, "properties": {"d": 100.0, "s": 148, "base": 0, "post": 0, "recover": -1, "q1": -1}}, {"type": "Feature", "geometry": {"type": "Point", "coordinates": [368447.86, 1143618.43]}, "properties": {"d": 110.0, "s": 148, "base": 1, "post": 0, "recover": -1, "q1": -1}}, {"type": "Feature", "geometry": {"type": "Point", "coordinates": [368457.67, 1143616.47]}, "properties": {"d": 120.0, "s": 148, "base": 0, "post": 0, "recover": -1, "q1": -1}}, {"type": "Feature", "geometry": {"type": "Point", "coordinates": [368467.48, 1143614.5]}, "properties": {"d": 130.0, "s": 148, "base": 1, "post": 1, "recover": -1, "q1": -1}}, {"type": "Feature", "geometry": {"type": "Point", "coordinates": [368477.28, 1143612.54]}, "properties": {"d": 140.0, "s": 148, "base": 1, "post": 1, "recover": -1, "q1": -1}}, {"type": "Feature", "geometry": {"type": "Point", "coordinates": [368487.09, 1143610.58]}, "properties": {"d": 150.0, "s": 148, "base": -1, "post": 0, "recover": -1, "q1": -1}}, {"type": "Feature", "geometry": {"type": "Point", "coordinates": [368890.71, 1139719.29]}, "properties": {"d": -100.0, "s": 149, "base": 1, "post": 1, "recover": -1, "q1": 1}}, {"type": "Feature", "geometry": {"type": "Point", "coordinates": [368883.64, 1139726.36]}, "properties": {"d": -90.0, "s": 149, "base": 1, "post": 1, "recover": -1, "q1": 1}}, {"type": "Feature", "geometry": {"type": "Point", "coordinates": [368876.57, 1139733.43]}, "properties": {"d": -80.0, "s": 149, "base": 1, "post": 1, "recover": -1, "q1": -1}}, {"type": "Feature", "geometry": {"type": "Point", "coordinates": [368869.5, 1139740.5]}, "properties": {"d": -70.0, "s": 149, "base": 1, "post": 1, "recover": -1, "q1": -1}}, {"type": "Feature", "geometry": {"type": "Point", "coordinates": [368862.43, 1139747.57]}, "properties": {"d": -60.0, "s": 149, "base": 1, "post": 1, "recover": -1, "q1": -1}}, {"type": "Feature", "geometry": {"type": "Point", "coordinates": [368855.36, 1139754.64]}, "properties": {"d": -50.0, "s": 149, "base": 1, "post": 1, "recover": -1, "q1": -1}}, {"type": "Feature", "geometry": {"type": "Point", "coordinates": [368848.28, 1139761.72]}, "properties": {"d": -40.0, "s": 149, "base": 1, "post": 1, "recover": -1, "q1": -1}}, {"type": "Feature", "geometry": {"type": "Point", "coordinates": [368841.21, 1139768.79]}, "properties": {"d": -30.0, "s": 149, "base": 1, "post": 1, "recover": -1, "q1": -1}}, {"type": "Feature", "geometry": {"type": "Point", "coordinates": [368834.14, 1139775.86]}, "properties": {"d": -20.0, "s": 149, "base": 1, "post": 1, "recover": -1, "q1": -1}}, {"type": "Feature", "geometry": {"type": "Point", "coordinates": [368827.07, 1139782.93]}, "properties": {"d": -10.0, "s": 149, "base": 1, "post": 1, "recover": -1, "q1": -1}}, {"type": "Feature", "geometry": {"type": "Point", "coordinates": [368820.0, 1139790.0]}, "properties": {"d": 0.0, "s": 149, "base": 0, "post": 0, "recover": -1, "q1": -1}}, {"type": "Feature", "geometry": {"type": "Point", "coordinates": [368812.93, 1139797.07]}, "properties": {"d": 10.0, "s": 149, "base": 0, "post": 0, "recover": -1, "q1": -1}}, {"type": "Feature", "geometry": {"type": "Point", "coordinates": [368805.86, 1139804.14]}, "properties": {"d": 20.0, "s": 149, "base": 0, "post": 0, "recover": -1, "q1": -1}}, {"type": "Feature", "geometry": {"type": "Point", "coordinates": [368798.79, 1139811.21]}, "properties": {"d": 30.0, "s": 149, "base": 1, "post": 1, "recover": -1, "q1": -1}}, {"type": "Feature", "geometry": {"type": "Point", "coordinates": [368791.72, 1139818.28]}, "properties": {"d": 40.0, "s": 149, "base": 0, "post": 1, "recover": -1, "q1": -1}}, {"type": "Feature", "geometry": {"type": "Point", "coordinates": [368784.64, 1139825.36]}, "properties": {"d": 50.0, "s": 149, "base": 0, "post": 1, "recover": -1, "q1": -1}}, {"type": "Feature", "geometry": {"type": "Point", "coordinates": [368777.57, 1139832.43]}, "properties": {"d": 60.0, "s": 149, "base": 0, "post": 1, "recover": -1, "q1": -1}}, {"type": "Feature", "geometry": {"type": "Point", "coordinates": [368770.5, 1139839.5]}, "properties": {"d": 70.0, "s": 149, "base": 0, "post": 1, "recover": -1, "q1": -1}}, {"type": "Feature", "geometry": {"type": "Point", "coordinates": [368763.43, 1139846.57]}, "properties": {"d": 80.0, "s": 149, "base": 0, "post": 1, "recover": -1, "q1": -1}}, {"type": "Feature", "geometry": {"type": "Point", "coordinates": [368756.36, 1139853.64]}, "properties": {"d": 90.0, "s": 149, "base": 0, "post": 1, "recover": -1, "q1": -1}}, {"type": "Feature", "geometry": {"type": "Point", "coordinates": [368749.29, 1139860.71]}, "properties": {"d": 100.0, "s": 149, "base": 0, "post": 1, "recover": -1, "q1": 0}}, {"type": "Feature", "geometry": {"type": "Point", "coordinates": [368742.22, 1139867.78]}, "properties": {"d": 110.0, "s": 149, "base": 0, "post": 1, "recover": -1, "q1": 0}}, {"type": "Feature", "geometry": {"type": "Point", "coordinates": [368735.15, 1139874.85]}, "properties": {"d": 120.0, "s": 149, "base": 0, "post": 1, "recover": -1, "q1": 0}}, {"type": "Feature", "geometry": {"type": "Point", "coordinates": [368728.08, 1139881.92]}, "properties": {"d": 130.0, "s": 149, "base": 0, "post": 1, "recover": -1, "q1": 0}}, {"type": "Feature", "geometry": {"type": "Point", "coordinates": [368721.01, 1139888.99]}, "properties": {"d": 140.0, "s": 149, "base": 0, "post": 1, "recover": -1, "q1": 0}}, {"type": "Feature", "geometry": {"type": "Point", "coordinates": [368713.93, 1139896.07]}, "properties": {"d": 150.0, "s": 149, "base": 0, "post": 0, "recover": -1, "q1": 0}}, {"type": "Feature", "geometry": {"type": "Point", "coordinates": [370949.29, 1139719.29]}, "properties": {"d": -100.0, "s": 150, "base": 1, "post": 1, "recover": 1, "q1": 1}}, {"type": "Feature", "geometry": {"type": "Point", "coordinates": [370956.36, 1139726.36]}, "properties": {"d": -90.0, "s": 150, "base": 1, "post": 1, "recover": 1, "q1": 1}}, {"type": "Feature", "geometry": {"type": "Point", "coordinates": [370963.43, 1139733.43]}, "properties": {"d": -80.0, "s": 150, "base": 1, "post": 1, "recover": 1, "q1": 1}}, {"type": "Feature", "geometry": {"type": "Point", "coordinates": [370970.5, 1139740.5]}, "properties": {"d": -70.0, "s": 150, "base": 1, "post": 1, "recover": 1, "q1": 1}}, {"type": "Feature", "geometry": {"type": "Point", "coordinates": [370977.57, 1139747.57]}, "properties": {"d": -60.0, "s": 150, "base": 1, "post": 1, "recover": 1, "q1": 1}}, {"type": "Feature", "geometry": {"type": "Point", "coordinates": [370984.64, 1139754.64]}, "properties": {"d": -50.0, "s": 150, "base": 1, "post": 1, "recover": 1, "q1": 1}}, {"type": "Feature", "geometry": {"type": "Point", "coordinates": [370991.72, 1139761.72]}, "properties": {"d": -40.0, "s": 150, "base": 1, "post": 1, "recover": 1, "q1": 1}}, {"type": "Feature", "geometry": {"type": "Point", "coordinates": [370998.79, 1139768.79]}, "properties": {"d": -30.0, "s": 150, "base": 1, "post": 1, "recover": 1, "q1": 1}}, {"type": "Feature", "geometry": {"type": "Point", "coordinates": [371005.86, 1139775.86]}, "properties": {"d": -20.0, "s": 150, "base": 1, "post": 1, "recover": 1, "q1": 1}}, {"type": "Feature", "geometry": {"type": "Point", "coordinates": [371012.93, 1139782.93]}, "properties": {"d": -10.0, "s": 150, "base": 1, "post": 1, "recover": 1, "q1": 1}}, {"type": "Feature", "geometry": {"type": "Point", "coordinates": [371020.0, 1139790.0]}, "properties": {"d": 0.0, "s": 150, "base": 0, "post": 1, "recover": 1, "q1": 0}}, {"type": "Feature", "geometry": {"type": "Point", "coordinates": [371027.07, 1139797.07]}, "properties": {"d": 10.0, "s": 150, "base": 0, "post": 1, "recover": 1, "q1": 1}}, {"type": "Feature", "geometry": {"type": "Point", "coordinates": [371034.14, 1139804.14]}, "properties": {"d": 20.0, "s": 150, "base": 0, "post": 1, "recover": 1, "q1": 1}}, {"type": "Feature", "geometry": {"type": "Point", "coordinates": [371041.21, 1139811.21]}, "properties": {"d": 30.0, "s": 150, "base": 0, "post": 1, "recover": 1, "q1": 1}}, {"type": "Feature", "geometry": {"type": "Point", "coordinates": [371048.28, 1139818.28]}, "properties": {"d": 40.0, "s": 150, "base": 0, "post": 1, "recover": 1, "q1": 0}}, {"type": "Feature", "geometry": {"type": "Point", "coordinates": [371055.36, 1139825.36]}, "properties": {"d": 50.0, "s": 150, "base": 0, "post": 1, "recover": 0, "q1": 1}}, {"type": "Feature", "geometry": {"type": "Point", "coordinates": [371062.43, 1139832.43]}, "properties": {"d": 60.0, "s": 150, "base": 0, "post": 1, "recover": -1, "q1": -1}}, {"type": "Feature", "geometry": {"type": "Point", "coordinates": [371069.5, 1139839.5]}, "properties": {"d": 70.0, "s": 150, "base": 0, "post": 0, "recover": -1, "q1": -1}}, {"type": "Feature", "geometry": {"type": "Point", "coordinates": [371076.57, 1139846.57]}, "properties": {"d": 80.0, "s": 150, "base": 0, "post": 0, "recover": -1, "q1": 0}}, {"type": "Feature", "geometry": {"type": "Point", "coordinates": [371083.64, 1139853.64]}, "properties": {"d": 90.0, "s": 150, "base": 0, "post": 0, "recover": -1, "q1": 0}}, {"type": "Feature", "geometry": {"type": "Point", "coordinates": [371090.71, 1139860.71]}, "properties": {"d": 100.0, "s": 150, "base": 0, "post": 0, "recover": -1, "q1": 0}}, {"type": "Feature", "geometry": {"type": "Point", "coordinates": [371097.78, 1139867.78]}, "properties": {"d": 110.0, "s": 150, "base": 0, "post": 0, "recover": -1, "q1": -1}}, {"type": "Feature", "geometry": {"type": "Point", "coordinates": [371104.85, 1139874.85]}, "properties": {"d": 120.0, "s": 150, "base": 0, "post": 0, "recover": -1, "q1": -1}}, {"type": "Feature", "geometry": {"type": "Point", "coordinates": [371111.92, 1139881.92]}, "properties": {"d": 130.0, "s": 150, "base": 0, "post": 0, "recover": 0, "q1": 0}}, {"type": "Feature", "geometry": {"type": "Point", "coordinates": [371118.99, 1139888.99]}, "properties": {"d": 140.0, "s": 150, "base": 0, "post": 0, "recover": 0, "q1": 0}}, {"type": "Feature", "geometry": {"type": "Point", "coordinates": [371126.07, 1139896.07]}, "properties": {"d": 150.0, "s": 150, "base": 0, "post": 0, "recover": 0, "q1": 0}}, {"type": "Feature", "geometry": {"type": "Point", "coordinates": [370180.71, 1143170.71]}, "properties": {"d": -100.0, "s": 151, "base": 1, "post": 0, "recover": 0, "q1": -1}}, {"type": "Feature", "geometry": {"type": "Point", "coordinates": [370173.64, 1143163.64]}, "properties": {"d": -90.0, "s": 151, "base": 1, "post": 0, "recover": 0, "q1": -1}}, {"type": "Feature", "geometry": {"type": "Point", "coordinates": [370166.57, 1143156.57]}, "properties": {"d": -80.0, "s": 151, "base": 1, "post": 0, "recover": 0, "q1": 0}}, {"type": "Feature", "geometry": {"type": "Point", "coordinates": [370159.5, 1143149.5]}, "properties": {"d": -70.0, "s": 151, "base": 1, "post": 1, "recover": 0, "q1": 0}}, {"type": "Feature", "geometry": {"type": "Point", "coordinates": [370152.43, 1143142.43]}, "properties": {"d": -60.0, "s": 151, "base": 1, "post": 1, "recover": 0, "q1": 0}}, {"type": "Feature", "geometry": {"type": "Point", "coordinates": [370145.36, 1143135.36]}, "properties": {"d": -50.0, "s": 151, "base": 1, "post": 1, "recover": 0, "q1": 0}}, {"type": "Feature", "geometry": {"type": "Point", "coordinates": [370138.28, 1143128.28]}, "properties": {"d": -40.0, "s": 151, "base": 1, "post": 1, "recover": 0, "q1": 0}}, {"type": "Feature", "geometry": {"type": "Point", "coordinates": [370131.21, 1143121.21]}, "properties": {"d": -30.0, "s": 151, "base": 1, "post": 1, "recover": 0, "q1": 0}}, {"type": "Feature", "geometry": {"type": "Point", "coordinates": [370124.14, 1143114.14]}, "properties": {"d": -20.0, "s": 151, "base": 1, "post": 1, "recover": 0, "q1": 0}}, {"type": "Feature", "geometry": {"type": "Point", "coordinates": [370117.07, 1143107.07]}, "properties": {"d": -10.0, "s": 151, "base": 1, "post": 1, "recover": 0, "q1": 0}}, {"type": "Feature", "geometry": {"type": "Point", "coordinates": [370110.0, 1143100.0]}, "properties": {"d": 0.0, "s": 151, "base": 0, "post": -1, "recover": 0, "q1": 0}}, {"type": "Feature", "geometry": {"type": "Point", "coordinates": [370102.93, 1143092.93]}, "properties": {"d": 10.0, "s": 151, "base": 1, "post": -1, "recover": 0, "q1": 0}}, {"type": "Feature", "geometry": {"type": "Point", "coordinates": [370095.86, 1143085.86]}, "properties": {"d": 20.0, "s": 151, "base": 1, "post": -1, "recover": 0, "q1": 0}}, {"type": "Feature", "geometry": {"type": "Point", "coordinates": [370088.79, 1143078.79]}, "properties": {"d": 30.0, "s": 151, "base": 0, "post": -1, "recover": 0, "q1": 0}}, {"type": "Feature", "geometry": {"type": "Point", "coordinates": [370081.72, 1143071.72]}, "properties": {"d": 40.0, "s": 151, "base": 0, "post": -1, "recover": 0, "q1": 0}}, {"type": "Feature", "geometry": {"type": "Point", "coordinates": [370074.64, 1143064.64]}, "properties": {"d": 50.0, "s": 151, "base": 0, "post": -1, "recover": 0, "q1": 0}}, {"type": "Feature", "geometry": {"type": "Point", "coordinates": [370067.57, 1143057.57]}, "properties": {"d": 60.0, "s": 151, "base": 0, "post": -1, "recover": 0, "q1": 0}}, {"type": "Feature", "geometry": {"type": "Point", "coordinates": [370060.5, 1143050.5]}, "properties": {"d": 70.0, "s": 151, "base": 0, "post": -1, "recover": 0, "q1": 0}}, {"type": "Feature", "geometry": {"type": "Point", "coordinates": [370053.43, 1143043.43]}, "properties": {"d": 80.0, "s": 151, "base": 0, "post": -1, "recover": 0, "q1": 0}}, {"type": "Feature", "geometry": {"type": "Point", "coordinates": [370046.36, 1143036.36]}, "properties": {"d": 90.0, "s": 151, "base": 0, "post": -1, "recover": 0, "q1": 0}}, {"type": "Feature", "geometry": {"type": "Point", "coordinates": [370039.29, 1143029.29]}, "properties": {"d": 100.0, "s": 151, "base": 0, "post": -1, "recover": 0, "q1": 0}}, {"type": "Feature", "geometry": {"type": "Point", "coordinates": [370032.22, 1143022.22]}, "properties": {"d": 110.0, "s": 151, "base": 0, "post": -1, "recover": 0, "q1": 0}}, {"type": "Feature", "geometry": {"type": "Point", "coordinates": [370025.15, 1143015.15]}, "properties": {"d": 120.0, "s": 151, "base": 0, "post": -1, "recover": 1, "q1": 1}}, {"type": "Feature", "geometry": {"type": "Point", "coordinates": [370018.08, 1143008.08]}, "properties": {"d": 130.0, "s": 151, "base": 0, "post": -1, "recover": 1, "q1": 1}}, {"type": "Feature", "geometry": {"type": "Point", "coordinates": [370011.01, 1143001.01]}, "properties": {"d": 140.0, "s": 151, "base": 1, "post": -1, "recover": 1, "q1": 1}}, {"type": "Feature", "geometry": {"type": "Point", "coordinates": [370003.93, 1142993.93]}, "properties": {"d": 150.0, "s": 151, "base": 1, "post": -1, "recover": 0, "q1": 1}}, {"type": "Feature", "geometry": {"type": "Point", "coordinates": [363010.71, 1160770.71]}, "properties": {"d": -100.0, "s": 152, "base": 1, "post": -1, "recover": -1, "q1": -1}}, {"type": "Feature", "geometry": {"type": "Point", "coordinates": [363003.64, 1160763.64]}, "properties": {"d": -90.0, "s": 152, "base": 1, "post": -1, "recover": -1, "q1": -1}}, {"type": "Feature", "geometry": {"type": "Point", "coordinates": [362996.57, 1160756.57]}, "properties": {"d": -80.0, "s": 152, "base": 0, "post": -1, "recover": -1, "q1": -1}}, {"type": "Feature", "geometry": {"type": "Point", "coordinates": [362989.5, 1160749.5]}, "properties": {"d": -70.0, "s": 152, "base": 1, "post": -1, "recover": -1, "q1": -1}}, {"type": "Feature", "geometry": {"type": "Point", "coordinates": [362982.43, 1160742.43]}, "properties": {"d": -60.0, "s": 152, "base": 0, "post": -1, "recover": -1, "q1": -1}}, {"type": "Feature", "geometry": {"type": "Point", "coordinates": [362975.36, 1160735.36]}, "properties": {"d": -50.0, "s": 152, "base": 0, "post": -1, "recover": -1, "q1": -1}}, {"type": "Feature", "geometry": {"type": "Point", "coordinates": [362968.28, 1160728.28]}, "properties": {"d": -40.0, "s": 152, "base": 1, "post": -1, "recover": -1, "q1": -1}}, {"type": "Feature", "geometry": {"type": "Point", "coordinates": [362961.21, 1160721.21]}, "properties": {"d": -30.0, "s": 152, "base": 1, "post": -1, "recover": -1, "q1": -1}}, {"type": "Feature", "geometry": {"type": "Point", "coordinates": [362954.14, 1160714.14]}, "properties": {"d": -20.0, "s": 152, "base": 1, "post": -1, "recover": -1, "q1": -1}}, {"type": "Feature", "geometry": {"type": "Point", "coordinates": [362947.07, 1160707.07]}, "properties": {"d": -10.0, "s": 152, "base": 0, "post": -1, "recover": -1, "q1": -1}}, {"type": "Feature", "geometry": {"type": "Point", "coordinates": [362940.0, 1160700.0]}, "properties": {"d": 0.0, "s": 152, "base": 0, "post": -1, "recover": -1, "q1": -1}}, {"type": "Feature", "geometry": {"type": "Point", "coordinates": [362932.93, 1160692.93]}, "properties": {"d": 10.0, "s": 152, "base": 0, "post": -1, "recover": 0, "q1": -1}}, {"type": "Feature", "geometry": {"type": "Point", "coordinates": [362925.86, 1160685.86]}, "properties": {"d": 20.0, "s": 152, "base": 0, "post": -1, "recover": 0, "q1": -1}}, {"type": "Feature", "geometry": {"type": "Point", "coordinates": [362918.79, 1160678.79]}, "properties": {"d": 30.0, "s": 152, "base": 0, "post": -1, "recover": 0, "q1": -1}}, {"type": "Feature", "geometry": {"type": "Point", "coordinates": [362911.72, 1160671.72]}, "properties": {"d": 40.0, "s": 152, "base": 0, "post": -1, "recover": 0, "q1": -1}}, {"type": "Feature", "geometry": {"type": "Point", "coordinates": [362904.64, 1160664.64]}, "properties": {"d": 50.0, "s": 152, "base": 0, "post": -1, "recover": 0, "q1": -1}}, {"type": "Feature", "geometry": {"type": "Point", "coordinates": [362897.57, 1160657.57]}, "properties": {"d": 60.0, "s": 152, "base": 0, "post": -1, "recover": 0, "q1": -1}}, {"type": "Feature", "geometry": {"type": "Point", "coordinates": [362890.5, 1160650.5]}, "properties": {"d": 70.0, "s": 152, "base": 0, "post": -1, "recover": 0, "q1": -1}}, {"type": "Feature", "geometry": {"type": "Point", "coordinates": [362883.43, 1160643.43]}, "properties": {"d": 80.0, "s": 152, "base": 0, "post": -1, "recover": 0, "q1": -1}}, {"type": "Feature", "geometry": {"type": "Point", "coordinates": [362876.36, 1160636.36]}, "properties": {"d": 90.0, "s": 152, "base": 0, "post": -1, "recover": 0, "q1": -1}}, {"type": "Feature", "geometry": {"type": "Point", "coordinates": [362869.29, 1160629.29]}, "properties": {"d": 100.0, "s": 152, "base": 0, "post": -1, "recover": 0, "q1": -1}}, {"type": "Feature", "geometry": {"type": "Point", "coordinates": [362862.22, 1160622.22]}, "properties": {"d": 110.0, "s": 152, "base": 0, "post": -1, "recover": 0, "q1": -1}}, {"type": "Feature", "geometry": {"type": "Point", "coordinates": [362855.15, 1160615.15]}, "properties": {"d": 120.0, "s": 152, "base": 0, "post": -1, "recover": 0, "q1": -1}}, {"type": "Feature", "geometry": {"type": "Point", "coordinates": [362848.08, 1160608.08]}, "properties": {"d": 130.0, "s": 152, "base": 0, "post": -1, "recover": 0, "q1": -1}}, {"type": "Feature", "geometry": {"type": "Point", "coordinates": [362841.01, 1160601.01]}, "properties": {"d": 140.0, "s": 152, "base": 0, "post": -1, "recover": 0, "q1": -1}}, {"type": "Feature", "geometry": {"type": "Point", "coordinates": [362833.93, 1160593.93]}, "properties": {"d": 150.0, "s": 152, "base": 0, "post": -1, "recover": 0, "q1": -1}}, {"type": "Feature", "geometry": {"type": "Point", "coordinates": [370960.71, 1141540.71]}, "properties": {"d": -100.0, "s": 153, "base": 1, "post": -1, "recover": 1, "q1": 1}}, {"type": "Feature", "geometry": {"type": "Point", "coordinates": [370953.64, 1141533.64]}, "properties": {"d": -90.0, "s": 153, "base": 1, "post": -1, "recover": 1, "q1": 1}}, {"type": "Feature", "geometry": {"type": "Point", "coordinates": [370946.57, 1141526.57]}, "properties": {"d": -80.0, "s": 153, "base": 1, "post": -1, "recover": 1, "q1": 1}}, {"type": "Feature", "geometry": {"type": "Point", "coordinates": [370939.5, 1141519.5]}, "properties": {"d": -70.0, "s": 153, "base": 1, "post": -1, "recover": 1, "q1": 1}}, {"type": "Feature", "geometry": {"type": "Point", "coordinates": [370932.43, 1141512.43]}, "properties": {"d": -60.0, "s": 153, "base": 1, "post": -1, "recover": 1, "q1": 1}}, {"type": "Feature", "geometry": {"type": "Point", "coordinates": [370925.36, 1141505.36]}, "properties": {"d": -50.0, "s": 153, "base": 1, "post": -1, "recover": 1, "q1": 1}}, {"type": "Feature", "geometry": {"type": "Point", "coordinates": [370918.28, 1141498.28]}, "properties": {"d": -40.0, "s": 153, "base": 1, "post": -1, "recover": 1, "q1": 1}}, {"type": "Feature", "geometry": {"type": "Point", "coordinates": [370911.21, 1141491.21]}, "properties": {"d": -30.0, "s": 153, "base": 1, "post": -1, "recover": 1, "q1": 1}}, {"type": "Feature", "geometry": {"type": "Point", "coordinates": [370904.14, 1141484.14]}, "properties": {"d": -20.0, "s": 153, "base": 1, "post": -1, "recover": 0, "q1": 1}}, {"type": "Feature", "geometry": {"type": "Point", "coordinates": [370897.07, 1141477.07]}, "properties": {"d": -10.0, "s": 153, "base": 0, "post": -1, "recover": 1, "q1": 1}}, {"type": "Feature", "geometry": {"type": "Point", "coordinates": [370890.0, 1141470.0]}, "properties": {"d": 0.0, "s": 153, "base": 0, "post": -1, "recover": 0, "q1": 0}}, {"type": "Feature", "geometry": {"type": "Point", "coordinates": [370882.93, 1141462.93]}, "properties": {"d": 10.0, "s": 153, "base": 0, "post": -1, "recover": 1, "q1": 1}}, {"type": "Feature", "geometry": {"type": "Point", "coordinates": [370875.86, 1141455.86]}, "properties": {"d": 20.0, "s": 153, "base": 0, "post": -1, "recover": 0, "q1": 0}}, {"type": "Feature", "geometry": {"type": "Point", "coordinates": [370868.79, 1141448.79]}, "properties": {"d": 30.0, "s": 153, "base": 0, "post": -1, "recover": 1, "q1": 1}}, {"type": "Feature", "geometry": {"type": "Point", "coordinates": [370861.72, 1141441.72]}, "properties": {"d": 40.0, "s": 153, "base": 0, "post": -1, "recover": 1, "q1": 1}}, {"type": "Feature", "geometry": {"type": "Point", "coordinates": [370854.64, 1141434.64]}, "properties": {"d": 50.0, "s": 153, "base": 0, "post": -1, "recover": 0, "q1": 1}}, {"type": "Feature", "geometry": {"type": "Point", "coordinates": [370847.57, 1141427.57]}, "properties": {"d": 60.0, "s": 153, "base": 0, "post": -1, "recover": 0, "q1": 0}}, {"type": "Feature", "geometry": {"type": "Point", "coordinates": [370840.5, 1141420.5]}, "properties": {"d": 70.0, "s": 153, "base": 0, "post": -1, "recover": 0, "q1": 0}}, {"type": "Feature", "geometry": {"type": "Point", "coordinates": [370833.43, 1141413.43]}, "properties": {"d": 80.0, "s": 153, "base": 0, "post": -1, "recover": 1, "q1": 0}}, {"type": "Feature", "geometry": {"type": "Point", "coordinates": [370826.36, 1141406.36]}, "properties": {"d": 90.0, "s": 153, "base": 0, "post": -1, "recover": 1, "q1": 1}}, {"type": "Feature", "geometry": {"type": "Point", "coordinates": [370819.29, 1141399.29]}, "properties": {"d": 100.0, "s": 153, "base": 0, "post": -1, "recover": 1, "q1": 1}}, {"type": "Feature", "geometry": {"type": "Point", "coordinates": [370812.22, 1141392.22]}, "properties": {"d": 110.0, "s": 153, "base": 0, "post": -1, "recover": 1, "q1": 1}}, {"type": "Feature", "geometry": {"type": "Point", "coordinates": [370805.15, 1141385.15]}, "properties": {"d": 120.0, "s": 153, "base": 0, "post": -1, "recover": 1, "q1": 1}}, {"type": "Feature", "geometry": {"type": "Point", "coordinates": [370798.08, 1141378.08]}, "properties": {"d": 130.0, "s": 153, "base": 1, "post": -1, "recover": 1, "q1": 1}}, {"type": "Feature", "geometry": {"type": "Point", "coordinates": [370791.01, 1141371.01]}, "properties": {"d": 140.0, "s": 153, "base": 1, "post": -1, "recover": 1, "q1": 1}}, {"type": "Feature", "geometry": {"type": "Point", "coordinates": [370783.93, 1141363.93]}, "properties": {"d": 150.0, "s": 153, "base": 1, "post": -1, "recover": 1, "q1": 1}}, {"type": "Feature", "geometry": {"type": "Point", "coordinates": [350844.51, 1141334.43]}, "properties": {"d": -100.0, "s": 154, "base": 0, "post": 1, "recover": 0, "q1": 0}}, {"type": "Feature", "geometry": {"type": "Point", "coordinates": [350851.06, 1141341.99]}, "properties": {"d": -90.0, "s": 154, "base": 1, "post": 1, "recover": 0, "q1": 0}}, {"type": "Feature", "geometry": {"type": "Point", "coordinates": [350857.61, 1141349.54]}, "properties": {"d": -80.0, "s": 154, "base": 1, "post": 1, "recover": 0, "q1": 0}}, {"type": "Feature", "geometry": {"type": "Point", "coordinates": [350864.15, 1141357.1]}, "properties": {"d": -70.0, "s": 154, "base": 1, "post": 1, "recover": 0, "q1": 0}}, {"type": "Feature", "geometry": {"type": "Point", "coordinates": [350870.7, 1141364.66]}, "properties": {"d": -60.0, "s": 154, "base": 0, "post": 1, "recover": 0, "q1": 0}}, {"type": "Feature", "geometry": {"type": "Point", "coordinates": [350877.25, 1141372.22]}, "properties": {"d": -50.0, "s": 154, "base": 0, "post": 1, "recover": 0, "q1": 0}}, {"type": "Feature", "geometry": {"type": "Point", "coordinates": [350883.8, 1141379.77]}, "properties": {"d": -40.0, "s": 154, "base": 0, "post": 1, "recover": 0, "q1": 0}}, {"type": "Feature", "geometry": {"type": "Point", "coordinates": [350890.35, 1141387.33]}, "properties": {"d": -30.0, "s": 154, "base": 0, "post": 1, "recover": 0, "q1": 0}}, {"type": "Feature", "geometry": {"type": "Point", "coordinates": [350896.9, 1141394.89]}, "properties": {"d": -20.0, "s": 154, "base": 1, "post": 1, "recover": 0, "q1": 0}}, {"type": "Feature", "geometry": {"type": "Point", "coordinates": [350903.45, 1141402.44]}, "properties": {"d": -10.0, "s": 154, "base": 1, "post": 1, "recover": 0, "q1": 0}}, {"type": "Feature", "geometry": {"type": "Point", "coordinates": [350910.0, 1141410.0]}, "properties": {"d": 0.0, "s": 154, "base": 1, "post": 1, "recover": 0, "q1": 0}}, {"type": "Feature", "geometry": {"type": "Point", "coordinates": [350916.55, 1141417.56]}, "properties": {"d": 10.0, "s": 154, "base": 1, "post": 1, "recover": 0, "q1": 0}}, {"type": "Feature", "geometry": {"type": "Point", "coordinates": [350923.1, 1141425.11]}, "properties": {"d": 20.0, "s": 154, "base": 1, "post": 1, "recover": 0, "q1": 0}}, {"type": "Feature", "geometry": {"type": "Point", "coordinates": [350929.65, 1141432.67]}, "properties": {"d": 30.0, "s": 154, "base": 0, "post": 1, "recover": 0, "q1": 0}}, {"type": "Feature", "geometry": {"type": "Point", "coordinates": [350936.2, 1141440.23]}, "properties": {"d": 40.0, "s": 154, "base": 0, "post": 1, "recover": 0, "q1": 0}}, {"type": "Feature", "geometry": {"type": "Point", "coordinates": [350942.75, 1141447.78]}, "properties": {"d": 50.0, "s": 154, "base": 0, "post": 1, "recover": 0, "q1": 0}}, {"type": "Feature", "geometry": {"type": "Point", "coordinates": [350949.3, 1141455.34]}, "properties": {"d": 60.0, "s": 154, "base": 0, "post": 1, "recover": 0, "q1": 0}}, {"type": "Feature", "geometry": {"type": "Point", "coordinates": [350955.85, 1141462.9]}, "properties": {"d": 70.0, "s": 154, "base": 0, "post": 1, "recover": 0, "q1": 0}}, {"type": "Feature", "geometry": {"type": "Point", "coordinates": [350962.39, 1141470.46]}, "properties": {"d": 80.0, "s": 154, "base": 0, "post": 1, "recover": 0, "q1": 0}}, {"type": "Feature", "geometry": {"type": "Point", "coordinates": [350968.94, 1141478.01]}, "properties": {"d": 90.0, "s": 154, "base": 0, "post": 1, "recover": 0, "q1": 0}}, {"type": "Feature", "geometry": {"type": "Point", "coordinates": [350975.49, 1141485.57]}, "properties": {"d": 100.0, "s": 154, "base": 0, "post": 1, "recover": 0, "q1": 0}}, {"type": "Feature", "geometry": {"type": "Point", "coordinates": [350982.04, 1141493.13]}, "properties": {"d": 110.0, "s": 154, "base": 0, "post": 1, "recover": 0, "q1": 0}}, {"type": "Feature", "geometry": {"type": "Point", "coordinates": [350988.59, 1141500.68]}, "properties": {"d": 120.0, "s": 154, "base": 0, "post": 1, "recover": 0, "q1": 0}}, {"type": "Feature", "geometry": {"type": "Point", "coordinates": [350995.14, 1141508.24]}, "properties": {"d": 130.0, "s": 154, "base": 0, "post": 1, "recover": 0, "q1": 0}}, {"type": "Feature", "geometry": {"type": "Point", "coordinates": [351001.69, 1141515.8]}, "properties": {"d": 140.0, "s": 154, "base": 0, "post": 1, "recover": 0, "q1": 0}}, {"type": "Feature", "geometry": {"type": "Point", "coordinates": [351008.24, 1141523.35]}, "properties": {"d": 150.0, "s": 154, "base": 0, "post": 1, "recover": 0, "q1": 0}}, {"type": "Feature", "geometry": {"type": "Point", "coordinates": [369259.29, 1143570.71]}, "properties": {"d": -100.0, "s": 155, "base": 1, "post": 1, "recover": -1, "q1": 0}}, {"type": "Feature", "geometry": {"type": "Point", "coordinates": [369266.36, 1143563.64]}, "properties": {"d": -90.0, "s": 155, "base": 1, "post": 1, "recover": -1, "q1": -1}}, {"type": "Feature", "geometry": {"type": "Point", "coordinates": [369273.43, 1143556.57]}, "properties": {"d": -80.0, "s": 155, "base": 1, "post": 1, "recover": -1, "q1": 0}}, {"type": "Feature", "geometry": {"type": "Point", "coordinates": [369280.5, 1143549.5]}, "properties": {"d": -70.0, "s": 155, "base": 1, "post": 1, "recover": -1, "q1": 0}}, {"type": "Feature", "geometry": {"type": "Point", "coordinates": [369287.57, 1143542.43]}, "properties": {"d": -60.0, "s": 155, "base": 1, "post": 1, "recover": -1, "q1": -1}}, {"type": "Feature", "geometry": {"type": "Point", "coordinates": [369294.64, 1143535.36]}, "properties": {"d": -50.0, "s": 155, "base": 1, "post": 1, "recover": -1, "q1": -1}}, {"type": "Feature", "geometry": {"type": "Point", "coordinates": [369301.72, 1143528.28]}, "properties": {"d": -40.0, "s": 155, "base": 0, "post": 1, "recover": -1, "q1": -1}}, {"type": "Feature", "geometry": {"type": "Point", "coordinates": [369308.79, 1143521.21]}, "properties": {"d": -30.0, "s": 155, "base": 0, "post": 1, "recover": -1, "q1": -1}}, {"type": "Feature", "geometry": {"type": "Point", "coordinates": [369315.86, 1143514.14]}, "properties": {"d": -20.0, "s": 155, "base": 1, "post": 1, "recover": -1, "q1": -1}}, {"type": "Feature", "geometry": {"type": "Point", "coordinates": [369322.93, 1143507.07]}, "properties": {"d": -10.0, "s": 155, "base": 1, "post": 1, "recover": -1, "q1": -1}}, {"type": "Feature", "geometry": {"type": "Point", "coordinates": [369330.0, 1143500.0]}, "properties": {"d": 0.0, "s": 155, "base": 0, "post": 1, "recover": -1, "q1": -1}}, {"type": "Feature", "geometry": {"type": "Point", "coordinates": [369337.07, 1143492.93]}, "properties": {"d": 10.0, "s": 155, "base": 0, "post": 1, "recover": -1, "q1": -1}}, {"type": "Feature", "geometry": {"type": "Point", "coordinates": [369344.14, 1143485.86]}, "properties": {"d": 20.0, "s": 155, "base": 0, "post": 1, "recover": -1, "q1": -1}}, {"type": "Feature", "geometry": {"type": "Point", "coordinates": [369351.21, 1143478.79]}, "properties": {"d": 30.0, "s": 155, "base": 0, "post": 1, "recover": -1, "q1": -1}}, {"type": "Feature", "geometry": {"type": "Point", "coordinates": [369358.28, 1143471.72]}, "properties": {"d": 40.0, "s": 155, "base": 0, "post": 1, "recover": -1, "q1": -1}}, {"type": "Feature", "geometry": {"type": "Point", "coordinates": [369365.36, 1143464.64]}, "properties": {"d": 50.0, "s": 155, "base": 1, "post": 1, "recover": -1, "q1": -1}}, {"type": "Feature", "geometry": {"type": "Point", "coordinates": [369372.43, 1143457.57]}, "properties": {"d": 60.0, "s": 155, "base": 0, "post": 1, "recover": -1, "q1": -1}}, {"type": "Feature", "geometry": {"type": "Point", "coordinates": [369379.5, 1143450.5]}, "properties": {"d": 70.0, "s": 155, "base": 0, "post": 1, "recover": -1, "q1": -1}}, {"type": "Feature", "geometry": {"type": "Point", "coordinates": [369386.57, 1143443.43]}, "properties": {"d": 80.0, "s": 155, "base": 0, "post": 1, "recover": -1, "q1": -1}}, {"type": "Feature", "geometry": {"type": "Point", "coordinates": [369393.64, 1143436.36]}, "properties": {"d": 90.0, "s": 155, "base": 0, "post": 1, "recover": -1, "q1": -1}}, {"type": "Feature", "geometry": {"type": "Point", "coordinates": [369400.71, 1143429.29]}, "properties": {"d": 100.0, "s": 155, "base": 0, "post": 1, "recover": -1, "q1": -1}}, {"type": "Feature", "geometry": {"type": "Point", "coordinates": [369407.78, 1143422.22]}, "properties": {"d": 110.0, "s": 155, "base": 0, "post": 1, "recover": -1, "q1": -1}}, {"type": "Feature", "geometry": {"type": "Point", "coordinates": [369414.85, 1143415.15]}, "properties": {"d": 120.0, "s": 155, "base": 0, "post": 1, "recover": -1, "q1": -1}}, {"type": "Feature", "geometry": {"type": "Point", "coordinates": [369421.92, 1143408.08]}, "properties": {"d": 130.0, "s": 155, "base": 0, "post": 1, "recover": -1, "q1": -1}}, {"type": "Feature", "geometry": {"type": "Point", "coordinates": [369428.99, 1143401.01]}, "properties": {"d": 140.0, "s": 155, "base": 0, "post": 1, "recover": -1, "q1": -1}}, {"type": "Feature", "geometry": {"type": "Point", "coordinates": [369436.07, 1143393.93]}, "properties": {"d": 150.0, "s": 155, "base": 0, "post": 1, "recover": -1, "q1": -1}}, {"type": "Feature", "geometry": {"type": "Point", "coordinates": [369100.0, 1167960.0]}, "properties": {"d": -100.0, "s": 156, "base": 1, "post": 1, "recover": -1, "q1": -1}}, {"type": "Feature", "geometry": {"type": "Point", "coordinates": [369090.0, 1167960.0]}, "properties": {"d": -90.0, "s": 156, "base": 1, "post": 1, "recover": -1, "q1": -1}}, {"type": "Feature", "geometry": {"type": "Point", "coordinates": [369080.0, 1167960.0]}, "properties": {"d": -80.0, "s": 156, "base": 1, "post": 1, "recover": -1, "q1": -1}}, {"type": "Feature", "geometry": {"type": "Point", "coordinates": [369070.0, 1167960.0]}, "properties": {"d": -70.0, "s": 156, "base": 1, "post": 1, "recover": -1, "q1": -1}}, {"type": "Feature", "geometry": {"type": "Point", "coordinates": [369060.0, 1167960.0]}, "properties": {"d": -60.0, "s": 156, "base": 0, "post": 1, "recover": -1, "q1": -1}}, {"type": "Feature", "geometry": {"type": "Point", "coordinates": [369050.0, 1167960.0]}, "properties": {"d": -50.0, "s": 156, "base": 0, "post": 1, "recover": -1, "q1": -1}}, {"type": "Feature", "geometry": {"type": "Point", "coordinates": [369040.0, 1167960.0]}, "properties": {"d": -40.0, "s": 156, "base": 0, "post": 1, "recover": -1, "q1": -1}}, {"type": "Feature", "geometry": {"type": "Point", "coordinates": [369030.0, 1167960.0]}, "properties": {"d": -30.0, "s": 156, "base": 0, "post": 1, "recover": -1, "q1": -1}}, {"type": "Feature", "geometry": {"type": "Point", "coordinates": [369020.0, 1167960.0]}, "properties": {"d": -20.0, "s": 156, "base": 0, "post": 1, "recover": -1, "q1": -1}}, {"type": "Feature", "geometry": {"type": "Point", "coordinates": [369010.0, 1167960.0]}, "properties": {"d": -10.0, "s": 156, "base": 0, "post": 1, "recover": -1, "q1": -1}}, {"type": "Feature", "geometry": {"type": "Point", "coordinates": [369000.0, 1167960.0]}, "properties": {"d": 0.0, "s": 156, "base": 0, "post": 1, "recover": -1, "q1": -1}}, {"type": "Feature", "geometry": {"type": "Point", "coordinates": [368990.0, 1167960.0]}, "properties": {"d": 10.0, "s": 156, "base": 1, "post": 1, "recover": -1, "q1": -1}}, {"type": "Feature", "geometry": {"type": "Point", "coordinates": [368980.0, 1167960.0]}, "properties": {"d": 20.0, "s": 156, "base": 1, "post": 1, "recover": -1, "q1": -1}}, {"type": "Feature", "geometry": {"type": "Point", "coordinates": [368970.0, 1167960.0]}, "properties": {"d": 30.0, "s": 156, "base": 1, "post": 1, "recover": -1, "q1": -1}}, {"type": "Feature", "geometry": {"type": "Point", "coordinates": [368960.0, 1167960.0]}, "properties": {"d": 40.0, "s": 156, "base": 1, "post": 1, "recover": -1, "q1": -1}}, {"type": "Feature", "geometry": {"type": "Point", "coordinates": [368950.0, 1167960.0]}, "properties": {"d": 50.0, "s": 156, "base": 0, "post": 1, "recover": -1, "q1": -1}}, {"type": "Feature", "geometry": {"type": "Point", "coordinates": [368940.0, 1167960.0]}, "properties": {"d": 60.0, "s": 156, "base": 0, "post": 1, "recover": -1, "q1": -1}}, {"type": "Feature", "geometry": {"type": "Point", "coordinates": [368930.0, 1167960.0]}, "properties": {"d": 70.0, "s": 156, "base": 0, "post": 1, "recover": -1, "q1": -1}}, {"type": "Feature", "geometry": {"type": "Point", "coordinates": [368920.0, 1167960.0]}, "properties": {"d": 80.0, "s": 156, "base": 0, "post": 1, "recover": -1, "q1": -1}}, {"type": "Feature", "geometry": {"type": "Point", "coordinates": [368910.0, 1167960.0]}, "properties": {"d": 90.0, "s": 156, "base": 0, "post": 1, "recover": -1, "q1": -1}}, {"type": "Feature", "geometry": {"type": "Point", "coordinates": [368900.0, 1167960.0]}, "properties": {"d": 100.0, "s": 156, "base": 0, "post": 1, "recover": -1, "q1": -1}}, {"type": "Feature", "geometry": {"type": "Point", "coordinates": [368890.0, 1167960.0]}, "properties": {"d": 110.0, "s": 156, "base": 0, "post": 1, "recover": -1, "q1": -1}}, {"type": "Feature", "geometry": {"type": "Point", "coordinates": [368880.0, 1167960.0]}, "properties": {"d": 120.0, "s": 156, "base": 0, "post": 1, "recover": -1, "q1": -1}}, {"type": "Feature", "geometry": {"type": "Point", "coordinates": [368870.0, 1167960.0]}, "properties": {"d": 130.0, "s": 156, "base": 0, "post": 1, "recover": -1, "q1": -1}}, {"type": "Feature", "geometry": {"type": "Point", "coordinates": [368860.0, 1167960.0]}, "properties": {"d": 140.0, "s": 156, "base": 0, "post": 1, "recover": -1, "q1": -1}}, {"type": "Feature", "geometry": {"type": "Point", "coordinates": [368850.0, 1167960.0]}, "properties": {"d": 150.0, "s": 156, "base": 0, "post": 1, "recover": -1, "q1": -1}}, {"type": "Feature", "geometry": {"type": "Point", "coordinates": [369091.91, 1168119.39]}, "properties": {"d": -100.0, "s": 157, "base": 0, "post": 1, "recover": -1, "q1": -1}}, {"type": "Feature", "geometry": {"type": "Point", "coordinates": [369082.72, 1168115.45]}, "properties": {"d": -90.0, "s": 157, "base": 0, "post": 1, "recover": -1, "q1": -1}}, {"type": "Feature", "geometry": {"type": "Point", "coordinates": [369073.53, 1168111.51]}, "properties": {"d": -80.0, "s": 157, "base": 0, "post": 1, "recover": -1, "q1": -1}}, {"type": "Feature", "geometry": {"type": "Point", "coordinates": [369064.34, 1168107.57]}, "properties": {"d": -70.0, "s": 157, "base": 0, "post": 1, "recover": -1, "q1": -1}}, {"type": "Feature", "geometry": {"type": "Point", "coordinates": [369055.15, 1168103.64]}, "properties": {"d": -60.0, "s": 157, "base": 0, "post": 1, "recover": -1, "q1": -1}}, {"type": "Feature", "geometry": {"type": "Point", "coordinates": [369045.96, 1168099.7]}, "properties": {"d": -50.0, "s": 157, "base": 1, "post": 1, "recover": -1, "q1": -1}}, {"type": "Feature", "geometry": {"type": "Point", "coordinates": [369036.77, 1168095.76]}, "properties": {"d": -40.0, "s": 157, "base": 1, "post": 1, "recover": -1, "q1": -1}}, {"type": "Feature", "geometry": {"type": "Point", "coordinates": [369027.57, 1168091.82]}, "properties": {"d": -30.0, "s": 157, "base": 1, "post": 1, "recover": -1, "q1": -1}}, {"type": "Feature", "geometry": {"type": "Point", "coordinates": [369018.38, 1168087.88]}, "properties": {"d": -20.0, "s": 157, "base": 0, "post": 1, "recover": -1, "q1": -1}}, {"type": "Feature", "geometry": {"type": "Point", "coordinates": [369009.19, 1168083.94]}, "properties": {"d": -10.0, "s": 157, "base": 0, "post": 1, "recover": -1, "q1": -1}}, {"type": "Feature", "geometry": {"type": "Point", "coordinates": [369000.0, 1168080.0]}, "properties": {"d": 0.0, "s": 157, "base": 1, "post": 1, "recover": -1, "q1": -1}}, {"type": "Feature", "geometry": {"type": "Point", "coordinates": [368990.81, 1168076.06]}, "properties": {"d": 10.0, "s": 157, "base": 1, "post": 1, "recover": -1, "q1": -1}}, {"type": "Feature", "geometry": {"type": "Point", "coordinates": [368981.62, 1168072.12]}, "properties": {"d": 20.0, "s": 157, "base": 0, "post": 1, "recover": -1, "q1": -1}}, {"type": "Feature", "geometry": {"type": "Point", "coordinates": [368972.43, 1168068.18]}, "properties": {"d": 30.0, "s": 157, "base": 0, "post": 1, "recover": -1, "q1": -1}}, {"type": "Feature", "geometry": {"type": "Point", "coordinates": [368963.23, 1168064.24]}, "properties": {"d": 40.0, "s": 157, "base": 0, "post": 1, "recover": -1, "q1": -1}}, {"type": "Feature", "geometry": {"type": "Point", "coordinates": [368954.04, 1168060.3]}, "properties": {"d": 50.0, "s": 157, "base": 1, "post": 1, "recover": -1, "q1": -1}}, {"type": "Feature", "geometry": {"type": "Point", "coordinates": [368944.85, 1168056.36]}, "properties": {"d": 60.0, "s": 157, "base": 1, "post": 1, "recover": -1, "q1": -1}}, {"type": "Feature", "geometry": {"type": "Point", "coordinates": [368935.66, 1168052.43]}, "properties": {"d": 70.0, "s": 157, "base": 1, "post": 1, "recover": -1, "q1": -1}}, {"type": "Feature", "geometry": {"type": "Point", "coordinates": [368926.47, 1168048.49]}, "properties": {"d": 80.0, "s": 157, "base": 0, "post": 1, "recover": -1, "q1": -1}}, {"type": "Feature", "geometry": {"type": "Point", "coordinates": [368917.28, 1168044.55]}, "properties": {"d": 90.0, "s": 157, "base": 0, "post": 1, "recover": -1, "q1": -1}}, {"type": "Feature", "geometry": {"type": "Point", "coordinates": [368908.09, 1168040.61]}, "properties": {"d": 100.0, "s": 157, "base": 0, "post": 1, "recover": -1, "q1": -1}}, {"type": "Feature", "geometry": {"type": "Point", "coordinates": [368898.89, 1168036.67]}, "properties": {"d": 110.0, "s": 157, "base": 0, "post": 1, "recover": -1, "q1": -1}}, {"type": "Feature", "geometry": {"type": "Point", "coordinates": [368889.7, 1168032.73]}, "properties": {"d": 120.0, "s": 157, "base": 0, "post": 1, "recover": -1, "q1": -1}}, {"type": "Feature", "geometry": {"type": "Point", "coordinates": [368880.51, 1168028.79]}, "properties": {"d": 130.0, "s": 157, "base": 0, "post": 1, "recover": -1, "q1": -1}}, {"type": "Feature", "geometry": {"type": "Point", "coordinates": [368871.32, 1168024.85]}, "properties": {"d": 140.0, "s": 157, "base": 0, "post": -1, "recover": -1, "q1": -1}}, {"type": "Feature", "geometry": {"type": "Point", "coordinates": [368862.13, 1168020.91]}, "properties": {"d": 150.0, "s": 157, "base": 0, "post": -1, "recover": -1, "q1": -1}}, {"type": "Feature", "geometry": {"type": "Point", "coordinates": [331140.0, 1144250.0]}, "properties": {"d": -100.0, "s": 158, "base": 1, "post": 1, "recover": 1, "q1": -1}}, {"type": "Feature", "geometry": {"type": "Point", "coordinates": [331140.0, 1144260.0]}, "properties": {"d": -90.0, "s": 158, "base": 1, "post": 1, "recover": 1, "q1": -1}}, {"type": "Feature", "geometry": {"type": "Point", "coordinates": [331140.0, 1144270.0]}, "properties": {"d": -80.0, "s": 158, "base": 0, "post": 1, "recover": 1, "q1": -1}}, {"type": "Feature", "geometry": {"type": "Point", "coordinates": [331140.0, 1144280.0]}, "properties": {"d": -70.0, "s": 158, "base": 0, "post": 1, "recover": 1, "q1": -1}}, {"type": "Feature", "geometry": {"type": "Point", "coordinates": [331140.0, 1144290.0]}, "properties": {"d": -60.0, "s": 158, "base": 0, "post": 1, "recover": 1, "q1": -1}}, {"type": "Feature", "geometry": {"type": "Point", "coordinates": [331140.0, 1144300.0]}, "properties": {"d": -50.0, "s": 158, "base": 0, "post": 1, "recover": 1, "q1": -1}}, {"type": "Feature", "geometry": {"type": "Point", "coordinates": [331140.0, 1144310.0]}, "properties": {"d": -40.0, "s": 158, "base": 1, "post": 1, "recover": 1, "q1": -1}}, {"type": "Feature", "geometry": {"type": "Point", "coordinates": [331140.0, 1144320.0]}, "properties": {"d": -30.0, "s": 158, "base": 1, "post": 1, "recover": 1, "q1": -1}}, {"type": "Feature", "geometry": {"type": "Point", "coordinates": [331140.0, 1144330.0]}, "properties": {"d": -20.0, "s": 158, "base": 1, "post": 1, "recover": 1, "q1": -1}}, {"type": "Feature", "geometry": {"type": "Point", "coordinates": [331140.0, 1144340.0]}, "properties": {"d": -10.0, "s": 158, "base": 1, "post": 1, "recover": 1, "q1": -1}}, {"type": "Feature", "geometry": {"type": "Point", "coordinates": [331140.0, 1144350.0]}, "properties": {"d": 0.0, "s": 158, "base": 1, "post": 1, "recover": 1, "q1": -1}}, {"type": "Feature", "geometry": {"type": "Point", "coordinates": [331140.0, 1144360.0]}, "properties": {"d": 10.0, "s": 158, "base": 0, "post": 1, "recover": 1, "q1": -1}}, {"type": "Feature", "geometry": {"type": "Point", "coordinates": [331140.0, 1144370.0]}, "properties": {"d": 20.0, "s": 158, "base": 0, "post": 1, "recover": 1, "q1": -1}}, {"type": "Feature", "geometry": {"type": "Point", "coordinates": [331140.0, 1144380.0]}, "properties": {"d": 30.0, "s": 158, "base": 0, "post": 1, "recover": 1, "q1": -1}}, {"type": "Feature", "geometry": {"type": "Point", "coordinates": [331140.0, 1144390.0]}, "properties": {"d": 40.0, "s": 158, "base": 0, "post": 1, "recover": 1, "q1": -1}}, {"type": "Feature", "geometry": {"type": "Point", "coordinates": [331140.0, 1144400.0]}, "properties": {"d": 50.0, "s": 158, "base": 0, "post": 1, "recover": 1, "q1": -1}}, {"type": "Feature", "geometry": {"type": "Point", "coordinates": [331140.0, 1144410.0]}, "properties": {"d": 60.0, "s": 158, "base": 0, "post": 1, "recover": 1, "q1": -1}}, {"type": "Feature", "geometry": {"type": "Point", "coordinates": [331140.0, 1144420.0]}, "properties": {"d": 70.0, "s": 158, "base": 0, "post": 1, "recover": 1, "q1": -1}}, {"type": "Feature", "geometry": {"type": "Point", "coordinates": [331140.0, 1144430.0]}, "properties": {"d": 80.0, "s": 158, "base": 0, "post": 1, "recover": 1, "q1": -1}}, {"type": "Feature", "geometry": {"type": "Point", "coordinates": [331140.0, 1144440.0]}, "properties": {"d": 90.0, "s": 158, "base": 0, "post": 1, "recover": 1, "q1": -1}}, {"type": "Feature", "geometry": {"type": "Point", "coordinates": [331140.0, 1144450.0]}, "properties": {"d": 100.0, "s": 158, "base": 0, "post": 1, "recover": 1, "q1": -1}}, {"type": "Feature", "geometry": {"type": "Point", "coordinates": [331140.0, 1144460.0]}, "properties": {"d": 110.0, "s": 158, "base": 0, "post": 1, "recover": 1, "q1": -1}}, {"type": "Feature", "geometry": {"type": "Point", "coordinates": [331140.0, 1144470.0]}, "properties": {"d": 120.0, "s": 158, "base": 0, "post": 1, "recover": 1, "q1": -1}}, {"type": "Feature", "geometry": {"type": "Point", "coordinates": [331140.0, 1144480.0]}, "properties": {"d": 130.0, "s": 158, "base": 0, "post": 1, "recover": 1, "q1": -1}}, {"type": "Feature", "geometry": {"type": "Point", "coordinates": [331140.0, 1144490.0]}, "properties": {"d": 140.0, "s": 158, "base": 0, "post": 1, "recover": 1, "q1": -1}}, {"type": "Feature", "geometry": {"type": "Point", "coordinates": [331140.0, 1144500.0]}, "properties": {"d": 150.0, "s": 158, "base": 0, "post": 1, "recover": 1, "q1": -1}}, {"type": "Feature", "geometry": {"type": "Point", "coordinates": [371269.29, 1166179.29]}, "properties": {"d": -100.0, "s": 159, "base": 1, "post": 1, "recover": -1, "q1": -1}}, {"type": "Feature", "geometry": {"type": "Point", "coordinates": [371276.36, 1166186.36]}, "properties": {"d": -90.0, "s": 159, "base": 1, "post": 1, "recover": -1, "q1": -1}}, {"type": "Feature", "geometry": {"type": "Point", "coordinates": [371283.43, 1166193.43]}, "properties": {"d": -80.0, "s": 159, "base": 0, "post": 0, "recover": -1, "q1": -1}}, {"type": "Feature", "geometry": {"type": "Point", "coordinates": [371290.5, 1166200.5]}, "properties": {"d": -70.0, "s": 159, "base": 1, "post": 1, "recover": -1, "q1": -1}}, {"type": "Feature", "geometry": {"type": "Point", "coordinates": [371297.57, 1166207.57]}, "properties": {"d": -60.0, "s": 159, "base": 1, "post": 1, "recover": -1, "q1": -1}}, {"type": "Feature", "geometry": {"type": "Point", "coordinates": [371304.64, 1166214.64]}, "properties": {"d": -50.0, "s": 159, "base": 1, "post": 1, "recover": -1, "q1": -1}}, {"type": "Feature", "geometry": {"type": "Point", "coordinates": [371311.72, 1166221.72]}, "properties": {"d": -40.0, "s": 159, "base": 1, "post": 1, "recover": -1, "q1": -1}}, {"type": "Feature", "geometry": {"type": "Point", "coordinates": [371318.79, 1166228.79]}, "properties": {"d": -30.0, "s": 159, "base": 1, "post": 1, "recover": -1, "q1": -1}}, {"type": "Feature", "geometry": {"type": "Point", "coordinates": [371325.86, 1166235.86]}, "properties": {"d": -20.0, "s": 159, "base": 1, "post": 1, "recover": -1, "q1": -1}}, {"type": "Feature", "geometry": {"type": "Point", "coordinates": [371332.93, 1166242.93]}, "properties": {"d": -10.0, "s": 159, "base": 1, "post": 1, "recover": -1, "q1": -1}}, {"type": "Feature", "geometry": {"type": "Point", "coordinates": [371340.0, 1166250.0]}, "properties": {"d": 0.0, "s": 159, "base": 1, "post": 1, "recover": -1, "q1": -1}}, {"type": "Feature", "geometry": {"type": "Point", "coordinates": [371347.07, 1166257.07]}, "properties": {"d": 10.0, "s": 159, "base": 1, "post": 1, "recover": -1, "q1": -1}}, {"type": "Feature", "geometry": {"type": "Point", "coordinates": [371354.14, 1166264.14]}, "properties": {"d": 20.0, "s": 159, "base": 0, "post": 1, "recover": -1, "q1": -1}}, {"type": "Feature", "geometry": {"type": "Point", "coordinates": [371361.21, 1166271.21]}, "properties": {"d": 30.0, "s": 159, "base": 0, "post": 1, "recover": -1, "q1": -1}}, {"type": "Feature", "geometry": {"type": "Point", "coordinates": [371368.28, 1166278.28]}, "properties": {"d": 40.0, "s": 159, "base": 0, "post": 0, "recover": -1, "q1": -1}}, {"type": "Feature", "geometry": {"type": "Point", "coordinates": [371375.36, 1166285.36]}, "properties": {"d": 50.0, "s": 159, "base": 0, "post": 0, "recover": -1, "q1": -1}}, {"type": "Feature", "geometry": {"type": "Point", "coordinates": [371382.43, 1166292.43]}, "properties": {"d": 60.0, "s": 159, "base": 0, "post": 0, "recover": -1, "q1": -1}}, {"type": "Feature", "geometry": {"type": "Point", "coordinates": [371389.5, 1166299.5]}, "properties": {"d": 70.0, "s": 159, "base": 0, "post": 0, "recover": -1, "q1": -1}}, {"type": "Feature", "geometry": {"type": "Point", "coordinates": [371396.57, 1166306.57]}, "properties": {"d": 80.0, "s": 159, "base": 0, "post": 0, "recover": -1, "q1": -1}}, {"type": "Feature", "geometry": {"type": "Point", "coordinates": [371403.64, 1166313.64]}, "properties": {"d": 90.0, "s": 159, "base": 0, "post": 0, "recover": -1, "q1": -1}}, {"type": "Feature", "geometry": {"type": "Point", "coordinates": [371410.71, 1166320.71]}, "properties": {"d": 100.0, "s": 159, "base": 0, "post": 0, "recover": -1, "q1": -1}}, {"type": "Feature", "geometry": {"type": "Point", "coordinates": [371417.78, 1166327.78]}, "properties": {"d": 110.0, "s": 159, "base": 0, "post": 0, "recover": -1, "q1": -1}}, {"type": "Feature", "geometry": {"type": "Point", "coordinates": [371424.85, 1166334.85]}, "properties": {"d": 120.0, "s": 159, "base": 0, "post": 0, "recover": -1, "q1": -1}}, {"type": "Feature", "geometry": {"type": "Point", "coordinates": [371431.92, 1166341.92]}, "properties": {"d": 130.0, "s": 159, "base": 0, "post": 0, "recover": -1, "q1": -1}}, {"type": "Feature", "geometry": {"type": "Point", "coordinates": [371438.99, 1166348.99]}, "properties": {"d": 140.0, "s": 159, "base": 0, "post": 0, "recover": -1, "q1": -1}}, {"type": "Feature", "geometry": {"type": "Point", "coordinates": [371446.07, 1166356.07]}, "properties": {"d": 150.0, "s": 159, "base": 0, "post": 0, "recover": -1, "q1": -1}}, {"type": "Feature", "geometry": {"type": "Point", "coordinates": [366409.29, 1144570.71]}, "properties": {"d": -100.0, "s": 160, "base": 1, "post": -1, "recover": -1, "q1": -1}}, {"type": "Feature", "geometry": {"type": "Point", "coordinates": [366416.36, 1144563.64]}, "properties": {"d": -90.0, "s": 160, "base": 0, "post": -1, "recover": -1, "q1": -1}}, {"type": "Feature", "geometry": {"type": "Point", "coordinates": [366423.43, 1144556.57]}, "properties": {"d": -80.0, "s": 160, "base": 0, "post": -1, "recover": -1, "q1": -1}}, {"type": "Feature", "geometry": {"type": "Point", "coordinates": [366430.5, 1144549.5]}, "properties": {"d": -70.0, "s": 160, "base": 0, "post": -1, "recover": -1, "q1": -1}}, {"type": "Feature", "geometry": {"type": "Point", "coordinates": [366437.57, 1144542.43]}, "properties": {"d": -60.0, "s": 160, "base": 0, "post": -1, "recover": -1, "q1": -1}}, {"type": "Feature", "geometry": {"type": "Point", "coordinates": [366444.64, 1144535.36]}, "properties": {"d": -50.0, "s": 160, "base": 0, "post": -1, "recover": -1, "q1": -1}}, {"type": "Feature", "geometry": {"type": "Point", "coordinates": [366451.72, 1144528.28]}, "properties": {"d": -40.0, "s": 160, "base": 0, "post": -1, "recover": -1, "q1": -1}}, {"type": "Feature", "geometry": {"type": "Point", "coordinates": [366458.79, 1144521.21]}, "properties": {"d": -30.0, "s": 160, "base": 0, "post": -1, "recover": -1, "q1": -1}}, {"type": "Feature", "geometry": {"type": "Point", "coordinates": [366465.86, 1144514.14]}, "properties": {"d": -20.0, "s": 160, "base": 1, "post": -1, "recover": -1, "q1": -1}}, {"type": "Feature", "geometry": {"type": "Point", "coordinates": [366472.93, 1144507.07]}, "properties": {"d": -10.0, "s": 160, "base": 1, "post": -1, "recover": -1, "q1": -1}}, {"type": "Feature", "geometry": {"type": "Point", "coordinates": [366480.0, 1144500.0]}, "properties": {"d": 0.0, "s": 160, "base": 1, "post": -1, "recover": -1, "q1": -1}}, {"type": "Feature", "geometry": {"type": "Point", "coordinates": [366487.07, 1144492.93]}, "properties": {"d": 10.0, "s": 160, "base": 0, "post": -1, "recover": -1, "q1": -1}}, {"type": "Feature", "geometry": {"type": "Point", "coordinates": [366494.14, 1144485.86]}, "properties": {"d": 20.0, "s": 160, "base": 0, "post": -1, "recover": -1, "q1": -1}}, {"type": "Feature", "geometry": {"type": "Point", "coordinates": [366501.21, 1144478.79]}, "properties": {"d": 30.0, "s": 160, "base": 0, "post": -1, "recover": -1, "q1": -1}}, {"type": "Feature", "geometry": {"type": "Point", "coordinates": [366508.28, 1144471.72]}, "properties": {"d": 40.0, "s": 160, "base": 0, "post": -1, "recover": -1, "q1": -1}}, {"type": "Feature", "geometry": {"type": "Point", "coordinates": [366515.36, 1144464.64]}, "properties": {"d": 50.0, "s": 160, "base": 0, "post": -1, "recover": -1, "q1": -1}}, {"type": "Feature", "geometry": {"type": "Point", "coordinates": [366522.43, 1144457.57]}, "properties": {"d": 60.0, "s": 160, "base": 1, "post": -1, "recover": -1, "q1": -1}}, {"type": "Feature", "geometry": {"type": "Point", "coordinates": [366529.5, 1144450.5]}, "properties": {"d": 70.0, "s": 160, "base": 1, "post": -1, "recover": -1, "q1": -1}}, {"type": "Feature", "geometry": {"type": "Point", "coordinates": [366536.57, 1144443.43]}, "properties": {"d": 80.0, "s": 160, "base": 1, "post": -1, "recover": -1, "q1": -1}}, {"type": "Feature", "geometry": {"type": "Point", "coordinates": [366543.64, 1144436.36]}, "properties": {"d": 90.0, "s": 160, "base": 1, "post": -1, "recover": -1, "q1": -1}}, {"type": "Feature", "geometry": {"type": "Point", "coordinates": [366550.71, 1144429.29]}, "properties": {"d": 100.0, "s": 160, "base": 1, "post": -1, "recover": -1, "q1": -1}}, {"type": "Feature", "geometry": {"type": "Point", "coordinates": [366557.78, 1144422.22]}, "properties": {"d": 110.0, "s": 160, "base": 0, "post": -1, "recover": -1, "q1": -1}}, {"type": "Feature", "geometry": {"type": "Point", "coordinates": [366564.85, 1144415.15]}, "properties": {"d": 120.0, "s": 160, "base": 1, "post": -1, "recover": -1, "q1": -1}}, {"type": "Feature", "geometry": {"type": "Point", "coordinates": [366571.92, 1144408.08]}, "properties": {"d": 130.0, "s": 160, "base": 1, "post": -1, "recover": -1, "q1": -1}}, {"type": "Feature", "geometry": {"type": "Point", "coordinates": [366578.99, 1144401.01]}, "properties": {"d": 140.0, "s": 160, "base": 0, "post": -1, "recover": -1, "q1": -1}}, {"type": "Feature", "geometry": {"type": "Point", "coordinates": [366586.07, 1144393.93]}, "properties": {"d": 150.0, "s": 160, "base": 0, "post": -1, "recover": -1, "q1": -1}}, {"type": "Feature", "geometry": {"type": "Point", "coordinates": [368770.71, 1137879.29]}, "properties": {"d": -100.0, "s": 161, "base": 1, "post": 1, "recover": 1, "q1": 1}}, {"type": "Feature", "geometry": {"type": "Point", "coordinates": [368763.64, 1137886.36]}, "properties": {"d": -90.0, "s": 161, "base": 1, "post": 1, "recover": -1, "q1": 1}}, {"type": "Feature", "geometry": {"type": "Point", "coordinates": [368756.57, 1137893.43]}, "properties": {"d": -80.0, "s": 161, "base": 1, "post": 1, "recover": -1, "q1": 1}}, {"type": "Feature", "geometry": {"type": "Point", "coordinates": [368749.5, 1137900.5]}, "properties": {"d": -70.0, "s": 161, "base": 1, "post": 1, "recover": -1, "q1": 1}}, {"type": "Feature", "geometry": {"type": "Point", "coordinates": [368742.43, 1137907.57]}, "properties": {"d": -60.0, "s": 161, "base": 1, "post": 1, "recover": -1, "q1": 1}}, {"type": "Feature", "geometry": {"type": "Point", "coordinates": [368735.36, 1137914.64]}, "properties": {"d": -50.0, "s": 161, "base": 1, "post": 1, "recover": -1, "q1": 1}}, {"type": "Feature", "geometry": {"type": "Point", "coordinates": [368728.28, 1137921.72]}, "properties": {"d": -40.0, "s": 161, "base": 1, "post": 1, "recover": -1, "q1": 1}}, {"type": "Feature", "geometry": {"type": "Point", "coordinates": [368721.21, 1137928.79]}, "properties": {"d": -30.0, "s": 161, "base": 1, "post": 1, "recover": -1, "q1": -1}}, {"type": "Feature", "geometry": {"type": "Point", "coordinates": [368714.14, 1137935.86]}, "properties": {"d": -20.0, "s": 161, "base": 1, "post": 1, "recover": -1, "q1": 1}}, {"type": "Feature", "geometry": {"type": "Point", "coordinates": [368707.07, 1137942.93]}, "properties": {"d": -10.0, "s": 161, "base": 0, "post": 1, "recover": -1, "q1": 0}}, {"type": "Feature", "geometry": {"type": "Point", "coordinates": [368700.0, 1137950.0]}, "properties": {"d": 0.0, "s": 161, "base": 0, "post": 1, "recover": -1, "q1": 0}}, {"type": "Feature", "geometry": {"type": "Point", "coordinates": [368692.93, 1137957.07]}, "properties": {"d": 10.0, "s": 161, "base": 0, "post": 1, "recover": -1, "q1": 0}}, {"type": "Feature", "geometry": {"type": "Point", "coordinates": [368685.86, 1137964.14]}, "properties": {"d": 20.0, "s": 161, "base": 0, "post": 1, "recover": -1, "q1": 0}}, {"type": "Feature", "geometry": {"type": "Point", "coordinates": [368678.79, 1137971.21]}, "properties": {"d": 30.0, "s": 161, "base": 0, "post": 1, "recover": -1, "q1": -1}}, {"type": "Feature", "geometry": {"type": "Point", "coordinates": [368671.72, 1137978.28]}, "properties": {"d": 40.0, "s": 161, "base": 0, "post": 1, "recover": -1, "q1": -1}}, {"type": "Feature", "geometry": {"type": "Point", "coordinates": [368664.64, 1137985.36]}, "properties": {"d": 50.0, "s": 161, "base": 0, "post": 1, "recover": -1, "q1": 0}}, {"type": "Feature", "geometry": {"type": "Point", "coordinates": [368657.57, 1137992.43]}, "properties": {"d": 60.0, "s": 161, "base": 0, "post": 1, "recover": -1, "q1": -1}}, {"type": "Feature", "geometry": {"type": "Point", "coordinates": [368650.5, 1137999.5]}, "properties": {"d": 70.0, "s": 161, "base": 0, "post": 1, "recover": -1, "q1": 0}}, {"type": "Feature", "geometry": {"type": "Point", "coordinates": [368643.43, 1138006.57]}, "properties": {"d": 80.0, "s": 161, "base": 0, "post": 1, "recover": -1, "q1": 0}}, {"type": "Feature", "geometry": {"type": "Point", "coordinates": [368636.36, 1138013.64]}, "properties": {"d": 90.0, "s": 161, "base": 0, "post": 1, "recover": -1, "q1": 0}}, {"type": "Feature", "geometry": {"type": "Point", "coordinates": [368629.29, 1138020.71]}, "properties": {"d": 100.0, "s": 161, "base": 0, "post": 1, "recover": -1, "q1": 0}}, {"type": "Feature", "geometry": {"type": "Point", "coordinates": [368622.22, 1138027.78]}, "properties": {"d": 110.0, "s": 161, "base": 0, "post": 1, "recover": -1, "q1": 0}}, {"type": "Feature", "geometry": {"type": "Point", "coordinates": [368615.15, 1138034.85]}, "properties": {"d": 120.0, "s": 161, "base": 0, "post": 1, "recover": -1, "q1": 0}}, {"type": "Feature", "geometry": {"type": "Point", "coordinates": [368608.08, 1138041.92]}, "properties": {"d": 130.0, "s": 161, "base": 0, "post": 1, "recover": -1, "q1": 0}}, {"type": "Feature", "geometry": {"type": "Point", "coordinates": [368601.01, 1138048.99]}, "properties": {"d": 140.0, "s": 161, "base": 0, "post": 1, "recover": -1, "q1": 0}}, {"type": "Feature", "geometry": {"type": "Point", "coordinates": [368593.93, 1138056.07]}, "properties": {"d": 150.0, "s": 161, "base": 0, "post": 1, "recover": -1, "q1": 0}}, {"type": "Feature", "geometry": {"type": "Point", "coordinates": [368109.63, 1144411.46]}, "properties": {"d": -100.0, "s": 162, "base": -1, "post": -1, "recover": -1, "q1": 0}}, {"type": "Feature", "geometry": {"type": "Point", "coordinates": [368099.67, 1144412.31]}, "properties": {"d": -90.0, "s": 162, "base": -1, "post": -1, "recover": -1, "q1": 0}}, {"type": "Feature", "geometry": {"type": "Point", "coordinates": [368089.71, 1144413.17]}, "properties": {"d": -80.0, "s": 162, "base": -1, "post": -1, "recover": -1, "q1": 0}}, {"type": "Feature", "geometry": {"type": "Point", "coordinates": [368079.74, 1144414.02]}, "properties": {"d": -70.0, "s": 162, "base": -1, "post": -1, "recover": -1, "q1": -1}}, {"type": "Feature", "geometry": {"type": "Point", "coordinates": [368069.78, 1144414.88]}, "properties": {"d": -60.0, "s": 162, "base": -1, "post": -1, "recover": -1, "q1": -1}}, {"type": "Feature", "geometry": {"type": "Point", "coordinates": [368059.82, 1144415.73]}, "properties": {"d": -50.0, "s": 162, "base": -1, "post": -1, "recover": -1, "q1": -1}}, {"type": "Feature", "geometry": {"type": "Point", "coordinates": [368049.85, 1144416.58]}, "properties": {"d": -40.0, "s": 162, "base": -1, "post": -1, "recover": -1, "q1": -1}}, {"type": "Feature", "geometry": {"type": "Point", "coordinates": [368039.89, 1144417.44]}, "properties": {"d": -30.0, "s": 162, "base": 1, "post": -1, "recover": -1, "q1": 0}}, {"type": "Feature", "geometry": {"type": "Point", "coordinates": [368029.93, 1144418.29]}, "properties": {"d": -20.0, "s": 162, "base": 0, "post": -1, "recover": -1, "q1": 0}}, {"type": "Feature", "geometry": {"type": "Point", "coordinates": [368019.96, 1144419.15]}, "properties": {"d": -10.0, "s": 162, "base": 0, "post": -1, "recover": -1, "q1": 0}}, {"type": "Feature", "geometry": {"type": "Point", "coordinates": [368010.0, 1144420.0]}, "properties": {"d": 0.0, "s": 162, "base": 0, "post": -1, "recover": -1, "q1": 0}}, {"type": "Feature", "geometry": {"type": "Point", "coordinates": [368000.04, 1144420.85]}, "properties": {"d": 10.0, "s": 162, "base": 0, "post": -1, "recover": -1, "q1": 0}}, {"type": "Feature", "geometry": {"type": "Point", "coordinates": [367990.07, 1144421.71]}, "properties": {"d": 20.0, "s": 162, "base": 0, "post": -1, "recover": -1, "q1": 0}}, {"type": "Feature", "geometry": {"type": "Point", "coordinates": [367980.11, 1144422.56]}, "properties": {"d": 30.0, "s": 162, "base": 0, "post": -1, "recover": -1, "q1": 0}}, {"type": "Feature", "geometry": {"type": "Point", "coordinates": [367970.15, 1144423.42]}, "properties": {"d": 40.0, "s": 162, "base": 0, "post": -1, "recover": -1, "q1": 0}}, {"type": "Feature", "geometry": {"type": "Point", "coordinates": [367960.18, 1144424.27]}, "properties": {"d": 50.0, "s": 162, "base": 1, "post": -1, "recover": -1, "q1": 0}}, {"type": "Feature", "geometry": {"type": "Point", "coordinates": [367950.22, 1144425.12]}, "properties": {"d": 60.0, "s": 162, "base": 0, "post": -1, "recover": -1, "q1": 0}}, {"type": "Feature", "geometry": {"type": "Point", "coordinates": [367940.26, 1144425.98]}, "properties": {"d": 70.0, "s": 162, "base": 0, "post": -1, "recover": -1, "q1": 0}}, {"type": "Feature", "geometry": {"type": "Point", "coordinates": [367930.29, 1144426.83]}, "properties": {"d": 80.0, "s": 162, "base": 0, "post": -1, "recover": -1, "q1": 0}}, {"type": "Feature", "geometry": {"type": "Point", "coordinates": [367920.33, 1144427.69]}, "properties": {"d": 90.0, "s": 162, "base": 0, "post": -1, "recover": -1, "q1": 0}}, {"type": "Feature", "geometry": {"type": "Point", "coordinates": [367910.37, 1144428.54]}, "properties": {"d": 100.0, "s": 162, "base": 0, "post": -1, "recover": -1, "q1": 0}}, {"type": "Feature", "geometry": {"type": "Point", "coordinates": [367900.4, 1144429.39]}, "properties": {"d": 110.0, "s": 162, "base": 0, "post": -1, "recover": -1, "q1": 0}}, {"type": "Feature", "geometry": {"type": "Point", "coordinates": [367890.44, 1144430.25]}, "properties": {"d": 120.0, "s": 162, "base": 0, "post": -1, "recover": -1, "q1": 0}}, {"type": "Feature", "geometry": {"type": "Point", "coordinates": [367880.47, 1144431.1]}, "properties": {"d": 130.0, "s": 162, "base": 0, "post": -1, "recover": -1, "q1": 0}}, {"type": "Feature", "geometry": {"type": "Point", "coordinates": [367870.51, 1144431.96]}, "properties": {"d": 140.0, "s": 162, "base": 0, "post": -1, "recover": -1, "q1": 0}}, {"type": "Feature", "geometry": {"type": "Point", "coordinates": [367860.55, 1144432.81]}, "properties": {"d": 150.0, "s": 162, "base": 0, "post": -1, "recover": -1, "q1": 0}}, {"type": "Feature", "geometry": {"type": "Point", "coordinates": [372310.71, 1158439.29]}, "properties": {"d": -100.0, "s": 163, "base": 1, "post": 1, "recover": 1, "q1": -1}}, {"type": "Feature", "geometry": {"type": "Point", "coordinates": [372303.64, 1158446.36]}, "properties": {"d": -90.0, "s": 163, "base": 1, "post": 1, "recover": 1, "q1": -1}}, {"type": "Feature", "geometry": {"type": "Point", "coordinates": [372296.57, 1158453.43]}, "properties": {"d": -80.0, "s": 163, "base": 1, "post": 1, "recover": 1, "q1": -1}}, {"type": "Feature", "geometry": {"type": "Point", "coordinates": [372289.5, 1158460.5]}, "properties": {"d": -70.0, "s": 163, "base": 1, "post": 1, "recover": 1, "q1": -1}}, {"type": "Feature", "geometry": {"type": "Point", "coordinates": [372282.43, 1158467.57]}, "properties": {"d": -60.0, "s": 163, "base": 1, "post": 1, "recover": 1, "q1": -1}}, {"type": "Feature", "geometry": {"type": "Point", "coordinates": [372275.36, 1158474.64]}, "properties": {"d": -50.0, "s": 163, "base": 1, "post": 1, "recover": 1, "q1": -1}}, {"type": "Feature", "geometry": {"type": "Point", "coordinates": [372268.28, 1158481.72]}, "properties": {"d": -40.0, "s": 163, "base": 1, "post": 1, "recover": 1, "q1": -1}}, {"type": "Feature", "geometry": {"type": "Point", "coordinates": [372261.21, 1158488.79]}, "properties": {"d": -30.0, "s": 163, "base": 1, "post": 1, "recover": 1, "q1": -1}}, {"type": "Feature", "geometry": {"type": "Point", "coordinates": [372254.14, 1158495.86]}, "properties": {"d": -20.0, "s": 163, "base": 1, "post": 1, "recover": 1, "q1": -1}}, {"type": "Feature", "geometry": {"type": "Point", "coordinates": [372247.07, 1158502.93]}, "properties": {"d": -10.0, "s": 163, "base": 1, "post": 1, "recover": 1, "q1": -1}}, {"type": "Feature", "geometry": {"type": "Point", "coordinates": [372240.0, 1158510.0]}, "properties": {"d": 0.0, "s": 163, "base": 1, "post": 1, "recover": 1, "q1": -1}}, {"type": "Feature", "geometry": {"type": "Point", "coordinates": [372232.93, 1158517.07]}, "properties": {"d": 10.0, "s": 163, "base": 1, "post": 1, "recover": 1, "q1": -1}}, {"type": "Feature", "geometry": {"type": "Point", "coordinates": [372225.86, 1158524.14]}, "properties": {"d": 20.0, "s": 163, "base": 0, "post": 0, "recover": 0, "q1": -1}}, {"type": "Feature", "geometry": {"type": "Point", "coordinates": [372218.79, 1158531.21]}, "properties": {"d": 30.0, "s": 163, "base": 0, "post": 0, "recover": 0, "q1": -1}}, {"type": "Feature", "geometry": {"type": "Point", "coordinates": [372211.72, 1158538.28]}, "properties": {"d": 40.0, "s": 163, "base": 0, "post": 0, "recover": 0, "q1": -1}}, {"type": "Feature", "geometry": {"type": "Point", "coordinates": [372204.64, 1158545.36]}, "properties": {"d": 50.0, "s": 163, "base": 0, "post": 0, "recover": 0, "q1": -1}}, {"type": "Feature", "geometry": {"type": "Point", "coordinates": [372197.57, 1158552.43]}, "properties": {"d": 60.0, "s": 163, "base": 0, "post": 0, "recover": 0, "q1": -1}}, {"type": "Feature", "geometry": {"type": "Point", "coordinates": [372190.5, 1158559.5]}, "properties": {"d": 70.0, "s": 163, "base": 0, "post": 0, "recover": 0, "q1": -1}}, {"type": "Feature", "geometry": {"type": "Point", "coordinates": [372183.43, 1158566.57]}, "properties": {"d": 80.0, "s": 163, "base": 0, "post": 0, "recover": 0, "q1": -1}}, {"type": "Feature", "geometry": {"type": "Point", "coordinates": [372176.36, 1158573.64]}, "properties": {"d": 90.0, "s": 163, "base": 0, "post": 0, "recover": 0, "q1": -1}}, {"type": "Feature", "geometry": {"type": "Point", "coordinates": [372169.29, 1158580.71]}, "properties": {"d": 100.0, "s": 163, "base": 0, "post": 0, "recover": 0, "q1": -1}}, {"type": "Feature", "geometry": {"type": "Point", "coordinates": [372162.22, 1158587.78]}, "properties": {"d": 110.0, "s": 163, "base": 0, "post": 0, "recover": 0, "q1": -1}}, {"type": "Feature", "geometry": {"type": "Point", "coordinates": [372155.15, 1158594.85]}, "properties": {"d": 120.0, "s": 163, "base": 0, "post": 0, "recover": 0, "q1": -1}}, {"type": "Feature", "geometry": {"type": "Point", "coordinates": [372148.08, 1158601.92]}, "properties": {"d": 130.0, "s": 163, "base": 0, "post": 0, "recover": 0, "q1": -1}}, {"type": "Feature", "geometry": {"type": "Point", "coordinates": [372141.01, 1158608.99]}, "properties": {"d": 140.0, "s": 163, "base": 0, "post": 0, "recover": 0, "q1": -1}}, {"type": "Feature", "geometry": {"type": "Point", "coordinates": [372133.93, 1158616.07]}, "properties": {"d": 150.0, "s": 163, "base": 0, "post": 0, "recover": 0, "q1": -1}}, {"type": "Feature", "geometry": {"type": "Point", "coordinates": [372462.02, 1157110.0]}, "properties": {"d": -100.0, "s": 164, "base": 1, "post": 1, "recover": 1, "q1": -1}}, {"type": "Feature", "geometry": {"type": "Point", "coordinates": [372471.82, 1157112.0]}, "properties": {"d": -90.0, "s": 164, "base": 1, "post": 1, "recover": 1, "q1": -1}}, {"type": "Feature", "geometry": {"type": "Point", "coordinates": [372481.62, 1157114.0]}, "properties": {"d": -80.0, "s": 164, "base": 1, "post": 1, "recover": 1, "q1": -1}}, {"type": "Feature", "geometry": {"type": "Point", "coordinates": [372491.41, 1157116.0]}, "properties": {"d": -70.0, "s": 164, "base": 1, "post": 1, "recover": 1, "q1": -1}}, {"type": "Feature", "geometry": {"type": "Point", "coordinates": [372501.21, 1157118.0]}, "properties": {"d": -60.0, "s": 164, "base": 1, "post": 1, "recover": 1, "q1": -1}}, {"type": "Feature", "geometry": {"type": "Point", "coordinates": [372511.01, 1157120.0]}, "properties": {"d": -50.0, "s": 164, "base": 1, "post": 1, "recover": 1, "q1": -1}}, {"type": "Feature", "geometry": {"type": "Point", "coordinates": [372520.81, 1157122.0]}, "properties": {"d": -40.0, "s": 164, "base": 1, "post": 1, "recover": 1, "q1": -1}}, {"type": "Feature", "geometry": {"type": "Point", "coordinates": [372530.61, 1157124.0]}, "properties": {"d": -30.0, "s": 164, "base": 1, "post": 1, "recover": 1, "q1": -1}}, {"type": "Feature", "geometry": {"type": "Point", "coordinates": [372540.4, 1157126.0]}, "properties": {"d": -20.0, "s": 164, "base": 1, "post": 1, "recover": 1, "q1": -1}}, {"type": "Feature", "geometry": {"type": "Point", "coordinates": [372550.2, 1157128.0]}, "properties": {"d": -10.0, "s": 164, "base": 1, "post": 1, "recover": 1, "q1": -1}}, {"type": "Feature", "geometry": {"type": "Point", "coordinates": [372560.0, 1157130.0]}, "properties": {"d": 0.0, "s": 164, "base": 1, "post": 1, "recover": 1, "q1": -1}}, {"type": "Feature", "geometry": {"type": "Point", "coordinates": [372569.8, 1157132.0]}, "properties": {"d": 10.0, "s": 164, "base": 0, "post": 1, "recover": 1, "q1": -1}}, {"type": "Feature", "geometry": {"type": "Point", "coordinates": [372579.6, 1157134.0]}, "properties": {"d": 20.0, "s": 164, "base": 1, "post": 1, "recover": 1, "q1": -1}}, {"type": "Feature", "geometry": {"type": "Point", "coordinates": [372589.39, 1157136.0]}, "properties": {"d": 30.0, "s": 164, "base": 0, "post": 1, "recover": 1, "q1": -1}}, {"type": "Feature", "geometry": {"type": "Point", "coordinates": [372599.19, 1157138.0]}, "properties": {"d": 40.0, "s": 164, "base": 1, "post": 1, "recover": 1, "q1": -1}}, {"type": "Feature", "geometry": {"type": "Point", "coordinates": [372608.99, 1157140.0]}, "properties": {"d": 50.0, "s": 164, "base": 1, "post": 1, "recover": 1, "q1": -1}}, {"type": "Feature", "geometry": {"type": "Point", "coordinates": [372618.79, 1157142.0]}, "properties": {"d": 60.0, "s": 164, "base": 0, "post": 1, "recover": -1, "q1": -1}}, {"type": "Feature", "geometry": {"type": "Point", "coordinates": [372628.59, 1157144.0]}, "properties": {"d": 70.0, "s": 164, "base": 0, "post": 0, "recover": -1, "q1": -1}}, {"type": "Feature", "geometry": {"type": "Point", "coordinates": [372638.38, 1157146.0]}, "properties": {"d": 80.0, "s": 164, "base": 0, "post": 0, "recover": -1, "q1": -1}}, {"type": "Feature", "geometry": {"type": "Point", "coordinates": [372648.18, 1157148.0]}, "properties": {"d": 90.0, "s": 164, "base": 0, "post": 0, "recover": -1, "q1": -1}}, {"type": "Feature", "geometry": {"type": "Point", "coordinates": [372657.98, 1157150.0]}, "properties": {"d": 100.0, "s": 164, "base": 0, "post": 1, "recover": -1, "q1": -1}}, {"type": "Feature", "geometry": {"type": "Point", "coordinates": [372667.78, 1157152.0]}, "properties": {"d": 110.0, "s": 164, "base": 0, "post": 1, "recover": -1, "q1": -1}}, {"type": "Feature", "geometry": {"type": "Point", "coordinates": [372677.58, 1157154.0]}, "properties": {"d": 120.0, "s": 164, "base": 0, "post": 1, "recover": -1, "q1": -1}}, {"type": "Feature", "geometry": {"type": "Point", "coordinates": [372687.37, 1157155.99]}, "properties": {"d": 130.0, "s": 164, "base": 0, "post": -1, "recover": -1, "q1": -1}}, {"type": "Feature", "geometry": {"type": "Point", "coordinates": [372697.17, 1157157.99]}, "properties": {"d": 140.0, "s": 164, "base": 0, "post": -1, "recover": -1, "q1": -1}}, {"type": "Feature", "geometry": {"type": "Point", "coordinates": [372706.97, 1157159.99]}, "properties": {"d": 150.0, "s": 164, "base": 0, "post": 0, "recover": 0, "q1": -1}}, {"type": "Feature", "geometry": {"type": "Point", "coordinates": [333970.0, 1145490.0]}, "properties": {"d": -100.0, "s": 165, "base": 1, "post": 1, "recover": -1, "q1": -1}}, {"type": "Feature", "geometry": {"type": "Point", "coordinates": [333960.0, 1145490.0]}, "properties": {"d": -90.0, "s": 165, "base": 1, "post": 1, "recover": -1, "q1": -1}}, {"type": "Feature", "geometry": {"type": "Point", "coordinates": [333950.0, 1145490.0]}, "properties": {"d": -80.0, "s": 165, "base": 1, "post": 1, "recover": -1, "q1": -1}}, {"type": "Feature", "geometry": {"type": "Point", "coordinates": [333940.0, 1145490.0]}, "properties": {"d": -70.0, "s": 165, "base": -1, "post": 1, "recover": -1, "q1": -1}}, {"type": "Feature", "geometry": {"type": "Point", "coordinates": [333930.0, 1145490.0]}, "properties": {"d": -60.0, "s": 165, "base": -1, "post": 1, "recover": -1, "q1": -1}}, {"type": "Feature", "geometry": {"type": "Point", "coordinates": [333920.0, 1145490.0]}, "properties": {"d": -50.0, "s": 165, "base": -1, "post": 1, "recover": -1, "q1": -1}}, {"type": "Feature", "geometry": {"type": "Point", "coordinates": [333910.0, 1145490.0]}, "properties": {"d": -40.0, "s": 165, "base": -1, "post": 1, "recover": -1, "q1": -1}}, {"type": "Feature", "geometry": {"type": "Point", "coordinates": [333900.0, 1145490.0]}, "properties": {"d": -30.0, "s": 165, "base": -1, "post": 1, "recover": -1, "q1": -1}}, {"type": "Feature", "geometry": {"type": "Point", "coordinates": [333890.0, 1145490.0]}, "properties": {"d": -20.0, "s": 165, "base": -1, "post": 1, "recover": -1, "q1": -1}}, {"type": "Feature", "geometry": {"type": "Point", "coordinates": [333880.0, 1145490.0]}, "properties": {"d": -10.0, "s": 165, "base": -1, "post": 1, "recover": -1, "q1": -1}}, {"type": "Feature", "geometry": {"type": "Point", "coordinates": [333870.0, 1145490.0]}, "properties": {"d": 0.0, "s": 165, "base": -1, "post": 1, "recover": -1, "q1": -1}}, {"type": "Feature", "geometry": {"type": "Point", "coordinates": [333860.0, 1145490.0]}, "properties": {"d": 10.0, "s": 165, "base": 0, "post": 0, "recover": -1, "q1": -1}}, {"type": "Feature", "geometry": {"type": "Point", "coordinates": [333850.0, 1145490.0]}, "properties": {"d": 20.0, "s": 165, "base": 0, "post": 1, "recover": -1, "q1": -1}}, {"type": "Feature", "geometry": {"type": "Point", "coordinates": [333840.0, 1145490.0]}, "properties": {"d": 30.0, "s": 165, "base": 0, "post": 1, "recover": -1, "q1": -1}}, {"type": "Feature", "geometry": {"type": "Point", "coordinates": [333830.0, 1145490.0]}, "properties": {"d": 40.0, "s": 165, "base": 0, "post": 1, "recover": 1, "q1": -1}}, {"type": "Feature", "geometry": {"type": "Point", "coordinates": [333820.0, 1145490.0]}, "properties": {"d": 50.0, "s": 165, "base": 0, "post": 1, "recover": 1, "q1": -1}}, {"type": "Feature", "geometry": {"type": "Point", "coordinates": [333810.0, 1145490.0]}, "properties": {"d": 60.0, "s": 165, "base": 0, "post": 1, "recover": 1, "q1": -1}}, {"type": "Feature", "geometry": {"type": "Point", "coordinates": [333800.0, 1145490.0]}, "properties": {"d": 70.0, "s": 165, "base": 0, "post": 1, "recover": 1, "q1": -1}}, {"type": "Feature", "geometry": {"type": "Point", "coordinates": [333790.0, 1145490.0]}, "properties": {"d": 80.0, "s": 165, "base": 0, "post": 1, "recover": 1, "q1": -1}}, {"type": "Feature", "geometry": {"type": "Point", "coordinates": [333780.0, 1145490.0]}, "properties": {"d": 90.0, "s": 165, "base": 0, "post": 1, "recover": 1, "q1": -1}}, {"type": "Feature", "geometry": {"type": "Point", "coordinates": [333770.0, 1145490.0]}, "properties": {"d": 100.0, "s": 165, "base": 0, "post": 1, "recover": -1, "q1": -1}}, {"type": "Feature", "geometry": {"type": "Point", "coordinates": [333760.0, 1145490.0]}, "properties": {"d": 110.0, "s": 165, "base": 0, "post": 1, "recover": -1, "q1": -1}}, {"type": "Feature", "geometry": {"type": "Point", "coordinates": [333750.0, 1145490.0]}, "properties": {"d": 120.0, "s": 165, "base": 0, "post": 1, "recover": -1, "q1": -1}}, {"type": "Feature", "geometry": {"type": "Point", "coordinates": [333740.0, 1145490.0]}, "properties": {"d": 130.0, "s": 165, "base": 0, "post": 1, "recover": -1, "q1": -1}}, {"type": "Feature", "geometry": {"type": "Point", "coordinates": [333730.0, 1145490.0]}, "properties": {"d": 140.0, "s": 165, "base": 0, "post": 1, "recover": 1, "q1": -1}}, {"type": "Feature", "geometry": {"type": "Point", "coordinates": [333720.0, 1145490.0]}, "properties": {"d": 150.0, "s": 165, "base": 0, "post": 1, "recover": 1, "q1": -1}}, {"type": "Feature", "geometry": {"type": "Point", "coordinates": [356570.39, 1144431.94]}, "properties": {"d": -100.0, "s": 166, "base": 1, "post": -1, "recover": -1, "q1": 0}}, {"type": "Feature", "geometry": {"type": "Point", "coordinates": [356572.35, 1144441.75]}, "properties": {"d": -90.0, "s": 166, "base": 1, "post": -1, "recover": -1, "q1": 0}}, {"type": "Feature", "geometry": {"type": "Point", "coordinates": [356574.31, 1144451.55]}, "properties": {"d": -80.0, "s": 166, "base": 1, "post": -1, "recover": -1, "q1": 0}}, {"type": "Feature", "geometry": {"type": "Point", "coordinates": [356576.27, 1144461.36]}, "properties": {"d": -70.0, "s": 166, "base": 0, "post": -1, "recover": -1, "q1": 0}}, {"type": "Feature", "geometry": {"type": "Point", "coordinates": [356578.23, 1144471.17]}, "properties": {"d": -60.0, "s": 166, "base": 1, "post": -1, "recover": -1, "q1": 0}}, {"type": "Feature", "geometry": {"type": "Point", "coordinates": [356580.19, 1144480.97]}, "properties": {"d": -50.0, "s": 166, "base": 1, "post": -1, "recover": -1, "q1": 0}}, {"type": "Feature", "geometry": {"type": "Point", "coordinates": [356582.16, 1144490.78]}, "properties": {"d": -40.0, "s": 166, "base": 1, "post": -1, "recover": -1, "q1": 0}}, {"type": "Feature", "geometry": {"type": "Point", "coordinates": [356584.12, 1144500.58]}, "properties": {"d": -30.0, "s": 166, "base": 0, "post": -1, "recover": -1, "q1": 0}}, {"type": "Feature", "geometry": {"type": "Point", "coordinates": [356586.08, 1144510.39]}, "properties": {"d": -20.0, "s": 166, "base": 0, "post": -1, "recover": -1, "q1": 0}}, {"type": "Feature", "geometry": {"type": "Point", "coordinates": [356588.04, 1144520.19]}, "properties": {"d": -10.0, "s": 166, "base": 0, "post": -1, "recover": -1, "q1": 0}}, {"type": "Feature", "geometry": {"type": "Point", "coordinates": [356590.0, 1144530.0]}, "properties": {"d": 0.0, "s": 166, "base": 0, "post": -1, "recover": -1, "q1": 0}}, {"type": "Feature", "geometry": {"type": "Point", "coordinates": [356591.96, 1144539.81]}, "properties": {"d": 10.0, "s": 166, "base": 1, "post": -1, "recover": -1, "q1": 0}}, {"type": "Feature", "geometry": {"type": "Point", "coordinates": [356593.92, 1144549.61]}, "properties": {"d": 20.0, "s": 166, "base": 0, "post": -1, "recover": -1, "q1": 0}}, {"type": "Feature", "geometry": {"type": "Point", "coordinates": [356595.88, 1144559.42]}, "properties": {"d": 30.0, "s": 166, "base": 0, "post": -1, "recover": -1, "q1": 0}}, {"type": "Feature", "geometry": {"type": "Point", "coordinates": [356597.84, 1144569.22]}, "properties": {"d": 40.0, "s": 166, "base": 0, "post": -1, "recover": -1, "q1": 0}}, {"type": "Feature", "geometry": {"type": "Point", "coordinates": [356599.81, 1144579.03]}, "properties": {"d": 50.0, "s": 166, "base": 0, "post": -1, "recover": -1, "q1": 0}}, {"type": "Feature", "geometry": {"type": "Point", "coordinates": [356601.77, 1144588.83]}, "properties": {"d": 60.0, "s": 166, "base": 0, "post": -1, "recover": -1, "q1": 0}}, {"type": "Feature", "geometry": {"type": "Point", "coordinates": [356603.73, 1144598.64]}, "properties": {"d": 70.0, "s": 166, "base": 0, "post": -1, "recover": -1, "q1": 0}}, {"type": "Feature", "geometry": {"type": "Point", "coordinates": [356605.69, 1144608.45]}, "properties": {"d": 80.0, "s": 166, "base": 0, "post": -1, "recover": -1, "q1": 0}}, {"type": "Feature", "geometry": {"type": "Point", "coordinates": [356607.65, 1144618.25]}, "properties": {"d": 90.0, "s": 166, "base": 0, "post": -1, "recover": -1, "q1": 0}}, {"type": "Feature", "geometry": {"type": "Point", "coordinates": [356609.61, 1144628.06]}, "properties": {"d": 100.0, "s": 166, "base": 0, "post": -1, "recover": -1, "q1": 0}}, {"type": "Feature", "geometry": {"type": "Point", "coordinates": [356611.57, 1144637.86]}, "properties": {"d": 110.0, "s": 166, "base": 0, "post": -1, "recover": -1, "q1": 0}}, {"type": "Feature", "geometry": {"type": "Point", "coordinates": [356613.53, 1144647.67]}, "properties": {"d": 120.0, "s": 166, "base": 0, "post": -1, "recover": -1, "q1": 0}}, {"type": "Feature", "geometry": {"type": "Point", "coordinates": [356615.5, 1144657.48]}, "properties": {"d": 130.0, "s": 166, "base": 0, "post": -1, "recover": -1, "q1": 0}}, {"type": "Feature", "geometry": {"type": "Point", "coordinates": [356617.46, 1144667.28]}, "properties": {"d": 140.0, "s": 166, "base": 0, "post": 0, "recover": -1, "q1": 0}}, {"type": "Feature", "geometry": {"type": "Point", "coordinates": [356619.42, 1144677.09]}, "properties": {"d": 150.0, "s": 166, "base": 0, "post": 0, "recover": -1, "q1": 0}}, {"type": "Feature", "geometry": {"type": "Point", "coordinates": [353479.29, 1143580.71]}, "properties": {"d": -100.0, "s": 167, "base": 1, "post": 0, "recover": 0, "q1": 0}}, {"type": "Feature", "geometry": {"type": "Point", "coordinates": [353486.36, 1143573.64]}, "properties": {"d": -90.0, "s": 167, "base": 1, "post": 0, "recover": 0, "q1": 0}}, {"type": "Feature", "geometry": {"type": "Point", "coordinates": [353493.43, 1143566.57]}, "properties": {"d": -80.0, "s": 167, "base": 1, "post": 0, "recover": 0, "q1": 0}}, {"type": "Feature", "geometry": {"type": "Point", "coordinates": [353500.5, 1143559.5]}, "properties": {"d": -70.0, "s": 167, "base": 1, "post": 0, "recover": 0, "q1": 0}}, {"type": "Feature", "geometry": {"type": "Point", "coordinates": [353507.57, 1143552.43]}, "properties": {"d": -60.0, "s": 167, "base": 1, "post": 0, "recover": 0, "q1": 0}}, {"type": "Feature", "geometry": {"type": "Point", "coordinates": [353514.64, 1143545.36]}, "properties": {"d": -50.0, "s": 167, "base": 1, "post": 0, "recover": 0, "q1": 0}}, {"type": "Feature", "geometry": {"type": "Point", "coordinates": [353521.72, 1143538.28]}, "properties": {"d": -40.0, "s": 167, "base": 1, "post": 0, "recover": 0, "q1": 0}}, {"type": "Feature", "geometry": {"type": "Point", "coordinates": [353528.79, 1143531.21]}, "properties": {"d": -30.0, "s": 167, "base": 1, "post": 0, "recover": 0, "q1": 0}}, {"type": "Feature", "geometry": {"type": "Point", "coordinates": [353535.86, 1143524.14]}, "properties": {"d": -20.0, "s": 167, "base": 1, "post": 0, "recover": 0, "q1": 0}}, {"type": "Feature", "geometry": {"type": "Point", "coordinates": [353542.93, 1143517.07]}, "properties": {"d": -10.0, "s": 167, "base": 1, "post": 0, "recover": 0, "q1": 0}}, {"type": "Feature", "geometry": {"type": "Point", "coordinates": [353550.0, 1143510.0]}, "properties": {"d": 0.0, "s": 167, "base": 1, "post": 0, "recover": 0, "q1": 0}}, {"type": "Feature", "geometry": {"type": "Point", "coordinates": [353557.07, 1143502.93]}, "properties": {"d": 10.0, "s": 167, "base": 0, "post": 0, "recover": 0, "q1": 0}}, {"type": "Feature", "geometry": {"type": "Point", "coordinates": [353564.14, 1143495.86]}, "properties": {"d": 20.0, "s": 167, "base": 0, "post": 0, "recover": 0, "q1": 0}}, {"type": "Feature", "geometry": {"type": "Point", "coordinates": [353571.21, 1143488.79]}, "properties": {"d": 30.0, "s": 167, "base": 0, "post": 0, "recover": 0, "q1": 0}}, {"type": "Feature", "geometry": {"type": "Point", "coordinates": [353578.28, 1143481.72]}, "properties": {"d": 40.0, "s": 167, "base": 0, "post": 0, "recover": 0, "q1": 0}}, {"type": "Feature", "geometry": {"type": "Point", "coordinates": [353585.36, 1143474.64]}, "properties": {"d": 50.0, "s": 167, "base": 0, "post": 0, "recover": 0, "q1": 0}}, {"type": "Feature", "geometry": {"type": "Point", "coordinates": [353592.43, 1143467.57]}, "properties": {"d": 60.0, "s": 167, "base": 0, "post": 0, "recover": 0, "q1": 0}}, {"type": "Feature", "geometry": {"type": "Point", "coordinates": [353599.5, 1143460.5]}, "properties": {"d": 70.0, "s": 167, "base": 0, "post": 0, "recover": 0, "q1": 0}}, {"type": "Feature", "geometry": {"type": "Point", "coordinates": [353606.57, 1143453.43]}, "properties": {"d": 80.0, "s": 167, "base": 0, "post": 0, "recover": 0, "q1": 0}}, {"type": "Feature", "geometry": {"type": "Point", "coordinates": [353613.64, 1143446.36]}, "properties": {"d": 90.0, "s": 167, "base": 0, "post": 0, "recover": 0, "q1": 0}}, {"type": "Feature", "geometry": {"type": "Point", "coordinates": [353620.71, 1143439.29]}, "properties": {"d": 100.0, "s": 167, "base": 0, "post": 0, "recover": 0, "q1": 0}}, {"type": "Feature", "geometry": {"type": "Point", "coordinates": [353627.78, 1143432.22]}, "properties": {"d": 110.0, "s": 167, "base": 0, "post": 0, "recover": 0, "q1": 0}}, {"type": "Feature", "geometry": {"type": "Point", "coordinates": [353634.85, 1143425.15]}, "properties": {"d": 120.0, "s": 167, "base": 0, "post": 0, "recover": 0, "q1": 0}}, {"type": "Feature", "geometry": {"type": "Point", "coordinates": [353641.92, 1143418.08]}, "properties": {"d": 130.0, "s": 167, "base": 0, "post": 0, "recover": 0, "q1": 0}}, {"type": "Feature", "geometry": {"type": "Point", "coordinates": [353649.0, 1143411.01]}, "properties": {"d": 140.0, "s": 167, "base": 0, "post": 0, "recover": 0, "q1": 0}}, {"type": "Feature", "geometry": {"type": "Point", "coordinates": [353656.07, 1143403.93]}, "properties": {"d": 150.0, "s": 167, "base": 0, "post": 0, "recover": 0, "q1": 0}}, {"type": "Feature", "geometry": {"type": "Point", "coordinates": [354650.0, 1142850.0]}, "properties": {"d": -100.0, "s": 168, "base": 1, "post": 0, "recover": -1, "q1": 0}}, {"type": "Feature", "geometry": {"type": "Point", "coordinates": [354660.0, 1142850.0]}, "properties": {"d": -90.0, "s": 168, "base": 1, "post": 0, "recover": 0, "q1": 0}}, {"type": "Feature", "geometry": {"type": "Point", "coordinates": [354670.0, 1142850.0]}, "properties": {"d": -80.0, "s": 168, "base": 1, "post": 0, "recover": 0, "q1": 0}}, {"type": "Feature", "geometry": {"type": "Point", "coordinates": [354680.0, 1142850.0]}, "properties": {"d": -70.0, "s": 168, "base": 1, "post": 0, "recover": 0, "q1": 0}}, {"type": "Feature", "geometry": {"type": "Point", "coordinates": [354690.0, 1142850.0]}, "properties": {"d": -60.0, "s": 168, "base": 1, "post": 0, "recover": 0, "q1": 0}}, {"type": "Feature", "geometry": {"type": "Point", "coordinates": [354700.0, 1142850.0]}, "properties": {"d": -50.0, "s": 168, "base": 1, "post": 0, "recover": 0, "q1": 0}}, {"type": "Feature", "geometry": {"type": "Point", "coordinates": [354710.0, 1142850.0]}, "properties": {"d": -40.0, "s": 168, "base": 1, "post": 0, "recover": 0, "q1": 0}}, {"type": "Feature", "geometry": {"type": "Point", "coordinates": [354720.0, 1142850.0]}, "properties": {"d": -30.0, "s": 168, "base": 1, "post": 0, "recover": 0, "q1": 0}}, {"type": "Feature", "geometry": {"type": "Point", "coordinates": [354730.0, 1142850.0]}, "properties": {"d": -20.0, "s": 168, "base": 1, "post": 0, "recover": 0, "q1": 0}}, {"type": "Feature", "geometry": {"type": "Point", "coordinates": [354740.0, 1142850.0]}, "properties": {"d": -10.0, "s": 168, "base": 1, "post": 0, "recover": 0, "q1": 0}}, {"type": "Feature", "geometry": {"type": "Point", "coordinates": [354750.0, 1142850.0]}, "properties": {"d": 0.0, "s": 168, "base": 1, "post": 0, "recover": 0, "q1": 0}}, {"type": "Feature", "geometry": {"type": "Point", "coordinates": [354760.0, 1142850.0]}, "properties": {"d": 10.0, "s": 168, "base": 1, "post": 0, "recover": 0, "q1": 0}}, {"type": "Feature", "geometry": {"type": "Point", "coordinates": [354770.0, 1142850.0]}, "properties": {"d": 20.0, "s": 168, "base": 0, "post": 0, "recover": 0, "q1": 0}}, {"type": "Feature", "geometry": {"type": "Point", "coordinates": [354780.0, 1142850.0]}, "properties": {"d": 30.0, "s": 168, "base": 0, "post": 0, "recover": 0, "q1": 0}}, {"type": "Feature", "geometry": {"type": "Point", "coordinates": [354790.0, 1142850.0]}, "properties": {"d": 40.0, "s": 168, "base": 0, "post": 0, "recover": 0, "q1": 0}}, {"type": "Feature", "geometry": {"type": "Point", "coordinates": [354800.0, 1142850.0]}, "properties": {"d": 50.0, "s": 168, "base": 0, "post": 0, "recover": 0, "q1": 0}}, {"type": "Feature", "geometry": {"type": "Point", "coordinates": [354810.0, 1142850.0]}, "properties": {"d": 60.0, "s": 168, "base": 0, "post": 0, "recover": 0, "q1": 0}}, {"type": "Feature", "geometry": {"type": "Point", "coordinates": [354820.0, 1142850.0]}, "properties": {"d": 70.0, "s": 168, "base": 0, "post": 0, "recover": 0, "q1": 0}}, {"type": "Feature", "geometry": {"type": "Point", "coordinates": [354830.0, 1142850.0]}, "properties": {"d": 80.0, "s": 168, "base": 0, "post": 0, "recover": 0, "q1": 0}}, {"type": "Feature", "geometry": {"type": "Point", "coordinates": [354840.0, 1142850.0]}, "properties": {"d": 90.0, "s": 168, "base": 0, "post": 0, "recover": 0, "q1": 0}}, {"type": "Feature", "geometry": {"type": "Point", "coordinates": [354850.0, 1142850.0]}, "properties": {"d": 100.0, "s": 168, "base": 0, "post": 0, "recover": 0, "q1": 0}}, {"type": "Feature", "geometry": {"type": "Point", "coordinates": [354860.0, 1142850.0]}, "properties": {"d": 110.0, "s": 168, "base": 1, "post": 0, "recover": 0, "q1": 0}}, {"type": "Feature", "geometry": {"type": "Point", "coordinates": [354870.0, 1142850.0]}, "properties": {"d": 120.0, "s": 168, "base": 0, "post": 0, "recover": 0, "q1": 0}}, {"type": "Feature", "geometry": {"type": "Point", "coordinates": [354880.0, 1142850.0]}, "properties": {"d": 130.0, "s": 168, "base": 0, "post": 0, "recover": 0, "q1": 0}}, {"type": "Feature", "geometry": {"type": "Point", "coordinates": [354890.0, 1142850.0]}, "properties": {"d": 140.0, "s": 168, "base": 0, "post": 0, "recover": 0, "q1": 0}}, {"type": "Feature", "geometry": {"type": "Point", "coordinates": [354900.0, 1142850.0]}, "properties": {"d": 150.0, "s": 168, "base": 0, "post": 0, "recover": 0, "q1": 0}}, {"type": "Feature", "geometry": {"type": "Point", "coordinates": [357160.71, 1143100.71]}, "properties": {"d": -100.0, "s": 169, "base": 1, "post": 0, "recover": 0, "q1": 0}}, {"type": "Feature", "geometry": {"type": "Point", "coordinates": [357153.64, 1143093.64]}, "properties": {"d": -90.0, "s": 169, "base": 1, "post": 0, "recover": 0, "q1": 0}}, {"type": "Feature", "geometry": {"type": "Point", "coordinates": [357146.57, 1143086.57]}, "properties": {"d": -80.0, "s": 169, "base": 1, "post": 0, "recover": 0, "q1": 0}}, {"type": "Feature", "geometry": {"type": "Point", "coordinates": [357139.5, 1143079.5]}, "properties": {"d": -70.0, "s": 169, "base": 1, "post": 0, "recover": 0, "q1": 0}}, {"type": "Feature", "geometry": {"type": "Point", "coordinates": [357132.43, 1143072.43]}, "properties": {"d": -60.0, "s": 169, "base": 1, "post": 0, "recover": 0, "q1": 0}}, {"type": "Feature", "geometry": {"type": "Point", "coordinates": [357125.36, 1143065.36]}, "properties": {"d": -50.0, "s": 169, "base": 1, "post": 0, "recover": 0, "q1": 0}}, {"type": "Feature", "geometry": {"type": "Point", "coordinates": [357118.28, 1143058.28]}, "properties": {"d": -40.0, "s": 169, "base": 1, "post": 0, "recover": 0, "q1": 0}}, {"type": "Feature", "geometry": {"type": "Point", "coordinates": [357111.21, 1143051.21]}, "properties": {"d": -30.0, "s": 169, "base": 1, "post": 0, "recover": 0, "q1": 0}}, {"type": "Feature", "geometry": {"type": "Point", "coordinates": [357104.14, 1143044.14]}, "properties": {"d": -20.0, "s": 169, "base": 0, "post": 0, "recover": 0, "q1": 0}}, {"type": "Feature", "geometry": {"type": "Point", "coordinates": [357097.07, 1143037.07]}, "properties": {"d": -10.0, "s": 169, "base": 0, "post": 0, "recover": 0, "q1": 0}}, {"type": "Feature", "geometry": {"type": "Point", "coordinates": [357090.0, 1143030.0]}, "properties": {"d": 0.0, "s": 169, "base": 0, "post": 0, "recover": 0, "q1": 0}}, {"type": "Feature", "geometry": {"type": "Point", "coordinates": [357082.93, 1143022.93]}, "properties": {"d": 10.0, "s": 169, "base": 0, "post": 0, "recover": 0, "q1": 0}}, {"type": "Feature", "geometry": {"type": "Point", "coordinates": [357075.86, 1143015.86]}, "properties": {"d": 20.0, "s": 169, "base": 0, "post": 0, "recover": 0, "q1": 0}}, {"type": "Feature", "geometry": {"type": "Point", "coordinates": [357068.79, 1143008.79]}, "properties": {"d": 30.0, "s": 169, "base": 0, "post": 0, "recover": -1, "q1": 0}}, {"type": "Feature", "geometry": {"type": "Point", "coordinates": [357061.72, 1143001.72]}, "properties": {"d": 40.0, "s": 169, "base": 0, "post": 0, "recover": -1, "q1": 0}}, {"type": "Feature", "geometry": {"type": "Point", "coordinates": [357054.64, 1142994.64]}, "properties": {"d": 50.0, "s": 169, "base": 0, "post": 0, "recover": -1, "q1": 0}}, {"type": "Feature", "geometry": {"type": "Point", "coordinates": [357047.57, 1142987.57]}, "properties": {"d": 60.0, "s": 169, "base": 0, "post": 0, "recover": -1, "q1": 0}}, {"type": "Feature", "geometry": {"type": "Point", "coordinates": [357040.5, 1142980.5]}, "properties": {"d": 70.0, "s": 169, "base": 0, "post": 0, "recover": -1, "q1": 0}}, {"type": "Feature", "geometry": {"type": "Point", "coordinates": [357033.43, 1142973.43]}, "properties": {"d": 80.0, "s": 169, "base": 0, "post": 0, "recover": -1, "q1": 0}}, {"type": "Feature", "geometry": {"type": "Point", "coordinates": [357026.36, 1142966.36]}, "properties": {"d": 90.0, "s": 169, "base": 1, "post": 0, "recover": -1, "q1": 0}}, {"type": "Feature", "geometry": {"type": "Point", "coordinates": [357019.29, 1142959.29]}, "properties": {"d": 100.0, "s": 169, "base": 1, "post": 0, "recover": -1, "q1": 0}}, {"type": "Feature", "geometry": {"type": "Point", "coordinates": [357012.22, 1142952.22]}, "properties": {"d": 110.0, "s": 169, "base": 0, "post": 0, "recover": -1, "q1": 0}}, {"type": "Feature", "geometry": {"type": "Point", "coordinates": [357005.15, 1142945.15]}, "properties": {"d": 120.0, "s": 169, "base": 1, "post": 0, "recover": -1, "q1": 0}}, {"type": "Feature", "geometry": {"type": "Point", "coordinates": [356998.08, 1142938.08]}, "properties": {"d": 130.0, "s": 169, "base": 1, "post": 0, "recover": -1, "q1": 0}}, {"type": "Feature", "geometry": {"type": "Point", "coordinates": [356991.01, 1142931.0]}, "properties": {"d": 140.0, "s": 169, "base": 1, "post": 0, "recover": -1, "q1": 0}}, {"type": "Feature", "geometry": {"type": "Point", "coordinates": [356983.93, 1142923.93]}, "properties": {"d": 150.0, "s": 169, "base": 1, "post": 0, "recover": -1, "q1": 0}}, {"type": "Feature", "geometry": {"type": "Point", "coordinates": [371970.56, 1176114.72]}, "properties": {"d": -100.0, "s": 170, "base": 1, "post": 1, "recover": 1, "q1": -1}}, {"type": "Feature", "geometry": {"type": "Point", "coordinates": [371979.5, 1176110.25]}, "properties": {"d": -90.0, "s": 170, "base": 1, "post": 1, "recover": 1, "q1": -1}}, {"type": "Feature", "geometry": {"type": "Point", "coordinates": [371988.45, 1176105.78]}, "properties": {"d": -80.0, "s": 170, "base": 1, "post": 1, "recover": 1, "q1": -1}}, {"type": "Feature", "geometry": {"type": "Point", "coordinates": [371997.39, 1176101.3]}, "properties": {"d": -70.0, "s": 170, "base": 1, "post": 1, "recover": 1, "q1": -1}}, {"type": "Feature", "geometry": {"type": "Point", "coordinates": [372006.33, 1176096.83]}, "properties": {"d": -60.0, "s": 170, "base": 1, "post": 1, "recover": 1, "q1": -1}}, {"type": "Feature", "geometry": {"type": "Point", "coordinates": [372015.28, 1176092.36]}, "properties": {"d": -50.0, "s": 170, "base": 1, "post": 1, "recover": 1, "q1": -1}}, {"type": "Feature", "geometry": {"type": "Point", "coordinates": [372024.22, 1176087.89]}, "properties": {"d": -40.0, "s": 170, "base": 1, "post": 1, "recover": -1, "q1": -1}}, {"type": "Feature", "geometry": {"type": "Point", "coordinates": [372033.17, 1176083.42]}, "properties": {"d": -30.0, "s": 170, "base": 1, "post": 1, "recover": -1, "q1": -1}}, {"type": "Feature", "geometry": {"type": "Point", "coordinates": [372042.11, 1176078.94]}, "properties": {"d": -20.0, "s": 170, "base": 1, "post": 1, "recover": -1, "q1": -1}}, {"type": "Feature", "geometry": {"type": "Point", "coordinates": [372051.06, 1176074.47]}, "properties": {"d": -10.0, "s": 170, "base": 0, "post": 1, "recover": -1, "q1": -1}}, {"type": "Feature", "geometry": {"type": "Point", "coordinates": [372060.0, 1176070.0]}, "properties": {"d": 0.0, "s": 170, "base": 0, "post": -1, "recover": -1, "q1": -1}}, {"type": "Feature", "geometry": {"type": "Point", "coordinates": [372068.94, 1176065.53]}, "properties": {"d": 10.0, "s": 170, "base": 0, "post": -1, "recover": -1, "q1": -1}}, {"type": "Feature", "geometry": {"type": "Point", "coordinates": [372077.89, 1176061.06]}, "properties": {"d": 20.0, "s": 170, "base": 0, "post": -1, "recover": 0, "q1": -1}}, {"type": "Feature", "geometry": {"type": "Point", "coordinates": [372086.83, 1176056.58]}, "properties": {"d": 30.0, "s": 170, "base": 0, "post": 1, "recover": -1, "q1": -1}}, {"type": "Feature", "geometry": {"type": "Point", "coordinates": [372095.78, 1176052.11]}, "properties": {"d": 40.0, "s": 170, "base": 0, "post": 1, "recover": -1, "q1": -1}}, {"type": "Feature", "geometry": {"type": "Point", "coordinates": [372104.72, 1176047.64]}, "properties": {"d": 50.0, "s": 170, "base": 0, "post": -1, "recover": -1, "q1": -1}}, {"type": "Feature", "geometry": {"type": "Point", "coordinates": [372113.67, 1176043.17]}, "properties": {"d": 60.0, "s": 170, "base": 0, "post": -1, "recover": -1, "q1": -1}}, {"type": "Feature", "geometry": {"type": "Point", "coordinates": [372122.61, 1176038.7]}, "properties": {"d": 70.0, "s": 170, "base": 0, "post": 0, "recover": -1, "q1": -1}}, {"type": "Feature", "geometry": {"type": "Point", "coordinates": [372131.55, 1176034.22]}, "properties": {"d": 80.0, "s": 170, "base": 0, "post": 0, "recover": -1, "q1": -1}}, {"type": "Feature", "geometry": {"type": "Point", "coordinates": [372140.5, 1176029.75]}, "properties": {"d": 90.0, "s": 170, "base": 0, "post": 0, "recover": 0, "q1": -1}}, {"type": "Feature", "geometry": {"type": "Point", "coordinates": [372149.44, 1176025.28]}, "properties": {"d": 100.0, "s": 170, "base": 0, "post": 0, "recover": 0, "q1": -1}}, {"type": "Feature", "geometry": {"type": "Point", "coordinates": [372158.39, 1176020.81]}, "properties": {"d": 110.0, "s": 170, "base": 0, "post": 0, "recover": 0, "q1": -1}}, {"type": "Feature", "geometry": {"type": "Point", "coordinates": [372167.33, 1176016.33]}, "properties": {"d": 120.0, "s": 170, "base": 0, "post": 0, "recover": 0, "q1": -1}}, {"type": "Feature", "geometry": {"type": "Point", "coordinates": [372176.28, 1176011.86]}, "properties": {"d": 130.0, "s": 170, "base": 0, "post": 0, "recover": 0, "q1": -1}}, {"type": "Feature", "geometry": {"type": "Point", "coordinates": [372185.22, 1176007.39]}, "properties": {"d": 140.0, "s": 170, "base": 0, "post": 0, "recover": 0, "q1": -1}}, {"type": "Feature", "geometry": {"type": "Point", "coordinates": [372194.16, 1176002.92]}, "properties": {"d": 150.0, "s": 170, "base": 0, "post": 0, "recover": 0, "q1": -1}}, {"type": "Feature", "geometry": {"type": "Point", "coordinates": [371860.71, 1183519.29]}, "properties": {"d": -100.0, "s": 171, "base": 1, "post": -1, "recover": -1, "q1": -1}}, {"type": "Feature", "geometry": {"type": "Point", "coordinates": [371853.64, 1183526.36]}, "properties": {"d": -90.0, "s": 171, "base": 1, "post": 1, "recover": -1, "q1": -1}}, {"type": "Feature", "geometry": {"type": "Point", "coordinates": [371846.57, 1183533.43]}, "properties": {"d": -80.0, "s": 171, "base": 1, "post": 1, "recover": -1, "q1": -1}}, {"type": "Feature", "geometry": {"type": "Point", "coordinates": [371839.5, 1183540.5]}, "properties": {"d": -70.0, "s": 171, "base": 1, "post": -1, "recover": -1, "q1": -1}}, {"type": "Feature", "geometry": {"type": "Point", "coordinates": [371832.43, 1183547.57]}, "properties": {"d": -60.0, "s": 171, "base": 1, "post": -1, "recover": -1, "q1": -1}}, {"type": "Feature", "geometry": {"type": "Point", "coordinates": [371825.36, 1183554.64]}, "properties": {"d": -50.0, "s": 171, "base": 1, "post": -1, "recover": -1, "q1": -1}}, {"type": "Feature", "geometry": {"type": "Point", "coordinates": [371818.28, 1183561.72]}, "properties": {"d": -40.0, "s": 171, "base": 0, "post": -1, "recover": -1, "q1": -1}}, {"type": "Feature", "geometry": {"type": "Point", "coordinates": [371811.21, 1183568.79]}, "properties": {"d": -30.0, "s": 171, "base": 0, "post": -1, "recover": -1, "q1": -1}}, {"type": "Feature", "geometry": {"type": "Point", "coordinates": [371804.14, 1183575.86]}, "properties": {"d": -20.0, "s": 171, "base": 1, "post": -1, "recover": -1, "q1": -1}}, {"type": "Feature", "geometry": {"type": "Point", "coordinates": [371797.07, 1183582.93]}, "properties": {"d": -10.0, "s": 171, "base": -1, "post": -1, "recover": -1, "q1": -1}}, {"type": "Feature", "geometry": {"type": "Point", "coordinates": [371790.0, 1183590.0]}, "properties": {"d": 0.0, "s": 171, "base": -1, "post": -1, "recover": -1, "q1": -1}}, {"type": "Feature", "geometry": {"type": "Point", "coordinates": [371782.93, 1183597.07]}, "properties": {"d": 10.0, "s": 171, "base": -1, "post": -1, "recover": -1, "q1": -1}}, {"type": "Feature", "geometry": {"type": "Point", "coordinates": [371775.86, 1183604.14]}, "properties": {"d": 20.0, "s": 171, "base": 0, "post": -1, "recover": -1, "q1": -1}}, {"type": "Feature", "geometry": {"type": "Point", "coordinates": [371768.79, 1183611.21]}, "properties": {"d": 30.0, "s": 171, "base": 0, "post": -1, "recover": -1, "q1": -1}}, {"type": "Feature", "geometry": {"type": "Point", "coordinates": [371761.72, 1183618.28]}, "properties": {"d": 40.0, "s": 171, "base": 0, "post": -1, "recover": -1, "q1": -1}}, {"type": "Feature", "geometry": {"type": "Point", "coordinates": [371754.64, 1183625.36]}, "properties": {"d": 50.0, "s": 171, "base": 0, "post": 0, "recover": -1, "q1": -1}}, {"type": "Feature", "geometry": {"type": "Point", "coordinates": [371747.57, 1183632.43]}, "properties": {"d": 60.0, "s": 171, "base": 0, "post": 1, "recover": -1, "q1": -1}}, {"type": "Feature", "geometry": {"type": "Point", "coordinates": [371740.5, 1183639.5]}, "properties": {"d": 70.0, "s": 171, "base": 0, "post": 1, "recover": -1, "q1": -1}}, {"type": "Feature", "geometry": {"type": "Point", "coordinates": [371733.43, 1183646.57]}, "properties": {"d": 80.0, "s": 171, "base": 0, "post": 1, "recover": -1, "q1": -1}}, {"type": "Feature", "geometry": {"type": "Point", "coordinates": [371726.36, 1183653.64]}, "properties": {"d": 90.0, "s": 171, "base": 0, "post": 0, "recover": -1, "q1": -1}}, {"type": "Feature", "geometry": {"type": "Point", "coordinates": [371719.29, 1183660.71]}, "properties": {"d": 100.0, "s": 171, "base": 0, "post": 0, "recover": 0, "q1": 0}}, {"type": "Feature", "geometry": {"type": "Point", "coordinates": [371712.22, 1183667.78]}, "properties": {"d": 110.0, "s": 171, "base": 0, "post": 0, "recover": 0, "q1": 0}}, {"type": "Feature", "geometry": {"type": "Point", "coordinates": [371705.15, 1183674.85]}, "properties": {"d": 120.0, "s": 171, "base": 0, "post": 0, "recover": 0, "q1": 0}}, {"type": "Feature", "geometry": {"type": "Point", "coordinates": [371698.08, 1183681.92]}, "properties": {"d": 130.0, "s": 171, "base": 0, "post": 0, "recover": 0, "q1": 0}}, {"type": "Feature", "geometry": {"type": "Point", "coordinates": [371691.01, 1183688.99]}, "properties": {"d": 140.0, "s": 171, "base": 0, "post": 0, "recover": 0, "q1": 0}}, {"type": "Feature", "geometry": {"type": "Point", "coordinates": [371683.93, 1183696.07]}, "properties": {"d": 150.0, "s": 171, "base": 0, "post": 0, "recover": 0, "q1": 0}}, {"type": "Feature", "geometry": {"type": "Point", "coordinates": [335740.71, 1146599.29]}, "properties": {"d": -100.0, "s": 172, "base": -1, "post": 1, "recover": 1, "q1": -1}}, {"type": "Feature", "geometry": {"type": "Point", "coordinates": [335733.64, 1146606.36]}, "properties": {"d": -90.0, "s": 172, "base": -1, "post": 1, "recover": 1, "q1": -1}}, {"type": "Feature", "geometry": {"type": "Point", "coordinates": [335726.57, 1146613.43]}, "properties": {"d": -80.0, "s": 172, "base": -1, "post": 1, "recover": 1, "q1": -1}}, {"type": "Feature", "geometry": {"type": "Point", "coordinates": [335719.5, 1146620.5]}, "properties": {"d": -70.0, "s": 172, "base": -1, "post": 1, "recover": -1, "q1": -1}}, {"type": "Feature", "geometry": {"type": "Point", "coordinates": [335712.43, 1146627.57]}, "properties": {"d": -60.0, "s": 172, "base": -1, "post": 1, "recover": 1, "q1": -1}}, {"type": "Feature", "geometry": {"type": "Point", "coordinates": [335705.36, 1146634.64]}, "properties": {"d": -50.0, "s": 172, "base": -1, "post": 1, "recover": 1, "q1": -1}}, {"type": "Feature", "geometry": {"type": "Point", "coordinates": [335698.28, 1146641.72]}, "properties": {"d": -40.0, "s": 172, "base": -1, "post": 1, "recover": -1, "q1": -1}}, {"type": "Feature", "geometry": {"type": "Point", "coordinates": [335691.21, 1146648.79]}, "properties": {"d": -30.0, "s": 172, "base": -1, "post": 1, "recover": -1, "q1": -1}}, {"type": "Feature", "geometry": {"type": "Point", "coordinates": [335684.14, 1146655.86]}, "properties": {"d": -20.0, "s": 172, "base": -1, "post": 1, "recover": -1, "q1": -1}}, {"type": "Feature", "geometry": {"type": "Point", "coordinates": [335677.07, 1146662.93]}, "properties": {"d": -10.0, "s": 172, "base": 1, "post": 1, "recover": -1, "q1": -1}}, {"type": "Feature", "geometry": {"type": "Point", "coordinates": [335670.0, 1146670.0]}, "properties": {"d": 0.0, "s": 172, "base": 0, "post": 0, "recover": -1, "q1": -1}}, {"type": "Feature", "geometry": {"type": "Point", "coordinates": [335662.93, 1146677.07]}, "properties": {"d": 10.0, "s": 172, "base": 0, "post": 0, "recover": 0, "q1": -1}}, {"type": "Feature", "geometry": {"type": "Point", "coordinates": [335655.86, 1146684.14]}, "properties": {"d": 20.0, "s": 172, "base": 0, "post": 0, "recover": 0, "q1": -1}}, {"type": "Feature", "geometry": {"type": "Point", "coordinates": [335648.79, 1146691.21]}, "properties": {"d": 30.0, "s": 172, "base": 0, "post": 0, "recover": 0, "q1": -1}}, {"type": "Feature", "geometry": {"type": "Point", "coordinates": [335641.72, 1146698.28]}, "properties": {"d": 40.0, "s": 172, "base": 0, "post": 0, "recover": 0, "q1": -1}}, {"type": "Feature", "geometry": {"type": "Point", "coordinates": [335634.64, 1146705.36]}, "properties": {"d": 50.0, "s": 172, "base": 0, "post": 1, "recover": 0, "q1": -1}}, {"type": "Feature", "geometry": {"type": "Point", "coordinates": [335627.57, 1146712.43]}, "properties": {"d": 60.0, "s": 172, "base": 0, "post": 0, "recover": 0, "q1": -1}}, {"type": "Feature", "geometry": {"type": "Point", "coordinates": [335620.5, 1146719.5]}, "properties": {"d": 70.0, "s": 172, "base": 0, "post": 0, "recover": -1, "q1": -1}}, {"type": "Feature", "geometry": {"type": "Point", "coordinates": [335613.43, 1146726.57]}, "properties": {"d": 80.0, "s": 172, "base": 0, "post": 1, "recover": -1, "q1": -1}}, {"type": "Feature", "geometry": {"type": "Point", "coordinates": [335606.36, 1146733.64]}, "properties": {"d": 90.0, "s": 172, "base": 0, "post": 1, "recover": -1, "q1": -1}}, {"type": "Feature", "geometry": {"type": "Point", "coordinates": [335599.29, 1146740.71]}, "properties": {"d": 100.0, "s": 172, "base": 0, "post": 1, "recover": -1, "q1": -1}}, {"type": "Feature", "geometry": {"type": "Point", "coordinates": [335592.22, 1146747.78]}, "properties": {"d": 110.0, "s": 172, "base": 0, "post": 1, "recover": -1, "q1": -1}}, {"type": "Feature", "geometry": {"type": "Point", "coordinates": [335585.15, 1146754.85]}, "properties": {"d": 120.0, "s": 172, "base": 0, "post": 1, "recover": -1, "q1": -1}}, {"type": "Feature", "geometry": {"type": "Point", "coordinates": [335578.08, 1146761.92]}, "properties": {"d": 130.0, "s": 172, "base": 0, "post": 0, "recover": -1, "q1": -1}}, {"type": "Feature", "geometry": {"type": "Point", "coordinates": [335571.01, 1146768.99]}, "properties": {"d": 140.0, "s": 172, "base": 0, "post": 0, "recover": -1, "q1": -1}}, {"type": "Feature", "geometry": {"type": "Point", "coordinates": [335563.93, 1146776.07]}, "properties": {"d": 150.0, "s": 172, "base": 0, "post": 0, "recover": 0, "q1": -1}}, {"type": "Feature", "geometry": {"type": "Point", "coordinates": [334260.0, 1147990.0]}, "properties": {"d": -100.0, "s": 173, "base": -1, "post": 1, "recover": -1, "q1": -1}}, {"type": "Feature", "geometry": {"type": "Point", "coordinates": [334260.0, 1147980.0]}, "properties": {"d": -90.0, "s": 173, "base": -1, "post": 1, "recover": -1, "q1": -1}}, {"type": "Feature", "geometry": {"type": "Point", "coordinates": [334260.0, 1147970.0]}, "properties": {"d": -80.0, "s": 173, "base": -1, "post": 1, "recover": -1, "q1": -1}}, {"type": "Feature", "geometry": {"type": "Point", "coordinates": [334260.0, 1147960.0]}, "properties": {"d": -70.0, "s": 173, "base": -1, "post": 1, "recover": -1, "q1": -1}}, {"type": "Feature", "geometry": {"type": "Point", "coordinates": [334260.0, 1147950.0]}, "properties": {"d": -60.0, "s": 173, "base": -1, "post": 1, "recover": -1, "q1": -1}}, {"type": "Feature", "geometry": {"type": "Point", "coordinates": [334260.0, 1147940.0]}, "properties": {"d": -50.0, "s": 173, "base": -1, "post": 1, "recover": -1, "q1": -1}}, {"type": "Feature", "geometry": {"type": "Point", "coordinates": [334260.0, 1147930.0]}, "properties": {"d": -40.0, "s": 173, "base": 1, "post": 1, "recover": -1, "q1": -1}}, {"type": "Feature", "geometry": {"type": "Point", "coordinates": [334260.0, 1147920.0]}, "properties": {"d": -30.0, "s": 173, "base": -1, "post": 1, "recover": -1, "q1": -1}}, {"type": "Feature", "geometry": {"type": "Point", "coordinates": [334260.0, 1147910.0]}, "properties": {"d": -20.0, "s": 173, "base": -1, "post": 1, "recover": -1, "q1": -1}}, {"type": "Feature", "geometry": {"type": "Point", "coordinates": [334260.0, 1147900.0]}, "properties": {"d": -10.0, "s": 173, "base": -1, "post": 1, "recover": -1, "q1": -1}}, {"type": "Feature", "geometry": {"type": "Point", "coordinates": [334260.0, 1147890.0]}, "properties": {"d": 0.0, "s": 173, "base": -1, "post": 1, "recover": -1, "q1": -1}}, {"type": "Feature", "geometry": {"type": "Point", "coordinates": [334260.0, 1147880.0]}, "properties": {"d": 10.0, "s": 173, "base": 0, "post": 1, "recover": -1, "q1": -1}}, {"type": "Feature", "geometry": {"type": "Point", "coordinates": [334260.0, 1147870.0]}, "properties": {"d": 20.0, "s": 173, "base": 0, "post": 1, "recover": -1, "q1": -1}}, {"type": "Feature", "geometry": {"type": "Point", "coordinates": [334260.0, 1147860.0]}, "properties": {"d": 30.0, "s": 173, "base": 0, "post": 1, "recover": -1, "q1": -1}}, {"type": "Feature", "geometry": {"type": "Point", "coordinates": [334260.0, 1147850.0]}, "properties": {"d": 40.0, "s": 173, "base": 0, "post": 1, "recover": -1, "q1": -1}}, {"type": "Feature", "geometry": {"type": "Point", "coordinates": [334260.0, 1147840.0]}, "properties": {"d": 50.0, "s": 173, "base": 0, "post": 0, "recover": -1, "q1": -1}}, {"type": "Feature", "geometry": {"type": "Point", "coordinates": [334260.0, 1147830.0]}, "properties": {"d": 60.0, "s": 173, "base": 0, "post": 0, "recover": -1, "q1": -1}}, {"type": "Feature", "geometry": {"type": "Point", "coordinates": [334260.0, 1147820.0]}, "properties": {"d": 70.0, "s": 173, "base": 0, "post": 0, "recover": -1, "q1": -1}}, {"type": "Feature", "geometry": {"type": "Point", "coordinates": [334260.0, 1147810.0]}, "properties": {"d": 80.0, "s": 173, "base": 0, "post": 0, "recover": -1, "q1": -1}}, {"type": "Feature", "geometry": {"type": "Point", "coordinates": [334260.0, 1147800.0]}, "properties": {"d": 90.0, "s": 173, "base": 0, "post": 0, "recover": -1, "q1": -1}}, {"type": "Feature", "geometry": {"type": "Point", "coordinates": [334260.0, 1147790.0]}, "properties": {"d": 100.0, "s": 173, "base": 0, "post": 0, "recover": -1, "q1": -1}}, {"type": "Feature", "geometry": {"type": "Point", "coordinates": [334260.0, 1147780.0]}, "properties": {"d": 110.0, "s": 173, "base": 0, "post": 0, "recover": -1, "q1": -1}}, {"type": "Feature", "geometry": {"type": "Point", "coordinates": [334260.0, 1147770.0]}, "properties": {"d": 120.0, "s": 173, "base": 0, "post": 0, "recover": -1, "q1": -1}}, {"type": "Feature", "geometry": {"type": "Point", "coordinates": [334260.0, 1147760.0]}, "properties": {"d": 130.0, "s": 173, "base": 0, "post": 0, "recover": -1, "q1": -1}}, {"type": "Feature", "geometry": {"type": "Point", "coordinates": [334260.0, 1147750.0]}, "properties": {"d": 140.0, "s": 173, "base": 0, "post": 0, "recover": -1, "q1": -1}}, {"type": "Feature", "geometry": {"type": "Point", "coordinates": [334260.0, 1147740.0]}, "properties": {"d": 150.0, "s": 173, "base": 0, "post": 0, "recover": -1, "q1": -1}}, {"type": "Feature", "geometry": {"type": "Point", "coordinates": [337699.29, 1147789.29]}, "properties": {"d": -100.0, "s": 174, "base": -1, "post": -1, "recover": -1, "q1": -1}}, {"type": "Feature", "geometry": {"type": "Point", "coordinates": [337706.36, 1147796.36]}, "properties": {"d": -90.0, "s": 174, "base": -1, "post": 1, "recover": -1, "q1": -1}}, {"type": "Feature", "geometry": {"type": "Point", "coordinates": [337713.43, 1147803.43]}, "properties": {"d": -80.0, "s": 174, "base": -1, "post": 1, "recover": -1, "q1": -1}}, {"type": "Feature", "geometry": {"type": "Point", "coordinates": [337720.5, 1147810.5]}, "properties": {"d": -70.0, "s": 174, "base": -1, "post": 1, "recover": -1, "q1": -1}}, {"type": "Feature", "geometry": {"type": "Point", "coordinates": [337727.57, 1147817.57]}, "properties": {"d": -60.0, "s": 174, "base": 1, "post": -1, "recover": -1, "q1": -1}}, {"type": "Feature", "geometry": {"type": "Point", "coordinates": [337734.64, 1147824.64]}, "properties": {"d": -50.0, "s": 174, "base": 1, "post": -1, "recover": -1, "q1": -1}}, {"type": "Feature", "geometry": {"type": "Point", "coordinates": [337741.72, 1147831.72]}, "properties": {"d": -40.0, "s": 174, "base": 1, "post": -1, "recover": -1, "q1": -1}}, {"type": "Feature", "geometry": {"type": "Point", "coordinates": [337748.79, 1147838.79]}, "properties": {"d": -30.0, "s": 174, "base": 1, "post": -1, "recover": -1, "q1": -1}}, {"type": "Feature", "geometry": {"type": "Point", "coordinates": [337755.86, 1147845.86]}, "properties": {"d": -20.0, "s": 174, "base": 1, "post": -1, "recover": -1, "q1": -1}}, {"type": "Feature", "geometry": {"type": "Point", "coordinates": [337762.93, 1147852.93]}, "properties": {"d": -10.0, "s": 174, "base": 1, "post": 1, "recover": -1, "q1": -1}}, {"type": "Feature", "geometry": {"type": "Point", "coordinates": [337770.0, 1147860.0]}, "properties": {"d": 0.0, "s": 174, "base": 1, "post": -1, "recover": -1, "q1": -1}}, {"type": "Feature", "geometry": {"type": "Point", "coordinates": [337777.07, 1147867.07]}, "properties": {"d": 10.0, "s": 174, "base": 1, "post": -1, "recover": -1, "q1": -1}}, {"type": "Feature", "geometry": {"type": "Point", "coordinates": [337784.14, 1147874.14]}, "properties": {"d": 20.0, "s": 174, "base": 0, "post": -1, "recover": -1, "q1": -1}}, {"type": "Feature", "geometry": {"type": "Point", "coordinates": [337791.21, 1147881.21]}, "properties": {"d": 30.0, "s": 174, "base": 0, "post": -1, "recover": -1, "q1": -1}}, {"type": "Feature", "geometry": {"type": "Point", "coordinates": [337798.28, 1147888.28]}, "properties": {"d": 40.0, "s": 174, "base": 0, "post": -1, "recover": -1, "q1": -1}}, {"type": "Feature", "geometry": {"type": "Point", "coordinates": [337805.36, 1147895.36]}, "properties": {"d": 50.0, "s": 174, "base": 0, "post": -1, "recover": -1, "q1": -1}}, {"type": "Feature", "geometry": {"type": "Point", "coordinates": [337812.43, 1147902.43]}, "properties": {"d": 60.0, "s": 174, "base": 0, "post": 0, "recover": -1, "q1": -1}}, {"type": "Feature", "geometry": {"type": "Point", "coordinates": [337819.5, 1147909.5]}, "properties": {"d": 70.0, "s": 174, "base": 0, "post": 0, "recover": -1, "q1": -1}}, {"type": "Feature", "geometry": {"type": "Point", "coordinates": [337826.57, 1147916.57]}, "properties": {"d": 80.0, "s": 174, "base": 0, "post": -1, "recover": -1, "q1": -1}}, {"type": "Feature", "geometry": {"type": "Point", "coordinates": [337833.64, 1147923.64]}, "properties": {"d": 90.0, "s": 174, "base": 0, "post": -1, "recover": -1, "q1": -1}}, {"type": "Feature", "geometry": {"type": "Point", "coordinates": [337840.71, 1147930.71]}, "properties": {"d": 100.0, "s": 174, "base": 0, "post": -1, "recover": -1, "q1": -1}}, {"type": "Feature", "geometry": {"type": "Point", "coordinates": [337847.78, 1147937.78]}, "properties": {"d": 110.0, "s": 174, "base": 0, "post": -1, "recover": -1, "q1": -1}}, {"type": "Feature", "geometry": {"type": "Point", "coordinates": [337854.85, 1147944.85]}, "properties": {"d": 120.0, "s": 174, "base": 0, "post": -1, "recover": -1, "q1": -1}}, {"type": "Feature", "geometry": {"type": "Point", "coordinates": [337861.92, 1147951.92]}, "properties": {"d": 130.0, "s": 174, "base": 0, "post": -1, "recover": -1, "q1": -1}}, {"type": "Feature", "geometry": {"type": "Point", "coordinates": [337868.99, 1147959.0]}, "properties": {"d": 140.0, "s": 174, "base": 0, "post": -1, "recover": -1, "q1": -1}}, {"type": "Feature", "geometry": {"type": "Point", "coordinates": [337876.07, 1147966.07]}, "properties": {"d": 150.0, "s": 174, "base": 0, "post": -1, "recover": -1, "q1": -1}}, {"type": "Feature", "geometry": {"type": "Point", "coordinates": [368359.29, 1174840.71]}, "properties": {"d": -100.0, "s": 175, "base": -1, "post": -1, "recover": -1, "q1": -1}}, {"type": "Feature", "geometry": {"type": "Point", "coordinates": [368366.36, 1174833.64]}, "properties": {"d": -90.0, "s": 175, "base": -1, "post": -1, "recover": -1, "q1": -1}}, {"type": "Feature", "geometry": {"type": "Point", "coordinates": [368373.43, 1174826.57]}, "properties": {"d": -80.0, "s": 175, "base": -1, "post": -1, "recover": -1, "q1": -1}}, {"type": "Feature", "geometry": {"type": "Point", "coordinates": [368380.5, 1174819.5]}, "properties": {"d": -70.0, "s": 175, "base": 1, "post": -1, "recover": -1, "q1": -1}}, {"type": "Feature", "geometry": {"type": "Point", "coordinates": [368387.57, 1174812.43]}, "properties": {"d": -60.0, "s": 175, "base": 0, "post": -1, "recover": -1, "q1": -1}}, {"type": "Feature", "geometry": {"type": "Point", "coordinates": [368394.64, 1174805.36]}, "properties": {"d": -50.0, "s": 175, "base": 0, "post": -1, "recover": -1, "q1": -1}}, {"type": "Feature", "geometry": {"type": "Point", "coordinates": [368401.72, 1174798.28]}, "properties": {"d": -40.0, "s": 175, "base": -1, "post": -1, "recover": -1, "q1": -1}}, {"type": "Feature", "geometry": {"type": "Point", "coordinates": [368408.79, 1174791.21]}, "properties": {"d": -30.0, "s": 175, "base": -1, "post": -1, "recover": -1, "q1": -1}}, {"type": "Feature", "geometry": {"type": "Point", "coordinates": [368415.86, 1174784.14]}, "properties": {"d": -20.0, "s": 175, "base": 0, "post": -1, "recover": -1, "q1": -1}}, {"type": "Feature", "geometry": {"type": "Point", "coordinates": [368422.93, 1174777.07]}, "properties": {"d": -10.0, "s": 175, "base": 0, "post": -1, "recover": -1, "q1": -1}}, {"type": "Feature", "geometry": {"type": "Point", "coordinates": [368430.0, 1174770.0]}, "properties": {"d": 0.0, "s": 175, "base": 0, "post": -1, "recover": -1, "q1": -1}}, {"type": "Feature", "geometry": {"type": "Point", "coordinates": [368437.07, 1174762.93]}, "properties": {"d": 10.0, "s": 175, "base": 0, "post": 0, "recover": -1, "q1": -1}}, {"type": "Feature", "geometry": {"type": "Point", "coordinates": [368444.14, 1174755.86]}, "properties": {"d": 20.0, "s": 175, "base": 0, "post": -1, "recover": -1, "q1": -1}}, {"type": "Feature", "geometry": {"type": "Point", "coordinates": [368451.21, 1174748.79]}, "properties": {"d": 30.0, "s": 175, "base": 0, "post": 0, "recover": -1, "q1": -1}}, {"type": "Feature", "geometry": {"type": "Point", "coordinates": [368458.28, 1174741.72]}, "properties": {"d": 40.0, "s": 175, "base": 0, "post": 0, "recover": -1, "q1": -1}}, {"type": "Feature", "geometry": {"type": "Point", "coordinates": [368465.36, 1174734.64]}, "properties": {"d": 50.0, "s": 175, "base": 0, "post": 0, "recover": -1, "q1": -1}}, {"type": "Feature", "geometry": {"type": "Point", "coordinates": [368472.43, 1174727.57]}, "properties": {"d": 60.0, "s": 175, "base": 0, "post": 0, "recover": -1, "q1": -1}}, {"type": "Feature", "geometry": {"type": "Point", "coordinates": [368479.5, 1174720.5]}, "properties": {"d": 70.0, "s": 175, "base": 0, "post": 0, "recover": -1, "q1": -1}}, {"type": "Feature", "geometry": {"type": "Point", "coordinates": [368486.57, 1174713.43]}, "properties": {"d": 80.0, "s": 175, "base": 0, "post": 0, "recover": -1, "q1": -1}}, {"type": "Feature", "geometry": {"type": "Point", "coordinates": [368493.64, 1174706.36]}, "properties": {"d": 90.0, "s": 175, "base": 0, "post": 0, "recover": -1, "q1": -1}}, {"type": "Feature", "geometry": {"type": "Point", "coordinates": [368500.71, 1174699.29]}, "properties": {"d": 100.0, "s": 175, "base": 0, "post": 0, "recover": -1, "q1": -1}}, {"type": "Feature", "geometry": {"type": "Point", "coordinates": [368507.78, 1174692.22]}, "properties": {"d": 110.0, "s": 175, "base": 0, "post": 0, "recover": 0, "q1": -1}}, {"type": "Feature", "geometry": {"type": "Point", "coordinates": [368514.85, 1174685.15]}, "properties": {"d": 120.0, "s": 175, "base": 0, "post": 0, "recover": 0, "q1": -1}}, {"type": "Feature", "geometry": {"type": "Point", "coordinates": [368521.92, 1174678.08]}, "properties": {"d": 130.0, "s": 175, "base": 0, "post": 0, "recover": 0, "q1": -1}}, {"type": "Feature", "geometry": {"type": "Point", "coordinates": [368528.99, 1174671.01]}, "properties": {"d": 140.0, "s": 175, "base": 0, "post": 0, "recover": 0, "q1": -1}}, {"type": "Feature", "geometry": {"type": "Point", "coordinates": [368536.07, 1174663.93]}, "properties": {"d": 150.0, "s": 175, "base": 0, "post": 0, "recover": 0, "q1": -1}}, {"type": "Feature", "geometry": {"type": "Point", "coordinates": [335721.94, 1145480.39]}, "properties": {"d": -100.0, "s": 176, "base": 1, "post": 0, "recover": 1, "q1": -1}}, {"type": "Feature", "geometry": {"type": "Point", "coordinates": [335731.75, 1145482.35]}, "properties": {"d": -90.0, "s": 176, "base": 1, "post": 1, "recover": 1, "q1": -1}}, {"type": "Feature", "geometry": {"type": "Point", "coordinates": [335741.55, 1145484.31]}, "properties": {"d": -80.0, "s": 176, "base": 1, "post": 1, "recover": -1, "q1": -1}}, {"type": "Feature", "geometry": {"type": "Point", "coordinates": [335751.36, 1145486.27]}, "properties": {"d": -70.0, "s": 176, "base": 1, "post": 1, "recover": 1, "q1": -1}}, {"type": "Feature", "geometry": {"type": "Point", "coordinates": [335761.17, 1145488.23]}, "properties": {"d": -60.0, "s": 176, "base": 1, "post": 1, "recover": 1, "q1": -1}}, {"type": "Feature", "geometry": {"type": "Point", "coordinates": [335770.97, 1145490.19]}, "properties": {"d": -50.0, "s": 176, "base": 1, "post": 1, "recover": 1, "q1": -1}}, {"type": "Feature", "geometry": {"type": "Point", "coordinates": [335780.78, 1145492.16]}, "properties": {"d": -40.0, "s": 176, "base": 1, "post": 1, "recover": 1, "q1": -1}}, {"type": "Feature", "geometry": {"type": "Point", "coordinates": [335790.58, 1145494.12]}, "properties": {"d": -30.0, "s": 176, "base": 1, "post": 1, "recover": 1, "q1": -1}}, {"type": "Feature", "geometry": {"type": "Point", "coordinates": [335800.39, 1145496.08]}, "properties": {"d": -20.0, "s": 176, "base": 1, "post": 1, "recover": 1, "q1": -1}}, {"type": "Feature", "geometry": {"type": "Point", "coordinates": [335810.19, 1145498.04]}, "properties": {"d": -10.0, "s": 176, "base": 1, "post": 1, "recover": 1, "q1": -1}}, {"type": "Feature", "geometry": {"type": "Point", "coordinates": [335820.0, 1145500.0]}, "properties": {"d": 0.0, "s": 176, "base": 0, "post": 1, "recover": 1, "q1": -1}}, {"type": "Feature", "geometry": {"type": "Point", "coordinates": [335829.81, 1145501.96]}, "properties": {"d": 10.0, "s": 176, "base": 0, "post": 1, "recover": 1, "q1": 1}}, {"type": "Feature", "geometry": {"type": "Point", "coordinates": [335839.61, 1145503.92]}, "properties": {"d": 20.0, "s": 176, "base": 0, "post": 1, "recover": 1, "q1": 1}}, {"type": "Feature", "geometry": {"type": "Point", "coordinates": [335849.42, 1145505.88]}, "properties": {"d": 30.0, "s": 176, "base": 0, "post": 1, "recover": 1, "q1": 1}}, {"type": "Feature", "geometry": {"type": "Point", "coordinates": [335859.22, 1145507.84]}, "properties": {"d": 40.0, "s": 176, "base": 0, "post": 1, "recover": 1, "q1": 1}}, {"type": "Feature", "geometry": {"type": "Point", "coordinates": [335869.03, 1145509.81]}, "properties": {"d": 50.0, "s": 176, "base": 0, "post": 1, "recover": 1, "q1": 1}}, {"type": "Feature", "geometry": {"type": "Point", "coordinates": [335878.83, 1145511.77]}, "properties": {"d": 60.0, "s": 176, "base": 0, "post": 1, "recover": 1, "q1": 1}}, {"type": "Feature", "geometry": {"type": "Point", "coordinates": [335888.64, 1145513.73]}, "properties": {"d": 70.0, "s": 176, "base": 0, "post": 1, "recover": 1, "q1": 1}}, {"type": "Feature", "geometry": {"type": "Point", "coordinates": [335898.45, 1145515.69]}, "properties": {"d": 80.0, "s": 176, "base": 0, "post": 1, "recover": 1, "q1": 1}}, {"type": "Feature", "geometry": {"type": "Point", "coordinates": [335908.25, 1145517.65]}, "properties": {"d": 90.0, "s": 176, "base": 0, "post": 1, "recover": 1, "q1": 1}}, {"type": "Feature", "geometry": {"type": "Point", "coordinates": [335918.06, 1145519.61]}, "properties": {"d": 100.0, "s": 176, "base": 0, "post": 1, "recover": 1, "q1": 1}}, {"type": "Feature", "geometry": {"type": "Point", "coordinates": [335927.86, 1145521.57]}, "properties": {"d": 110.0, "s": 176, "base": 0, "post": 1, "recover": 1, "q1": 1}}, {"type": "Feature", "geometry": {"type": "Point", "coordinates": [335937.67, 1145523.53]}, "properties": {"d": 120.0, "s": 176, "base": 0, "post": 1, "recover": 1, "q1": 1}}, {"type": "Feature", "geometry": {"type": "Point", "coordinates": [335947.48, 1145525.5]}, "properties": {"d": 130.0, "s": 176, "base": 0, "post": 1, "recover": -1, "q1": -1}}, {"type": "Feature", "geometry": {"type": "Point", "coordinates": [335957.28, 1145527.46]}, "properties": {"d": 140.0, "s": 176, "base": 0, "post": 0, "recover": -1, "q1": -1}}, {"type": "Feature", "geometry": {"type": "Point", "coordinates": [335967.09, 1145529.42]}, "properties": {"d": 150.0, "s": 176, "base": 0, "post": 1, "recover": -1, "q1": -1}}, {"type": "Feature", "geometry": {"type": "Point", "coordinates": [368255.28, 1161030.56]}, "properties": {"d": -100.0, "s": 177, "base": 1, "post": -1, "recover": 1, "q1": -1}}, {"type": "Feature", "geometry": {"type": "Point", "coordinates": [368259.75, 1161039.5]}, "properties": {"d": -90.0, "s": 177, "base": 1, "post": -1, "recover": 1, "q1": -1}}, {"type": "Feature", "geometry": {"type": "Point", "coordinates": [368264.22, 1161048.45]}, "properties": {"d": -80.0, "s": 177, "base": 1, "post": -1, "recover": 1, "q1": -1}}, {"type": "Feature", "geometry": {"type": "Point", "coordinates": [368268.7, 1161057.39]}, "properties": {"d": -70.0, "s": 177, "base": 1, "post": -1, "recover": 1, "q1": -1}}, {"type": "Feature", "geometry": {"type": "Point", "coordinates": [368273.17, 1161066.33]}, "properties": {"d": -60.0, "s": 177, "base": 1, "post": -1, "recover": 1, "q1": -1}}, {"type": "Feature", "geometry": {"type": "Point", "coordinates": [368277.64, 1161075.28]}, "properties": {"d": -50.0, "s": 177, "base": 1, "post": -1, "recover": 1, "q1": -1}}, {"type": "Feature", "geometry": {"type": "Point", "coordinates": [368282.11, 1161084.22]}, "properties": {"d": -40.0, "s": 177, "base": 1, "post": -1, "recover": 1, "q1": -1}}, {"type": "Feature", "geometry": {"type": "Point", "coordinates": [368286.58, 1161093.17]}, "properties": {"d": -30.0, "s": 177, "base": 1, "post": -1, "recover": 1, "q1": -1}}, {"type": "Feature", "geometry": {"type": "Point", "coordinates": [368291.06, 1161102.11]}, "properties": {"d": -20.0, "s": 177, "base": 1, "post": -1, "recover": 1, "q1": -1}}, {"type": "Feature", "geometry": {"type": "Point", "coordinates": [368295.53, 1161111.06]}, "properties": {"d": -10.0, "s": 177, "base": 1, "post": -1, "recover": 1, "q1": -1}}, {"type": "Feature", "geometry": {"type": "Point", "coordinates": [368300.0, 1161120.0]}, "properties": {"d": 0.0, "s": 177, "base": 0, "post": -1, "recover": 1, "q1": -1}}, {"type": "Feature", "geometry": {"type": "Point", "coordinates": [368304.47, 1161128.94]}, "properties": {"d": 10.0, "s": 177, "base": 0, "post": -1, "recover": 1, "q1": -1}}, {"type": "Feature", "geometry": {"type": "Point", "coordinates": [368308.94, 1161137.89]}, "properties": {"d": 20.0, "s": 177, "base": 0, "post": -1, "recover": 1, "q1": -1}}, {"type": "Feature", "geometry": {"type": "Point", "coordinates": [368313.42, 1161146.83]}, "properties": {"d": 30.0, "s": 177, "base": 0, "post": -1, "recover": 1, "q1": -1}}, {"type": "Feature", "geometry": {"type": "Point", "coordinates": [368317.89, 1161155.78]}, "properties": {"d": 40.0, "s": 177, "base": 0, "post": -1, "recover": 1, "q1": -1}}, {"type": "Feature", "geometry": {"type": "Point", "coordinates": [368322.36, 1161164.72]}, "properties": {"d": 50.0, "s": 177, "base": 0, "post": -1, "recover": 1, "q1": -1}}, {"type": "Feature", "geometry": {"type": "Point", "coordinates": [368326.83, 1161173.67]}, "properties": {"d": 60.0, "s": 177, "base": 0, "post": -1, "recover": 1, "q1": -1}}, {"type": "Feature", "geometry": {"type": "Point", "coordinates": [368331.3, 1161182.61]}, "properties": {"d": 70.0, "s": 177, "base": 0, "post": -1, "recover": 1, "q1": -1}}, {"type": "Feature", "geometry": {"type": "Point", "coordinates": [368335.78, 1161191.55]}, "properties": {"d": 80.0, "s": 177, "base": 0, "post": -1, "recover": 1, "q1": -1}}, {"type": "Feature", "geometry": {"type": "Point", "coordinates": [368340.25, 1161200.5]}, "properties": {"d": 90.0, "s": 177, "base": 0, "post": -1, "recover": 1, "q1": -1}}, {"type": "Feature", "geometry": {"type": "Point", "coordinates": [368344.72, 1161209.44]}, "properties": {"d": 100.0, "s": 177, "base": 0, "post": -1, "recover": 1, "q1": -1}}, {"type": "Feature", "geometry": {"type": "Point", "coordinates": [368349.19, 1161218.39]}, "properties": {"d": 110.0, "s": 177, "base": 0, "post": -1, "recover": 1, "q1": -1}}, {"type": "Feature", "geometry": {"type": "Point", "coordinates": [368353.67, 1161227.33]}, "properties": {"d": 120.0, "s": 177, "base": 0, "post": -1, "recover": 1, "q1": -1}}, {"type": "Feature", "geometry": {"type": "Point", "coordinates": [368358.14, 1161236.28]}, "properties": {"d": 130.0, "s": 177, "base": 0, "post": -1, "recover": 1, "q1": -1}}, {"type": "Feature", "geometry": {"type": "Point", "coordinates": [368362.61, 1161245.22]}, "properties": {"d": 140.0, "s": 177, "base": 0, "post": -1, "recover": 1, "q1": -1}}, {"type": "Feature", "geometry": {"type": "Point", "coordinates": [368367.08, 1161254.16]}, "properties": {"d": 150.0, "s": 177, "base": 0, "post": -1, "recover": 1, "q1": -1}}, {"type": "Feature", "geometry": {"type": "Point", "coordinates": [339389.29, 1146010.71]}, "properties": {"d": -100.0, "s": 178, "base": 1, "post": 1, "recover": 1, "q1": -1}}, {"type": "Feature", "geometry": {"type": "Point", "coordinates": [339396.36, 1146003.64]}, "properties": {"d": -90.0, "s": 178, "base": 1, "post": 1, "recover": 1, "q1": -1}}, {"type": "Feature", "geometry": {"type": "Point", "coordinates": [339403.43, 1145996.57]}, "properties": {"d": -80.0, "s": 178, "base": 1, "post": 1, "recover": 1, "q1": -1}}, {"type": "Feature", "geometry": {"type": "Point", "coordinates": [339410.5, 1145989.5]}, "properties": {"d": -70.0, "s": 178, "base": 1, "post": 1, "recover": 1, "q1": -1}}, {"type": "Feature", "geometry": {"type": "Point", "coordinates": [339417.57, 1145982.43]}, "properties": {"d": -60.0, "s": 178, "base": 1, "post": 1, "recover": 0, "q1": -1}}, {"type": "Feature", "geometry": {"type": "Point", "coordinates": [339424.64, 1145975.36]}, "properties": {"d": -50.0, "s": 178, "base": 1, "post": 1, "recover": 0, "q1": -1}}, {"type": "Feature", "geometry": {"type": "Point", "coordinates": [339431.72, 1145968.28]}, "properties": {"d": -40.0, "s": 178, "base": 1, "post": 1, "recover": 1, "q1": -1}}, {"type": "Feature", "geometry": {"type": "Point", "coordinates": [339438.79, 1145961.21]}, "properties": {"d": -30.0, "s": 178, "base": 1, "post": 1, "recover": 1, "q1": -1}}, {"type": "Feature", "geometry": {"type": "Point", "coordinates": [339445.86, 1145954.14]}, "properties": {"d": -20.0, "s": 178, "base": 1, "post": 1, "recover": 1, "q1": -1}}, {"type": "Feature", "geometry": {"type": "Point", "coordinates": [339452.93, 1145947.07]}, "properties": {"d": -10.0, "s": 178, "base": 0, "post": 1, "recover": 1, "q1": -1}}, {"type": "Feature", "geometry": {"type": "Point", "coordinates": [339460.0, 1145940.0]}, "properties": {"d": 0.0, "s": 178, "base": 0, "post": 1, "recover": 1, "q1": -1}}, {"type": "Feature", "geometry": {"type": "Point", "coordinates": [339467.07, 1145932.93]}, "properties": {"d": 10.0, "s": 178, "base": 0, "post": 1, "recover": 1, "q1": -1}}, {"type": "Feature", "geometry": {"type": "Point", "coordinates": [339474.14, 1145925.86]}, "properties": {"d": 20.0, "s": 178, "base": 0, "post": 1, "recover": 1, "q1": -1}}, {"type": "Feature", "geometry": {"type": "Point", "coordinates": [339481.21, 1145918.79]}, "properties": {"d": 30.0, "s": 178, "base": 0, "post": 1, "recover": 1, "q1": -1}}, {"type": "Feature", "geometry": {"type": "Point", "coordinates": [339488.28, 1145911.72]}, "properties": {"d": 40.0, "s": 178, "base": 0, "post": 1, "recover": 1, "q1": -1}}, {"type": "Feature", "geometry": {"type": "Point", "coordinates": [339495.36, 1145904.64]}, "properties": {"d": 50.0, "s": 178, "base": 0, "post": 1, "recover": 1, "q1": -1}}, {"type": "Feature", "geometry": {"type": "Point", "coordinates": [339502.43, 1145897.57]}, "properties": {"d": 60.0, "s": 178, "base": 1, "post": 1, "recover": 1, "q1": -1}}, {"type": "Feature", "geometry": {"type": "Point", "coordinates": [339509.5, 1145890.5]}, "properties": {"d": 70.0, "s": 178, "base": 0, "post": 1, "recover": 1, "q1": -1}}, {"type": "Feature", "geometry": {"type": "Point", "coordinates": [339516.57, 1145883.43]}, "properties": {"d": 80.0, "s": 178, "base": 0, "post": 1, "recover": 1, "q1": -1}}, {"type": "Feature", "geometry": {"type": "Point", "coordinates": [339523.64, 1145876.36]}, "properties": {"d": 90.0, "s": 178, "base": 0, "post": 1, "recover": 1, "q1": -1}}, {"type": "Feature", "geometry": {"type": "Point", "coordinates": [339530.71, 1145869.29]}, "properties": {"d": 100.0, "s": 178, "base": 0, "post": 1, "recover": 1, "q1": -1}}, {"type": "Feature", "geometry": {"type": "Point", "coordinates": [339537.78, 1145862.22]}, "properties": {"d": 110.0, "s": 178, "base": 0, "post": 1, "recover": 1, "q1": -1}}, {"type": "Feature", "geometry": {"type": "Point", "coordinates": [339544.85, 1145855.15]}, "properties": {"d": 120.0, "s": 178, "base": 1, "post": 1, "recover": 1, "q1": -1}}, {"type": "Feature", "geometry": {"type": "Point", "coordinates": [339551.92, 1145848.08]}, "properties": {"d": 130.0, "s": 178, "base": 1, "post": 1, "recover": 1, "q1": -1}}, {"type": "Feature", "geometry": {"type": "Point", "coordinates": [339558.99, 1145841.01]}, "properties": {"d": 140.0, "s": 178, "base": 1, "post": 1, "recover": 1, "q1": -1}}, {"type": "Feature", "geometry": {"type": "Point", "coordinates": [339566.07, 1145833.93]}, "properties": {"d": 150.0, "s": 178, "base": 0, "post": 1, "recover": 0, "q1": -1}}, {"type": "Feature", "geometry": {"type": "Point", "coordinates": [348870.0, 1154810.0]}, "properties": {"d": -100.0, "s": 179, "base": 0, "post": 0, "recover": 0, "q1": 0}}, {"type": "Feature", "geometry": {"type": "Point", "coordinates": [348870.0, 1154820.0]}, "properties": {"d": -90.0, "s": 179, "base": 0, "post": 0, "recover": 0, "q1": 0}}, {"type": "Feature", "geometry": {"type": "Point", "coordinates": [348870.0, 1154830.0]}, "properties": {"d": -80.0, "s": 179, "base": 0, "post": 0, "recover": 0, "q1": 0}}, {"type": "Feature", "geometry": {"type": "Point", "coordinates": [348870.0, 1154840.0]}, "properties": {"d": -70.0, "s": 179, "base": 0, "post": 0, "recover": 0, "q1": 0}}, {"type": "Feature", "geometry": {"type": "Point", "coordinates": [348870.0, 1154850.0]}, "properties": {"d": -60.0, "s": 179, "base": 0, "post": 0, "recover": 0, "q1": 0}}, {"type": "Feature", "geometry": {"type": "Point", "coordinates": [348870.0, 1154860.0]}, "properties": {"d": -50.0, "s": 179, "base": 0, "post": 0, "recover": 0, "q1": 0}}, {"type": "Feature", "geometry": {"type": "Point", "coordinates": [348870.0, 1154870.0]}, "properties": {"d": -40.0, "s": 179, "base": 0, "post": 0, "recover": 0, "q1": 0}}, {"type": "Feature", "geometry": {"type": "Point", "coordinates": [348870.0, 1154880.0]}, "properties": {"d": -30.0, "s": 179, "base": 0, "post": 0, "recover": 0, "q1": 0}}, {"type": "Feature", "geometry": {"type": "Point", "coordinates": [348870.0, 1154890.0]}, "properties": {"d": -20.0, "s": 179, "base": 0, "post": 0, "recover": 0, "q1": 0}}, {"type": "Feature", "geometry": {"type": "Point", "coordinates": [348870.0, 1154900.0]}, "properties": {"d": -10.0, "s": 179, "base": 0, "post": 0, "recover": 0, "q1": 0}}, {"type": "Feature", "geometry": {"type": "Point", "coordinates": [348870.0, 1154910.0]}, "properties": {"d": 0.0, "s": 179, "base": 0, "post": 0, "recover": 0, "q1": 0}}, {"type": "Feature", "geometry": {"type": "Point", "coordinates": [348870.0, 1154920.0]}, "properties": {"d": 10.0, "s": 179, "base": 0, "post": 0, "recover": 0, "q1": 0}}, {"type": "Feature", "geometry": {"type": "Point", "coordinates": [348870.0, 1154930.0]}, "properties": {"d": 20.0, "s": 179, "base": -1, "post": 0, "recover": 0, "q1": 0}}, {"type": "Feature", "geometry": {"type": "Point", "coordinates": [348870.0, 1154940.0]}, "properties": {"d": 30.0, "s": 179, "base": -1, "post": 0, "recover": 0, "q1": 0}}, {"type": "Feature", "geometry": {"type": "Point", "coordinates": [348870.0, 1154950.0]}, "properties": {"d": 40.0, "s": 179, "base": -1, "post": 0, "recover": 0, "q1": 0}}, {"type": "Feature", "geometry": {"type": "Point", "coordinates": [348870.0, 1154960.0]}, "properties": {"d": 50.0, "s": 179, "base": -1, "post": 0, "recover": 0, "q1": 0}}, {"type": "Feature", "geometry": {"type": "Point", "coordinates": [348870.0, 1154970.0]}, "properties": {"d": 60.0, "s": 179, "base": 0, "post": 0, "recover": 0, "q1": 0}}, {"type": "Feature", "geometry": {"type": "Point", "coordinates": [348870.0, 1154980.0]}, "properties": {"d": 70.0, "s": 179, "base": 0, "post": 0, "recover": 0, "q1": 0}}, {"type": "Feature", "geometry": {"type": "Point", "coordinates": [348870.0, 1154990.0]}, "properties": {"d": 80.0, "s": 179, "base": 0, "post": 0, "recover": 0, "q1": 0}}, {"type": "Feature", "geometry": {"type": "Point", "coordinates": [348870.0, 1155000.0]}, "properties": {"d": 90.0, "s": 179, "base": 0, "post": 0, "recover": 0, "q1": 0}}, {"type": "Feature", "geometry": {"type": "Point", "coordinates": [348870.0, 1155010.0]}, "properties": {"d": 100.0, "s": 179, "base": 0, "post": 0, "recover": 0, "q1": 0}}, {"type": "Feature", "geometry": {"type": "Point", "coordinates": [348870.0, 1155020.0]}, "properties": {"d": 110.0, "s": 179, "base": 0, "post": 0, "recover": 0, "q1": 0}}, {"type": "Feature", "geometry": {"type": "Point", "coordinates": [348870.0, 1155030.0]}, "properties": {"d": 120.0, "s": 179, "base": 0, "post": 0, "recover": 0, "q1": -1}}, {"type": "Feature", "geometry": {"type": "Point", "coordinates": [348870.0, 1155040.0]}, "properties": {"d": 130.0, "s": 179, "base": 0, "post": 0, "recover": 0, "q1": -1}}, {"type": "Feature", "geometry": {"type": "Point", "coordinates": [348870.0, 1155050.0]}, "properties": {"d": 140.0, "s": 179, "base": 0, "post": 0, "recover": -1, "q1": -1}}, {"type": "Feature", "geometry": {"type": "Point", "coordinates": [348870.0, 1155060.0]}, "properties": {"d": 150.0, "s": 179, "base": 0, "post": 0, "recover": -1, "q1": -1}}, {"type": "Feature", "geometry": {"type": "Point", "coordinates": [369700.0, 1170050.0]}, "properties": {"d": -100.0, "s": 180, "base": 1, "post": -1, "recover": -1, "q1": -1}}, {"type": "Feature", "geometry": {"type": "Point", "coordinates": [369700.0, 1170060.0]}, "properties": {"d": -90.0, "s": 180, "base": 1, "post": -1, "recover": -1, "q1": -1}}, {"type": "Feature", "geometry": {"type": "Point", "coordinates": [369700.0, 1170070.0]}, "properties": {"d": -80.0, "s": 180, "base": 1, "post": -1, "recover": -1, "q1": -1}}, {"type": "Feature", "geometry": {"type": "Point", "coordinates": [369700.0, 1170080.0]}, "properties": {"d": -70.0, "s": 180, "base": 1, "post": -1, "recover": -1, "q1": -1}}, {"type": "Feature", "geometry": {"type": "Point", "coordinates": [369700.0, 1170090.0]}, "properties": {"d": -60.0, "s": 180, "base": 1, "post": -1, "recover": -1, "q1": -1}}, {"type": "Feature", "geometry": {"type": "Point", "coordinates": [369700.0, 1170100.0]}, "properties": {"d": -50.0, "s": 180, "base": 1, "post": -1, "recover": -1, "q1": -1}}, {"type": "Feature", "geometry": {"type": "Point", "coordinates": [369700.0, 1170110.0]}, "properties": {"d": -40.0, "s": 180, "base": 1, "post": -1, "recover": -1, "q1": -1}}, {"type": "Feature", "geometry": {"type": "Point", "coordinates": [369700.0, 1170120.0]}, "properties": {"d": -30.0, "s": 180, "base": 1, "post": -1, "recover": -1, "q1": -1}}, {"type": "Feature", "geometry": {"type": "Point", "coordinates": [369700.0, 1170130.0]}, "properties": {"d": -20.0, "s": 180, "base": 1, "post": -1, "recover": -1, "q1": -1}}, {"type": "Feature", "geometry": {"type": "Point", "coordinates": [369700.0, 1170140.0]}, "properties": {"d": -10.0, "s": 180, "base": 0, "post": -1, "recover": -1, "q1": -1}}, {"type": "Feature", "geometry": {"type": "Point", "coordinates": [369700.0, 1170150.0]}, "properties": {"d": 0.0, "s": 180, "base": 0, "post": -1, "recover": -1, "q1": -1}}, {"type": "Feature", "geometry": {"type": "Point", "coordinates": [369700.0, 1170160.0]}, "properties": {"d": 10.0, "s": 180, "base": 0, "post": -1, "recover": -1, "q1": -1}}, {"type": "Feature", "geometry": {"type": "Point", "coordinates": [369700.0, 1170170.0]}, "properties": {"d": 20.0, "s": 180, "base": 0, "post": -1, "recover": -1, "q1": -1}}, {"type": "Feature", "geometry": {"type": "Point", "coordinates": [369700.0, 1170180.0]}, "properties": {"d": 30.0, "s": 180, "base": 0, "post": -1, "recover": -1, "q1": -1}}, {"type": "Feature", "geometry": {"type": "Point", "coordinates": [369700.0, 1170190.0]}, "properties": {"d": 40.0, "s": 180, "base": 0, "post": -1, "recover": -1, "q1": -1}}, {"type": "Feature", "geometry": {"type": "Point", "coordinates": [369700.0, 1170200.0]}, "properties": {"d": 50.0, "s": 180, "base": 0, "post": -1, "recover": -1, "q1": -1}}, {"type": "Feature", "geometry": {"type": "Point", "coordinates": [369700.0, 1170210.0]}, "properties": {"d": 60.0, "s": 180, "base": 0, "post": -1, "recover": -1, "q1": -1}}, {"type": "Feature", "geometry": {"type": "Point", "coordinates": [369700.0, 1170220.0]}, "properties": {"d": 70.0, "s": 180, "base": 0, "post": -1, "recover": -1, "q1": -1}}, {"type": "Feature", "geometry": {"type": "Point", "coordinates": [369700.0, 1170230.0]}, "properties": {"d": 80.0, "s": 180, "base": 0, "post": -1, "recover": -1, "q1": -1}}, {"type": "Feature", "geometry": {"type": "Point", "coordinates": [369700.0, 1170240.0]}, "properties": {"d": 90.0, "s": 180, "base": 0, "post": -1, "recover": -1, "q1": -1}}, {"type": "Feature", "geometry": {"type": "Point", "coordinates": [369700.0, 1170250.0]}, "properties": {"d": 100.0, "s": 180, "base": 0, "post": 1, "recover": -1, "q1": -1}}, {"type": "Feature", "geometry": {"type": "Point", "coordinates": [369700.0, 1170260.0]}, "properties": {"d": 110.0, "s": 180, "base": 0, "post": 1, "recover": -1, "q1": -1}}, {"type": "Feature", "geometry": {"type": "Point", "coordinates": [369700.0, 1170270.0]}, "properties": {"d": 120.0, "s": 180, "base": 0, "post": 1, "recover": -1, "q1": -1}}, {"type": "Feature", "geometry": {"type": "Point", "coordinates": [369700.0, 1170280.0]}, "properties": {"d": 130.0, "s": 180, "base": 0, "post": 1, "recover": -1, "q1": -1}}, {"type": "Feature", "geometry": {"type": "Point", "coordinates": [369700.0, 1170290.0]}, "properties": {"d": 140.0, "s": 180, "base": 0, "post": 1, "recover": -1, "q1": -1}}, {"type": "Feature", "geometry": {"type": "Point", "coordinates": [369700.0, 1170300.0]}, "properties": {"d": 150.0, "s": 180, "base": 0, "post": 1, "recover": -1, "q1": -1}}, {"type": "Feature", "geometry": {"type": "Point", "coordinates": [372209.44, 1184765.28]}, "properties": {"d": -100.0, "s": 181, "base": -1, "post": -1, "recover": -1, "q1": -1}}, {"type": "Feature", "geometry": {"type": "Point", "coordinates": [372200.5, 1184769.75]}, "properties": {"d": -90.0, "s": 181, "base": -1, "post": -1, "recover": -1, "q1": -1}}, {"type": "Feature", "geometry": {"type": "Point", "coordinates": [372191.55, 1184774.22]}, "properties": {"d": -80.0, "s": 181, "base": 1, "post": -1, "recover": -1, "q1": -1}}, {"type": "Feature", "geometry": {"type": "Point", "coordinates": [372182.61, 1184778.7]}, "properties": {"d": -70.0, "s": 181, "base": 0, "post": -1, "recover": -1, "q1": -1}}, {"type": "Feature", "geometry": {"type": "Point", "coordinates": [372173.67, 1184783.17]}, "properties": {"d": -60.0, "s": 181, "base": -1, "post": 1, "recover": -1, "q1": -1}}, {"type": "Feature", "geometry": {"type": "Point", "coordinates": [372164.72, 1184787.64]}, "properties": {"d": -50.0, "s": 181, "base": -1, "post": 1, "recover": -1, "q1": -1}}, {"type": "Feature", "geometry": {"type": "Point", "coordinates": [372155.78, 1184792.11]}, "properties": {"d": -40.0, "s": 181, "base": -1, "post": -1, "recover": -1, "q1": -1}}, {"type": "Feature", "geometry": {"type": "Point", "coordinates": [372146.83, 1184796.58]}, "properties": {"d": -30.0, "s": 181, "base": -1, "post": -1, "recover": -1, "q1": -1}}, {"type": "Feature", "geometry": {"type": "Point", "coordinates": [372137.89, 1184801.06]}, "properties": {"d": -20.0, "s": 181, "base": -1, "post": -1, "recover": -1, "q1": -1}}, {"type": "Feature", "geometry": {"type": "Point", "coordinates": [372128.94, 1184805.53]}, "properties": {"d": -10.0, "s": 181, "base": -1, "post": -1, "recover": -1, "q1": -1}}, {"type": "Feature", "geometry": {"type": "Point", "coordinates": [372120.0, 1184810.0]}, "properties": {"d": 0.0, "s": 181, "base": -1, "post": -1, "recover": -1, "q1": -1}}, {"type": "Feature", "geometry": {"type": "Point", "coordinates": [372111.06, 1184814.47]}, "properties": {"d": 10.0, "s": 181, "base": 0, "post": -1, "recover": -1, "q1": -1}}, {"type": "Feature", "geometry": {"type": "Point", "coordinates": [372102.11, 1184818.94]}, "properties": {"d": 20.0, "s": 181, "base": 0, "post": -1, "recover": -1, "q1": -1}}, {"type": "Feature", "geometry": {"type": "Point", "coordinates": [372093.17, 1184823.42]}, "properties": {"d": 30.0, "s": 181, "base": 0, "post": 1, "recover": -1, "q1": -1}}, {"type": "Feature", "geometry": {"type": "Point", "coordinates": [372084.22, 1184827.89]}, "properties": {"d": 40.0, "s": 181, "base": 0, "post": 1, "recover": -1, "q1": -1}}, {"type": "Feature", "geometry": {"type": "Point", "coordinates": [372075.28, 1184832.36]}, "properties": {"d": 50.0, "s": 181, "base": 0, "post": 1, "recover": -1, "q1": -1}}, {"type": "Feature", "geometry": {"type": "Point", "coordinates": [372066.33, 1184836.83]}, "properties": {"d": 60.0, "s": 181, "base": 0, "post": 1, "recover": -1, "q1": -1}}, {"type": "Feature", "geometry": {"type": "Point", "coordinates": [372057.39, 1184841.3]}, "properties": {"d": 70.0, "s": 181, "base": 0, "post": 1, "recover": 0, "q1": 0}}, {"type": "Feature", "geometry": {"type": "Point", "coordinates": [372048.45, 1184845.78]}, "properties": {"d": 80.0, "s": 181, "base": 0, "post": 1, "recover": 0, "q1": 0}}, {"type": "Feature", "geometry": {"type": "Point", "coordinates": [372039.5, 1184850.25]}, "properties": {"d": 90.0, "s": 181, "base": 0, "post": 1, "recover": -1, "q1": 0}}, {"type": "Feature", "geometry": {"type": "Point", "coordinates": [372030.56, 1184854.72]}, "properties": {"d": 100.0, "s": 181, "base": 0, "post": 1, "recover": -1, "q1": 0}}, {"type": "Feature", "geometry": {"type": "Point", "coordinates": [372021.61, 1184859.19]}, "properties": {"d": 110.0, "s": 181, "base": 0, "post": 1, "recover": -1, "q1": 0}}, {"type": "Feature", "geometry": {"type": "Point", "coordinates": [372012.67, 1184863.67]}, "properties": {"d": 120.0, "s": 181, "base": 0, "post": 1, "recover": -1, "q1": 0}}, {"type": "Feature", "geometry": {"type": "Point", "coordinates": [372003.72, 1184868.14]}, "properties": {"d": 130.0, "s": 181, "base": 0, "post": 1, "recover": -1, "q1": 0}}, {"type": "Feature", "geometry": {"type": "Point", "coordinates": [371994.78, 1184872.61]}, "properties": {"d": 140.0, "s": 181, "base": 0, "post": 1, "recover": -1, "q1": 0}}, {"type": "Feature", "geometry": {"type": "Point", "coordinates": [371985.84, 1184877.08]}, "properties": {"d": 150.0, "s": 181, "base": 0, "post": 1, "recover": -1, "q1": 0}}, {"type": "Feature", "geometry": {"type": "Point", "coordinates": [371800.71, 1142150.71]}, "properties": {"d": -100.0, "s": 182, "base": 1, "post": 1, "recover": 1, "q1": -1}}, {"type": "Feature", "geometry": {"type": "Point", "coordinates": [371793.64, 1142143.64]}, "properties": {"d": -90.0, "s": 182, "base": 1, "post": 1, "recover": 1, "q1": -1}}, {"type": "Feature", "geometry": {"type": "Point", "coordinates": [371786.57, 1142136.57]}, "properties": {"d": -80.0, "s": 182, "base": 1, "post": 1, "recover": 1, "q1": -1}}, {"type": "Feature", "geometry": {"type": "Point", "coordinates": [371779.5, 1142129.5]}, "properties": {"d": -70.0, "s": 182, "base": 1, "post": 1, "recover": 1, "q1": -1}}, {"type": "Feature", "geometry": {"type": "Point", "coordinates": [371772.43, 1142122.43]}, "properties": {"d": -60.0, "s": 182, "base": 1, "post": 1, "recover": 1, "q1": -1}}, {"type": "Feature", "geometry": {"type": "Point", "coordinates": [371765.36, 1142115.36]}, "properties": {"d": -50.0, "s": 182, "base": 1, "post": 1, "recover": 1, "q1": -1}}, {"type": "Feature", "geometry": {"type": "Point", "coordinates": [371758.28, 1142108.28]}, "properties": {"d": -40.0, "s": 182, "base": 1, "post": 1, "recover": -1, "q1": -1}}, {"type": "Feature", "geometry": {"type": "Point", "coordinates": [371751.21, 1142101.21]}, "properties": {"d": -30.0, "s": 182, "base": 1, "post": 1, "recover": -1, "q1": -1}}, {"type": "Feature", "geometry": {"type": "Point", "coordinates": [371744.14, 1142094.14]}, "properties": {"d": -20.0, "s": 182, "base": 1, "post": 1, "recover": -1, "q1": -1}}, {"type": "Feature", "geometry": {"type": "Point", "coordinates": [371737.07, 1142087.07]}, "properties": {"d": -10.0, "s": 182, "base": 0, "post": 1, "recover": -1, "q1": -1}}, {"type": "Feature", "geometry": {"type": "Point", "coordinates": [371730.0, 1142080.0]}, "properties": {"d": 0.0, "s": 182, "base": 0, "post": 1, "recover": -1, "q1": -1}}, {"type": "Feature", "geometry": {"type": "Point", "coordinates": [371722.93, 1142072.93]}, "properties": {"d": 10.0, "s": 182, "base": 0, "post": 1, "recover": -1, "q1": -1}}, {"type": "Feature", "geometry": {"type": "Point", "coordinates": [371715.86, 1142065.86]}, "properties": {"d": 20.0, "s": 182, "base": 0, "post": 1, "recover": -1, "q1": -1}}, {"type": "Feature", "geometry": {"type": "Point", "coordinates": [371708.79, 1142058.79]}, "properties": {"d": 30.0, "s": 182, "base": 1, "post": 1, "recover": -1, "q1": -1}}, {"type": "Feature", "geometry": {"type": "Point", "coordinates": [371701.72, 1142051.72]}, "properties": {"d": 40.0, "s": 182, "base": 1, "post": 1, "recover": -1, "q1": -1}}, {"type": "Feature", "geometry": {"type": "Point", "coordinates": [371694.64, 1142044.64]}, "properties": {"d": 50.0, "s": 182, "base": 1, "post": 1, "recover": -1, "q1": -1}}, {"type": "Feature", "geometry": {"type": "Point", "coordinates": [371687.57, 1142037.57]}, "properties": {"d": 60.0, "s": 182, "base": 1, "post": 1, "recover": -1, "q1": -1}}, {"type": "Feature", "geometry": {"type": "Point", "coordinates": [371680.5, 1142030.5]}, "properties": {"d": 70.0, "s": 182, "base": 1, "post": 1, "recover": -1, "q1": -1}}, {"type": "Feature", "geometry": {"type": "Point", "coordinates": [371673.43, 1142023.43]}, "properties": {"d": 80.0, "s": 182, "base": 1, "post": 1, "recover": -1, "q1": -1}}, {"type": "Feature", "geometry": {"type": "Point", "coordinates": [371666.36, 1142016.36]}, "properties": {"d": 90.0, "s": 182, "base": 1, "post": 1, "recover": -1, "q1": -1}}, {"type": "Feature", "geometry": {"type": "Point", "coordinates": [371659.29, 1142009.29]}, "properties": {"d": 100.0, "s": 182, "base": 1, "post": 1, "recover": -1, "q1": -1}}, {"type": "Feature", "geometry": {"type": "Point", "coordinates": [371652.22, 1142002.22]}, "properties": {"d": 110.0, "s": 182, "base": 0, "post": 0, "recover": -1, "q1": -1}}, {"type": "Feature", "geometry": {"type": "Point", "coordinates": [371645.15, 1141995.15]}, "properties": {"d": 120.0, "s": 182, "base": 0, "post": 0, "recover": -1, "q1": -1}}, {"type": "Feature", "geometry": {"type": "Point", "coordinates": [371638.08, 1141988.08]}, "properties": {"d": 130.0, "s": 182, "base": 1, "post": 1, "recover": -1, "q1": -1}}, {"type": "Feature", "geometry": {"type": "Point", "coordinates": [371631.01, 1141981.01]}, "properties": {"d": 140.0, "s": 182, "base": 0, "post": 0, "recover": -1, "q1": -1}}, {"type": "Feature", "geometry": {"type": "Point", "coordinates": [371623.93, 1141973.93]}, "properties": {"d": 150.0, "s": 182, "base": 0, "post": 1, "recover": -1, "q1": -1}}, {"type": "Feature", "geometry": {"type": "Point", "coordinates": [368169.29, 1174270.71]}, "properties": {"d": -100.0, "s": 183, "base": -1, "post": -1, "recover": -1, "q1": -1}}, {"type": "Feature", "geometry": {"type": "Point", "coordinates": [368176.36, 1174263.64]}, "properties": {"d": -90.0, "s": 183, "base": -1, "post": -1, "recover": -1, "q1": -1}}, {"type": "Feature", "geometry": {"type": "Point", "coordinates": [368183.43, 1174256.57]}, "properties": {"d": -80.0, "s": 183, "base": 1, "post": -1, "recover": -1, "q1": -1}}, {"type": "Feature", "geometry": {"type": "Point", "coordinates": [368190.5, 1174249.5]}, "properties": {"d": -70.0, "s": 183, "base": -1, "post": -1, "recover": -1, "q1": -1}}, {"type": "Feature", "geometry": {"type": "Point", "coordinates": [368197.57, 1174242.43]}, "properties": {"d": -60.0, "s": 183, "base": 1, "post": -1, "recover": -1, "q1": -1}}, {"type": "Feature", "geometry": {"type": "Point", "coordinates": [368204.64, 1174235.36]}, "properties": {"d": -50.0, "s": 183, "base": 1, "post": -1, "recover": -1, "q1": -1}}, {"type": "Feature", "geometry": {"type": "Point", "coordinates": [368211.72, 1174228.28]}, "properties": {"d": -40.0, "s": 183, "base": 0, "post": -1, "recover": -1, "q1": -1}}, {"type": "Feature", "geometry": {"type": "Point", "coordinates": [368218.79, 1174221.21]}, "properties": {"d": -30.0, "s": 183, "base": 0, "post": -1, "recover": -1, "q1": -1}}, {"type": "Feature", "geometry": {"type": "Point", "coordinates": [368225.86, 1174214.14]}, "properties": {"d": -20.0, "s": 183, "base": 0, "post": -1, "recover": -1, "q1": -1}}, {"type": "Feature", "geometry": {"type": "Point", "coordinates": [368232.93, 1174207.07]}, "properties": {"d": -10.0, "s": 183, "base": 1, "post": -1, "recover": -1, "q1": -1}}, {"type": "Feature", "geometry": {"type": "Point", "coordinates": [368240.0, 1174200.0]}, "properties": {"d": 0.0, "s": 183, "base": 0, "post": -1, "recover": -1, "q1": -1}}, {"type": "Feature", "geometry": {"type": "Point", "coordinates": [368247.07, 1174192.93]}, "properties": {"d": 10.0, "s": 183, "base": 0, "post": -1, "recover": -1, "q1": -1}}, {"type": "Feature", "geometry": {"type": "Point", "coordinates": [368254.14, 1174185.86]}, "properties": {"d": 20.0, "s": 183, "base": 0, "post": -1, "recover": -1, "q1": -1}}, {"type": "Feature", "geometry": {"type": "Point", "coordinates": [368261.21, 1174178.79]}, "properties": {"d": 30.0, "s": 183, "base": 0, "post": -1, "recover": -1, "q1": -1}}, {"type": "Feature", "geometry": {"type": "Point", "coordinates": [368268.28, 1174171.72]}, "properties": {"d": 40.0, "s": 183, "base": 0, "post": -1, "recover": -1, "q1": -1}}, {"type": "Feature", "geometry": {"type": "Point", "coordinates": [368275.36, 1174164.64]}, "properties": {"d": 50.0, "s": 183, "base": 0, "post": -1, "recover": -1, "q1": -1}}, {"type": "Feature", "geometry": {"type": "Point", "coordinates": [368282.43, 1174157.57]}, "properties": {"d": 60.0, "s": 183, "base": 0, "post": -1, "recover": -1, "q1": -1}}, {"type": "Feature", "geometry": {"type": "Point", "coordinates": [368289.5, 1174150.5]}, "properties": {"d": 70.0, "s": 183, "base": 0, "post": -1, "recover": -1, "q1": -1}}, {"type": "Feature", "geometry": {"type": "Point", "coordinates": [368296.57, 1174143.43]}, "properties": {"d": 80.0, "s": 183, "base": 0, "post": -1, "recover": -1, "q1": -1}}, {"type": "Feature", "geometry": {"type": "Point", "coordinates": [368303.64, 1174136.36]}, "properties": {"d": 90.0, "s": 183, "base": 0, "post": -1, "recover": -1, "q1": -1}}, {"type": "Feature", "geometry": {"type": "Point", "coordinates": [368310.71, 1174129.29]}, "properties": {"d": 100.0, "s": 183, "base": 0, "post": -1, "recover": -1, "q1": -1}}, {"type": "Feature", "geometry": {"type": "Point", "coordinates": [368317.78, 1174122.22]}, "properties": {"d": 110.0, "s": 183, "base": 0, "post": -1, "recover": -1, "q1": -1}}, {"type": "Feature", "geometry": {"type": "Point", "coordinates": [368324.85, 1174115.15]}, "properties": {"d": 120.0, "s": 183, "base": 0, "post": -1, "recover": -1, "q1": -1}}, {"type": "Feature", "geometry": {"type": "Point", "coordinates": [368331.92, 1174108.08]}, "properties": {"d": 130.0, "s": 183, "base": 0, "post": -1, "recover": -1, "q1": -1}}, {"type": "Feature", "geometry": {"type": "Point", "coordinates": [368338.99, 1174101.01]}, "properties": {"d": 140.0, "s": 183, "base": 0, "post": -1, "recover": -1, "q1": -1}}, {"type": "Feature", "geometry": {"type": "Point", "coordinates": [368346.07, 1174093.93]}, "properties": {"d": 150.0, "s": 183, "base": 0, "post": -1, "recover": -1, "q1": -1}}, {"type": "Feature", "geometry": {"type": "Point", "coordinates": [374980.71, 1144699.29]}, "properties": {"d": -100.0, "s": 184, "base": 1, "post": 1, "recover": -1, "q1": -1}}, {"type": "Feature", "geometry": {"type": "Point", "coordinates": [374973.64, 1144706.36]}, "properties": {"d": -90.0, "s": 184, "base": 1, "post": 1, "recover": -1, "q1": -1}}, {"type": "Feature", "geometry": {"type": "Point", "coordinates": [374966.57, 1144713.43]}, "properties": {"d": -80.0, "s": 184, "base": 1, "post": 1, "recover": -1, "q1": -1}}, {"type": "Feature", "geometry": {"type": "Point", "coordinates": [374959.5, 1144720.5]}, "properties": {"d": -70.0, "s": 184, "base": 1, "post": 1, "recover": -1, "q1": -1}}, {"type": "Feature", "geometry": {"type": "Point", "coordinates": [374952.43, 1144727.57]}, "properties": {"d": -60.0, "s": 184, "base": 1, "post": 1, "recover": -1, "q1": -1}}, {"type": "Feature", "geometry": {"type": "Point", "coordinates": [374945.36, 1144734.64]}, "properties": {"d": -50.0, "s": 184, "base": 1, "post": 1, "recover": -1, "q1": -1}}, {"type": "Feature", "geometry": {"type": "Point", "coordinates": [374938.28, 1144741.72]}, "properties": {"d": -40.0, "s": 184, "base": 1, "post": 1, "recover": -1, "q1": -1}}, {"type": "Feature", "geometry": {"type": "Point", "coordinates": [374931.21, 1144748.79]}, "properties": {"d": -30.0, "s": 184, "base": 1, "post": 1, "recover": -1, "q1": -1}}, {"type": "Feature", "geometry": {"type": "Point", "coordinates": [374924.14, 1144755.86]}, "properties": {"d": -20.0, "s": 184, "base": 1, "post": 1, "recover": -1, "q1": -1}}, {"type": "Feature", "geometry": {"type": "Point", "coordinates": [374917.07, 1144762.93]}, "properties": {"d": -10.0, "s": 184, "base": -1, "post": -1, "recover": -1, "q1": -1}}, {"type": "Feature", "geometry": {"type": "Point", "coordinates": [374910.0, 1144770.0]}, "properties": {"d": 0.0, "s": 184, "base": 0, "post": 1, "recover": -1, "q1": -1}}, {"type": "Feature", "geometry": {"type": "Point", "coordinates": [374902.93, 1144777.07]}, "properties": {"d": 10.0, "s": 184, "base": 0, "post": 0, "recover": -1, "q1": -1}}, {"type": "Feature", "geometry": {"type": "Point", "coordinates": [374895.86, 1144784.14]}, "properties": {"d": 20.0, "s": 184, "base": 0, "post": 0, "recover": -1, "q1": -1}}, {"type": "Feature", "geometry": {"type": "Point", "coordinates": [374888.79, 1144791.21]}, "properties": {"d": 30.0, "s": 184, "base": 0, "post": 0, "recover": -1, "q1": -1}}, {"type": "Feature", "geometry": {"type": "Point", "coordinates": [374881.72, 1144798.28]}, "properties": {"d": 40.0, "s": 184, "base": 0, "post": 0, "recover": -1, "q1": -1}}, {"type": "Feature", "geometry": {"type": "Point", "coordinates": [374874.64, 1144805.36]}, "properties": {"d": 50.0, "s": 184, "base": 1, "post": -1, "recover": -1, "q1": -1}}, {"type": "Feature", "geometry": {"type": "Point", "coordinates": [374867.57, 1144812.43]}, "properties": {"d": 60.0, "s": 184, "base": 0, "post": -1, "recover": -1, "q1": -1}}, {"type": "Feature", "geometry": {"type": "Point", "coordinates": [374860.5, 1144819.5]}, "properties": {"d": 70.0, "s": 184, "base": 0, "post": 0, "recover": -1, "q1": -1}}, {"type": "Feature", "geometry": {"type": "Point", "coordinates": [374853.43, 1144826.57]}, "properties": {"d": 80.0, "s": 184, "base": 0, "post": 0, "recover": -1, "q1": -1}}, {"type": "Feature", "geometry": {"type": "Point", "coordinates": [374846.36, 1144833.64]}, "properties": {"d": 90.0, "s": 184, "base": 0, "post": 0, "recover": -1, "q1": -1}}, {"type": "Feature", "geometry": {"type": "Point", "coordinates": [374839.29, 1144840.71]}, "properties": {"d": 100.0, "s": 184, "base": 0, "post": -1, "recover": -1, "q1": -1}}, {"type": "Feature", "geometry": {"type": "Point", "coordinates": [374832.22, 1144847.78]}, "properties": {"d": 110.0, "s": 184, "base": 0, "post": -1, "recover": -1, "q1": -1}}, {"type": "Feature", "geometry": {"type": "Point", "coordinates": [374825.15, 1144854.85]}, "properties": {"d": 120.0, "s": 184, "base": 0, "post": -1, "recover": -1, "q1": -1}}, {"type": "Feature", "geometry": {"type": "Point", "coordinates": [374818.08, 1144861.92]}, "properties": {"d": 130.0, "s": 184, "base": 0, "post": -1, "recover": -1, "q1": -1}}, {"type": "Feature", "geometry": {"type": "Point", "coordinates": [374811.0, 1144868.99]}, "properties": {"d": 140.0, "s": 184, "base": 0, "post": -1, "recover": -1, "q1": -1}}, {"type": "Feature", "geometry": {"type": "Point", "coordinates": [374803.93, 1144876.07]}, "properties": {"d": 150.0, "s": 184, "base": 0, "post": -1, "recover": -1, "q1": -1}}, {"type": "Feature", "geometry": {"type": "Point", "coordinates": [343720.71, 1144870.71]}, "properties": {"d": -100.0, "s": 185, "base": 1, "post": 1, "recover": 1, "q1": -1}}, {"type": "Feature", "geometry": {"type": "Point", "coordinates": [343713.64, 1144863.64]}, "properties": {"d": -90.0, "s": 185, "base": 1, "post": 1, "recover": 1, "q1": -1}}, {"type": "Feature", "geometry": {"type": "Point", "coordinates": [343706.57, 1144856.57]}, "properties": {"d": -80.0, "s": 185, "base": 1, "post": 1, "recover": 1, "q1": -1}}, {"type": "Feature", "geometry": {"type": "Point", "coordinates": [343699.5, 1144849.5]}, "properties": {"d": -70.0, "s": 185, "base": 1, "post": 1, "recover": 1, "q1": -1}}, {"type": "Feature", "geometry": {"type": "Point", "coordinates": [343692.43, 1144842.43]}, "properties": {"d": -60.0, "s": 185, "base": 1, "post": 1, "recover": 1, "q1": -1}}, {"type": "Feature", "geometry": {"type": "Point", "coordinates": [343685.36, 1144835.36]}, "properties": {"d": -50.0, "s": 185, "base": 1, "post": 1, "recover": 1, "q1": -1}}, {"type": "Feature", "geometry": {"type": "Point", "coordinates": [343678.28, 1144828.28]}, "properties": {"d": -40.0, "s": 185, "base": 1, "post": 1, "recover": 1, "q1": -1}}, {"type": "Feature", "geometry": {"type": "Point", "coordinates": [343671.21, 1144821.21]}, "properties": {"d": -30.0, "s": 185, "base": 1, "post": 1, "recover": 1, "q1": -1}}, {"type": "Feature", "geometry": {"type": "Point", "coordinates": [343664.14, 1144814.14]}, "properties": {"d": -20.0, "s": 185, "base": 1, "post": 1, "recover": 1, "q1": -1}}, {"type": "Feature", "geometry": {"type": "Point", "coordinates": [343657.07, 1144807.07]}, "properties": {"d": -10.0, "s": 185, "base": 1, "post": 1, "recover": 1, "q1": -1}}, {"type": "Feature", "geometry": {"type": "Point", "coordinates": [343650.0, 1144800.0]}, "properties": {"d": 0.0, "s": 185, "base": 0, "post": 1, "recover": 1, "q1": -1}}, {"type": "Feature", "geometry": {"type": "Point", "coordinates": [343642.93, 1144792.93]}, "properties": {"d": 10.0, "s": 185, "base": 1, "post": 1, "recover": 1, "q1": -1}}, {"type": "Feature", "geometry": {"type": "Point", "coordinates": [343635.86, 1144785.86]}, "properties": {"d": 20.0, "s": 185, "base": 0, "post": 1, "recover": 1, "q1": -1}}, {"type": "Feature", "geometry": {"type": "Point", "coordinates": [343628.79, 1144778.79]}, "properties": {"d": 30.0, "s": 185, "base": 0, "post": 1, "recover": 1, "q1": -1}}, {"type": "Feature", "geometry": {"type": "Point", "coordinates": [343621.72, 1144771.72]}, "properties": {"d": 40.0, "s": 185, "base": 0, "post": 1, "recover": 1, "q1": -1}}, {"type": "Feature", "geometry": {"type": "Point", "coordinates": [343614.64, 1144764.64]}, "properties": {"d": 50.0, "s": 185, "base": 0, "post": 1, "recover": 1, "q1": -1}}, {"type": "Feature", "geometry": {"type": "Point", "coordinates": [343607.57, 1144757.57]}, "properties": {"d": 60.0, "s": 185, "base": 0, "post": 1, "recover": 1, "q1": -1}}, {"type": "Feature", "geometry": {"type": "Point", "coordinates": [343600.5, 1144750.5]}, "properties": {"d": 70.0, "s": 185, "base": 0, "post": 1, "recover": 1, "q1": -1}}, {"type": "Feature", "geometry": {"type": "Point", "coordinates": [343593.43, 1144743.43]}, "properties": {"d": 80.0, "s": 185, "base": 0, "post": 1, "recover": 1, "q1": -1}}, {"type": "Feature", "geometry": {"type": "Point", "coordinates": [343586.36, 1144736.36]}, "properties": {"d": 90.0, "s": 185, "base": 0, "post": 1, "recover": 1, "q1": -1}}, {"type": "Feature", "geometry": {"type": "Point", "coordinates": [343579.29, 1144729.29]}, "properties": {"d": 100.0, "s": 185, "base": 0, "post": 1, "recover": 1, "q1": -1}}, {"type": "Feature", "geometry": {"type": "Point", "coordinates": [343572.22, 1144722.22]}, "properties": {"d": 110.0, "s": 185, "base": 0, "post": 1, "recover": 1, "q1": -1}}, {"type": "Feature", "geometry": {"type": "Point", "coordinates": [343565.15, 1144715.15]}, "properties": {"d": 120.0, "s": 185, "base": 0, "post": 1, "recover": 1, "q1": -1}}, {"type": "Feature", "geometry": {"type": "Point", "coordinates": [343558.08, 1144708.08]}, "properties": {"d": 130.0, "s": 185, "base": 0, "post": 1, "recover": 1, "q1": -1}}, {"type": "Feature", "geometry": {"type": "Point", "coordinates": [343551.01, 1144701.0]}, "properties": {"d": 140.0, "s": 185, "base": 0, "post": 1, "recover": 1, "q1": -1}}, {"type": "Feature", "geometry": {"type": "Point", "coordinates": [343543.93, 1144693.93]}, "properties": {"d": 150.0, "s": 185, "base": 0, "post": 1, "recover": 1, "q1": -1}}, {"type": "Feature", "geometry": {"type": "Point", "coordinates": [362230.71, 1163440.71]}, "properties": {"d": -100.0, "s": 186, "base": -1, "post": -1, "recover": 0, "q1": -1}}, {"type": "Feature", "geometry": {"type": "Point", "coordinates": [362223.64, 1163433.64]}, "properties": {"d": -90.0, "s": 186, "base": -1, "post": -1, "recover": -1, "q1": -1}}, {"type": "Feature", "geometry": {"type": "Point", "coordinates": [362216.57, 1163426.57]}, "properties": {"d": -80.0, "s": 186, "base": 0, "post": -1, "recover": 0, "q1": -1}}, {"type": "Feature", "geometry": {"type": "Point", "coordinates": [362209.5, 1163419.5]}, "properties": {"d": -70.0, "s": 186, "base": 0, "post": -1, "recover": 0, "q1": -1}}, {"type": "Feature", "geometry": {"type": "Point", "coordinates": [362202.43, 1163412.43]}, "properties": {"d": -60.0, "s": 186, "base": 0, "post": -1, "recover": 0, "q1": -1}}, {"type": "Feature", "geometry": {"type": "Point", "coordinates": [362195.36, 1163405.36]}, "properties": {"d": -50.0, "s": 186, "base": 0, "post": -1, "recover": 0, "q1": -1}}, {"type": "Feature", "geometry": {"type": "Point", "coordinates": [362188.28, 1163398.28]}, "properties": {"d": -40.0, "s": 186, "base": 0, "post": -1, "recover": -1, "q1": -1}}, {"type": "Feature", "geometry": {"type": "Point", "coordinates": [362181.21, 1163391.21]}, "properties": {"d": -30.0, "s": 186, "base": 0, "post": -1, "recover": -1, "q1": -1}}, {"type": "Feature", "geometry": {"type": "Point", "coordinates": [362174.14, 1163384.14]}, "properties": {"d": -20.0, "s": 186, "base": 0, "post": -1, "recover": -1, "q1": -1}}, {"type": "Feature", "geometry": {"type": "Point", "coordinates": [362167.07, 1163377.07]}, "properties": {"d": -10.0, "s": 186, "base": -1, "post": -1, "recover": -1, "q1": -1}}, {"type": "Feature", "geometry": {"type": "Point", "coordinates": [362160.0, 1163370.0]}, "properties": {"d": 0.0, "s": 186, "base": -1, "post": -1, "recover": -1, "q1": -1}}, {"type": "Feature", "geometry": {"type": "Point", "coordinates": [362152.93, 1163362.93]}, "properties": {"d": 10.0, "s": 186, "base": -1, "post": -1, "recover": -1, "q1": -1}}, {"type": "Feature", "geometry": {"type": "Point", "coordinates": [362145.86, 1163355.86]}, "properties": {"d": 20.0, "s": 186, "base": -1, "post": -1, "recover": -1, "q1": -1}}, {"type": "Feature", "geometry": {"type": "Point", "coordinates": [362138.79, 1163348.79]}, "properties": {"d": 30.0, "s": 186, "base": -1, "post": -1, "recover": -1, "q1": -1}}, {"type": "Feature", "geometry": {"type": "Point", "coordinates": [362131.72, 1163341.72]}, "properties": {"d": 40.0, "s": 186, "base": -1, "post": -1, "recover": -1, "q1": -1}}, {"type": "Feature", "geometry": {"type": "Point", "coordinates": [362124.64, 1163334.64]}, "properties": {"d": 50.0, "s": 186, "base": 0, "post": -1, "recover": -1, "q1": -1}}, {"type": "Feature", "geometry": {"type": "Point", "coordinates": [362117.57, 1163327.57]}, "properties": {"d": 60.0, "s": 186, "base": 0, "post": -1, "recover": -1, "q1": -1}}, {"type": "Feature", "geometry": {"type": "Point", "coordinates": [362110.5, 1163320.5]}, "properties": {"d": 70.0, "s": 186, "base": 0, "post": -1, "recover": -1, "q1": -1}}, {"type": "Feature", "geometry": {"type": "Point", "coordinates": [362103.43, 1163313.43]}, "properties": {"d": 80.0, "s": 186, "base": 0, "post": -1, "recover": -1, "q1": -1}}, {"type": "Feature", "geometry": {"type": "Point", "coordinates": [362096.36, 1163306.36]}, "properties": {"d": 90.0, "s": 186, "base": 0, "post": -1, "recover": -1, "q1": -1}}, {"type": "Feature", "geometry": {"type": "Point", "coordinates": [362089.29, 1163299.29]}, "properties": {"d": 100.0, "s": 186, "base": 0, "post": -1, "recover": 0, "q1": -1}}, {"type": "Feature", "geometry": {"type": "Point", "coordinates": [362082.22, 1163292.22]}, "properties": {"d": 110.0, "s": 186, "base": 0, "post": -1, "recover": 0, "q1": -1}}, {"type": "Feature", "geometry": {"type": "Point", "coordinates": [362075.15, 1163285.15]}, "properties": {"d": 120.0, "s": 186, "base": 0, "post": -1, "recover": 0, "q1": -1}}, {"type": "Feature", "geometry": {"type": "Point", "coordinates": [362068.08, 1163278.08]}, "properties": {"d": 130.0, "s": 186, "base": 0, "post": -1, "recover": -1, "q1": -1}}, {"type": "Feature", "geometry": {"type": "Point", "coordinates": [362061.0, 1163271.01]}, "properties": {"d": 140.0, "s": 186, "base": 0, "post": -1, "recover": -1, "q1": -1}}, {"type": "Feature", "geometry": {"type": "Point", "coordinates": [362053.93, 1163263.93]}, "properties": {"d": 150.0, "s": 186, "base": 0, "post": -1, "recover": -1, "q1": -1}}, {"type": "Feature", "geometry": {"type": "Point", "coordinates": [333800.0, 1145110.0]}, "properties": {"d": -100.0, "s": 187, "base": 0, "post": 1, "recover": 1, "q1": -1}}, {"type": "Feature", "geometry": {"type": "Point", "coordinates": [333810.0, 1145110.0]}, "properties": {"d": -90.0, "s": 187, "base": 0, "post": 1, "recover": 1, "q1": -1}}, {"type": "Feature", "geometry": {"type": "Point", "coordinates": [333820.0, 1145110.0]}, "properties": {"d": -80.0, "s": 187, "base": 0, "post": 1, "recover": 0, "q1": -1}}, {"type": "Feature", "geometry": {"type": "Point", "coordinates": [333830.0, 1145110.0]}, "properties": {"d": -70.0, "s": 187, "base": 1, "post": 1, "recover": 1, "q1": -1}}, {"type": "Feature", "geometry": {"type": "Point", "coordinates": [333840.0, 1145110.0]}, "properties": {"d": -60.0, "s": 187, "base": 1, "post": 1, "recover": 1, "q1": -1}}, {"type": "Feature", "geometry": {"type": "Point", "coordinates": [333850.0, 1145110.0]}, "properties": {"d": -50.0, "s": 187, "base": 1, "post": 1, "recover": 1, "q1": -1}}, {"type": "Feature", "geometry": {"type": "Point", "coordinates": [333860.0, 1145110.0]}, "properties": {"d": -40.0, "s": 187, "base": 1, "post": 1, "recover": 1, "q1": -1}}, {"type": "Feature", "geometry": {"type": "Point", "coordinates": [333870.0, 1145110.0]}, "properties": {"d": -30.0, "s": 187, "base": 1, "post": 1, "recover": 1, "q1": -1}}, {"type": "Feature", "geometry": {"type": "Point", "coordinates": [333880.0, 1145110.0]}, "properties": {"d": -20.0, "s": 187, "base": 1, "post": 1, "recover": 1, "q1": -1}}, {"type": "Feature", "geometry": {"type": "Point", "coordinates": [333890.0, 1145110.0]}, "properties": {"d": -10.0, "s": 187, "base": 1, "post": 1, "recover": 1, "q1": -1}}, {"type": "Feature", "geometry": {"type": "Point", "coordinates": [333900.0, 1145110.0]}, "properties": {"d": 0.0, "s": 187, "base": 1, "post": 1, "recover": 1, "q1": -1}}, {"type": "Feature", "geometry": {"type": "Point", "coordinates": [333910.0, 1145110.0]}, "properties": {"d": 10.0, "s": 187, "base": 1, "post": 1, "recover": 1, "q1": -1}}, {"type": "Feature", "geometry": {"type": "Point", "coordinates": [333920.0, 1145110.0]}, "properties": {"d": 20.0, "s": 187, "base": 0, "post": 0, "recover": 1, "q1": -1}}, {"type": "Feature", "geometry": {"type": "Point", "coordinates": [333930.0, 1145110.0]}, "properties": {"d": 30.0, "s": 187, "base": 0, "post": 1, "recover": 0, "q1": -1}}, {"type": "Feature", "geometry": {"type": "Point", "coordinates": [333940.0, 1145110.0]}, "properties": {"d": 40.0, "s": 187, "base": 0, "post": 1, "recover": 1, "q1": -1}}, {"type": "Feature", "geometry": {"type": "Point", "coordinates": [333950.0, 1145110.0]}, "properties": {"d": 50.0, "s": 187, "base": 0, "post": 1, "recover": 1, "q1": -1}}, {"type": "Feature", "geometry": {"type": "Point", "coordinates": [333960.0, 1145110.0]}, "properties": {"d": 60.0, "s": 187, "base": 0, "post": 1, "recover": 1, "q1": -1}}, {"type": "Feature", "geometry": {"type": "Point", "coordinates": [333970.0, 1145110.0]}, "properties": {"d": 70.0, "s": 187, "base": 0, "post": 1, "recover": 1, "q1": -1}}, {"type": "Feature", "geometry": {"type": "Point", "coordinates": [333980.0, 1145110.0]}, "properties": {"d": 80.0, "s": 187, "base": 0, "post": 1, "recover": 1, "q1": -1}}, {"type": "Feature", "geometry": {"type": "Point", "coordinates": [333990.0, 1145110.0]}, "properties": {"d": 90.0, "s": 187, "base": 0, "post": 1, "recover": 1, "q1": -1}}, {"type": "Feature", "geometry": {"type": "Point", "coordinates": [334000.0, 1145110.0]}, "properties": {"d": 100.0, "s": 187, "base": 0, "post": 1, "recover": 1, "q1": -1}}, {"type": "Feature", "geometry": {"type": "Point", "coordinates": [334010.0, 1145110.0]}, "properties": {"d": 110.0, "s": 187, "base": 0, "post": 1, "recover": 1, "q1": -1}}, {"type": "Feature", "geometry": {"type": "Point", "coordinates": [334020.0, 1145110.0]}, "properties": {"d": 120.0, "s": 187, "base": 0, "post": 1, "recover": 1, "q1": -1}}, {"type": "Feature", "geometry": {"type": "Point", "coordinates": [334030.0, 1145110.0]}, "properties": {"d": 130.0, "s": 187, "base": 0, "post": 1, "recover": 1, "q1": -1}}, {"type": "Feature", "geometry": {"type": "Point", "coordinates": [334040.0, 1145110.0]}, "properties": {"d": 140.0, "s": 187, "base": 0, "post": 1, "recover": 1, "q1": -1}}, {"type": "Feature", "geometry": {"type": "Point", "coordinates": [334050.0, 1145110.0]}, "properties": {"d": 150.0, "s": 187, "base": 0, "post": 0, "recover": 1, "q1": -1}}, {"type": "Feature", "geometry": {"type": "Point", "coordinates": [351690.0, 1165610.0]}, "properties": {"d": -100.0, "s": 188, "base": -1, "post": -1, "recover": -1, "q1": -1}}, {"type": "Feature", "geometry": {"type": "Point", "coordinates": [351690.0, 1165620.0]}, "properties": {"d": -90.0, "s": 188, "base": -1, "post": -1, "recover": -1, "q1": -1}}, {"type": "Feature", "geometry": {"type": "Point", "coordinates": [351690.0, 1165630.0]}, "properties": {"d": -80.0, "s": 188, "base": -1, "post": -1, "recover": 0, "q1": -1}}, {"type": "Feature", "geometry": {"type": "Point", "coordinates": [351690.0, 1165640.0]}, "properties": {"d": -70.0, "s": 188, "base": -1, "post": -1, "recover": -1, "q1": -1}}, {"type": "Feature", "geometry": {"type": "Point", "coordinates": [351690.0, 1165650.0]}, "properties": {"d": -60.0, "s": 188, "base": -1, "post": -1, "recover": -1, "q1": -1}}, {"type": "Feature", "geometry": {"type": "Point", "coordinates": [351690.0, 1165660.0]}, "properties": {"d": -50.0, "s": 188, "base": -1, "post": -1, "recover": -1, "q1": -1}}, {"type": "Feature", "geometry": {"type": "Point", "coordinates": [351690.0, 1165670.0]}, "properties": {"d": -40.0, "s": 188, "base": -1, "post": -1, "recover": -1, "q1": -1}}, {"type": "Feature", "geometry": {"type": "Point", "coordinates": [351690.0, 1165680.0]}, "properties": {"d": -30.0, "s": 188, "base": -1, "post": -1, "recover": 0, "q1": -1}}, {"type": "Feature", "geometry": {"type": "Point", "coordinates": [351690.0, 1165690.0]}, "properties": {"d": -20.0, "s": 188, "base": -1, "post": -1, "recover": 0, "q1": -1}}, {"type": "Feature", "geometry": {"type": "Point", "coordinates": [351690.0, 1165700.0]}, "properties": {"d": -10.0, "s": 188, "base": 0, "post": -1, "recover": 0, "q1": -1}}, {"type": "Feature", "geometry": {"type": "Point", "coordinates": [351690.0, 1165710.0]}, "properties": {"d": 0.0, "s": 188, "base": 0, "post": -1, "recover": 0, "q1": -1}}, {"type": "Feature", "geometry": {"type": "Point", "coordinates": [351690.0, 1165720.0]}, "properties": {"d": 10.0, "s": 188, "base": 0, "post": -1, "recover": 0, "q1": -1}}, {"type": "Feature", "geometry": {"type": "Point", "coordinates": [351690.0, 1165730.0]}, "properties": {"d": 20.0, "s": 188, "base": 0, "post": -1, "recover": 0, "q1": -1}}, {"type": "Feature", "geometry": {"type": "Point", "coordinates": [351690.0, 1165740.0]}, "properties": {"d": 30.0, "s": 188, "base": 0, "post": -1, "recover": 0, "q1": -1}}, {"type": "Feature", "geometry": {"type": "Point", "coordinates": [351690.0, 1165750.0]}, "properties": {"d": 40.0, "s": 188, "base": 0, "post": -1, "recover": 0, "q1": -1}}, {"type": "Feature", "geometry": {"type": "Point", "coordinates": [351690.0, 1165760.0]}, "properties": {"d": 50.0, "s": 188, "base": 0, "post": 0, "recover": 0, "q1": -1}}, {"type": "Feature", "geometry": {"type": "Point", "coordinates": [351690.0, 1165770.0]}, "properties": {"d": 60.0, "s": 188, "base": 0, "post": 0, "recover": 0, "q1": -1}}, {"type": "Feature", "geometry": {"type": "Point", "coordinates": [351690.0, 1165780.0]}, "properties": {"d": 70.0, "s": 188, "base": 0, "post": -1, "recover": 0, "q1": -1}}, {"type": "Feature", "geometry": {"type": "Point", "coordinates": [351690.0, 1165790.0]}, "properties": {"d": 80.0, "s": 188, "base": 0, "post": -1, "recover": 0, "q1": -1}}, {"type": "Feature", "geometry": {"type": "Point", "coordinates": [351690.0, 1165800.0]}, "properties": {"d": 90.0, "s": 188, "base": -1, "post": -1, "recover": -1, "q1": -1}}, {"type": "Feature", "geometry": {"type": "Point", "coordinates": [351690.0, 1165810.0]}, "properties": {"d": 100.0, "s": 188, "base": -1, "post": -1, "recover": -1, "q1": -1}}, {"type": "Feature", "geometry": {"type": "Point", "coordinates": [351690.0, 1165820.0]}, "properties": {"d": 110.0, "s": 188, "base": 0, "post": -1, "recover": -1, "q1": -1}}, {"type": "Feature", "geometry": {"type": "Point", "coordinates": [351690.0, 1165830.0]}, "properties": {"d": 120.0, "s": 188, "base": 0, "post": -1, "recover": -1, "q1": -1}}, {"type": "Feature", "geometry": {"type": "Point", "coordinates": [351690.0, 1165840.0]}, "properties": {"d": 130.0, "s": 188, "base": 0, "post": -1, "recover": -1, "q1": -1}}, {"type": "Feature", "geometry": {"type": "Point", "coordinates": [351690.0, 1165850.0]}, "properties": {"d": 140.0, "s": 188, "base": 0, "post": -1, "recover": -1, "q1": -1}}, {"type": "Feature", "geometry": {"type": "Point", "coordinates": [351690.0, 1165860.0]}, "properties": {"d": 150.0, "s": 188, "base": 0, "post": -1, "recover": 0, "q1": -1}}, {"type": "Feature", "geometry": {"type": "Point", "coordinates": [371325.26, 1143304.15]}, "properties": {"d": -100.0, "s": 189, "base": 1, "post": 1, "recover": 0, "q1": -1}}, {"type": "Feature", "geometry": {"type": "Point", "coordinates": [371317.73, 1143310.73]}, "properties": {"d": -90.0, "s": 189, "base": 1, "post": 1, "recover": 1, "q1": -1}}, {"type": "Feature", "geometry": {"type": "Point", "coordinates": [371310.21, 1143317.32]}, "properties": {"d": -80.0, "s": 189, "base": 1, "post": 1, "recover": 1, "q1": -1}}, {"type": "Feature", "geometry": {"type": "Point", "coordinates": [371302.68, 1143323.9]}, "properties": {"d": -70.0, "s": 189, "base": 1, "post": 1, "recover": 1, "q1": 1}}, {"type": "Feature", "geometry": {"type": "Point", "coordinates": [371295.15, 1143330.49]}, "properties": {"d": -60.0, "s": 189, "base": 1, "post": 1, "recover": 1, "q1": 0}}, {"type": "Feature", "geometry": {"type": "Point", "coordinates": [371287.63, 1143337.07]}, "properties": {"d": -50.0, "s": 189, "base": 1, "post": 1, "recover": 1, "q1": 0}}, {"type": "Feature", "geometry": {"type": "Point", "coordinates": [371280.1, 1143343.66]}, "properties": {"d": -40.0, "s": 189, "base": 1, "post": 1, "recover": 1, "q1": 0}}, {"type": "Feature", "geometry": {"type": "Point", "coordinates": [371272.58, 1143350.24]}, "properties": {"d": -30.0, "s": 189, "base": 1, "post": 1, "recover": 1, "q1": 0}}, {"type": "Feature", "geometry": {"type": "Point", "coordinates": [371265.05, 1143356.83]}, "properties": {"d": -20.0, "s": 189, "base": 1, "post": 1, "recover": 1, "q1": 0}}, {"type": "Feature", "geometry": {"type": "Point", "coordinates": [371257.53, 1143363.41]}, "properties": {"d": -10.0, "s": 189, "base": 1, "post": 1, "recover": 0, "q1": 0}}, {"type": "Feature", "geometry": {"type": "Point", "coordinates": [371250.0, 1143370.0]}, "properties": {"d": 0.0, "s": 189, "base": 1, "post": 1, "recover": 0, "q1": 0}}, {"type": "Feature", "geometry": {"type": "Point", "coordinates": [371242.47, 1143376.58]}, "properties": {"d": 10.0, "s": 189, "base": 1, "post": 1, "recover": 0, "q1": 0}}, {"type": "Feature", "geometry": {"type": "Point", "coordinates": [371234.95, 1143383.17]}, "properties": {"d": 20.0, "s": 189, "base": 0, "post": 1, "recover": 1, "q1": 0}}, {"type": "Feature", "geometry": {"type": "Point", "coordinates": [371227.42, 1143389.76]}, "properties": {"d": 30.0, "s": 189, "base": 0, "post": 1, "recover": 1, "q1": 0}}, {"type": "Feature", "geometry": {"type": "Point", "coordinates": [371219.9, 1143396.34]}, "properties": {"d": 40.0, "s": 189, "base": 1, "post": 1, "recover": 1, "q1": 0}}, {"type": "Feature", "geometry": {"type": "Point", "coordinates": [371212.37, 1143402.93]}, "properties": {"d": 50.0, "s": 189, "base": 0, "post": 1, "recover": 1, "q1": 0}}, {"type": "Feature", "geometry": {"type": "Point", "coordinates": [371204.85, 1143409.51]}, "properties": {"d": 60.0, "s": 189, "base": 0, "post": 0, "recover": 1, "q1": 0}}, {"type": "Feature", "geometry": {"type": "Point", "coordinates": [371197.32, 1143416.1]}, "properties": {"d": 70.0, "s": 189, "base": 0, "post": 0, "recover": 0, "q1": 0}}, {"type": "Feature", "geometry": {"type": "Point", "coordinates": [371189.79, 1143422.68]}, "properties": {"d": 80.0, "s": 189, "base": 0, "post": 0, "recover": 0, "q1": 0}}, {"type": "Feature", "geometry": {"type": "Point", "coordinates": [371182.27, 1143429.27]}, "properties": {"d": 90.0, "s": 189, "base": 0, "post": 0, "recover": 0, "q1": 0}}, {"type": "Feature", "geometry": {"type": "Point", "coordinates": [371174.74, 1143435.85]}, "properties": {"d": 100.0, "s": 189, "base": 0, "post": 0, "recover": 0, "q1": 0}}, {"type": "Feature", "geometry": {"type": "Point", "coordinates": [371167.22, 1143442.44]}, "properties": {"d": 110.0, "s": 189, "base": 0, "post": 0, "recover": 0, "q1": 0}}, {"type": "Feature", "geometry": {"type": "Point", "coordinates": [371159.69, 1143449.02]}, "properties": {"d": 120.0, "s": 189, "base": 0, "post": 0, "recover": 0, "q1": 0}}, {"type": "Feature", "geometry": {"type": "Point", "coordinates": [371152.16, 1143455.61]}, "properties": {"d": 130.0, "s": 189, "base": 0, "post": 0, "recover": 0, "q1": 0}}, {"type": "Feature", "geometry": {"type": "Point", "coordinates": [371144.64, 1143462.19]}, "properties": {"d": 140.0, "s": 189, "base": 0, "post": 0, "recover": 0, "q1": -1}}, {"type": "Feature", "geometry": {"type": "Point", "coordinates": [371137.11, 1143468.78]}, "properties": {"d": 150.0, "s": 189, "base": 0, "post": 1, "recover": 1, "q1": -1}}, {"type": "Feature", "geometry": {"type": "Point", "coordinates": [337480.71, 1146280.71]}, "properties": {"d": -100.0, "s": 190, "base": 1, "post": 1, "recover": -1, "q1": -1}}, {"type": "Feature", "geometry": {"type": "Point", "coordinates": [337473.64, 1146273.64]}, "properties": {"d": -90.0, "s": 190, "base": -1, "post": 1, "recover": -1, "q1": -1}}, {"type": "Feature", "geometry": {"type": "Point", "coordinates": [337466.57, 1146266.57]}, "properties": {"d": -80.0, "s": 190, "base": -1, "post": 1, "recover": -1, "q1": -1}}, {"type": "Feature", "geometry": {"type": "Point", "coordinates": [337459.5, 1146259.5]}, "properties": {"d": -70.0, "s": 190, "base": -1, "post": 1, "recover": 1, "q1": -1}}, {"type": "Feature", "geometry": {"type": "Point", "coordinates": [337452.43, 1146252.43]}, "properties": {"d": -60.0, "s": 190, "base": 1, "post": 1, "recover": 1, "q1": -1}}, {"type": "Feature", "geometry": {"type": "Point", "coordinates": [337445.36, 1146245.36]}, "properties": {"d": -50.0, "s": 190, "base": 1, "post": 1, "recover": 1, "q1": -1}}, {"type": "Feature", "geometry": {"type": "Point", "coordinates": [337438.28, 1146238.28]}, "properties": {"d": -40.0, "s": 190, "base": 1, "post": 1, "recover": 1, "q1": -1}}, {"type": "Feature", "geometry": {"type": "Point", "coordinates": [337431.21, 1146231.21]}, "properties": {"d": -30.0, "s": 190, "base": 1, "post": 1, "recover": 1, "q1": -1}}, {"type": "Feature", "geometry": {"type": "Point", "coordinates": [337424.14, 1146224.14]}, "properties": {"d": -20.0, "s": 190, "base": 1, "post": 1, "recover": 1, "q1": -1}}, {"type": "Feature", "geometry": {"type": "Point", "coordinates": [337417.07, 1146217.07]}, "properties": {"d": -10.0, "s": 190, "base": 0, "post": -1, "recover": 0, "q1": -1}}, {"type": "Feature", "geometry": {"type": "Point", "coordinates": [337410.0, 1146210.0]}, "properties": {"d": 0.0, "s": 190, "base": 0, "post": -1, "recover": 0, "q1": -1}}, {"type": "Feature", "geometry": {"type": "Point", "coordinates": [337402.93, 1146202.93]}, "properties": {"d": 10.0, "s": 190, "base": 0, "post": -1, "recover": 0, "q1": -1}}, {"type": "Feature", "geometry": {"type": "Point", "coordinates": [337395.86, 1146195.86]}, "properties": {"d": 20.0, "s": 190, "base": 0, "post": 0, "recover": 0, "q1": -1}}, {"type": "Feature", "geometry": {"type": "Point", "coordinates": [337388.79, 1146188.79]}, "properties": {"d": 30.0, "s": 190, "base": 0, "post": 0, "recover": 0, "q1": -1}}, {"type": "Feature", "geometry": {"type": "Point", "coordinates": [337381.72, 1146181.72]}, "properties": {"d": 40.0, "s": 190, "base": 0, "post": 0, "recover": 0, "q1": -1}}, {"type": "Feature", "geometry": {"type": "Point", "coordinates": [337374.64, 1146174.64]}, "properties": {"d": 50.0, "s": 190, "base": 0, "post": 0, "recover": 0, "q1": -1}}, {"type": "Feature", "geometry": {"type": "Point", "coordinates": [337367.57, 1146167.57]}, "properties": {"d": 60.0, "s": 190, "base": 0, "post": 0, "recover": 0, "q1": -1}}, {"type": "Feature", "geometry": {"type": "Point", "coordinates": [337360.5, 1146160.5]}, "properties": {"d": 70.0, "s": 190, "base": 0, "post": 0, "recover": 0, "q1": -1}}, {"type": "Feature", "geometry": {"type": "Point", "coordinates": [337353.43, 1146153.43]}, "properties": {"d": 80.0, "s": 190, "base": 0, "post": 0, "recover": 0, "q1": -1}}, {"type": "Feature", "geometry": {"type": "Point", "coordinates": [337346.36, 1146146.36]}, "properties": {"d": 90.0, "s": 190, "base": 0, "post": 0, "recover": 0, "q1": -1}}, {"type": "Feature", "geometry": {"type": "Point", "coordinates": [337339.29, 1146139.29]}, "properties": {"d": 100.0, "s": 190, "base": 0, "post": 0, "recover": 0, "q1": -1}}, {"type": "Feature", "geometry": {"type": "Point", "coordinates": [337332.22, 1146132.22]}, "properties": {"d": 110.0, "s": 190, "base": 0, "post": 0, "recover": 0, "q1": -1}}, {"type": "Feature", "geometry": {"type": "Point", "coordinates": [337325.15, 1146125.15]}, "properties": {"d": 120.0, "s": 190, "base": 0, "post": 0, "recover": 0, "q1": -1}}, {"type": "Feature", "geometry": {"type": "Point", "coordinates": [337318.08, 1146118.08]}, "properties": {"d": 130.0, "s": 190, "base": 0, "post": 0, "recover": 0, "q1": -1}}, {"type": "Feature", "geometry": {"type": "Point", "coordinates": [337311.01, 1146111.0]}, "properties": {"d": 140.0, "s": 190, "base": 0, "post": 0, "recover": 0, "q1": -1}}, {"type": "Feature", "geometry": {"type": "Point", "coordinates": [337303.93, 1146103.93]}, "properties": {"d": 150.0, "s": 190, "base": 0, "post": 0, "recover": 0, "q1": -1}}, {"type": "Feature", "geometry": {"type": "Point", "coordinates": [332824.87, 1145808.38]}, "properties": {"d": -100.0, "s": 191, "base": 1, "post": 1, "recover": 1, "q1": -1}}, {"type": "Feature", "geometry": {"type": "Point", "coordinates": [332815.38, 1145811.54]}, "properties": {"d": -90.0, "s": 191, "base": 1, "post": 1, "recover": 1, "q1": -1}}, {"type": "Feature", "geometry": {"type": "Point", "coordinates": [332805.89, 1145814.7]}, "properties": {"d": -80.0, "s": 191, "base": 1, "post": 1, "recover": 1, "q1": -1}}, {"type": "Feature", "geometry": {"type": "Point", "coordinates": [332796.41, 1145817.86]}, "properties": {"d": -70.0, "s": 191, "base": 1, "post": 1, "recover": 1, "q1": -1}}, {"type": "Feature", "geometry": {"type": "Point", "coordinates": [332786.92, 1145821.03]}, "properties": {"d": -60.0, "s": 191, "base": 1, "post": 1, "recover": 1, "q1": -1}}, {"type": "Feature", "geometry": {"type": "Point", "coordinates": [332777.43, 1145824.19]}, "properties": {"d": -50.0, "s": 191, "base": 0, "post": 1, "recover": 1, "q1": -1}}, {"type": "Feature", "geometry": {"type": "Point", "coordinates": [332767.95, 1145827.35]}, "properties": {"d": -40.0, "s": 191, "base": 1, "post": 1, "recover": 1, "q1": -1}}, {"type": "Feature", "geometry": {"type": "Point", "coordinates": [332758.46, 1145830.51]}, "properties": {"d": -30.0, "s": 191, "base": 1, "post": 1, "recover": 1, "q1": -1}}, {"type": "Feature", "geometry": {"type": "Point", "coordinates": [332748.97, 1145833.68]}, "properties": {"d": -20.0, "s": 191, "base": 1, "post": 1, "recover": 1, "q1": -1}}, {"type": "Feature", "geometry": {"type": "Point", "coordinates": [332739.49, 1145836.84]}, "properties": {"d": -10.0, "s": 191, "base": 1, "post": 1, "recover": 1, "q1": -1}}, {"type": "Feature", "geometry": {"type": "Point", "coordinates": [332730.0, 1145840.0]}, "properties": {"d": 0.0, "s": 191, "base": 1, "post": 1, "recover": 1, "q1": -1}}, {"type": "Feature", "geometry": {"type": "Point", "coordinates": [332720.51, 1145843.16]}, "properties": {"d": 10.0, "s": 191, "base": 0, "post": 1, "recover": 1, "q1": -1}}, {"type": "Feature", "geometry": {"type": "Point", "coordinates": [332711.03, 1145846.32]}, "properties": {"d": 20.0, "s": 191, "base": 0, "post": 1, "recover": 1, "q1": -1}}, {"type": "Feature", "geometry": {"type": "Point", "coordinates": [332701.54, 1145849.49]}, "properties": {"d": 30.0, "s": 191, "base": 0, "post": 1, "recover": 1, "q1": -1}}, {"type": "Feature", "geometry": {"type": "Point", "coordinates": [332692.05, 1145852.65]}, "properties": {"d": 40.0, "s": 191, "base": 0, "post": 1, "recover": 1, "q1": -1}}, {"type": "Feature", "geometry": {"type": "Point", "coordinates": [332682.57, 1145855.81]}, "properties": {"d": 50.0, "s": 191, "base": 0, "post": 1, "recover": 1, "q1": -1}}, {"type": "Feature", "geometry": {"type": "Point", "coordinates": [332673.08, 1145858.97]}, "properties": {"d": 60.0, "s": 191, "base": 0, "post": 1, "recover": 1, "q1": -1}}, {"type": "Feature", "geometry": {"type": "Point", "coordinates": [332663.59, 1145862.14]}, "properties": {"d": 70.0, "s": 191, "base": 0, "post": 1, "recover": 1, "q1": -1}}, {"type": "Feature", "geometry": {"type": "Point", "coordinates": [332654.11, 1145865.3]}, "properties": {"d": 80.0, "s": 191, "base": 0, "post": 1, "recover": 1, "q1": -1}}, {"type": "Feature", "geometry": {"type": "Point", "coordinates": [332644.62, 1145868.46]}, "properties": {"d": 90.0, "s": 191, "base": 1, "post": 1, "recover": 1, "q1": -1}}, {"type": "Feature", "geometry": {"type": "Point", "coordinates": [332635.13, 1145871.62]}, "properties": {"d": 100.0, "s": 191, "base": 1, "post": 1, "recover": 1, "q1": -1}}, {"type": "Feature", "geometry": {"type": "Point", "coordinates": [332625.64, 1145874.78]}, "properties": {"d": 110.0, "s": 191, "base": 0, "post": 1, "recover": 1, "q1": -1}}, {"type": "Feature", "geometry": {"type": "Point", "coordinates": [332616.16, 1145877.95]}, "properties": {"d": 120.0, "s": 191, "base": 0, "post": 1, "recover": 1, "q1": -1}}, {"type": "Feature", "geometry": {"type": "Point", "coordinates": [332606.67, 1145881.11]}, "properties": {"d": 130.0, "s": 191, "base": 0, "post": 1, "recover": 1, "q1": -1}}, {"type": "Feature", "geometry": {"type": "Point", "coordinates": [332597.18, 1145884.27]}, "properties": {"d": 140.0, "s": 191, "base": 0, "post": 1, "recover": 1, "q1": -1}}, {"type": "Feature", "geometry": {"type": "Point", "coordinates": [332587.7, 1145887.43]}, "properties": {"d": 150.0, "s": 191, "base": 0, "post": 1, "recover": 1, "q1": -1}}, {"type": "Feature", "geometry": {"type": "Point", "coordinates": [372479.61, 1143591.94]}, "properties": {"d": -100.0, "s": 192, "base": 1, "post": 0, "recover": 0, "q1": 0}}, {"type": "Feature", "geometry": {"type": "Point", "coordinates": [372477.65, 1143601.75]}, "properties": {"d": -90.0, "s": 192, "base": 1, "post": 0, "recover": 0, "q1": 0}}, {"type": "Feature", "geometry": {"type": "Point", "coordinates": [372475.69, 1143611.55]}, "properties": {"d": -80.0, "s": 192, "base": 1, "post": 0, "recover": 0, "q1": 0}}, {"type": "Feature", "geometry": {"type": "Point", "coordinates": [372473.73, 1143621.36]}, "properties": {"d": -70.0, "s": 192, "base": 1, "post": 0, "recover": 0, "q1": 0}}, {"type": "Feature", "geometry": {"type": "Point", "coordinates": [372471.77, 1143631.17]}, "properties": {"d": -60.0, "s": 192, "base": 1, "post": 0, "recover": 0, "q1": 0}}, {"type": "Feature", "geometry": {"type": "Point", "coordinates": [372469.81, 1143640.97]}, "properties": {"d": -50.0, "s": 192, "base": 1, "post": 0, "recover": 0, "q1": 0}}, {"type": "Feature", "geometry": {"type": "Point", "coordinates": [372467.84, 1143650.78]}, "properties": {"d": -40.0, "s": 192, "base": 1, "post": 0, "recover": 0, "q1": 0}}, {"type": "Feature", "geometry": {"type": "Point", "coordinates": [372465.88, 1143660.58]}, "properties": {"d": -30.0, "s": 192, "base": 1, "post": 0, "recover": 0, "q1": 0}}, {"type": "Feature", "geometry": {"type": "Point", "coordinates": [372463.92, 1143670.39]}, "properties": {"d": -20.0, "s": 192, "base": 1, "post": 0, "recover": 0, "q1": 0}}, {"type": "Feature", "geometry": {"type": "Point", "coordinates": [372461.96, 1143680.19]}, "properties": {"d": -10.0, "s": 192, "base": 1, "post": 1, "recover": 1, "q1": 1}}, {"type": "Feature", "geometry": {"type": "Point", "coordinates": [372460.0, 1143690.0]}, "properties": {"d": 0.0, "s": 192, "base": 0, "post": 1, "recover": 0, "q1": 0}}, {"type": "Feature", "geometry": {"type": "Point", "coordinates": [372458.04, 1143699.81]}, "properties": {"d": 10.0, "s": 192, "base": 0, "post": 0, "recover": 0, "q1": 0}}, {"type": "Feature", "geometry": {"type": "Point", "coordinates": [372456.08, 1143709.61]}, "properties": {"d": 20.0, "s": 192, "base": 0, "post": 0, "recover": 0, "q1": 0}}, {"type": "Feature", "geometry": {"type": "Point", "coordinates": [372454.12, 1143719.42]}, "properties": {"d": 30.0, "s": 192, "base": 0, "post": 0, "recover": 0, "q1": 0}}, {"type": "Feature", "geometry": {"type": "Point", "coordinates": [372452.16, 1143729.22]}, "properties": {"d": 40.0, "s": 192, "base": 0, "post": 0, "recover": 0, "q1": 0}}, {"type": "Feature", "geometry": {"type": "Point", "coordinates": [372450.19, 1143739.03]}, "properties": {"d": 50.0, "s": 192, "base": 0, "post": 0, "recover": 0, "q1": 0}}, {"type": "Feature", "geometry": {"type": "Point", "coordinates": [372448.23, 1143748.83]}, "properties": {"d": 60.0, "s": 192, "base": 0, "post": 0, "recover": 0, "q1": 0}}, {"type": "Feature", "geometry": {"type": "Point", "coordinates": [372446.27, 1143758.64]}, "properties": {"d": 70.0, "s": 192, "base": 0, "post": 0, "recover": 0, "q1": 0}}, {"type": "Feature", "geometry": {"type": "Point", "coordinates": [372444.31, 1143768.45]}, "properties": {"d": 80.0, "s": 192, "base": 0, "post": 0, "recover": 0, "q1": -1}}, {"type": "Feature", "geometry": {"type": "Point", "coordinates": [372442.35, 1143778.25]}, "properties": {"d": 90.0, "s": 192, "base": 0, "post": 0, "recover": 0, "q1": -1}}, {"type": "Feature", "geometry": {"type": "Point", "coordinates": [372440.39, 1143788.06]}, "properties": {"d": 100.0, "s": 192, "base": 1, "post": 0, "recover": 0, "q1": -1}}, {"type": "Feature", "geometry": {"type": "Point", "coordinates": [372438.43, 1143797.86]}, "properties": {"d": 110.0, "s": 192, "base": 1, "post": 0, "recover": 0, "q1": -1}}, {"type": "Feature", "geometry": {"type": "Point", "coordinates": [372436.47, 1143807.67]}, "properties": {"d": 120.0, "s": 192, "base": 1, "post": 0, "recover": 0, "q1": -1}}, {"type": "Feature", "geometry": {"type": "Point", "coordinates": [372434.51, 1143817.48]}, "properties": {"d": 130.0, "s": 192, "base": 1, "post": 0, "recover": 0, "q1": -1}}, {"type": "Feature", "geometry": {"type": "Point", "coordinates": [372432.54, 1143827.28]}, "properties": {"d": 140.0, "s": 192, "base": 0, "post": 0, "recover": 0, "q1": -1}}, {"type": "Feature", "geometry": {"type": "Point", "coordinates": [372430.58, 1143837.09]}, "properties": {"d": 150.0, "s": 192, "base": 1, "post": 0, "recover": 0, "q1": -1}}, {"type": "Feature", "geometry": {"type": "Point", "coordinates": [364039.29, 1160740.71]}, "properties": {"d": -100.0, "s": 193, "base": 0, "post": -1, "recover": 1, "q1": -1}}, {"type": "Feature", "geometry": {"type": "Point", "coordinates": [364046.36, 1160733.64]}, "properties": {"d": -90.0, "s": 193, "base": 1, "post": -1, "recover": 0, "q1": -1}}, {"type": "Feature", "geometry": {"type": "Point", "coordinates": [364053.43, 1160726.57]}, "properties": {"d": -80.0, "s": 193, "base": 1, "post": -1, "recover": 0, "q1": -1}}, {"type": "Feature", "geometry": {"type": "Point", "coordinates": [364060.5, 1160719.5]}, "properties": {"d": -70.0, "s": 193, "base": 1, "post": -1, "recover": -1, "q1": -1}}, {"type": "Feature", "geometry": {"type": "Point", "coordinates": [364067.57, 1160712.43]}, "properties": {"d": -60.0, "s": 193, "base": 1, "post": -1, "recover": -1, "q1": -1}}, {"type": "Feature", "geometry": {"type": "Point", "coordinates": [364074.64, 1160705.36]}, "properties": {"d": -50.0, "s": 193, "base": 1, "post": -1, "recover": -1, "q1": -1}}, {"type": "Feature", "geometry": {"type": "Point", "coordinates": [364081.72, 1160698.28]}, "properties": {"d": -40.0, "s": 193, "base": 1, "post": -1, "recover": -1, "q1": -1}}, {"type": "Feature", "geometry": {"type": "Point", "coordinates": [364088.79, 1160691.21]}, "properties": {"d": -30.0, "s": 193, "base": 1, "post": -1, "recover": -1, "q1": -1}}, {"type": "Feature", "geometry": {"type": "Point", "coordinates": [364095.86, 1160684.14]}, "properties": {"d": -20.0, "s": 193, "base": 1, "post": -1, "recover": -1, "q1": -1}}, {"type": "Feature", "geometry": {"type": "Point", "coordinates": [364102.93, 1160677.07]}, "properties": {"d": -10.0, "s": 193, "base": 1, "post": -1, "recover": -1, "q1": -1}}, {"type": "Feature", "geometry": {"type": "Point", "coordinates": [364110.0, 1160670.0]}, "properties": {"d": 0.0, "s": 193, "base": 1, "post": -1, "recover": -1, "q1": -1}}, {"type": "Feature", "geometry": {"type": "Point", "coordinates": [364117.07, 1160662.93]}, "properties": {"d": 10.0, "s": 193, "base": 0, "post": -1, "recover": -1, "q1": -1}}, {"type": "Feature", "geometry": {"type": "Point", "coordinates": [364124.14, 1160655.86]}, "properties": {"d": 20.0, "s": 193, "base": 1, "post": -1, "recover": -1, "q1": -1}}, {"type": "Feature", "geometry": {"type": "Point", "coordinates": [364131.21, 1160648.79]}, "properties": {"d": 30.0, "s": 193, "base": 1, "post": -1, "recover": -1, "q1": -1}}, {"type": "Feature", "geometry": {"type": "Point", "coordinates": [364138.28, 1160641.72]}, "properties": {"d": 40.0, "s": 193, "base": 1, "post": -1, "recover": -1, "q1": -1}}, {"type": "Feature", "geometry": {"type": "Point", "coordinates": [364145.36, 1160634.64]}, "properties": {"d": 50.0, "s": 193, "base": 1, "post": -1, "recover": -1, "q1": -1}}, {"type": "Feature", "geometry": {"type": "Point", "coordinates": [364152.43, 1160627.57]}, "properties": {"d": 60.0, "s": 193, "base": 1, "post": -1, "recover": -1, "q1": -1}}, {"type": "Feature", "geometry": {"type": "Point", "coordinates": [364159.5, 1160620.5]}, "properties": {"d": 70.0, "s": 193, "base": 0, "post": -1, "recover": -1, "q1": -1}}, {"type": "Feature", "geometry": {"type": "Point", "coordinates": [364166.57, 1160613.43]}, "properties": {"d": 80.0, "s": 193, "base": 0, "post": -1, "recover": -1, "q1": -1}}, {"type": "Feature", "geometry": {"type": "Point", "coordinates": [364173.64, 1160606.36]}, "properties": {"d": 90.0, "s": 193, "base": 0, "post": -1, "recover": -1, "q1": -1}}, {"type": "Feature", "geometry": {"type": "Point", "coordinates": [364180.71, 1160599.29]}, "properties": {"d": 100.0, "s": 193, "base": 0, "post": -1, "recover": -1, "q1": -1}}, {"type": "Feature", "geometry": {"type": "Point", "coordinates": [364187.78, 1160592.22]}, "properties": {"d": 110.0, "s": 193, "base": 0, "post": -1, "recover": -1, "q1": -1}}, {"type": "Feature", "geometry": {"type": "Point", "coordinates": [364194.85, 1160585.15]}, "properties": {"d": 120.0, "s": 193, "base": 0, "post": -1, "recover": -1, "q1": -1}}, {"type": "Feature", "geometry": {"type": "Point", "coordinates": [364201.92, 1160578.08]}, "properties": {"d": 130.0, "s": 193, "base": 0, "post": -1, "recover": -1, "q1": -1}}, {"type": "Feature", "geometry": {"type": "Point", "coordinates": [364209.0, 1160571.01]}, "properties": {"d": 140.0, "s": 193, "base": 0, "post": -1, "recover": -1, "q1": -1}}, {"type": "Feature", "geometry": {"type": "Point", "coordinates": [364216.07, 1160563.93]}, "properties": {"d": 150.0, "s": 193, "base": 0, "post": -1, "recover": -1, "q1": -1}}, {"type": "Feature", "geometry": {"type": "Point", "coordinates": [355658.06, 1143519.61]}, "properties": {"d": -100.0, "s": 194, "base": -1, "post": 0, "recover": -1, "q1": 0}}, {"type": "Feature", "geometry": {"type": "Point", "coordinates": [355648.25, 1143517.65]}, "properties": {"d": -90.0, "s": 194, "base": -1, "post": 0, "recover": -1, "q1": 0}}, {"type": "Feature", "geometry": {"type": "Point", "coordinates": [355638.45, 1143515.69]}, "properties": {"d": -80.0, "s": 194, "base": -1, "post": 0, "recover": -1, "q1": 0}}, {"type": "Feature", "geometry": {"type": "Point", "coordinates": [355628.64, 1143513.73]}, "properties": {"d": -70.0, "s": 194, "base": 0, "post": 0, "recover": -1, "q1": 0}}, {"type": "Feature", "geometry": {"type": "Point", "coordinates": [355618.83, 1143511.77]}, "properties": {"d": -60.0, "s": 194, "base": 0, "post": 0, "recover": -1, "q1": 0}}, {"type": "Feature", "geometry": {"type": "Point", "coordinates": [355609.03, 1143509.81]}, "properties": {"d": -50.0, "s": 194, "base": 0, "post": 0, "recover": -1, "q1": 0}}, {"type": "Feature", "geometry": {"type": "Point", "coordinates": [355599.22, 1143507.84]}, "properties": {"d": -40.0, "s": 194, "base": 0, "post": 0, "recover": -1, "q1": 0}}, {"type": "Feature", "geometry": {"type": "Point", "coordinates": [355589.42, 1143505.88]}, "properties": {"d": -30.0, "s": 194, "base": 0, "post": 0, "recover": -1, "q1": 0}}, {"type": "Feature", "geometry": {"type": "Point", "coordinates": [355579.61, 1143503.92]}, "properties": {"d": -20.0, "s": 194, "base": 0, "post": 0, "recover": -1, "q1": 0}}, {"type": "Feature", "geometry": {"type": "Point", "coordinates": [355569.81, 1143501.96]}, "properties": {"d": -10.0, "s": 194, "base": -1, "post": 0, "recover": -1, "q1": 0}}, {"type": "Feature", "geometry": {"type": "Point", "coordinates": [355560.0, 1143500.0]}, "properties": {"d": 0.0, "s": 194, "base": -1, "post": 0, "recover": -1, "q1": 0}}, {"type": "Feature", "geometry": {"type": "Point", "coordinates": [355550.19, 1143498.04]}, "properties": {"d": 10.0, "s": 194, "base": 0, "post": 0, "recover": -1, "q1": 0}}, {"type": "Feature", "geometry": {"type": "Point", "coordinates": [355540.39, 1143496.08]}, "properties": {"d": 20.0, "s": 194, "base": 0, "post": 0, "recover": -1, "q1": 0}}, {"type": "Feature", "geometry": {"type": "Point", "coordinates": [355530.58, 1143494.12]}, "properties": {"d": 30.0, "s": 194, "base": 0, "post": 0, "recover": -1, "q1": 0}}, {"type": "Feature", "geometry": {"type": "Point", "coordinates": [355520.78, 1143492.16]}, "properties": {"d": 40.0, "s": 194, "base": 0, "post": 0, "recover": -1, "q1": 0}}, {"type": "Feature", "geometry": {"type": "Point", "coordinates": [355510.97, 1143490.19]}, "properties": {"d": 50.0, "s": 194, "base": 0, "post": 0, "recover": -1, "q1": 0}}, {"type": "Feature", "geometry": {"type": "Point", "coordinates": [355501.17, 1143488.23]}, "properties": {"d": 60.0, "s": 194, "base": 0, "post": 0, "recover": -1, "q1": 0}}, {"type": "Feature", "geometry": {"type": "Point", "coordinates": [355491.36, 1143486.27]}, "properties": {"d": 70.0, "s": 194, "base": 0, "post": 0, "recover": -1, "q1": 0}}, {"type": "Feature", "geometry": {"type": "Point", "coordinates": [355481.55, 1143484.31]}, "properties": {"d": 80.0, "s": 194, "base": 0, "post": 0, "recover": -1, "q1": 0}}, {"type": "Feature", "geometry": {"type": "Point", "coordinates": [355471.75, 1143482.35]}, "properties": {"d": 90.0, "s": 194, "base": 0, "post": 0, "recover": -1, "q1": 0}}, {"type": "Feature", "geometry": {"type": "Point", "coordinates": [355461.94, 1143480.39]}, "properties": {"d": 100.0, "s": 194, "base": 0, "post": 0, "recover": -1, "q1": 0}}, {"type": "Feature", "geometry": {"type": "Point", "coordinates": [355452.14, 1143478.43]}, "properties": {"d": 110.0, "s": 194, "base": 0, "post": 0, "recover": -1, "q1": 0}}, {"type": "Feature", "geometry": {"type": "Point", "coordinates": [355442.33, 1143476.47]}, "properties": {"d": 120.0, "s": 194, "base": 0, "post": 0, "recover": -1, "q1": 0}}, {"type": "Feature", "geometry": {"type": "Point", "coordinates": [355432.52, 1143474.5]}, "properties": {"d": 130.0, "s": 194, "base": 0, "post": 0, "recover": -1, "q1": 0}}, {"type": "Feature", "geometry": {"type": "Point", "coordinates": [355422.72, 1143472.54]}, "properties": {"d": 140.0, "s": 194, "base": 0, "post": 0, "recover": -1, "q1": 0}}, {"type": "Feature", "geometry": {"type": "Point", "coordinates": [355412.91, 1143470.58]}, "properties": {"d": 150.0, "s": 194, "base": 0, "post": 0, "recover": -1, "q1": 0}}, {"type": "Feature", "geometry": {"type": "Point", "coordinates": [367570.71, 1146599.29]}, "properties": {"d": -100.0, "s": 195, "base": 1, "post": -1, "recover": -1, "q1": 0}}, {"type": "Feature", "geometry": {"type": "Point", "coordinates": [367563.64, 1146606.36]}, "properties": {"d": -90.0, "s": 195, "base": 1, "post": -1, "recover": -1, "q1": 1}}, {"type": "Feature", "geometry": {"type": "Point", "coordinates": [367556.57, 1146613.43]}, "properties": {"d": -80.0, "s": 195, "base": 1, "post": -1, "recover": -1, "q1": 0}}, {"type": "Feature", "geometry": {"type": "Point", "coordinates": [367549.5, 1146620.5]}, "properties": {"d": -70.0, "s": 195, "base": 1, "post": -1, "recover": -1, "q1": 0}}, {"type": "Feature", "geometry": {"type": "Point", "coordinates": [367542.43, 1146627.57]}, "properties": {"d": -60.0, "s": 195, "base": 1, "post": -1, "recover": -1, "q1": 0}}, {"type": "Feature", "geometry": {"type": "Point", "coordinates": [367535.36, 1146634.64]}, "properties": {"d": -50.0, "s": 195, "base": 1, "post": -1, "recover": -1, "q1": 0}}, {"type": "Feature", "geometry": {"type": "Point", "coordinates": [367528.28, 1146641.72]}, "properties": {"d": -40.0, "s": 195, "base": 1, "post": -1, "recover": -1, "q1": 1}}, {"type": "Feature", "geometry": {"type": "Point", "coordinates": [367521.21, 1146648.79]}, "properties": {"d": -30.0, "s": 195, "base": 1, "post": -1, "recover": -1, "q1": 0}}, {"type": "Feature", "geometry": {"type": "Point", "coordinates": [367514.14, 1146655.86]}, "properties": {"d": -20.0, "s": 195, "base": 1, "post": -1, "recover": -1, "q1": 0}}, {"type": "Feature", "geometry": {"type": "Point", "coordinates": [367507.07, 1146662.93]}, "properties": {"d": -10.0, "s": 195, "base": 1, "post": -1, "recover": -1, "q1": 0}}, {"type": "Feature", "geometry": {"type": "Point", "coordinates": [367500.0, 1146670.0]}, "properties": {"d": 0.0, "s": 195, "base": 0, "post": -1, "recover": -1, "q1": 0}}, {"type": "Feature", "geometry": {"type": "Point", "coordinates": [367492.93, 1146677.07]}, "properties": {"d": 10.0, "s": 195, "base": 0, "post": -1, "recover": -1, "q1": 0}}, {"type": "Feature", "geometry": {"type": "Point", "coordinates": [367485.86, 1146684.14]}, "properties": {"d": 20.0, "s": 195, "base": 1, "post": -1, "recover": -1, "q1": 0}}, {"type": "Feature", "geometry": {"type": "Point", "coordinates": [367478.79, 1146691.21]}, "properties": {"d": 30.0, "s": 195, "base": 0, "post": -1, "recover": -1, "q1": -1}}, {"type": "Feature", "geometry": {"type": "Point", "coordinates": [367471.72, 1146698.28]}, "properties": {"d": 40.0, "s": 195, "base": 1, "post": -1, "recover": -1, "q1": -1}}, {"type": "Feature", "geometry": {"type": "Point", "coordinates": [367464.64, 1146705.36]}, "properties": {"d": 50.0, "s": 195, "base": -1, "post": -1, "recover": -1, "q1": -1}}, {"type": "Feature", "geometry": {"type": "Point", "coordinates": [367457.57, 1146712.43]}, "properties": {"d": 60.0, "s": 195, "base": 1, "post": -1, "recover": -1, "q1": -1}}, {"type": "Feature", "geometry": {"type": "Point", "coordinates": [367450.5, 1146719.5]}, "properties": {"d": 70.0, "s": 195, "base": 0, "post": -1, "recover": -1, "q1": -1}}, {"type": "Feature", "geometry": {"type": "Point", "coordinates": [367443.43, 1146726.57]}, "properties": {"d": 80.0, "s": 195, "base": 0, "post": -1, "recover": -1, "q1": -1}}, {"type": "Feature", "geometry": {"type": "Point", "coordinates": [367436.36, 1146733.64]}, "properties": {"d": 90.0, "s": 195, "base": 0, "post": -1, "recover": -1, "q1": -1}}, {"type": "Feature", "geometry": {"type": "Point", "coordinates": [367429.29, 1146740.71]}, "properties": {"d": 100.0, "s": 195, "base": 0, "post": -1, "recover": -1, "q1": -1}}, {"type": "Feature", "geometry": {"type": "Point", "coordinates": [367422.22, 1146747.78]}, "properties": {"d": 110.0, "s": 195, "base": 0, "post": -1, "recover": -1, "q1": -1}}, {"type": "Feature", "geometry": {"type": "Point", "coordinates": [367415.15, 1146754.85]}, "properties": {"d": 120.0, "s": 195, "base": 0, "post": -1, "recover": -1, "q1": -1}}, {"type": "Feature", "geometry": {"type": "Point", "coordinates": [367408.08, 1146761.92]}, "properties": {"d": 130.0, "s": 195, "base": 0, "post": -1, "recover": -1, "q1": -1}}, {"type": "Feature", "geometry": {"type": "Point", "coordinates": [367401.01, 1146768.99]}, "properties": {"d": 140.0, "s": 195, "base": 0, "post": -1, "recover": -1, "q1": -1}}, {"type": "Feature", "geometry": {"type": "Point", "coordinates": [367393.93, 1146776.07]}, "properties": {"d": 150.0, "s": 195, "base": 0, "post": -1, "recover": -1, "q1": -1}}, {"type": "Feature", "geometry": {"type": "Point", "coordinates": [370789.29, 1143139.29]}, "properties": {"d": -100.0, "s": 196, "base": 1, "post": -1, "recover": 1, "q1": 1}}, {"type": "Feature", "geometry": {"type": "Point", "coordinates": [370796.36, 1143146.36]}, "properties": {"d": -90.0, "s": 196, "base": 1, "post": -1, "recover": 1, "q1": 1}}, {"type": "Feature", "geometry": {"type": "Point", "coordinates": [370803.43, 1143153.43]}, "properties": {"d": -80.0, "s": 196, "base": 1, "post": -1, "recover": 1, "q1": 0}}, {"type": "Feature", "geometry": {"type": "Point", "coordinates": [370810.5, 1143160.5]}, "properties": {"d": -70.0, "s": 196, "base": 1, "post": -1, "recover": 1, "q1": 0}}, {"type": "Feature", "geometry": {"type": "Point", "coordinates": [370817.57, 1143167.57]}, "properties": {"d": -60.0, "s": 196, "base": 1, "post": -1, "recover": 1, "q1": 1}}, {"type": "Feature", "geometry": {"type": "Point", "coordinates": [370824.64, 1143174.64]}, "properties": {"d": -50.0, "s": 196, "base": 1, "post": -1, "recover": 1, "q1": 1}}, {"type": "Feature", "geometry": {"type": "Point", "coordinates": [370831.72, 1143181.72]}, "properties": {"d": -40.0, "s": 196, "base": 1, "post": 1, "recover": 1, "q1": 0}}, {"type": "Feature", "geometry": {"type": "Point", "coordinates": [370838.79, 1143188.79]}, "properties": {"d": -30.0, "s": 196, "base": 1, "post": 1, "recover": 1, "q1": 0}}, {"type": "Feature", "geometry": {"type": "Point", "coordinates": [370845.86, 1143195.86]}, "properties": {"d": -20.0, "s": 196, "base": 1, "post": 1, "recover": 1, "q1": 1}}, {"type": "Feature", "geometry": {"type": "Point", "coordinates": [370852.93, 1143202.93]}, "properties": {"d": -10.0, "s": 196, "base": 1, "post": 1, "recover": 1, "q1": 0}}, {"type": "Feature", "geometry": {"type": "Point", "coordinates": [370860.0, 1143210.0]}, "properties": {"d": 0.0, "s": 196, "base": 1, "post": 1, "recover": 1, "q1": 0}}, {"type": "Feature", "geometry": {"type": "Point", "coordinates": [370867.07, 1143217.07]}, "properties": {"d": 10.0, "s": 196, "base": 0, "post": 1, "recover": 1, "q1": -1}}, {"type": "Feature", "geometry": {"type": "Point", "coordinates": [370874.14, 1143224.14]}, "properties": {"d": 20.0, "s": 196, "base": 0, "post": 1, "recover": -1, "q1": -1}}, {"type": "Feature", "geometry": {"type": "Point", "coordinates": [370881.21, 1143231.21]}, "properties": {"d": 30.0, "s": 196, "base": 0, "post": 1, "recover": -1, "q1": -1}}, {"type": "Feature", "geometry": {"type": "Point", "coordinates": [370888.28, 1143238.28]}, "properties": {"d": 40.0, "s": 196, "base": 0, "post": 1, "recover": -1, "q1": -1}}, {"type": "Feature", "geometry": {"type": "Point", "coordinates": [370895.36, 1143245.36]}, "properties": {"d": 50.0, "s": 196, "base": 0, "post": 1, "recover": -1, "q1": -1}}, {"type": "Feature", "geometry": {"type": "Point", "coordinates": [370902.43, 1143252.43]}, "properties": {"d": 60.0, "s": 196, "base": 1, "post": 1, "recover": -1, "q1": -1}}, {"type": "Feature", "geometry": {"type": "Point", "coordinates": [370909.5, 1143259.5]}, "properties": {"d": 70.0, "s": 196, "base": 1, "post": 1, "recover": -1, "q1": -1}}, {"type": "Feature", "geometry": {"type": "Point", "coordinates": [370916.57, 1143266.57]}, "properties": {"d": 80.0, "s": 196, "base": 1, "post": 1, "recover": -1, "q1": -1}}, {"type": "Feature", "geometry": {"type": "Point", "coordinates": [370923.64, 1143273.64]}, "properties": {"d": 90.0, "s": 196, "base": 0, "post": 1, "recover": -1, "q1": -1}}, {"type": "Feature", "geometry": {"type": "Point", "coordinates": [370930.71, 1143280.71]}, "properties": {"d": 100.0, "s": 196, "base": 0, "post": 0, "recover": -1, "q1": -1}}, {"type": "Feature", "geometry": {"type": "Point", "coordinates": [370937.78, 1143287.78]}, "properties": {"d": 110.0, "s": 196, "base": 0, "post": 0, "recover": -1, "q1": -1}}, {"type": "Feature", "geometry": {"type": "Point", "coordinates": [370944.85, 1143294.85]}, "properties": {"d": 120.0, "s": 196, "base": 0, "post": 0, "recover": -1, "q1": -1}}, {"type": "Feature", "geometry": {"type": "Point", "coordinates": [370951.92, 1143301.92]}, "properties": {"d": 130.0, "s": 196, "base": 0, "post": 1, "recover": -1, "q1": -1}}, {"type": "Feature", "geometry": {"type": "Point", "coordinates": [370958.99, 1143308.99]}, "properties": {"d": 140.0, "s": 196, "base": 0, "post": 1, "recover": -1, "q1": -1}}, {"type": "Feature", "geometry": {"type": "Point", "coordinates": [370966.07, 1143316.07]}, "properties": {"d": 150.0, "s": 196, "base": 0, "post": 1, "recover": -1, "q1": -1}}, {"type": "Feature", "geometry": {"type": "Point", "coordinates": [370914.72, 1166160.56]}, "properties": {"d": -100.0, "s": 197, "base": 1, "post": 1, "recover": 1, "q1": -1}}, {"type": "Feature", "geometry": {"type": "Point", "coordinates": [370910.25, 1166169.5]}, "properties": {"d": -90.0, "s": 197, "base": 1, "post": 1, "recover": 1, "q1": -1}}, {"type": "Feature", "geometry": {"type": "Point", "coordinates": [370905.78, 1166178.45]}, "properties": {"d": -80.0, "s": 197, "base": 1, "post": 1, "recover": 1, "q1": -1}}, {"type": "Feature", "geometry": {"type": "Point", "coordinates": [370901.31, 1166187.39]}, "properties": {"d": -70.0, "s": 197, "base": 1, "post": 1, "recover": 1, "q1": -1}}, {"type": "Feature", "geometry": {"type": "Point", "coordinates": [370896.83, 1166196.33]}, "properties": {"d": -60.0, "s": 197, "base": 1, "post": 1, "recover": -1, "q1": -1}}, {"type": "Feature", "geometry": {"type": "Point", "coordinates": [370892.36, 1166205.28]}, "properties": {"d": -50.0, "s": 197, "base": 1, "post": 1, "recover": 1, "q1": -1}}, {"type": "Feature", "geometry": {"type": "Point", "coordinates": [370887.89, 1166214.22]}, "properties": {"d": -40.0, "s": 197, "base": 1, "post": 1, "recover": 1, "q1": -1}}, {"type": "Feature", "geometry": {"type": "Point", "coordinates": [370883.42, 1166223.17]}, "properties": {"d": -30.0, "s": 197, "base": 1, "post": 1, "recover": 1, "q1": -1}}, {"type": "Feature", "geometry": {"type": "Point", "coordinates": [370878.94, 1166232.11]}, "properties": {"d": -20.0, "s": 197, "base": 1, "post": 1, "recover": 1, "q1": -1}}, {"type": "Feature", "geometry": {"type": "Point", "coordinates": [370874.47, 1166241.06]}, "properties": {"d": -10.0, "s": 197, "base": 1, "post": 1, "recover": 1, "q1": -1}}, {"type": "Feature", "geometry": {"type": "Point", "coordinates": [370870.0, 1166250.0]}, "properties": {"d": 0.0, "s": 197, "base": 0, "post": 1, "recover": 1, "q1": -1}}, {"type": "Feature", "geometry": {"type": "Point", "coordinates": [370865.53, 1166258.94]}, "properties": {"d": 10.0, "s": 197, "base": 0, "post": 1, "recover": 0, "q1": -1}}, {"type": "Feature", "geometry": {"type": "Point", "coordinates": [370861.06, 1166267.89]}, "properties": {"d": 20.0, "s": 197, "base": 0, "post": 1, "recover": 0, "q1": -1}}, {"type": "Feature", "geometry": {"type": "Point", "coordinates": [370856.58, 1166276.83]}, "properties": {"d": 30.0, "s": 197, "base": 1, "post": 0, "recover": 0, "q1": -1}}, {"type": "Feature", "geometry": {"type": "Point", "coordinates": [370852.11, 1166285.78]}, "properties": {"d": 40.0, "s": 197, "base": 1, "post": 1, "recover": 0, "q1": -1}}, {"type": "Feature", "geometry": {"type": "Point", "coordinates": [370847.64, 1166294.72]}, "properties": {"d": 50.0, "s": 197, "base": 1, "post": 1, "recover": 0, "q1": -1}}, {"type": "Feature", "geometry": {"type": "Point", "coordinates": [370843.17, 1166303.67]}, "properties": {"d": 60.0, "s": 197, "base": 1, "post": 1, "recover": 0, "q1": -1}}, {"type": "Feature", "geometry": {"type": "Point", "coordinates": [370838.69, 1166312.61]}, "properties": {"d": 70.0, "s": 197, "base": 1, "post": 1, "recover": 0, "q1": -1}}, {"type": "Feature", "geometry": {"type": "Point", "coordinates": [370834.22, 1166321.55]}, "properties": {"d": 80.0, "s": 197, "base": 1, "post": 1, "recover": 0, "q1": -1}}, {"type": "Feature", "geometry": {"type": "Point", "coordinates": [370829.75, 1166330.5]}, "properties": {"d": 90.0, "s": 197, "base": 0, "post": 1, "recover": 1, "q1": -1}}, {"type": "Feature", "geometry": {"type": "Point", "coordinates": [370825.28, 1166339.44]}, "properties": {"d": 100.0, "s": 197, "base": 1, "post": 1, "recover": 0, "q1": -1}}, {"type": "Feature", "geometry": {"type": "Point", "coordinates": [370820.81, 1166348.39]}, "properties": {"d": 110.0, "s": 197, "base": 0, "post": 1, "recover": 0, "q1": -1}}, {"type": "Feature", "geometry": {"type": "Point", "coordinates": [370816.33, 1166357.33]}, "properties": {"d": 120.0, "s": 197, "base": 0, "post": 1, "recover": 0, "q1": -1}}, {"type": "Feature", "geometry": {"type": "Point", "coordinates": [370811.86, 1166366.28]}, "properties": {"d": 130.0, "s": 197, "base": 0, "post": 1, "recover": 0, "q1": -1}}, {"type": "Feature", "geometry": {"type": "Point", "coordinates": [370807.39, 1166375.22]}, "properties": {"d": 140.0, "s": 197, "base": 0, "post": 1, "recover": 1, "q1": -1}}, {"type": "Feature", "geometry": {"type": "Point", "coordinates": [370802.92, 1166384.16]}, "properties": {"d": 150.0, "s": 197, "base": 0, "post": 1, "recover": 1, "q1": -1}}, {"type": "Feature", "geometry": {"type": "Point", "coordinates": [345370.0, 1186970.0]}, "properties": {"d": -100.0, "s": 198, "base": 0, "post": 0, "recover": 0, "q1": -1}}, {"type": "Feature", "geometry": {"type": "Point", "coordinates": [345370.0, 1186980.0]}, "properties": {"d": -90.0, "s": 198, "base": 0, "post": 0, "recover": 0, "q1": -1}}, {"type": "Feature", "geometry": {"type": "Point", "coordinates": [345370.0, 1186990.0]}, "properties": {"d": -80.0, "s": 198, "base": 0, "post": 0, "recover": 0, "q1": -1}}, {"type": "Feature", "geometry": {"type": "Point", "coordinates": [345370.0, 1187000.0]}, "properties": {"d": -70.0, "s": 198, "base": 0, "post": 0, "recover": 0, "q1": -1}}, {"type": "Feature", "geometry": {"type": "Point", "coordinates": [345370.0, 1187010.0]}, "properties": {"d": -60.0, "s": 198, "base": 0, "post": 0, "recover": 0, "q1": -1}}, {"type": "Feature", "geometry": {"type": "Point", "coordinates": [345370.0, 1187020.0]}, "properties": {"d": -50.0, "s": 198, "base": 0, "post": 0, "recover": 0, "q1": -1}}, {"type": "Feature", "geometry": {"type": "Point", "coordinates": [345370.0, 1187030.0]}, "properties": {"d": -40.0, "s": 198, "base": 0, "post": 0, "recover": 0, "q1": -1}}, {"type": "Feature", "geometry": {"type": "Point", "coordinates": [345370.0, 1187040.0]}, "properties": {"d": -30.0, "s": 198, "base": 0, "post": 0, "recover": 0, "q1": -1}}, {"type": "Feature", "geometry": {"type": "Point", "coordinates": [345370.0, 1187050.0]}, "properties": {"d": -20.0, "s": 198, "base": 0, "post": 0, "recover": 0, "q1": -1}}, {"type": "Feature", "geometry": {"type": "Point", "coordinates": [345370.0, 1187060.0]}, "properties": {"d": -10.0, "s": 198, "base": 0, "post": 0, "recover": 0, "q1": -1}}, {"type": "Feature", "geometry": {"type": "Point", "coordinates": [345370.0, 1187070.0]}, "properties": {"d": 0.0, "s": 198, "base": 0, "post": 0, "recover": 0, "q1": -1}}, {"type": "Feature", "geometry": {"type": "Point", "coordinates": [345370.0, 1187080.0]}, "properties": {"d": 10.0, "s": 198, "base": -1, "post": -1, "recover": -1, "q1": -1}}, {"type": "Feature", "geometry": {"type": "Point", "coordinates": [345370.0, 1187090.0]}, "properties": {"d": 20.0, "s": 198, "base": -1, "post": -1, "recover": -1, "q1": -1}}, {"type": "Feature", "geometry": {"type": "Point", "coordinates": [345370.0, 1187100.0]}, "properties": {"d": 30.0, "s": 198, "base": 0, "post": 0, "recover": 0, "q1": -1}}, {"type": "Feature", "geometry": {"type": "Point", "coordinates": [345370.0, 1187110.0]}, "properties": {"d": 40.0, "s": 198, "base": 0, "post": 0, "recover": 0, "q1": -1}}, {"type": "Feature", "geometry": {"type": "Point", "coordinates": [345370.0, 1187120.0]}, "properties": {"d": 50.0, "s": 198, "base": 0, "post": 0, "recover": 0, "q1": -1}}, {"type": "Feature", "geometry": {"type": "Point", "coordinates": [345370.0, 1187130.0]}, "properties": {"d": 60.0, "s": 198, "base": 0, "post": 0, "recover": 0, "q1": -1}}, {"type": "Feature", "geometry": {"type": "Point", "coordinates": [345370.0, 1187140.0]}, "properties": {"d": 70.0, "s": 198, "base": 0, "post": 0, "recover": 0, "q1": -1}}, {"type": "Feature", "geometry": {"type": "Point", "coordinates": [345370.0, 1187150.0]}, "properties": {"d": 80.0, "s": 198, "base": 0, "post": 0, "recover": 0, "q1": -1}}, {"type": "Feature", "geometry": {"type": "Point", "coordinates": [345370.0, 1187160.0]}, "properties": {"d": 90.0, "s": 198, "base": 0, "post": 0, "recover": 0, "q1": -1}}, {"type": "Feature", "geometry": {"type": "Point", "coordinates": [345370.0, 1187170.0]}, "properties": {"d": 100.0, "s": 198, "base": 0, "post": 0, "recover": 0, "q1": -1}}, {"type": "Feature", "geometry": {"type": "Point", "coordinates": [345370.0, 1187180.0]}, "properties": {"d": 110.0, "s": 198, "base": 0, "post": 0, "recover": 0, "q1": -1}}, {"type": "Feature", "geometry": {"type": "Point", "coordinates": [345370.0, 1187190.0]}, "properties": {"d": 120.0, "s": 198, "base": 0, "post": 0, "recover": 0, "q1": -1}}, {"type": "Feature", "geometry": {"type": "Point", "coordinates": [345370.0, 1187200.0]}, "properties": {"d": 130.0, "s": 198, "base": 0, "post": 0, "recover": 0, "q1": -1}}, {"type": "Feature", "geometry": {"type": "Point", "coordinates": [345370.0, 1187210.0]}, "properties": {"d": 140.0, "s": 198, "base": 0, "post": 0, "recover": 0, "q1": -1}}, {"type": "Feature", "geometry": {"type": "Point", "coordinates": [345370.0, 1187220.0]}, "properties": {"d": 150.0, "s": 198, "base": 0, "post": 0, "recover": 0, "q1": -1}}, {"type": "Feature", "geometry": {"type": "Point", "coordinates": [350050.71, 1142620.71]}, "properties": {"d": -100.0, "s": 199, "base": 1, "post": 1, "recover": -1, "q1": 0}}, {"type": "Feature", "geometry": {"type": "Point", "coordinates": [350043.64, 1142613.64]}, "properties": {"d": -90.0, "s": 199, "base": 1, "post": 1, "recover": -1, "q1": 0}}, {"type": "Feature", "geometry": {"type": "Point", "coordinates": [350036.57, 1142606.57]}, "properties": {"d": -80.0, "s": 199, "base": 1, "post": 1, "recover": -1, "q1": 0}}, {"type": "Feature", "geometry": {"type": "Point", "coordinates": [350029.5, 1142599.5]}, "properties": {"d": -70.0, "s": 199, "base": 1, "post": 1, "recover": -1, "q1": 0}}, {"type": "Feature", "geometry": {"type": "Point", "coordinates": [350022.43, 1142592.43]}, "properties": {"d": -60.0, "s": 199, "base": 1, "post": 1, "recover": -1, "q1": 0}}, {"type": "Feature", "geometry": {"type": "Point", "coordinates": [350015.36, 1142585.36]}, "properties": {"d": -50.0, "s": 199, "base": 1, "post": 1, "recover": -1, "q1": 0}}, {"type": "Feature", "geometry": {"type": "Point", "coordinates": [350008.28, 1142578.28]}, "properties": {"d": -40.0, "s": 199, "base": 1, "post": 1, "recover": -1, "q1": 0}}, {"type": "Feature", "geometry": {"type": "Point", "coordinates": [350001.21, 1142571.21]}, "properties": {"d": -30.0, "s": 199, "base": 1, "post": 1, "recover": -1, "q1": 0}}, {"type": "Feature", "geometry": {"type": "Point", "coordinates": [349994.14, 1142564.14]}, "properties": {"d": -20.0, "s": 199, "base": 1, "post": 1, "recover": -1, "q1": 0}}, {"type": "Feature", "geometry": {"type": "Point", "coordinates": [349987.07, 1142557.07]}, "properties": {"d": -10.0, "s": 199, "base": 1, "post": 1, "recover": -1, "q1": 0}}, {"type": "Feature", "geometry": {"type": "Point", "coordinates": [349980.0, 1142550.0]}, "properties": {"d": 0.0, "s": 199, "base": 1, "post": 1, "recover": -1, "q1": 0}}, {"type": "Feature", "geometry": {"type": "Point", "coordinates": [349972.93, 1142542.93]}, "properties": {"d": 10.0, "s": 199, "base": 0, "post": 1, "recover": -1, "q1": 0}}, {"type": "Feature", "geometry": {"type": "Point", "coordinates": [349965.86, 1142535.86]}, "properties": {"d": 20.0, "s": 199, "base": 0, "post": 1, "recover": -1, "q1": 0}}, {"type": "Feature", "geometry": {"type": "Point", "coordinates": [349958.79, 1142528.79]}, "properties": {"d": 30.0, "s": 199, "base": 0, "post": 1, "recover": -1, "q1": 0}}, {"type": "Feature", "geometry": {"type": "Point", "coordinates": [349951.72, 1142521.72]}, "properties": {"d": 40.0, "s": 199, "base": 1, "post": 1, "recover": -1, "q1": 0}}, {"type": "Feature", "geometry": {"type": "Point", "coordinates": [349944.64, 1142514.64]}, "properties": {"d": 50.0, "s": 199, "base": 0, "post": 1, "recover": -1, "q1": 0}}, {"type": "Feature", "geometry": {"type": "Point", "coordinates": [349937.57, 1142507.57]}, "properties": {"d": 60.0, "s": 199, "base": 0, "post": 1, "recover": -1, "q1": 0}}, {"type": "Feature", "geometry": {"type": "Point", "coordinates": [349930.5, 1142500.5]}, "properties": {"d": 70.0, "s": 199, "base": 1, "post": 1, "recover": -1, "q1": 0}}, {"type": "Feature", "geometry": {"type": "Point", "coordinates": [349923.43, 1142493.43]}, "properties": {"d": 80.0, "s": 199, "base": 0, "post": 1, "recover": -1, "q1": 0}}, {"type": "Feature", "geometry": {"type": "Point", "coordinates": [349916.36, 1142486.36]}, "properties": {"d": 90.0, "s": 199, "base": 1, "post": 1, "recover": -1, "q1": 0}}, {"type": "Feature", "geometry": {"type": "Point", "coordinates": [349909.29, 1142479.29]}, "properties": {"d": 100.0, "s": 199, "base": 0, "post": 1, "recover": -1, "q1": 0}}, {"type": "Feature", "geometry": {"type": "Point", "coordinates": [349902.22, 1142472.22]}, "properties": {"d": 110.0, "s": 199, "base": 0, "post": 1, "recover": -1, "q1": 0}}, {"type": "Feature", "geometry": {"type": "Point", "coordinates": [349895.15, 1142465.15]}, "properties": {"d": 120.0, "s": 199, "base": 0, "post": 1, "recover": -1, "q1": 0}}, {"type": "Feature", "geometry": {"type": "Point", "coordinates": [349888.08, 1142458.08]}, "properties": {"d": 130.0, "s": 199, "base": 0, "post": 1, "recover": -1, "q1": 0}}, {"type": "Feature", "geometry": {"type": "Point", "coordinates": [349881.01, 1142451.01]}, "properties": {"d": 140.0, "s": 199, "base": 0, "post": 1, "recover": -1, "q1": 0}}, {"type": "Feature", "geometry": {"type": "Point", "coordinates": [349873.93, 1142443.93]}, "properties": {"d": 150.0, "s": 199, "base": 0, "post": 1, "recover": -1, "q1": 0}}, {"type": "Feature", "geometry": {"type": "Point", "coordinates": [371610.56, 1164984.72]}, "properties": {"d": -100.0, "s": 200, "base": 1, "post": -1, "recover": -1, "q1": -1}}, {"type": "Feature", "geometry": {"type": "Point", "coordinates": [371619.5, 1164980.25]}, "properties": {"d": -90.0, "s": 200, "base": 1, "post": 1, "recover": -1, "q1": -1}}, {"type": "Feature", "geometry": {"type": "Point", "coordinates": [371628.45, 1164975.78]}, "properties": {"d": -80.0, "s": 200, "base": 1, "post": 1, "recover": -1, "q1": -1}}, {"type": "Feature", "geometry": {"type": "Point", "coordinates": [371637.39, 1164971.3]}, "properties": {"d": -70.0, "s": 200, "base": 1, "post": 1, "recover": -1, "q1": -1}}, {"type": "Feature", "geometry": {"type": "Point", "coordinates": [371646.33, 1164966.83]}, "properties": {"d": -60.0, "s": 200, "base": 1, "post": 1, "recover": -1, "q1": -1}}, {"type": "Feature", "geometry": {"type": "Point", "coordinates": [371655.28, 1164962.36]}, "properties": {"d": -50.0, "s": 200, "base": 1, "post": 1, "recover": -1, "q1": -1}}, {"type": "Feature", "geometry": {"type": "Point", "coordinates": [371664.22, 1164957.89]}, "properties": {"d": -40.0, "s": 200, "base": 1, "post": 1, "recover": -1, "q1": -1}}, {"type": "Feature", "geometry": {"type": "Point", "coordinates": [371673.17, 1164953.42]}, "properties": {"d": -30.0, "s": 200, "base": 1, "post": 1, "recover": -1, "q1": -1}}, {"type": "Feature", "geometry": {"type": "Point", "coordinates": [371682.11, 1164948.94]}, "properties": {"d": -20.0, "s": 200, "base": 1, "post": 1, "recover": -1, "q1": -1}}, {"type": "Feature", "geometry": {"type": "Point", "coordinates": [371691.06, 1164944.47]}, "properties": {"d": -10.0, "s": 200, "base": 0, "post": 0, "recover": -1, "q1": -1}}, {"type": "Feature", "geometry": {"type": "Point", "coordinates": [371700.0, 1164940.0]}, "properties": {"d": 0.0, "s": 200, "base": 0, "post": 0, "recover": -1, "q1": -1}}, {"type": "Feature", "geometry": {"type": "Point", "coordinates": [371708.94, 1164935.53]}, "properties": {"d": 10.0, "s": 200, "base": 0, "post": 0, "recover": -1, "q1": -1}}, {"type": "Feature", "geometry": {"type": "Point", "coordinates": [371717.89, 1164931.06]}, "properties": {"d": 20.0, "s": 200, "base": 0, "post": 0, "recover": -1, "q1": -1}}, {"type": "Feature", "geometry": {"type": "Point", "coordinates": [371726.83, 1164926.58]}, "properties": {"d": 30.0, "s": 200, "base": 0, "post": 0, "recover": 0, "q1": -1}}, {"type": "Feature", "geometry": {"type": "Point", "coordinates": [371735.78, 1164922.11]}, "properties": {"d": 40.0, "s": 200, "base": 0, "post": 0, "recover": 0, "q1": -1}}, {"type": "Feature", "geometry": {"type": "Point", "coordinates": [371744.72, 1164917.64]}, "properties": {"d": 50.0, "s": 200, "base": 0, "post": 0, "recover": 0, "q1": -1}}, {"type": "Feature", "geometry": {"type": "Point", "coordinates": [371753.67, 1164913.17]}, "properties": {"d": 60.0, "s": 200, "base": 0, "post": 0, "recover": 0, "q1": -1}}, {"type": "Feature", "geometry": {"type": "Point", "coordinates": [371762.61, 1164908.7]}, "properties": {"d": 70.0, "s": 200, "base": 0, "post": 0, "recover": 0, "q1": -1}}, {"type": "Feature", "geometry": {"type": "Point", "coordinates": [371771.55, 1164904.22]}, "properties": {"d": 80.0, "s": 200, "base": 0, "post": 0, "recover": 0, "q1": -1}}, {"type": "Feature", "geometry": {"type": "Point", "coordinates": [371780.5, 1164899.75]}, "properties": {"d": 90.0, "s": 200, "base": 0, "post": 0, "recover": 0, "q1": -1}}, {"type": "Feature", "geometry": {"type": "Point", "coordinates": [371789.44, 1164895.28]}, "properties": {"d": 100.0, "s": 200, "base": 0, "post": 0, "recover": 0, "q1": -1}}, {"type": "Feature", "geometry": {"type": "Point", "coordinates": [371798.39, 1164890.81]}, "properties": {"d": 110.0, "s": 200, "base": 0, "post": 0, "recover": 0, "q1": -1}}, {"type": "Feature", "geometry": {"type": "Point", "coordinates": [371807.33, 1164886.33]}, "properties": {"d": 120.0, "s": 200, "base": 0, "post": 0, "recover": 0, "q1": -1}}, {"type": "Feature", "geometry": {"type": "Point", "coordinates": [371816.28, 1164881.86]}, "properties": {"d": 130.0, "s": 200, "base": 0, "post": 0, "recover": 0, "q1": -1}}, {"type": "Feature", "geometry": {"type": "Point", "coordinates": [371825.22, 1164877.39]}, "properties": {"d": 140.0, "s": 200, "base": 0, "post": 0, "recover": 0, "q1": -1}}, {"type": "Feature", "geometry": {"type": "Point", "coordinates": [371834.16, 1164872.92]}, "properties": {"d": 150.0, "s": 200, "base": 0, "post": 0, "recover": 0, "q1": -1}}]}