{"type": "FeatureCollection", "crs": {"type": "name", "properties": {"name": "EPSG:32644"}}, "features": [{"type": "Feature", "geometry": {"type": "Point", "coordinates": [429260.0, 1471680.0]}, "properties": {"d": -100.0, "s": 1, "Shore_Class": "non_mangrove"}}, {"type": "Feature", "geometry": {"type": "Point", "coordinates": [429270.0, 1471680.0]}, "properties": {"d": -90.0, "s": 1, "Shore_Class": "non_mangrove"}}, {"type": "Feature", "geometry": {"type": "Point", "coordinates": [429280.0, 1471680.0]}, "properties": {"d": -80.0, "s": 1, "Shore_Class": "non_mangrove"}}, {"type": "Feature", "geometry": {"type": "Point", "coordinates": [429290.0, 1471680.0]}, "properties": {"d": -70.0, "s": 1, "Shore_Class": "non_mangrove"}}, {"type": "Feature", "geometry": {"type": "Point", "coordinates": [429300.0, 1471680.0]}, "properties": {"d": -60.0, "s": 1, "Shore_Class": "non_mangrove"}}, {"type": "Feature", "geometry": {"type": "Point", "coordinates": [429310.0, 1471680.0]}, "properties": {"d": -50.0, "s": 1, "Shore_Class": "non_mangrove"}}, {"type": "Feature", "geometry": {"type": "Point", "coordinates": [429320.0, 1471680.0]}, "properties": {"d": -40.0, "s": 1, "Shore_Class": "non_mangrove"}}, {"type": "Feature", "geometry": {"type": "Point", "coordinates": [429330.0, 1471680.0]}, "properties": {"d": -30.0, "s": 1, "Shore_Class": "non_mangrove"}}, {"type": "Feature", "geometry": {"type": "Point", "coordinates": [429340.0, 1471680.0]}, "properties": {"d": -20.0, "s": 1, "Shore_Class": "non_mangrove"}}, {"type": "Feature", "geometry": {"type": "Point", "coordinates": [429350.0, 1471680.0]}, "properties": {"d": -10.0, "s": 1, "Shore_Class": "non_mangrove"}}, {"type": "Feature", "geometry": {"type": "Point", "coordinates": [429360.0, 1471680.0]}, "properties": {"d": 0.0, "s": 1, "Shore_Class": "non_mangrove"}}, {"type": "Feature", "geometry": {"type": "Point", "coordinates": [429370.0, 1471680.0]}, "properties": {"d": 10.0, "s": 1, "Shore_Class": "non_mangrove"}}, {"type": "Feature", "geometry": {"type": "Point", "coordinates": [429380.0, 1471680.0]}, "properties": {"d": 20.0, "s": 1, "Shore_Class": "non_mangrove"}}, {"type": "Feature", "geometry": {"type": "Point", "coordinates": [429390.0, 1471680.0]}, "properties": {"d": 30.0, "s": 1, "Shore_Class": "non_mangrove"}}, {"type": "Feature", "geometry": {"type": "Point", "coordinates": [429400.0, 1471680.0]}, "properties": {"d": 40.0, "s": 1, "Shore_Class": "non_mangrove"}}, {"type": "Feature", "geometry": {"type": "Point", "coordinates": [429410.0, 1471680.0]}, "properties": {"d": 50.0, "s": 1, "Shore_Class": "non_mangrove"}}, {"type": "Feature", "geometry": {"type": "Point", "coordinates": [429420.0, 1471680.0]}, "properties": {"d": 60.0, "s": 1, "Shore_Class": "non_mangrove"}}, {"type": "Feature", "geometry": {"type": "Point", "coordinates": [429430.0, 1471680.0]}, "properties": {"d": 70.0, "s": 1, "Shore_Class": "non_mangrove"}}, {"type": "Feature", "geometry": {"type": "Point", "coordinates": [429440.0, 1471680.0]}, "properties": {"d": 80.0, "s": 1, "Shore_Class": "non_mangrove"}}, {"type": "Feature", "geometry": {"type": "Point", "coordinates": [429450.0, 1471680.0]}, "properties": {"d": 90.0, "s": 1, "Shore_Class": "non_mangrove"}}, {"type": "Feature", "geometry": {"type": "Point", "coordinates": [429460.0, 1471680.0]}, "properties": {"d": 100.0, "s": 1, "Shore_Class": "non_mangrove"}}, {"type": "Feature", "geometry": {"type": "Point", "coordinates": [429470.0, 1471680.0]}, "properties": {"d": 110.0, "s": 1, "Shore_Class": "non_mangrove"}}, {"type": "Feature", "geometry": {"type": "Point", "coordinates": [429480.0, 1471680.0]}, "properties": {"d": 120.0, "s": 1, "Shore_Class": "non_mangrove"}}, {"type": "Feature", "geometry": {"type": "Point", "coordinates": [429490.0, 1471680.0]}, "properties": {"d": 130.0, "s": 1, "Shore_Class": "non_mangrove"}}, {"type": "Feature", "geometry": {"type": "Point", "coordinates": [429500.0, 1471680.0]}, "properties": {"d": 140.0, "s": 1, "Shore_Class": "non_mangrove"}}, {"type": "Feature", "geometry": {"type": "Point", "coordinates": [429510.0, 1471680.0]}, "properties": {"d": 150.0, "s": 1, "Shore_Class": "non_mangrove"}}, {"type": "Feature", "geometry": {"type": "Point", "coordinates": [429200.0, 1471420.0]}, "properties": {"d": -100.0, "s": 2, "Shore_Class": "non_mangrove"}}, {"type": "Feature", "geometry": {"type": "Point", "coordinates": [429210.0, 1471420.0]}, "properties": {"d": -90.0, "s": 2, "Shore_Class": "non_mangrove"}}, {"type": "Feature", "geometry": {"type": "Point", "coordinates": [429220.0, 1471420.0]}, "properties": {"d": -80.0, "s": 2, "Shore_Class": "non_mangrove"}}, {"type": "Feature", "geometry": {"type": "Point", "coordinates": [429230.0, 1471420.0]}, "properties": {"d": -70.0, "s": 2, "Shore_Class": "non_mangrove"}}, {"type": "Feature", "geometry": {"type": "Point", "coordinates": [429240.0, 1471420.0]}, "properties": {"d": -60.0, "s": 2, "Shore_Class": "non_mangrove"}}, {"type": "Feature", "geometry": {"type": "Point", "coordinates": [429250.0, 1471420.0]}, "properties": {"d": -50.0, "s": 2, "Shore_Class": "non_mangrove"}}, {"type": "Feature", "geometry": {"type": "Point", "coordinates": [429260.0, 1471420.0]}, "properties": {"d": -40.0, "s": 2, "Shore_Class": "non_mangrove"}}, {"type": "Feature", "geometry": {"type": "Point", "coordinates": [429270.0, 1471420.0]}, "properties": {"d": -30.0, "s": 2, "Shore_Class": "non_mangrove"}}, {"type": "Feature", "geometry": {"type": "Point", "coordinates": [429280.0, 1471420.0]}, "properties": {"d": -20.0, "s": 2, "Shore_Class": "non_mangrove"}}, {"type": "Feature", "geometry": {"type": "Point", "coordinates": [429290.0, 1471420.0]}, "properties": {"d": -10.0, "s": 2, "Shore_Class": "non_mangrove"}}, {"type": "Feature", "geometry": {"type": "Point", "coordinates": [429300.0, 1471420.0]}, "properties": {"d": 0.0, "s": 2, "Shore_Class": "non_mangrove"}}, {"type": "Feature", "geometry": {"type": "Point", "coordinates": [429310.0, 1471420.0]}, "properties": {"d": 10.0, "s": 2, "Shore_Class": "non_mangrove"}}, {"type": "Feature", "geometry": {"type": "Point", "coordinates": [429320.0, 1471420.0]}, "properties": {"d": 20.0, "s": 2, "Shore_Class": "non_mangrove"}}, {"type": "Feature", "geometry": {"type": "Point", "coordinates": [429330.0, 1471420.0]}, "properties": {"d": 30.0, "s": 2, "Shore_Class": "non_mangrove"}}, {"type": "Feature", "geometry": {"type": "Point", "coordinates": [429340.0, 1471420.0]}, "properties": {"d": 40.0, "s": 2, "Shore_Class": "non_mangrove"}}, {"type": "Feature", "geometry": {"type": "Point", "coordinates": [429350.0, 1471420.0]}, "properties": {"d": 50.0, "s": 2, "Shore_Class": "non_mangrove"}}, {"type": "Feature", "geometry": {"type": "Point", "coordinates": [429360.0, 1471420.0]}, "properties": {"d": 60.0, "s": 2, "Shore_Class": "non_mangrove"}}, {"type": "Feature", "geometry": {"type": "Point", "coordinates": [429370.0, 1471420.0]}, "properties": {"d": 70.0, "s": 2, "Shore_Class": "non_mangrove"}}, {"type": "Feature", "geometry": {"type": "Point", "coordinates": [429380.0, 1471420.0]}, "properties": {"d": 80.0, "s": 2, "Shore_Class": "non_mangrove"}}, {"type": "Feature", "geometry": {"type": "Point", "coordinates": [429390.0, 1471420.0]}, "properties": {"d": 90.0, "s": 2, "Shore_Class": "non_mangrove"}}, {"type": "Feature", "geometry": {"type": "Point", "coordinates": [429400.0, 1471420.0]}, "properties": {"d": 100.0, "s": 2, "Shore_Class": "non_mangrove"}}, {"type": "Feature", "geometry": {"type": "Point", "coordinates": [429410.0, 1471420.0]}, "properties": {"d": 110.0, "s": 2, "Shore_Class": "non_mangrove"}}, {"type": "Feature", "geometry": {"type": "Point", "coordinates": [429420.0, 1471420.0]}, "properties": {"d": 120.0, "s": 2, "Shore_Class": "non_mangrove"}}, {"type": "Feature", "geometry": {"type": "Point", "coordinates": [429430.0, 1471420.0]}, "properties": {"d": 130.0, "s": 2, "Shore_Class": "non_mangrove"}}, {"type": "Feature", "geometry": {"type": "Point", "coordinates": [429440.0, 1471420.0]}, "properties": {"d": 140.0, "s": 2, "Shore_Class": "non_mangrove"}}, {"type": "Feature", "geometry": {"type": "Point", "coordinates": [429450.0, 1471420.0]}, "properties": {"d": 150.0, "s": 2, "Shore_Class": "non_mangrove"}}, {"type": "Feature", "geometry": {"type": "Point", "coordinates": [429169.29, 1470970.71]}, "properties": {"d": -100.0, "s": 3, "Shore_Class": "non_mangrove"}}, {"type": "Feature", "geometry": {"type": "Point", "coordinates": [429176.36, 1470963.64]}, "properties": {"d": -90.0, "s": 3, "Shore_Class": "non_mangrove"}}, {"type": "Feature", "geometry": {"type": "Point", "coordinates": [429183.43, 1470956.57]}, "properties": {"d": -80.0, "s": 3, "Shore_Class": "non_mangrove"}}, {"type": "Feature", "geometry": {"type": "Point", "coordinates": [429190.5, 1470949.5]}, "properties": {"d": -70.0, "s": 3, "Shore_Class": "non_mangrove"}}, {"type": "Feature", "geometry": {"type": "Point", "coordinates": [429197.57, 1470942.43]}, "properties": {"d": -60.0, "s": 3, "Shore_Class": "non_mangrove"}}, {"type": "Feature", "geometry": {"type": "Point", "coordinates": [429204.64, 1470935.36]}, "properties": {"d": -50.0, "s": 3, "Shore_Class": "non_mangrove"}}, {"type": "Feature", "geometry": {"type": "Point", "coordinates": [429211.72, 1470928.28]}, "properties": {"d": -40.0, "s": 3, "Shore_Class": "non_mangrove"}}, {"type": "Feature", "geometry": {"type": "Point", "coordinates": [429218.79, 1470921.21]}, "properties": {"d": -30.0, "s": 3, "Shore_Class": "non_mangrove"}}, {"type": "Feature", "geometry": {"type": "Point", "coordinates": [429225.86, 1470914.14]}, "properties": {"d": -20.0, "s": 3, "Shore_Class": "non_mangrove"}}, {"type": "Feature", "geometry": {"type": "Point", "coordinates": [429232.93, 1470907.07]}, "properties": {"d": -10.0, "s": 3, "Shore_Class": "non_mangrove"}}, {"type": "Feature", "geometry": {"type": "Point", "coordinates": [429240.0, 1470900.0]}, "properties": {"d": 0.0, "s": 3, "Shore_Class": "non_mangrove"}}, {"type": "Feature", "geometry": {"type": "Point", "coordinates": [429247.07, 1470892.93]}, "properties": {"d": 10.0, "s": 3, "Shore_Class": "non_mangrove"}}, {"type": "Feature", "geometry": {"type": "Point", "coordinates": [429254.14, 1470885.86]}, "properties": {"d": 20.0, "s": 3, "Shore_Class": "non_mangrove"}}, {"type": "Feature", "geometry": {"type": "Point", "coordinates": [429261.21, 1470878.79]}, "properties": {"d": 30.0, "s": 3, "Shore_Class": "non_mangrove"}}, {"type": "Feature", "geometry": {"type": "Point", "coordinates": [429268.28, 1470871.72]}, "properties": {"d": 40.0, "s": 3, "Shore_Class": "non_mangrove"}}, {"type": "Feature", "geometry": {"type": "Point", "coordinates": [429275.36, 1470864.64]}, "properties": {"d": 50.0, "s": 3, "Shore_Class": "non_mangrove"}}, {"type": "Feature", "geometry": {"type": "Point", "coordinates": [429282.43, 1470857.57]}, "properties": {"d": 60.0, "s": 3, "Shore_Class": "non_mangrove"}}, {"type": "Feature", "geometry": {"type": "Point", "coordinates": [429289.5, 1470850.5]}, "properties": {"d": 70.0, "s": 3, "Shore_Class": "non_mangrove"}}, {"type": "Feature", "geometry": {"type": "Point", "coordinates": [429296.57, 1470843.43]}, "properties": {"d": 80.0, "s": 3, "Shore_Class": "non_mangrove"}}, {"type": "Feature", "geometry": {"type": "Point", "coordinates": [429303.64, 1470836.36]}, "properties": {"d": 90.0, "s": 3, "Shore_Class": "non_mangrove"}}, {"type": "Feature", "geometry": {"type": "Point", "coordinates": [429310.71, 1470829.29]}, "properties": {"d": 100.0, "s": 3, "Shore_Class": "non_mangrove"}}, {"type": "Feature", "geometry": {"type": "Point", "coordinates": [429317.78, 1470822.22]}, "properties": {"d": 110.0, "s": 3, "Shore_Class": "non_mangrove"}}, {"type": "Feature", "geometry": {"type": "Point", "coordinates": [429324.85, 1470815.15]}, "properties": {"d": 120.0, "s": 3, "Shore_Class": "non_mangrove"}}, {"type": "Feature", "geometry": {"type": "Point", "coordinates": [429331.92, 1470808.08]}, "properties": {"d": 130.0, "s": 3, "Shore_Class": "non_mangrove"}}, {"type": "Feature", "geometry": {"type": "Point", "coordinates": [429338.99, 1470801.01]}, "properties": {"d": 140.0, "s": 3, "Shore_Class": "non_mangrove"}}, {"type": "Feature", "geometry": {"type": "Point", "coordinates": [429346.07, 1470793.93]}, "properties": {"d": 150.0, "s": 3, "Shore_Class": "non_mangrove"}}, {"type": "Feature", "geometry": {"type": "Point", "coordinates": [429200.0, 1470260.0]}, "properties": {"d": -100.0, "s": 4, "Shore_Class": "non_mangrove"}}, {"type": "Feature", "geometry": {"type": "Point", "coordinates": [429210.0, 1470260.0]}, "properties": {"d": -90.0, "s": 4, "Shore_Class": "non_mangrove"}}, {"type": "Feature", "geometry": {"type": "Point", "coordinates": [429220.0, 1470260.0]}, "properties": {"d": -80.0, "s": 4, "Shore_Class": "non_mangrove"}}, {"type": "Feature", "geometry": {"type": "Point", "coordinates": [429230.0, 1470260.0]}, "properties": {"d": -70.0, "s": 4, "Shore_Class": "non_mangrove"}}, {"type": "Feature", "geometry": {"type": "Point", "coordinates": [429240.0, 1470260.0]}, "properties": {"d": -60.0, "s": 4, "Shore_Class": "non_mangrove"}}, {"type": "Feature", "geometry": {"type": "Point", "coordinates": [429250.0, 1470260.0]}, "properties": {"d": -50.0, "s": 4, "Shore_Class": "non_mangrove"}}, {"type": "Feature", "geometry": {"type": "Point", "coordinates": [429260.0, 1470260.0]}, "properties": {"d": -40.0, "s": 4, "Shore_Class": "non_mangrove"}}, {"type": "Feature", "geometry": {"type": "Point", "coordinates": [429270.0, 1470260.0]}, "properties": {"d": -30.0, "s": 4, "Shore_Class": "non_mangrove"}}, {"type": "Feature", "geometry": {"type": "Point", "coordinates": [429280.0, 1470260.0]}, "properties": {"d": -20.0, "s": 4, "Shore_Class": "non_mangrove"}}, {"type": "Feature", "geometry": {"type": "Point", "coordinates": [429290.0, 1470260.0]}, "properties": {"d": -10.0, "s": 4, "Shore_Class": "non_mangrove"}}, {"type": "Feature", "geometry": {"type": "Point", "coordinates": [429300.0, 1470260.0]}, "properties": {"d": 0.0, "s": 4, "Shore_Class": "non_mangrove"}}, {"type": "Feature", "geometry": {"type": "Point", "coordinates": [429310.0, 1470260.0]}, "properties": {"d": 10.0, "s": 4, "Shore_Class": "non_mangrove"}}, {"type": "Feature", "geometry": {"type": "Point", "coordinates": [429320.0, 1470260.0]}, "properties": {"d": 20.0, "s": 4, "Shore_Class": "non_mangrove"}}, {"type": "Feature", "geometry": {"type": "Point", "coordinates": [429330.0, 1470260.0]}, "properties": {"d": 30.0, "s": 4, "Shore_Class": "non_mangrove"}}, {"type": "Feature", "geometry": {"type": "Point", "coordinates": [429340.0, 1470260.0]}, "properties": {"d": 40.0, "s": 4, "Shore_Class": "non_mangrove"}}, {"type": "Feature", "geometry": {"type": "Point", "coordinates": [429350.0, 1470260.0]}, "properties": {"d": 50.0, "s": 4, "Shore_Class": "non_mangrove"}}, {"type": "Feature", "geometry": {"type": "Point", "coordinates": [429360.0, 1470260.0]}, "properties": {"d": 60.0, "s": 4, "Shore_Class": "non_mangrove"}}, {"type": "Feature", "geometry": {"type": "Point", "coordinates": [429370.0, 1470260.0]}, "properties": {"d": 70.0, "s": 4, "Shore_Class": "non_mangrove"}}, {"type": "Feature", "geometry": {"type": "Point", "coordinates": [429380.0, 1470260.0]}, "properties": {"d": 80.0, "s": 4, "Shore_Class": "non_mangrove"}}, {"type": "Feature", "geometry": {"type": "Point", "coordinates": [429390.0, 1470260.0]}, "properties": {"d": 90.0, "s": 4, "Shore_Class": "non_mangrove"}}, {"type": "Feature", "geometry": {"type": "Point", "coordinates": [429400.0, 1470260.0]}, "properties": {"d": 100.0, "s": 4, "Shore_Class": "non_mangrove"}}, {"type": "Feature", "geometry": {"type": "Point", "coordinates": [429410.0, 1470260.0]}, "properties": {"d": 110.0, "s": 4, "Shore_Class": "non_mangrove"}}, {"type": "Feature", "geometry": {"type": "Point", "coordinates": [429420.0, 1470260.0]}, "properties": {"d": 120.0, "s": 4, "Shore_Class": "non_mangrove"}}, {"type": "Feature", "geometry": {"type": "Point", "coordinates": [429430.0, 1470260.0]}, "properties": {"d": 130.0, "s": 4, "Shore_Class": "non_mangrove"}}, {"type": "Feature", "geometry": {"type": "Point", "coordinates": [429440.0, 1470260.0]}, "properties": {"d": 140.0, "s": 4, "Shore_Class": "non_mangrove"}}, {"type": "Feature", "geometry": {"type": "Point", "coordinates": [429450.0, 1470260.0]}, "properties": {"d": 150.0, "s": 4, "Shore_Class": "non_mangrove"}}, {"type": "Feature", "geometry": {"type": "Point", "coordinates": [429609.29, 1469869.29]}, "properties": {"d": -100.0, "s": 5, "Shore_Class": "non_mangrove"}}, {"type": "Feature", "geometry": {"type": "Point", "coordinates": [429616.36, 1469876.36]}, "properties": {"d": -90.0, "s": 5, "Shore_Class": "non_mangrove"}}, {"type": "Feature", "geometry": {"type": "Point", "coordinates": [429623.43, 1469883.43]}, "properties": {"d": -80.0, "s": 5, "Shore_Class": "non_mangrove"}}, {"type": "Feature", "geometry": {"type": "Point", "coordinates": [429630.5, 1469890.5]}, "properties": {"d": -70.0, "s": 5, "Shore_Class": "non_mangrove"}}, {"type": "Feature", "geometry": {"type": "Point", "coordinates": [429637.57, 1469897.57]}, "properties": {"d": -60.0, "s": 5, "Shore_Class": "non_mangrove"}}, {"type": "Feature", "geometry": {"type": "Point", "coordinates": [429644.64, 1469904.64]}, "properties": {"d": -50.0, "s": 5, "Shore_Class": "non_mangrove"}}, {"type": "Feature", "geometry": {"type": "Point", "coordinates": [429651.72, 1469911.72]}, "properties": {"d": -40.0, "s": 5, "Shore_Class": "non_mangrove"}}, {"type": "Feature", "geometry": {"type": "Point", "coordinates": [429658.79, 1469918.79]}, "properties": {"d": -30.0, "s": 5, "Shore_Class": "non_mangrove"}}, {"type": "Feature", "geometry": {"type": "Point", "coordinates": [429665.86, 1469925.86]}, "properties": {"d": -20.0, "s": 5, "Shore_Class": "non_mangrove"}}, {"type": "Feature", "geometry": {"type": "Point", "coordinates": [429672.93, 1469932.93]}, "properties": {"d": -10.0, "s": 5, "Shore_Class": "non_mangrove"}}, {"type": "Feature", "geometry": {"type": "Point", "coordinates": [429680.0, 1469940.0]}, "properties": {"d": 0.0, "s": 5, "Shore_Class": "non_mangrove"}}, {"type": "Feature", "geometry": {"type": "Point", "coordinates": [429687.07, 1469947.07]}, "properties": {"d": 10.0, "s": 5, "Shore_Class": "non_mangrove"}}, {"type": "Feature", "geometry": {"type": "Point", "coordinates": [429694.14, 1469954.14]}, "properties": {"d": 20.0, "s": 5, "Shore_Class": "non_mangrove"}}, {"type": "Feature", "geometry": {"type": "Point", "coordinates": [429701.21, 1469961.21]}, "properties": {"d": 30.0, "s": 5, "Shore_Class": "non_mangrove"}}, {"type": "Feature", "geometry": {"type": "Point", "coordinates": [429708.28, 1469968.28]}, "properties": {"d": 40.0, "s": 5, "Shore_Class": "non_mangrove"}}, {"type": "Feature", "geometry": {"type": "Point", "coordinates": [429715.36, 1469975.36]}, "properties": {"d": 50.0, "s": 5, "Shore_Class": "non_mangrove"}}, {"type": "Feature", "geometry": {"type": "Point", "coordinates": [429722.43, 1469982.43]}, "properties": {"d": 60.0, "s": 5, "Shore_Class": "non_mangrove"}}, {"type": "Feature", "geometry": {"type": "Point", "coordinates": [429729.5, 1469989.5]}, "properties": {"d": 70.0, "s": 5, "Shore_Class": "non_mangrove"}}, {"type": "Feature", "geometry": {"type": "Point", "coordinates": [429736.57, 1469996.57]}, "properties": {"d": 80.0, "s": 5, "Shore_Class": "non_mangrove"}}, {"type": "Feature", "geometry": {"type": "Point", "coordinates": [429743.64, 1470003.64]}, "properties": {"d": 90.0, "s": 5, "Shore_Class": "non_mangrove"}}, {"type": "Feature", "geometry": {"type": "Point", "coordinates": [429750.71, 1470010.71]}, "properties": {"d": 100.0, "s": 5, "Shore_Class": "non_mangrove"}}, {"type": "Feature", "geometry": {"type": "Point", "coordinates": [429757.78, 1470017.78]}, "properties": {"d": 110.0, "s": 5, "Shore_Class": "non_mangrove"}}, {"type": "Feature", "geometry": {"type": "Point", "coordinates": [429764.85, 1470024.85]}, "properties": {"d": 120.0, "s": 5, "Shore_Class": "non_mangrove"}}, {"type": "Feature", "geometry": {"type": "Point", "coordinates": [429771.92, 1470031.92]}, "properties": {"d": 130.0, "s": 5, "Shore_Class": "non_mangrove"}}, {"type": "Feature", "geometry": {"type": "Point", "coordinates": [429778.99, 1470038.99]}, "properties": {"d": 140.0, "s": 5, "Shore_Class": "non_mangrove"}}, {"type": "Feature", "geometry": {"type": "Point", "coordinates": [429786.07, 1470046.07]}, "properties": {"d": 150.0, "s": 5, "Shore_Class": "non_mangrove"}}, {"type": "Feature", "geometry": {"type": "Point", "coordinates": [429261.94, 1468979.61]}, "properties": {"d": -100.0, "s": 6, "Shore_Class": "non_mangrove"}}, {"type": "Feature", "geometry": {"type": "Point", "coordinates": [429271.75, 1468977.65]}, "properties": {"d": -90.0, "s": 6, "Shore_Class": "non_mangrove"}}, {"type": "Feature", "geometry": {"type": "Point", "coordinates": [429281.55, 1468975.69]}, "properties": {"d": -80.0, "s": 6, "Shore_Class": "non_mangrove"}}, {"type": "Feature", "geometry": {"type": "Point", "coordinates": [429291.36, 1468973.73]}, "properties": {"d": -70.0, "s": 6, "Shore_Class": "non_mangrove"}}, {"type": "Feature", "geometry": {"type": "Point", "coordinates": [429301.17, 1468971.77]}, "properties": {"d": -60.0, "s": 6, "Shore_Class": "non_mangrove"}}, {"type": "Feature", "geometry": {"type": "Point", "coordinates": [429310.97, 1468969.81]}, "properties": {"d": -50.0, "s": 6, "Shore_Class": "non_mangrove"}}, {"type": "Feature", "geometry": {"type": "Point", "coordinates": [429320.78, 1468967.84]}, "properties": {"d": -40.0, "s": 6, "Shore_Class": "non_mangrove"}}, {"type": "Feature", "geometry": {"type": "Point", "coordinates": [429330.58, 1468965.88]}, "properties": {"d": -30.0, "s": 6, "Shore_Class": "non_mangrove"}}, {"type": "Feature", "geometry": {"type": "Point", "coordinates": [429340.39, 1468963.92]}, "properties": {"d": -20.0, "s": 6, "Shore_Class": "non_mangrove"}}, {"type": "Feature", "geometry": {"type": "Point", "coordinates": [429350.19, 1468961.96]}, "properties": {"d": -10.0, "s": 6, "Shore_Class": "non_mangrove"}}, {"type": "Feature", "geometry": {"type": "Point", "coordinates": [429360.0, 1468960.0]}, "properties": {"d": 0.0, "s": 6, "Shore_Class": "non_mangrove"}}, {"type": "Feature", "geometry": {"type": "Point", "coordinates": [429369.81, 1468958.04]}, "properties": {"d": 10.0, "s": 6, "Shore_Class": "non_mangrove"}}, {"type": "Feature", "geometry": {"type": "Point", "coordinates": [429379.61, 1468956.08]}, "properties": {"d": 20.0, "s": 6, "Shore_Class": "non_mangrove"}}, {"type": "Feature", "geometry": {"type": "Point", "coordinates": [429389.42, 1468954.12]}, "properties": {"d": 30.0, "s": 6, "Shore_Class": "non_mangrove"}}, {"type": "Feature", "geometry": {"type": "Point", "coordinates": [429399.22, 1468952.16]}, "properties": {"d": 40.0, "s": 6, "Shore_Class": "non_mangrove"}}, {"type": "Feature", "geometry": {"type": "Point", "coordinates": [429409.03, 1468950.19]}, "properties": {"d": 50.0, "s": 6, "Shore_Class": "non_mangrove"}}, {"type": "Feature", "geometry": {"type": "Point", "coordinates": [429418.83, 1468948.23]}, "properties": {"d": 60.0, "s": 6, "Shore_Class": "non_mangrove"}}, {"type": "Feature", "geometry": {"type": "Point", "coordinates": [429428.64, 1468946.27]}, "properties": {"d": 70.0, "s": 6, "Shore_Class": "non_mangrove"}}, {"type": "Feature", "geometry": {"type": "Point", "coordinates": [429438.45, 1468944.31]}, "properties": {"d": 80.0, "s": 6, "Shore_Class": "non_mangrove"}}, {"type": "Feature", "geometry": {"type": "Point", "coordinates": [429448.25, 1468942.35]}, "properties": {"d": 90.0, "s": 6, "Shore_Class": "non_mangrove"}}, {"type": "Feature", "geometry": {"type": "Point", "coordinates": [429458.06, 1468940.39]}, "properties": {"d": 100.0, "s": 6, "Shore_Class": "non_mangrove"}}, {"type": "Feature", "geometry": {"type": "Point", "coordinates": [429467.86, 1468938.43]}, "properties": {"d": 110.0, "s": 6, "Shore_Class": "non_mangrove"}}, {"type": "Feature", "geometry": {"type": "Point", "coordinates": [429477.67, 1468936.47]}, "properties": {"d": 120.0, "s": 6, "Shore_Class": "non_mangrove"}}, {"type": "Feature", "geometry": {"type": "Point", "coordinates": [429487.48, 1468934.5]}, "properties": {"d": 130.0, "s": 6, "Shore_Class": "non_mangrove"}}, {"type": "Feature", "geometry": {"type": "Point", "coordinates": [429497.28, 1468932.54]}, "properties": {"d": 140.0, "s": 6, "Shore_Class": "non_mangrove"}}, {"type": "Feature", "geometry": {"type": "Point", "coordinates": [429507.09, 1468930.58]}, "properties": {"d": 150.0, "s": 6, "Shore_Class": "non_mangrove"}}, {"type": "Feature", "geometry": {"type": "Point", "coordinates": [428400.0, 1467820.0]}, "properties": {"d": -100.0, "s": 7, "Shore_Class": "non_mangrove"}}, {"type": "Feature", "geometry": {"type": "Point", "coordinates": [428400.0, 1467810.0]}, "properties": {"d": -90.0, "s": 7, "Shore_Class": "non_mangrove"}}, {"type": "Feature", "geometry": {"type": "Point", "coordinates": [428400.0, 1467800.0]}, "properties": {"d": -80.0, "s": 7, "Shore_Class": "non_mangrove"}}, {"type": "Feature", "geometry": {"type": "Point", "coordinates": [428400.0, 1467790.0]}, "properties": {"d": -70.0, "s": 7, "Shore_Class": "non_mangrove"}}, {"type": "Feature", "geometry": {"type": "Point", "coordinates": [428400.0, 1467780.0]}, "properties": {"d": -60.0, "s": 7, "Shore_Class": "non_mangrove"}}, {"type": "Feature", "geometry": {"type": "Point", "coordinates": [428400.0, 1467770.0]}, "properties": {"d": -50.0, "s": 7, "Shore_Class": "non_mangrove"}}, {"type": "Feature", "geometry": {"type": "Point", "coordinates": [428400.0, 1467760.0]}, "properties": {"d": -40.0, "s": 7, "Shore_Class": "non_mangrove"}}, {"type": "Feature", "geometry": {"type": "Point", "coordinates": [428400.0, 1467750.0]}, "properties": {"d": -30.0, "s": 7, "Shore_Class": "non_mangrove"}}, {"type": "Feature", "geometry": {"type": "Point", "coordinates": [428400.0, 1467740.0]}, "properties": {"d": -20.0, "s": 7, "Shore_Class": "non_mangrove"}}, {"type": "Feature", "geometry": {"type": "Point", "coordinates": [428400.0, 1467730.0]}, "properties": {"d": -10.0, "s": 7, "Shore_Class": "non_mangrove"}}, {"type": "Feature", "geometry": {"type": "Point", "coordinates": [428400.0, 1467720.0]}, "properties": {"d": 0.0, "s": 7, "Shore_Class": "non_mangrove"}}, {"type": "Feature", "geometry": {"type": "Point", "coordinates": [428400.0, 1467710.0]}, "properties": {"d": 10.0, "s": 7, "Shore_Class": "non_mangrove"}}, {"type": "Feature", "geometry": {"type": "Point", "coordinates": [428400.0, 1467700.0]}, "properties": {"d": 20.0, "s": 7, "Shore_Class": "non_mangrove"}}, {"type": "Feature", "geometry": {"type": "Point", "coordinates": [428400.0, 1467690.0]}, "properties": {"d": 30.0, "s": 7, "Shore_Class": "non_mangrove"}}, {"type": "Feature", "geometry": {"type": "Point", "coordinates": [428400.0, 1467680.0]}, "properties": {"d": 40.0, "s": 7, "Shore_Class": "non_mangrove"}}, {"type": "Feature", "geometry": {"type": "Point", "coordinates": [428400.0, 1467670.0]}, "properties": {"d": 50.0, "s": 7, "Shore_Class": "non_mangrove"}}, {"type": "Feature", "geometry": {"type": "Point", "coordinates": [428400.0, 1467660.0]}, "properties": {"d": 60.0, "s": 7, "Shore_Class": "non_mangrove"}}, {"type": "Feature", "geometry": {"type": "Point", "coordinates": [428400.0, 1467650.0]}, "properties": {"d": 70.0, "s": 7, "Shore_Class": "non_mangrove"}}, {"type": "Feature", "geometry": {"type": "Point", "coordinates": [428400.0, 1467640.0]}, "properties": {"d": 80.0, "s": 7, "Shore_Class": "non_mangrove"}}, {"type": "Feature", "geometry": {"type": "Point", "coordinates": [428400.0, 1467630.0]}, "properties": {"d": 90.0, "s": 7, "Shore_Class": "non_mangrove"}}, {"type": "Feature", "geometry": {"type": "Point", "coordinates": [428400.0, 1467620.0]}, "properties": {"d": 100.0, "s": 7, "Shore_Class": "non_mangrove"}}, {"type": "Feature", "geometry": {"type": "Point", "coordinates": [428400.0, 1467610.0]}, "properties": {"d": 110.0, "s": 7, "Shore_Class": "non_mangrove"}}, {"type": "Feature", "geometry": {"type": "Point", "coordinates": [428400.0, 1467600.0]}, "properties": {"d": 120.0, "s": 7, "Shore_Class": "non_mangrove"}}, {"type": "Feature", "geometry": {"type": "Point", "coordinates": [428400.0, 1467590.0]}, "properties": {"d": 130.0, "s": 7, "Shore_Class": "non_mangrove"}}, {"type": "Feature", "geometry": {"type": "Point", "coordinates": [428400.0, 1467580.0]}, "properties": {"d": 140.0, "s": 7, "Shore_Class": "non_mangrove"}}, {"type": "Feature", "geometry": {"type": "Point", "coordinates": [428400.0, 1467570.0]}, "properties": {"d": 150.0, "s": 7, "Shore_Class": "non_mangrove"}}, {"type": "Feature", "geometry": {"type": "Point", "coordinates": [428189.29, 1466329.29]}, "properties": {"d": -100.0, "s": 8, "Shore_Class": "non_mangrove"}}, {"type": "Feature", "geometry": {"type": "Point", "coordinates": [428196.36, 1466336.36]}, "properties": {"d": -90.0, "s": 8, "Shore_Class": "non_mangrove"}}, {"type": "Feature", "geometry": {"type": "Point", "coordinates": [428203.43, 1466343.43]}, "properties": {"d": -80.0, "s": 8, "Shore_Class": "non_mangrove"}}, {"type": "Feature", "geometry": {"type": "Point", "coordinates": [428210.5, 1466350.5]}, "properties": {"d": -70.0, "s": 8, "Shore_Class": "non_mangrove"}}, {"type": "Feature", "geometry": {"type": "Point", "coordinates": [428217.57, 1466357.57]}, "properties": {"d": -60.0, "s": 8, "Shore_Class": "non_mangrove"}}, {"type": "Feature", "geometry": {"type": "Point", "coordinates": [428224.64, 1466364.64]}, "properties": {"d": -50.0, "s": 8, "Shore_Class": "non_mangrove"}}, {"type": "Feature", "geometry": {"type": "Point", "coordinates": [428231.72, 1466371.72]}, "properties": {"d": -40.0, "s": 8, "Shore_Class": "non_mangrove"}}, {"type": "Feature", "geometry": {"type": "Point", "coordinates": [428238.79, 1466378.79]}, "properties": {"d": -30.0, "s": 8, "Shore_Class": "non_mangrove"}}, {"type": "Feature", "geometry": {"type": "Point", "coordinates": [428245.86, 1466385.86]}, "properties": {"d": -20.0, "s": 8, "Shore_Class": "non_mangrove"}}, {"type": "Feature", "geometry": {"type": "Point", "coordinates": [428252.93, 1466392.93]}, "properties": {"d": -10.0, "s": 8, "Shore_Class": "non_mangrove"}}, {"type": "Feature", "geometry": {"type": "Point", "coordinates": [428260.0, 1466400.0]}, "properties": {"d": 0.0, "s": 8, "Shore_Class": "non_mangrove"}}, {"type": "Feature", "geometry": {"type": "Point", "coordinates": [428267.07, 1466407.07]}, "properties": {"d": 10.0, "s": 8, "Shore_Class": "non_mangrove"}}, {"type": "Feature", "geometry": {"type": "Point", "coordinates": [428274.14, 1466414.14]}, "properties": {"d": 20.0, "s": 8, "Shore_Class": "non_mangrove"}}, {"type": "Feature", "geometry": {"type": "Point", "coordinates": [428281.21, 1466421.21]}, "properties": {"d": 30.0, "s": 8, "Shore_Class": "non_mangrove"}}, {"type": "Feature", "geometry": {"type": "Point", "coordinates": [428288.28, 1466428.28]}, "properties": {"d": 40.0, "s": 8, "Shore_Class": "non_mangrove"}}, {"type": "Feature", "geometry": {"type": "Point", "coordinates": [428295.36, 1466435.36]}, "properties": {"d": 50.0, "s": 8, "Shore_Class": "non_mangrove"}}, {"type": "Feature", "geometry": {"type": "Point", "coordinates": [428302.43, 1466442.43]}, "properties": {"d": 60.0, "s": 8, "Shore_Class": "non_mangrove"}}, {"type": "Feature", "geometry": {"type": "Point", "coordinates": [428309.5, 1466449.5]}, "properties": {"d": 70.0, "s": 8, "Shore_Class": "non_mangrove"}}, {"type": "Feature", "geometry": {"type": "Point", "coordinates": [428316.57, 1466456.57]}, "properties": {"d": 80.0, "s": 8, "Shore_Class": "non_mangrove"}}, {"type": "Feature", "geometry": {"type": "Point", "coordinates": [428323.64, 1466463.64]}, "properties": {"d": 90.0, "s": 8, "Shore_Class": "non_mangrove"}}, {"type": "Feature", "geometry": {"type": "Point", "coordinates": [428330.71, 1466470.71]}, "properties": {"d": 100.0, "s": 8, "Shore_Class": "non_mangrove"}}, {"type": "Feature", "geometry": {"type": "Point", "coordinates": [428337.78, 1466477.78]}, "properties": {"d": 110.0, "s": 8, "Shore_Class": "non_mangrove"}}, {"type": "Feature", "geometry": {"type": "Point", "coordinates": [428344.85, 1466484.85]}, "properties": {"d": 120.0, "s": 8, "Shore_Class": "non_mangrove"}}, {"type": "Feature", "geometry": {"type": "Point", "coordinates": [428351.92, 1466491.92]}, "properties": {"d": 130.0, "s": 8, "Shore_Class": "non_mangrove"}}, {"type": "Feature", "geometry": {"type": "Point", "coordinates": [428358.99, 1466498.99]}, "properties": {"d": 140.0, "s": 8, "Shore_Class": "non_mangrove"}}, {"type": "Feature", "geometry": {"type": "Point", "coordinates": [428366.07, 1466506.07]}, "properties": {"d": 150.0, "s": 8, "Shore_Class": "non_mangrove"}}, {"type": "Feature", "geometry": {"type": "Point", "coordinates": [427439.29, 1462900.71]}, "properties": {"d": -100.0, "s": 9, "Shore_Class": "mangrove"}}, {"type": "Feature", "geometry": {"type": "Point", "coordinates": [427446.36, 1462893.64]}, "properties": {"d": -90.0, "s": 9, "Shore_Class": "mangrove"}}, {"type": "Feature", "geometry": {"type": "Point", "coordinates": [427453.43, 1462886.57]}, "properties": {"d": -80.0, "s": 9, "Shore_Class": "mangrove"}}, {"type": "Feature", "geometry": {"type": "Point", "coordinates": [427460.5, 1462879.5]}, "properties": {"d": -70.0, "s": 9, "Shore_Class": "mangrove"}}, {"type": "Feature", "geometry": {"type": "Point", "coordinates": [427467.57, 1462872.43]}, "properties": {"d": -60.0, "s": 9, "Shore_Class": "mangrove"}}, {"type": "Feature", "geometry": {"type": "Point", "coordinates": [427474.64, 1462865.36]}, "properties": {"d": -50.0, "s": 9, "Shore_Class": "mangrove"}}, {"type": "Feature", "geometry": {"type": "Point", "coordinates": [427481.72, 1462858.28]}, "properties": {"d": -40.0, "s": 9, "Shore_Class": "mangrove"}}, {"type": "Feature", "geometry": {"type": "Point", "coordinates": [427488.79, 1462851.21]}, "properties": {"d": -30.0, "s": 9, "Shore_Class": "mangrove"}}, {"type": "Feature", "geometry": {"type": "Point", "coordinates": [427495.86, 1462844.14]}, "properties": {"d": -20.0, "s": 9, "Shore_Class": "mangrove"}}, {"type": "Feature", "geometry": {"type": "Point", "coordinates": [427502.93, 1462837.07]}, "properties": {"d": -10.0, "s": 9, "Shore_Class": "mangrove"}}, {"type": "Feature", "geometry": {"type": "Point", "coordinates": [427510.0, 1462830.0]}, "properties": {"d": 0.0, "s": 9, "Shore_Class": "mangrove"}}, {"type": "Feature", "geometry": {"type": "Point", "coordinates": [427517.07, 1462822.93]}, "properties": {"d": 10.0, "s": 9, "Shore_Class": "mangrove"}}, {"type": "Feature", "geometry": {"type": "Point", "coordinates": [427524.14, 1462815.86]}, "properties": {"d": 20.0, "s": 9, "Shore_Class": "mangrove"}}, {"type": "Feature", "geometry": {"type": "Point", "coordinates": [427531.21, 1462808.79]}, "properties": {"d": 30.0, "s": 9, "Shore_Class": "mangrove"}}, {"type": "Feature", "geometry": {"type": "Point", "coordinates": [427538.28, 1462801.72]}, "properties": {"d": 40.0, "s": 9, "Shore_Class": "mangrove"}}, {"type": "Feature", "geometry": {"type": "Point", "coordinates": [427545.36, 1462794.64]}, "properties": {"d": 50.0, "s": 9, "Shore_Class": "mangrove"}}, {"type": "Feature", "geometry": {"type": "Point", "coordinates": [427552.43, 1462787.57]}, "properties": {"d": 60.0, "s": 9, "Shore_Class": "mangrove"}}, {"type": "Feature", "geometry": {"type": "Point", "coordinates": [427559.5, 1462780.5]}, "properties": {"d": 70.0, "s": 9, "Shore_Class": "mangrove"}}, {"type": "Feature", "geometry": {"type": "Point", "coordinates": [427566.57, 1462773.43]}, "properties": {"d": 80.0, "s": 9, "Shore_Class": "mangrove"}}, {"type": "Feature", "geometry": {"type": "Point", "coordinates": [427573.64, 1462766.36]}, "properties": {"d": 90.0, "s": 9, "Shore_Class": "mangrove"}}, {"type": "Feature", "geometry": {"type": "Point", "coordinates": [427580.71, 1462759.29]}, "properties": {"d": 100.0, "s": 9, "Shore_Class": "mangrove"}}, {"type": "Feature", "geometry": {"type": "Point", "coordinates": [427587.78, 1462752.22]}, "properties": {"d": 110.0, "s": 9, "Shore_Class": "mangrove"}}, {"type": "Feature", "geometry": {"type": "Point", "coordinates": [427594.85, 1462745.15]}, "properties": {"d": 120.0, "s": 9, "Shore_Class": "mangrove"}}, {"type": "Feature", "geometry": {"type": "Point", "coordinates": [427601.92, 1462738.08]}, "properties": {"d": 130.0, "s": 9, "Shore_Class": "mangrove"}}, {"type": "Feature", "geometry": {"type": "Point", "coordinates": [427608.99, 1462731.01]}, "properties": {"d": 140.0, "s": 9, "Shore_Class": "mangrove"}}, {"type": "Feature", "geometry": {"type": "Point", "coordinates": [427616.07, 1462723.93]}, "properties": {"d": 150.0, "s": 9, "Shore_Class": "mangrove"}}, {"type": "Feature", "geometry": {"type": "Point", "coordinates": [427459.29, 1462660.71]}, "properties": {"d": -100.0, "s": 10, "Shore_Class": "mangrove"}}, {"type": "Feature", "geometry": {"type": "Point", "coordinates": [427466.36, 1462653.64]}, "properties": {"d": -90.0, "s": 10, "Shore_Class": "mangrove"}}, {"type": "Feature", "geometry": {"type": "Point", "coordinates": [427473.43, 1462646.57]}, "properties": {"d": -80.0, "s": 10, "Shore_Class": "mangrove"}}, {"type": "Feature", "geometry": {"type": "Point", "coordinates": [427480.5, 1462639.5]}, "properties": {"d": -70.0, "s": 10, "Shore_Class": "mangrove"}}, {"type": "Feature", "geometry": {"type": "Point", "coordinates": [427487.57, 1462632.43]}, "properties": {"d": -60.0, "s": 10, "Shore_Class": "mangrove"}}, {"type": "Feature", "geometry": {"type": "Point", "coordinates": [427494.64, 1462625.36]}, "properties": {"d": -50.0, "s": 10, "Shore_Class": "mangrove"}}, {"type": "Feature", "geometry": {"type": "Point", "coordinates": [427501.72, 1462618.28]}, "properties": {"d": -40.0, "s": 10, "Shore_Class": "mangrove"}}, {"type": "Feature", "geometry": {"type": "Point", "coordinates": [427508.79, 1462611.21]}, "properties": {"d": -30.0, "s": 10, "Shore_Class": "mangrove"}}, {"type": "Feature", "geometry": {"type": "Point", "coordinates": [427515.86, 1462604.14]}, "properties": {"d": -20.0, "s": 10, "Shore_Class": "mangrove"}}, {"type": "Feature", "geometry": {"type": "Point", "coordinates": [427522.93, 1462597.07]}, "properties": {"d": -10.0, "s": 10, "Shore_Class": "mangrove"}}, {"type": "Feature", "geometry": {"type": "Point", "coordinates": [427530.0, 1462590.0]}, "properties": {"d": 0.0, "s": 10, "Shore_Class": "mangrove"}}, {"type": "Feature", "geometry": {"type": "Point", "coordinates": [427537.07, 1462582.93]}, "properties": {"d": 10.0, "s": 10, "Shore_Class": "mangrove"}}, {"type": "Feature", "geometry": {"type": "Point", "coordinates": [427544.14, 1462575.86]}, "properties": {"d": 20.0, "s": 10, "Shore_Class": "mangrove"}}, {"type": "Feature", "geometry": {"type": "Point", "coordinates": [427551.21, 1462568.79]}, "properties": {"d": 30.0, "s": 10, "Shore_Class": "mangrove"}}, {"type": "Feature", "geometry": {"type": "Point", "coordinates": [427558.28, 1462561.72]}, "properties": {"d": 40.0, "s": 10, "Shore_Class": "mangrove"}}, {"type": "Feature", "geometry": {"type": "Point", "coordinates": [427565.36, 1462554.64]}, "properties": {"d": 50.0, "s": 10, "Shore_Class": "mangrove"}}, {"type": "Feature", "geometry": {"type": "Point", "coordinates": [427572.43, 1462547.57]}, "properties": {"d": 60.0, "s": 10, "Shore_Class": "mangrove"}}, {"type": "Feature", "geometry": {"type": "Point", "coordinates": [427579.5, 1462540.5]}, "properties": {"d": 70.0, "s": 10, "Shore_Class": "mangrove"}}, {"type": "Feature", "geometry": {"type": "Point", "coordinates": [427586.57, 1462533.43]}, "properties": {"d": 80.0, "s": 10, "Shore_Class": "mangrove"}}, {"type": "Feature", "geometry": {"type": "Point", "coordinates": [427593.64, 1462526.36]}, "properties": {"d": 90.0, "s": 10, "Shore_Class": "mangrove"}}, {"type": "Feature", "geometry": {"type": "Point", "coordinates": [427600.71, 1462519.29]}, "properties": {"d": 100.0, "s": 10, "Shore_Class": "mangrove"}}, {"type": "Feature", "geometry": {"type": "Point", "coordinates": [427607.78, 1462512.22]}, "properties": {"d": 110.0, "s": 10, "Shore_Class": "mangrove"}}, {"type": "Feature", "geometry": {"type": "Point", "coordinates": [427614.85, 1462505.15]}, "properties": {"d": 120.0, "s": 10, "Shore_Class": "mangrove"}}, {"type": "Feature", "geometry": {"type": "Point", "coordinates": [427621.92, 1462498.08]}, "properties": {"d": 130.0, "s": 10, "Shore_Class": "mangrove"}}, {"type": "Feature", "geometry": {"type": "Point", "coordinates": [427629.0, 1462491.01]}, "properties": {"d": 140.0, "s": 10, "Shore_Class": "mangrove"}}, {"type": "Feature", "geometry": {"type": "Point", "coordinates": [427636.07, 1462483.93]}, "properties": {"d": 150.0, "s": 10, "Shore_Class": "mangrove"}}, {"type": "Feature", "geometry": {"type": "Point", "coordinates": [427319.29, 1462300.71]}, "properties": {"d": -100.0, "s": 11, "Shore_Class": "mangrove"}}, {"type": "Feature", "geometry": {"type": "Point", "coordinates": [427326.36, 1462293.64]}, "properties": {"d": -90.0, "s": 11, "Shore_Class": "mangrove"}}, {"type": "Feature", "geometry": {"type": "Point", "coordinates": [427333.43, 1462286.57]}, "properties": {"d": -80.0, "s": 11, "Shore_Class": "mangrove"}}, {"type": "Feature", "geometry": {"type": "Point", "coordinates": [427340.5, 1462279.5]}, "properties": {"d": -70.0, "s": 11, "Shore_Class": "mangrove"}}, {"type": "Feature", "geometry": {"type": "Point", "coordinates": [427347.57, 1462272.43]}, "properties": {"d": -60.0, "s": 11, "Shore_Class": "mangrove"}}, {"type": "Feature", "geometry": {"type": "Point", "coordinates": [427354.64, 1462265.36]}, "properties": {"d": -50.0, "s": 11, "Shore_Class": "mangrove"}}, {"type": "Feature", "geometry": {"type": "Point", "coordinates": [427361.72, 1462258.28]}, "properties": {"d": -40.0, "s": 11, "Shore_Class": "mangrove"}}, {"type": "Feature", "geometry": {"type": "Point", "coordinates": [427368.79, 1462251.21]}, "properties": {"d": -30.0, "s": 11, "Shore_Class": "mangrove"}}, {"type": "Feature", "geometry": {"type": "Point", "coordinates": [427375.86, 1462244.14]}, "properties": {"d": -20.0, "s": 11, "Shore_Class": "mangrove"}}, {"type": "Feature", "geometry": {"type": "Point", "coordinates": [427382.93, 1462237.07]}, "properties": {"d": -10.0, "s": 11, "Shore_Class": "mangrove"}}, {"type": "Feature", "geometry": {"type": "Point", "coordinates": [427390.0, 1462230.0]}, "properties": {"d": 0.0, "s": 11, "Shore_Class": "mangrove"}}, {"type": "Feature", "geometry": {"type": "Point", "coordinates": [427397.07, 1462222.93]}, "properties": {"d": 10.0, "s": 11, "Shore_Class": "mangrove"}}, {"type": "Feature", "geometry": {"type": "Point", "coordinates": [427404.14, 1462215.86]}, "properties": {"d": 20.0, "s": 11, "Shore_Class": "mangrove"}}, {"type": "Feature", "geometry": {"type": "Point", "coordinates": [427411.21, 1462208.79]}, "properties": {"d": 30.0, "s": 11, "Shore_Class": "mangrove"}}, {"type": "Feature", "geometry": {"type": "Point", "coordinates": [427418.28, 1462201.72]}, "properties": {"d": 40.0, "s": 11, "Shore_Class": "mangrove"}}, {"type": "Feature", "geometry": {"type": "Point", "coordinates": [427425.36, 1462194.64]}, "properties": {"d": 50.0, "s": 11, "Shore_Class": "mangrove"}}, {"type": "Feature", "geometry": {"type": "Point", "coordinates": [427432.43, 1462187.57]}, "properties": {"d": 60.0, "s": 11, "Shore_Class": "mangrove"}}, {"type": "Feature", "geometry": {"type": "Point", "coordinates": [427439.5, 1462180.5]}, "properties": {"d": 70.0, "s": 11, "Shore_Class": "mangrove"}}, {"type": "Feature", "geometry": {"type": "Point", "coordinates": [427446.57, 1462173.43]}, "properties": {"d": 80.0, "s": 11, "Shore_Class": "mangrove"}}, {"type": "Feature", "geometry": {"type": "Point", "coordinates": [427453.64, 1462166.36]}, "properties": {"d": 90.0, "s": 11, "Shore_Class": "mangrove"}}, {"type": "Feature", "geometry": {"type": "Point", "coordinates": [427460.71, 1462159.29]}, "properties": {"d": 100.0, "s": 11, "Shore_Class": "mangrove"}}, {"type": "Feature", "geometry": {"type": "Point", "coordinates": [427467.78, 1462152.22]}, "properties": {"d": 110.0, "s": 11, "Shore_Class": "mangrove"}}, {"type": "Feature", "geometry": {"type": "Point", "coordinates": [427474.85, 1462145.15]}, "properties": {"d": 120.0, "s": 11, "Shore_Class": "mangrove"}}, {"type": "Feature", "geometry": {"type": "Point", "coordinates": [427481.92, 1462138.08]}, "properties": {"d": 130.0, "s": 11, "Shore_Class": "mangrove"}}, {"type": "Feature", "geometry": {"type": "Point", "coordinates": [427488.99, 1462131.01]}, "properties": {"d": 140.0, "s": 11, "Shore_Class": "mangrove"}}, {"type": "Feature", "geometry": {"type": "Point", "coordinates": [427496.07, 1462123.93]}, "properties": {"d": 150.0, "s": 11, "Shore_Class": "mangrove"}}, {"type": "Feature", "geometry": {"type": "Point", "coordinates": [427130.0, 1461890.0]}, "properties": {"d": -100.0, "s": 12, "Shore_Class": "mangrove"}}, {"type": "Feature", "geometry": {"type": "Point", "coordinates": [427140.0, 1461890.0]}, "properties": {"d": -90.0, "s": 12, "Shore_Class": "mangrove"}}, {"type": "Feature", "geometry": {"type": "Point", "coordinates": [427150.0, 1461890.0]}, "properties": {"d": -80.0, "s": 12, "Shore_Class": "mangrove"}}, {"type": "Feature", "geometry": {"type": "Point", "coordinates": [427160.0, 1461890.0]}, "properties": {"d": -70.0, "s": 12, "Shore_Class": "mangrove"}}, {"type": "Feature", "geometry": {"type": "Point", "coordinates": [427170.0, 1461890.0]}, "properties": {"d": -60.0, "s": 12, "Shore_Class": "mangrove"}}, {"type": "Feature", "geometry": {"type": "Point", "coordinates": [427180.0, 1461890.0]}, "properties": {"d": -50.0, "s": 12, "Shore_Class": "mangrove"}}, {"type": "Feature", "geometry": {"type": "Point", "coordinates": [427190.0, 1461890.0]}, "properties": {"d": -40.0, "s": 12, "Shore_Class": "mangrove"}}, {"type": "Feature", "geometry": {"type": "Point", "coordinates": [427200.0, 1461890.0]}, "properties": {"d": -30.0, "s": 12, "Shore_Class": "mangrove"}}, {"type": "Feature", "geometry": {"type": "Point", "coordinates": [427210.0, 1461890.0]}, "properties": {"d": -20.0, "s": 12, "Shore_Class": "mangrove"}}, {"type": "Feature", "geometry": {"type": "Point", "coordinates": [427220.0, 1461890.0]}, "properties": {"d": -10.0, "s": 12, "Shore_Class": "mangrove"}}, {"type": "Feature", "geometry": {"type": "Point", "coordinates": [427230.0, 1461890.0]}, "properties": {"d": 0.0, "s": 12, "Shore_Class": "mangrove"}}, {"type": "Feature", "geometry": {"type": "Point", "coordinates": [427240.0, 1461890.0]}, "properties": {"d": 10.0, "s": 12, "Shore_Class": "mangrove"}}, {"type": "Feature", "geometry": {"type": "Point", "coordinates": [427250.0, 1461890.0]}, "properties": {"d": 20.0, "s": 12, "Shore_Class": "mangrove"}}, {"type": "Feature", "geometry": {"type": "Point", "coordinates": [427260.0, 1461890.0]}, "properties": {"d": 30.0, "s": 12, "Shore_Class": "mangrove"}}, {"type": "Feature", "geometry": {"type": "Point", "coordinates": [427270.0, 1461890.0]}, "properties": {"d": 40.0, "s": 12, "Shore_Class": "mangrove"}}, {"type": "Feature", "geometry": {"type": "Point", "coordinates": [427280.0, 1461890.0]}, "properties": {"d": 50.0, "s": 12, "Shore_Class": "mangrove"}}, {"type": "Feature", "geometry": {"type": "Point", "coordinates": [427290.0, 1461890.0]}, "properties": {"d": 60.0, "s": 12, "Shore_Class": "mangrove"}}, {"type": "Feature", "geometry": {"type": "Point", "coordinates": [427300.0, 1461890.0]}, "properties": {"d": 70.0, "s": 12, "Shore_Class": "mangrove"}}, {"type": "Feature", "geometry": {"type": "Point", "coordinates": [427310.0, 1461890.0]}, "properties": {"d": 80.0, "s": 12, "Shore_Class": "mangrove"}}, {"type": "Feature", "geometry": {"type": "Point", "coordinates": [427320.0, 1461890.0]}, "properties": {"d": 90.0, "s": 12, "Shore_Class": "mangrove"}}, {"type": "Feature", "geometry": {"type": "Point", "coordinates": [427330.0, 1461890.0]}, "properties": {"d": 100.0, "s": 12, "Shore_Class": "mangrove"}}, {"type": "Feature", "geometry": {"type": "Point", "coordinates": [427340.0, 1461890.0]}, "properties": {"d": 110.0, "s": 12, "Shore_Class": "mangrove"}}, {"type": "Feature", "geometry": {"type": "Point", "coordinates": [427350.0, 1461890.0]}, "properties": {"d": 120.0, "s": 12, "Shore_Class": "mangrove"}}, {"type": "Feature", "geometry": {"type": "Point", "coordinates": [427360.0, 1461890.0]}, "properties": {"d": 130.0, "s": 12, "Shore_Class": "mangrove"}}, {"type": "Feature", "geometry": {"type": "Point", "coordinates": [427370.0, 1461890.0]}, "properties": {"d": 140.0, "s": 12, "Shore_Class": "mangrove"}}, {"type": "Feature", "geometry": {"type": "Point", "coordinates": [427380.0, 1461890.0]}, "properties": {"d": 150.0, "s": 12, "Shore_Class": "mangrove"}}, {"type": "Feature", "geometry": {"type": "Point", "coordinates": [427010.0, 1461510.0]}, "properties": {"d": -100.0, "s": 13, "Shore_Class": "mangrove"}}, {"type": "Feature", "geometry": {"type": "Point", "coordinates": [427020.0, 1461510.0]}, "properties": {"d": -90.0, "s": 13, "Shore_Class": "mangrove"}}, {"type": "Feature", "geometry": {"type": "Point", "coordinates": [427030.0, 1461510.0]}, "properties": {"d": -80.0, "s": 13, "Shore_Class": "mangrove"}}, {"type": "Feature", "geometry": {"type": "Point", "coordinates": [427040.0, 1461510.0]}, "properties": {"d": -70.0, "s": 13, "Shore_Class": "mangrove"}}, {"type": "Feature", "geometry": {"type": "Point", "coordinates": [427050.0, 1461510.0]}, "properties": {"d": -60.0, "s": 13, "Shore_Class": "mangrove"}}, {"type": "Feature", "geometry": {"type": "Point", "coordinates": [427060.0, 1461510.0]}, "properties": {"d": -50.0, "s": 13, "Shore_Class": "mangrove"}}, {"type": "Feature", "geometry": {"type": "Point", "coordinates": [427070.0, 1461510.0]}, "properties": {"d": -40.0, "s": 13, "Shore_Class": "mangrove"}}, {"type": "Feature", "geometry": {"type": "Point", "coordinates": [427080.0, 1461510.0]}, "properties": {"d": -30.0, "s": 13, "Shore_Class": "mangrove"}}, {"type": "Feature", "geometry": {"type": "Point", "coordinates": [427090.0, 1461510.0]}, "properties": {"d": -20.0, "s": 13, "Shore_Class": "mangrove"}}, {"type": "Feature", "geometry": {"type": "Point", "coordinates": [427100.0, 1461510.0]}, "properties": {"d": -10.0, "s": 13, "Shore_Class": "mangrove"}}, {"type": "Feature", "geometry": {"type": "Point", "coordinates": [427110.0, 1461510.0]}, "properties": {"d": 0.0, "s": 13, "Shore_Class": "mangrove"}}, {"type": "Feature", "geometry": {"type": "Point", "coordinates": [427120.0, 1461510.0]}, "properties": {"d": 10.0, "s": 13, "Shore_Class": "mangrove"}}, {"type": "Feature", "geometry": {"type": "Point", "coordinates": [427130.0, 1461510.0]}, "properties": {"d": 20.0, "s": 13, "Shore_Class": "mangrove"}}, {"type": "Feature", "geometry": {"type": "Point", "coordinates": [427140.0, 1461510.0]}, "properties": {"d": 30.0, "s": 13, "Shore_Class": "mangrove"}}, {"type": "Feature", "geometry": {"type": "Point", "coordinates": [427150.0, 1461510.0]}, "properties": {"d": 40.0, "s": 13, "Shore_Class": "mangrove"}}, {"type": "Feature", "geometry": {"type": "Point", "coordinates": [427160.0, 1461510.0]}, "properties": {"d": 50.0, "s": 13, "Shore_Class": "mangrove"}}, {"type": "Feature", "geometry": {"type": "Point", "coordinates": [427170.0, 1461510.0]}, "properties": {"d": 60.0, "s": 13, "Shore_Class": "mangrove"}}, {"type": "Feature", "geometry": {"type": "Point", "coordinates": [427180.0, 1461510.0]}, "properties": {"d": 70.0, "s": 13, "Shore_Class": "mangrove"}}, {"type": "Feature", "geometry": {"type": "Point", "coordinates": [427190.0, 1461510.0]}, "properties": {"d": 80.0, "s": 13, "Shore_Class": "mangrove"}}, {"type": "Feature", "geometry": {"type": "Point", "coordinates": [427200.0, 1461510.0]}, "properties": {"d": 90.0, "s": 13, "Shore_Class": "mangrove"}}, {"type": "Feature", "geometry": {"type": "Point", "coordinates": [427210.0, 1461510.0]}, "properties": {"d": 100.0, "s": 13, "Shore_Class": "mangrove"}}, {"type": "Feature", "geometry": {"type": "Point", "coordinates": [427220.0, 1461510.0]}, "properties": {"d": 110.0, "s": 13, "Shore_Class": "mangrove"}}, {"type": "Feature", "geometry": {"type": "Point", "coordinates": [427230.0, 1461510.0]}, "properties": {"d": 120.0, "s": 13, "Shore_Class": "mangrove"}}, {"type": "Feature", "geometry": {"type": "Point", "coordinates": [427240.0, 1461510.0]}, "properties": {"d": 130.0, "s": 13, "Shore_Class": "mangrove"}}, {"type": "Feature", "geometry": {"type": "Point", "coordinates": [427250.0, 1461510.0]}, "properties": {"d": 140.0, "s": 13, "Shore_Class": "mangrove"}}, {"type": "Feature", "geometry": {"type": "Point", "coordinates": [427260.0, 1461510.0]}, "properties": {"d": 150.0, "s": 13, "Shore_Class": "mangrove"}}, {"type": "Feature", "geometry": {"type": "Point", "coordinates": [426860.0, 1461020.0]}, "properties": {"d": -100.0, "s": 14, "Shore_Class": "mangrove"}}, {"type": "Feature", "geometry": {"type": "Point", "coordinates": [426870.0, 1461020.0]}, "properties": {"d": -90.0, "s": 14, "Shore_Class": "mangrove"}}, {"type": "Feature", "geometry": {"type": "Point", "coordinates": [426880.0, 1461020.0]}, "properties": {"d": -80.0, "s": 14, "Shore_Class": "mangrove"}}, {"type": "Feature", "geometry": {"type": "Point", "coordinates": [426890.0, 1461020.0]}, "properties": {"d": -70.0, "s": 14, "Shore_Class": "mangrove"}}, {"type": "Feature", "geometry": {"type": "Point", "coordinates": [426900.0, 1461020.0]}, "properties": {"d": -60.0, "s": 14, "Shore_Class": "mangrove"}}, {"type": "Feature", "geometry": {"type": "Point", "coordinates": [426910.0, 1461020.0]}, "properties": {"d": -50.0, "s": 14, "Shore_Class": "mangrove"}}, {"type": "Feature", "geometry": {"type": "Point", "coordinates": [426920.0, 1461020.0]}, "properties": {"d": -40.0, "s": 14, "Shore_Class": "mangrove"}}, {"type": "Feature", "geometry": {"type": "Point", "coordinates": [426930.0, 1461020.0]}, "properties": {"d": -30.0, "s": 14, "Shore_Class": "mangrove"}}, {"type": "Feature", "geometry": {"type": "Point", "coordinates": [426940.0, 1461020.0]}, "properties": {"d": -20.0, "s": 14, "Shore_Class": "mangrove"}}, {"type": "Feature", "geometry": {"type": "Point", "coordinates": [426950.0, 1461020.0]}, "properties": {"d": -10.0, "s": 14, "Shore_Class": "mangrove"}}, {"type": "Feature", "geometry": {"type": "Point", "coordinates": [426960.0, 1461020.0]}, "properties": {"d": 0.0, "s": 14, "Shore_Class": "mangrove"}}, {"type": "Feature", "geometry": {"type": "Point", "coordinates": [426970.0, 1461020.0]}, "properties": {"d": 10.0, "s": 14, "Shore_Class": "mangrove"}}, {"type": "Feature", "geometry": {"type": "Point", "coordinates": [426980.0, 1461020.0]}, "properties": {"d": 20.0, "s": 14, "Shore_Class": "mangrove"}}, {"type": "Feature", "geometry": {"type": "Point", "coordinates": [426990.0, 1461020.0]}, "properties": {"d": 30.0, "s": 14, "Shore_Class": "mangrove"}}, {"type": "Feature", "geometry": {"type": "Point", "coordinates": [427000.0, 1461020.0]}, "properties": {"d": 40.0, "s": 14, "Shore_Class": "mangrove"}}, {"type": "Feature", "geometry": {"type": "Point", "coordinates": [427010.0, 1461020.0]}, "properties": {"d": 50.0, "s": 14, "Shore_Class": "mangrove"}}, {"type": "Feature", "geometry": {"type": "Point", "coordinates": [427020.0, 1461020.0]}, "properties": {"d": 60.0, "s": 14, "Shore_Class": "mangrove"}}, {"type": "Feature", "geometry": {"type": "Point", "coordinates": [427030.0, 1461020.0]}, "properties": {"d": 70.0, "s": 14, "Shore_Class": "mangrove"}}, {"type": "Feature", "geometry": {"type": "Point", "coordinates": [427040.0, 1461020.0]}, "properties": {"d": 80.0, "s": 14, "Shore_Class": "mangrove"}}, {"type": "Feature", "geometry": {"type": "Point", "coordinates": [427050.0, 1461020.0]}, "properties": {"d": 90.0, "s": 14, "Shore_Class": "mangrove"}}, {"type": "Feature", "geometry": {"type": "Point", "coordinates": [427060.0, 1461020.0]}, "properties": {"d": 100.0, "s": 14, "Shore_Class": "mangrove"}}, {"type": "Feature", "geometry": {"type": "Point", "coordinates": [427070.0, 1461020.0]}, "properties": {"d": 110.0, "s": 14, "Shore_Class": "mangrove"}}, {"type": "Feature", "geometry": {"type": "Point", "coordinates": [427080.0, 1461020.0]}, "properties": {"d": 120.0, "s": 14, "Shore_Class": "mangrove"}}, {"type": "Feature", "geometry": {"type": "Point", "coordinates": [427090.0, 1461020.0]}, "properties": {"d": 130.0, "s": 14, "Shore_Class": "mangrove"}}, {"type": "Feature", "geometry": {"type": "Point", "coordinates": [427100.0, 1461020.0]}, "properties": {"d": 140.0, "s": 14, "Shore_Class": "mangrove"}}, {"type": "Feature", "geometry": {"type": "Point", "coordinates": [427110.0, 1461020.0]}, "properties": {"d": 150.0, "s": 14, "Shore_Class": "mangrove"}}, {"type": "Feature", "geometry": {"type": "Point", "coordinates": [426769.29, 1460710.71]}, "properties": {"d": -100.0, "s": 15, "Shore_Class": "mangrove"}}, {"type": "Feature", "geometry": {"type": "Point", "coordinates": [426776.36, 1460703.64]}, "properties": {"d": -90.0, "s": 15, "Shore_Class": "mangrove"}}, {"type": "Feature", "geometry": {"type": "Point", "coordinates": [426783.43, 1460696.57]}, "properties": {"d": -80.0, "s": 15, "Shore_Class": "mangrove"}}, {"type": "Feature", "geometry": {"type": "Point", "coordinates": [426790.5, 1460689.5]}, "properties": {"d": -70.0, "s": 15, "Shore_Class": "mangrove"}}, {"type": "Feature", "geometry": {"type": "Point", "coordinates": [426797.57, 1460682.43]}, "properties": {"d": -60.0, "s": 15, "Shore_Class": "mangrove"}}, {"type": "Feature", "geometry": {"type": "Point", "coordinates": [426804.64, 1460675.36]}, "properties": {"d": -50.0, "s": 15, "Shore_Class": "mangrove"}}, {"type": "Feature", "geometry": {"type": "Point", "coordinates": [426811.72, 1460668.28]}, "properties": {"d": -40.0, "s": 15, "Shore_Class": "mangrove"}}, {"type": "Feature", "geometry": {"type": "Point", "coordinates": [426818.79, 1460661.21]}, "properties": {"d": -30.0, "s": 15, "Shore_Class": "mangrove"}}, {"type": "Feature", "geometry": {"type": "Point", "coordinates": [426825.86, 1460654.14]}, "properties": {"d": -20.0, "s": 15, "Shore_Class": "mangrove"}}, {"type": "Feature", "geometry": {"type": "Point", "coordinates": [426832.93, 1460647.07]}, "properties": {"d": -10.0, "s": 15, "Shore_Class": "mangrove"}}, {"type": "Feature", "geometry": {"type": "Point", "coordinates": [426840.0, 1460640.0]}, "properties": {"d": 0.0, "s": 15, "Shore_Class": "mangrove"}}, {"type": "Feature", "geometry": {"type": "Point", "coordinates": [426847.07, 1460632.93]}, "properties": {"d": 10.0, "s": 15, "Shore_Class": "mangrove"}}, {"type": "Feature", "geometry": {"type": "Point", "coordinates": [426854.14, 1460625.86]}, "properties": {"d": 20.0, "s": 15, "Shore_Class": "mangrove"}}, {"type": "Feature", "geometry": {"type": "Point", "coordinates": [426861.21, 1460618.79]}, "properties": {"d": 30.0, "s": 15, "Shore_Class": "mangrove"}}, {"type": "Feature", "geometry": {"type": "Point", "coordinates": [426868.28, 1460611.72]}, "properties": {"d": 40.0, "s": 15, "Shore_Class": "mangrove"}}, {"type": "Feature", "geometry": {"type": "Point", "coordinates": [426875.36, 1460604.64]}, "properties": {"d": 50.0, "s": 15, "Shore_Class": "mangrove"}}, {"type": "Feature", "geometry": {"type": "Point", "coordinates": [426882.43, 1460597.57]}, "properties": {"d": 60.0, "s": 15, "Shore_Class": "mangrove"}}, {"type": "Feature", "geometry": {"type": "Point", "coordinates": [426889.5, 1460590.5]}, "properties": {"d": 70.0, "s": 15, "Shore_Class": "mangrove"}}, {"type": "Feature", "geometry": {"type": "Point", "coordinates": [426896.57, 1460583.43]}, "properties": {"d": 80.0, "s": 15, "Shore_Class": "mangrove"}}, {"type": "Feature", "geometry": {"type": "Point", "coordinates": [426903.64, 1460576.36]}, "properties": {"d": 90.0, "s": 15, "Shore_Class": "mangrove"}}, {"type": "Feature", "geometry": {"type": "Point", "coordinates": [426910.71, 1460569.29]}, "properties": {"d": 100.0, "s": 15, "Shore_Class": "mangrove"}}, {"type": "Feature", "geometry": {"type": "Point", "coordinates": [426917.78, 1460562.22]}, "properties": {"d": 110.0, "s": 15, "Shore_Class": "mangrove"}}, {"type": "Feature", "geometry": {"type": "Point", "coordinates": [426924.85, 1460555.15]}, "properties": {"d": 120.0, "s": 15, "Shore_Class": "mangrove"}}, {"type": "Feature", "geometry": {"type": "Point", "coordinates": [426931.92, 1460548.08]}, "properties": {"d": 130.0, "s": 15, "Shore_Class": "mangrove"}}, {"type": "Feature", "geometry": {"type": "Point", "coordinates": [426939.0, 1460541.01]}, "properties": {"d": 140.0, "s": 15, "Shore_Class": "mangrove"}}, {"type": "Feature", "geometry": {"type": "Point", "coordinates": [426946.07, 1460533.93]}, "properties": {"d": 150.0, "s": 15, "Shore_Class": "mangrove"}}, {"type": "Feature", "geometry": {"type": "Point", "coordinates": [426540.56, 1460194.72]}, "properties": {"d": -100.0, "s": 16, "Shore_Class": "mangrove"}}, {"type": "Feature", "geometry": {"type": "Point", "coordinates": [426549.5, 1460190.25]}, "properties": {"d": -90.0, "s": 16, "Shore_Class": "mangrove"}}, {"type": "Feature", "geometry": {"type": "Point", "coordinates": [426558.45, 1460185.78]}, "properties": {"d": -80.0, "s": 16, "Shore_Class": "mangrove"}}, {"type": "Feature", "geometry": {"type": "Point", "coordinates": [426567.39, 1460181.31]}, "properties": {"d": -70.0, "s": 16, "Shore_Class": "mangrove"}}, {"type": "Feature", "geometry": {"type": "Point", "coordinates": [426576.33, 1460176.83]}, "properties": {"d": -60.0, "s": 16, "Shore_Class": "mangrove"}}, {"type": "Feature", "geometry": {"type": "Point", "coordinates": [426585.28, 1460172.36]}, "properties": {"d": -50.0, "s": 16, "Shore_Class": "mangrove"}}, {"type": "Feature", "geometry": {"type": "Point", "coordinates": [426594.22, 1460167.89]}, "properties": {"d": -40.0, "s": 16, "Shore_Class": "mangrove"}}, {"type": "Feature", "geometry": {"type": "Point", "coordinates": [426603.17, 1460163.42]}, "properties": {"d": -30.0, "s": 16, "Shore_Class": "mangrove"}}, {"type": "Feature", "geometry": {"type": "Point", "coordinates": [426612.11, 1460158.94]}, "properties": {"d": -20.0, "s": 16, "Shore_Class": "mangrove"}}, {"type": "Feature", "geometry": {"type": "Point", "coordinates": [426621.06, 1460154.47]}, "properties": {"d": -10.0, "s": 16, "Shore_Class": "mangrove"}}, {"type": "Feature", "geometry": {"type": "Point", "coordinates": [426630.0, 1460150.0]}, "properties": {"d": 0.0, "s": 16, "Shore_Class": "mangrove"}}, {"type": "Feature", "geometry": {"type": "Point", "coordinates": [426638.94, 1460145.53]}, "properties": {"d": 10.0, "s": 16, "Shore_Class": "mangrove"}}, {"type": "Feature", "geometry": {"type": "Point", "coordinates": [426647.89, 1460141.06]}, "properties": {"d": 20.0, "s": 16, "Shore_Class": "mangrove"}}, {"type": "Feature", "geometry": {"type": "Point", "coordinates": [426656.83, 1460136.58]}, "properties": {"d": 30.0, "s": 16, "Shore_Class": "mangrove"}}, {"type": "Feature", "geometry": {"type": "Point", "coordinates": [426665.78, 1460132.11]}, "properties": {"d": 40.0, "s": 16, "Shore_Class": "mangrove"}}, {"type": "Feature", "geometry": {"type": "Point", "coordinates": [426674.72, 1460127.64]}, "properties": {"d": 50.0, "s": 16, "Shore_Class": "mangrove"}}, {"type": "Feature", "geometry": {"type": "Point", "coordinates": [426683.67, 1460123.17]}, "properties": {"d": 60.0, "s": 16, "Shore_Class": "mangrove"}}, {"type": "Feature", "geometry": {"type": "Point", "coordinates": [426692.61, 1460118.7]}, "properties": {"d": 70.0, "s": 16, "Shore_Class": "mangrove"}}, {"type": "Feature", "geometry": {"type": "Point", "coordinates": [426701.55, 1460114.22]}, "properties": {"d": 80.0, "s": 16, "Shore_Class": "mangrove"}}, {"type": "Feature", "geometry": {"type": "Point", "coordinates": [426710.5, 1460109.75]}, "properties": {"d": 90.0, "s": 16, "Shore_Class": "mangrove"}}, {"type": "Feature", "geometry": {"type": "Point", "coordinates": [426719.44, 1460105.28]}, "properties": {"d": 100.0, "s": 16, "Shore_Class": "mangrove"}}, {"type": "Feature", "geometry": {"type": "Point", "coordinates": [426728.39, 1460100.81]}, "properties": {"d": 110.0, "s": 16, "Shore_Class": "mangrove"}}, {"type": "Feature", "geometry": {"type": "Point", "coordinates": [426737.33, 1460096.33]}, "properties": {"d": 120.0, "s": 16, "Shore_Class": "mangrove"}}, {"type": "Feature", "geometry": {"type": "Point", "coordinates": [426746.28, 1460091.86]}, "properties": {"d": 130.0, "s": 16, "Shore_Class": "mangrove"}}, {"type": "Feature", "geometry": {"type": "Point", "coordinates": [426755.22, 1460087.39]}, "properties": {"d": 140.0, "s": 16, "Shore_Class": "mangrove"}}, {"type": "Feature", "geometry": {"type": "Point", "coordinates": [426764.16, 1460082.92]}, "properties": {"d": 150.0, "s": 16, "Shore_Class": "mangrove"}}, {"type": "Feature", "geometry": {"type": "Point", "coordinates": [426529.29, 1459669.29]}, "properties": {"d": -100.0, "s": 17, "Shore_Class": "non_mangrove"}}, {"type": "Feature", "geometry": {"type": "Point", "coordinates": [426536.36, 1459676.36]}, "properties": {"d": -90.0, "s": 17, "Shore_Class": "non_mangrove"}}, {"type": "Feature", "geometry": {"type": "Point", "coordinates": [426543.43, 1459683.43]}, "properties": {"d": -80.0, "s": 17, "Shore_Class": "non_mangrove"}}, {"type": "Feature", "geometry": {"type": "Point", "coordinates": [426550.5, 1459690.5]}, "properties": {"d": -70.0, "s": 17, "Shore_Class": "non_mangrove"}}, {"type": "Feature", "geometry": {"type": "Point", "coordinates": [426557.57, 1459697.57]}, "properties": {"d": -60.0, "s": 17, "Shore_Class": "non_mangrove"}}, {"type": "Feature", "geometry": {"type": "Point", "coordinates": [426564.64, 1459704.64]}, "properties": {"d": -50.0, "s": 17, "Shore_Class": "non_mangrove"}}, {"type": "Feature", "geometry": {"type": "Point", "coordinates": [426571.72, 1459711.72]}, "properties": {"d": -40.0, "s": 17, "Shore_Class": "non_mangrove"}}, {"type": "Feature", "geometry": {"type": "Point", "coordinates": [426578.79, 1459718.79]}, "properties": {"d": -30.0, "s": 17, "Shore_Class": "non_mangrove"}}, {"type": "Feature", "geometry": {"type": "Point", "coordinates": [426585.86, 1459725.86]}, "properties": {"d": -20.0, "s": 17, "Shore_Class": "non_mangrove"}}, {"type": "Feature", "geometry": {"type": "Point", "coordinates": [426592.93, 1459732.93]}, "properties": {"d": -10.0, "s": 17, "Shore_Class": "non_mangrove"}}, {"type": "Feature", "geometry": {"type": "Point", "coordinates": [426600.0, 1459740.0]}, "properties": {"d": 0.0, "s": 17, "Shore_Class": "non_mangrove"}}, {"type": "Feature", "geometry": {"type": "Point", "coordinates": [426607.07, 1459747.07]}, "properties": {"d": 10.0, "s": 17, "Shore_Class": "non_mangrove"}}, {"type": "Feature", "geometry": {"type": "Point", "coordinates": [426614.14, 1459754.14]}, "properties": {"d": 20.0, "s": 17, "Shore_Class": "non_mangrove"}}, {"type": "Feature", "geometry": {"type": "Point", "coordinates": [426621.21, 1459761.21]}, "properties": {"d": 30.0, "s": 17, "Shore_Class": "non_mangrove"}}, {"type": "Feature", "geometry": {"type": "Point", "coordinates": [426628.28, 1459768.28]}, "properties": {"d": 40.0, "s": 17, "Shore_Class": "non_mangrove"}}, {"type": "Feature", "geometry": {"type": "Point", "coordinates": [426635.36, 1459775.36]}, "properties": {"d": 50.0, "s": 17, "Shore_Class": "non_mangrove"}}, {"type": "Feature", "geometry": {"type": "Point", "coordinates": [426642.43, 1459782.43]}, "properties": {"d": 60.0, "s": 17, "Shore_Class": "non_mangrove"}}, {"type": "Feature", "geometry": {"type": "Point", "coordinates": [426649.5, 1459789.5]}, "properties": {"d": 70.0, "s": 17, "Shore_Class": "non_mangrove"}}, {"type": "Feature", "geometry": {"type": "Point", "coordinates": [426656.57, 1459796.57]}, "properties": {"d": 80.0, "s": 17, "Shore_Class": "non_mangrove"}}, {"type": "Feature", "geometry": {"type": "Point", "coordinates": [426663.64, 1459803.64]}, "properties": {"d": 90.0, "s": 17, "Shore_Class": "non_mangrove"}}, {"type": "Feature", "geometry": {"type": "Point", "coordinates": [426670.71, 1459810.71]}, "properties": {"d": 100.0, "s": 17, "Shore_Class": "non_mangrove"}}, {"type": "Feature", "geometry": {"type": "Point", "coordinates": [426677.78, 1459817.78]}, "properties": {"d": 110.0, "s": 17, "Shore_Class": "non_mangrove"}}, {"type": "Feature", "geometry": {"type": "Point", "coordinates": [426684.85, 1459824.85]}, "properties": {"d": 120.0, "s": 17, "Shore_Class": "non_mangrove"}}, {"type": "Feature", "geometry": {"type": "Point", "coordinates": [426691.92, 1459831.92]}, "properties": {"d": 130.0, "s": 17, "Shore_Class": "non_mangrove"}}, {"type": "Feature", "geometry": {"type": "Point", "coordinates": [426698.99, 1459838.99]}, "properties": {"d": 140.0, "s": 17, "Shore_Class": "non_mangrove"}}, {"type": "Feature", "geometry": {"type": "Point", "coordinates": [426706.07, 1459846.07]}, "properties": {"d": 150.0, "s": 17, "Shore_Class": "non_mangrove"}}, {"type": "Feature", "geometry": {"type": "Point", "coordinates": [426389.29, 1459450.71]}, "properties": {"d": -100.0, "s": 18, "Shore_Class": "mangrove"}}, {"type": "Feature", "geometry": {"type": "Point", "coordinates": [426396.36, 1459443.64]}, "properties": {"d": -90.0, "s": 18, "Shore_Class": "mangrove"}}, {"type": "Feature", "geometry": {"type": "Point", "coordinates": [426403.43, 1459436.57]}, "properties": {"d": -80.0, "s": 18, "Shore_Class": "mangrove"}}, {"type": "Feature", "geometry": {"type": "Point", "coordinates": [426410.5, 1459429.5]}, "properties": {"d": -70.0, "s": 18, "Shore_Class": "mangrove"}}, {"type": "Feature", "geometry": {"type": "Point", "coordinates": [426417.57, 1459422.43]}, "properties": {"d": -60.0, "s": 18, "Shore_Class": "mangrove"}}, {"type": "Feature", "geometry": {"type": "Point", "coordinates": [426424.64, 1459415.36]}, "properties": {"d": -50.0, "s": 18, "Shore_Class": "mangrove"}}, {"type": "Feature", "geometry": {"type": "Point", "coordinates": [426431.72, 1459408.28]}, "properties": {"d": -40.0, "s": 18, "Shore_Class": "mangrove"}}, {"type": "Feature", "geometry": {"type": "Point", "coordinates": [426438.79, 1459401.21]}, "properties": {"d": -30.0, "s": 18, "Shore_Class": "mangrove"}}, {"type": "Feature", "geometry": {"type": "Point", "coordinates": [426445.86, 1459394.14]}, "properties": {"d": -20.0, "s": 18, "Shore_Class": "mangrove"}}, {"type": "Feature", "geometry": {"type": "Point", "coordinates": [426452.93, 1459387.07]}, "properties": {"d": -10.0, "s": 18, "Shore_Class": "mangrove"}}, {"type": "Feature", "geometry": {"type": "Point", "coordinates": [426460.0, 1459380.0]}, "properties": {"d": 0.0, "s": 18, "Shore_Class": "mangrove"}}, {"type": "Feature", "geometry": {"type": "Point", "coordinates": [426467.07, 1459372.93]}, "properties": {"d": 10.0, "s": 18, "Shore_Class": "mangrove"}}, {"type": "Feature", "geometry": {"type": "Point", "coordinates": [426474.14, 1459365.86]}, "properties": {"d": 20.0, "s": 18, "Shore_Class": "mangrove"}}, {"type": "Feature", "geometry": {"type": "Point", "coordinates": [426481.21, 1459358.79]}, "properties": {"d": 30.0, "s": 18, "Shore_Class": "mangrove"}}, {"type": "Feature", "geometry": {"type": "Point", "coordinates": [426488.28, 1459351.72]}, "properties": {"d": 40.0, "s": 18, "Shore_Class": "mangrove"}}, {"type": "Feature", "geometry": {"type": "Point", "coordinates": [426495.36, 1459344.64]}, "properties": {"d": 50.0, "s": 18, "Shore_Class": "mangrove"}}, {"type": "Feature", "geometry": {"type": "Point", "coordinates": [426502.43, 1459337.57]}, "properties": {"d": 60.0, "s": 18, "Shore_Class": "mangrove"}}, {"type": "Feature", "geometry": {"type": "Point", "coordinates": [426509.5, 1459330.5]}, "properties": {"d": 70.0, "s": 18, "Shore_Class": "mangrove"}}, {"type": "Feature", "geometry": {"type": "Point", "coordinates": [426516.57, 1459323.43]}, "properties": {"d": 80.0, "s": 18, "Shore_Class": "mangrove"}}, {"type": "Feature", "geometry": {"type": "Point", "coordinates": [426523.64, 1459316.36]}, "properties": {"d": 90.0, "s": 18, "Shore_Class": "mangrove"}}, {"type": "Feature", "geometry": {"type": "Point", "coordinates": [426530.71, 1459309.29]}, "properties": {"d": 100.0, "s": 18, "Shore_Class": "mangrove"}}, {"type": "Feature", "geometry": {"type": "Point", "coordinates": [426537.78, 1459302.22]}, "properties": {"d": 110.0, "s": 18, "Shore_Class": "mangrove"}}, {"type": "Feature", "geometry": {"type": "Point", "coordinates": [426544.85, 1459295.15]}, "properties": {"d": 120.0, "s": 18, "Shore_Class": "mangrove"}}, {"type": "Feature", "geometry": {"type": "Point", "coordinates": [426551.92, 1459288.08]}, "properties": {"d": 130.0, "s": 18, "Shore_Class": "mangrove"}}, {"type": "Feature", "geometry": {"type": "Point", "coordinates": [426558.99, 1459281.01]}, "properties": {"d": 140.0, "s": 18, "Shore_Class": "mangrove"}}, {"type": "Feature", "geometry": {"type": "Point", "coordinates": [426566.07, 1459273.93]}, "properties": {"d": 150.0, "s": 18, "Shore_Class": "mangrove"}}, {"type": "Feature", "geometry": {"type": "Point", "coordinates": [426261.94, 1459059.61]}, "properties": {"d": -100.0, "s": 19, "Shore_Class": "mangrove"}}, {"type": "Feature", "geometry": {"type": "Point", "coordinates": [426271.75, 1459057.65]}, "properties": {"d": -90.0, "s": 19, "Shore_Class": "mangrove"}}, {"type": "Feature", "geometry": {"type": "Point", "coordinates": [426281.55, 1459055.69]}, "properties": {"d": -80.0, "s": 19, "Shore_Class": "mangrove"}}, {"type": "Feature", "geometry": {"type": "Point", "coordinates": [426291.36, 1459053.73]}, "properties": {"d": -70.0, "s": 19, "Shore_Class": "mangrove"}}, {"type": "Feature", "geometry": {"type": "Point", "coordinates": [426301.17, 1459051.77]}, "properties": {"d": -60.0, "s": 19, "Shore_Class": "mangrove"}}, {"type": "Feature", "geometry": {"type": "Point", "coordinates": [426310.97, 1459049.81]}, "properties": {"d": -50.0, "s": 19, "Shore_Class": "mangrove"}}, {"type": "Feature", "geometry": {"type": "Point", "coordinates": [426320.78, 1459047.84]}, "properties": {"d": -40.0, "s": 19, "Shore_Class": "mangrove"}}, {"type": "Feature", "geometry": {"type": "Point", "coordinates": [426330.58, 1459045.88]}, "properties": {"d": -30.0, "s": 19, "Shore_Class": "mangrove"}}, {"type": "Feature", "geometry": {"type": "Point", "coordinates": [426340.39, 1459043.92]}, "properties": {"d": -20.0, "s": 19, "Shore_Class": "mangrove"}}, {"type": "Feature", "geometry": {"type": "Point", "coordinates": [426350.19, 1459041.96]}, "properties": {"d": -10.0, "s": 19, "Shore_Class": "mangrove"}}, {"type": "Feature", "geometry": {"type": "Point", "coordinates": [426360.0, 1459040.0]}, "properties": {"d": 0.0, "s": 19, "Shore_Class": "mangrove"}}, {"type": "Feature", "geometry": {"type": "Point", "coordinates": [426369.81, 1459038.04]}, "properties": {"d": 10.0, "s": 19, "Shore_Class": "mangrove"}}, {"type": "Feature", "geometry": {"type": "Point", "coordinates": [426379.61, 1459036.08]}, "properties": {"d": 20.0, "s": 19, "Shore_Class": "mangrove"}}, {"type": "Feature", "geometry": {"type": "Point", "coordinates": [426389.42, 1459034.12]}, "properties": {"d": 30.0, "s": 19, "Shore_Class": "mangrove"}}, {"type": "Feature", "geometry": {"type": "Point", "coordinates": [426399.22, 1459032.16]}, "properties": {"d": 40.0, "s": 19, "Shore_Class": "mangrove"}}, {"type": "Feature", "geometry": {"type": "Point", "coordinates": [426409.03, 1459030.19]}, "properties": {"d": 50.0, "s": 19, "Shore_Class": "mangrove"}}, {"type": "Feature", "geometry": {"type": "Point", "coordinates": [426418.83, 1459028.23]}, "properties": {"d": 60.0, "s": 19, "Shore_Class": "mangrove"}}, {"type": "Feature", "geometry": {"type": "Point", "coordinates": [426428.64, 1459026.27]}, "properties": {"d": 70.0, "s": 19, "Shore_Class": "mangrove"}}, {"type": "Feature", "geometry": {"type": "Point", "coordinates": [426438.45, 1459024.31]}, "properties": {"d": 80.0, "s": 19, "Shore_Class": "mangrove"}}, {"type": "Feature", "geometry": {"type": "Point", "coordinates": [426448.25, 1459022.35]}, "properties": {"d": 90.0, "s": 19, "Shore_Class": "mangrove"}}, {"type": "Feature", "geometry": {"type": "Point", "coordinates": [426458.06, 1459020.39]}, "properties": {"d": 100.0, "s": 19, "Shore_Class": "mangrove"}}, {"type": "Feature", "geometry": {"type": "Point", "coordinates": [426467.86, 1459018.43]}, "properties": {"d": 110.0, "s": 19, "Shore_Class": "mangrove"}}, {"type": "Feature", "geometry": {"type": "Point", "coordinates": [426477.67, 1459016.47]}, "properties": {"d": 120.0, "s": 19, "Shore_Class": "mangrove"}}, {"type": "Feature", "geometry": {"type": "Point", "coordinates": [426487.48, 1459014.51]}, "properties": {"d": 130.0, "s": 19, "Shore_Class": "mangrove"}}, {"type": "Feature", "geometry": {"type": "Point", "coordinates": [426497.28, 1459012.54]}, "properties": {"d": 140.0, "s": 19, "Shore_Class": "mangrove"}}, {"type": "Feature", "geometry": {"type": "Point", "coordinates": [426507.09, 1459010.58]}, "properties": {"d": 150.0, "s": 19, "Shore_Class": "mangrove"}}, {"type": "Feature", "geometry": {"type": "Point", "coordinates": [426139.29, 1458760.71]}, "properties": {"d": -100.0, "s": 20, "Shore_Class": "mangrove"}}, {"type": "Feature", "geometry": {"type": "Point", "coordinates": [426146.36, 1458753.64]}, "properties": {"d": -90.0, "s": 20, "Shore_Class": "mangrove"}}, {"type": "Feature", "geometry": {"type": "Point", "coordinates": [426153.43, 1458746.57]}, "properties": {"d": -80.0, "s": 20, "Shore_Class": "mangrove"}}, {"type": "Feature", "geometry": {"type": "Point", "coordinates": [426160.5, 1458739.5]}, "properties": {"d": -70.0, "s": 20, "Shore_Class": "mangrove"}}, {"type": "Feature", "geometry": {"type": "Point", "coordinates": [426167.57, 1458732.43]}, "properties": {"d": -60.0, "s": 20, "Shore_Class": "mangrove"}}, {"type": "Feature", "geometry": {"type": "Point", "coordinates": [426174.64, 1458725.36]}, "properties": {"d": -50.0, "s": 20, "Shore_Class": "mangrove"}}, {"type": "Feature", "geometry": {"type": "Point", "coordinates": [426181.72, 1458718.28]}, "properties": {"d": -40.0, "s": 20, "Shore_Class": "mangrove"}}, {"type": "Feature", "geometry": {"type": "Point", "coordinates": [426188.79, 1458711.21]}, "properties": {"d": -30.0, "s": 20, "Shore_Class": "mangrove"}}, {"type": "Feature", "geometry": {"type": "Point", "coordinates": [426195.86, 1458704.14]}, "properties": {"d": -20.0, "s": 20, "Shore_Class": "mangrove"}}, {"type": "Feature", "geometry": {"type": "Point", "coordinates": [426202.93, 1458697.07]}, "properties": {"d": -10.0, "s": 20, "Shore_Class": "mangrove"}}, {"type": "Feature", "geometry": {"type": "Point", "coordinates": [426210.0, 1458690.0]}, "properties": {"d": 0.0, "s": 20, "Shore_Class": "mangrove"}}, {"type": "Feature", "geometry": {"type": "Point", "coordinates": [426217.07, 1458682.93]}, "properties": {"d": 10.0, "s": 20, "Shore_Class": "mangrove"}}, {"type": "Feature", "geometry": {"type": "Point", "coordinates": [426224.14, 1458675.86]}, "properties": {"d": 20.0, "s": 20, "Shore_Class": "mangrove"}}, {"type": "Feature", "geometry": {"type": "Point", "coordinates": [426231.21, 1458668.79]}, "properties": {"d": 30.0, "s": 20, "Shore_Class": "mangrove"}}, {"type": "Feature", "geometry": {"type": "Point", "coordinates": [426238.28, 1458661.72]}, "properties": {"d": 40.0, "s": 20, "Shore_Class": "mangrove"}}, {"type": "Feature", "geometry": {"type": "Point", "coordinates": [426245.36, 1458654.64]}, "properties": {"d": 50.0, "s": 20, "Shore_Class": "mangrove"}}, {"type": "Feature", "geometry": {"type": "Point", "coordinates": [426252.43, 1458647.57]}, "properties": {"d": 60.0, "s": 20, "Shore_Class": "mangrove"}}, {"type": "Feature", "geometry": {"type": "Point", "coordinates": [426259.5, 1458640.5]}, "properties": {"d": 70.0, "s": 20, "Shore_Class": "mangrove"}}, {"type": "Feature", "geometry": {"type": "Point", "coordinates": [426266.57, 1458633.43]}, "properties": {"d": 80.0, "s": 20, "Shore_Class": "mangrove"}}, {"type": "Feature", "geometry": {"type": "Point", "coordinates": [426273.64, 1458626.36]}, "properties": {"d": 90.0, "s": 20, "Shore_Class": "mangrove"}}, {"type": "Feature", "geometry": {"type": "Point", "coordinates": [426280.71, 1458619.29]}, "properties": {"d": 100.0, "s": 20, "Shore_Class": "mangrove"}}, {"type": "Feature", "geometry": {"type": "Point", "coordinates": [426287.78, 1458612.22]}, "properties": {"d": 110.0, "s": 20, "Shore_Class": "mangrove"}}, {"type": "Feature", "geometry": {"type": "Point", "coordinates": [426294.85, 1458605.15]}, "properties": {"d": 120.0, "s": 20, "Shore_Class": "mangrove"}}, {"type": "Feature", "geometry": {"type": "Point", "coordinates": [426301.92, 1458598.08]}, "properties": {"d": 130.0, "s": 20, "Shore_Class": "mangrove"}}, {"type": "Feature", "geometry": {"type": "Point", "coordinates": [426309.0, 1458591.01]}, "properties": {"d": 140.0, "s": 20, "Shore_Class": "mangrove"}}, {"type": "Feature", "geometry": {"type": "Point", "coordinates": [426316.07, 1458583.93]}, "properties": {"d": 150.0, "s": 20, "Shore_Class": "mangrove"}}, {"type": "Feature", "geometry": {"type": "Point", "coordinates": [426059.29, 1458460.71]}, "properties": {"d": -100.0, "s": 21, "Shore_Class": "mangrove"}}, {"type": "Feature", "geometry": {"type": "Point", "coordinates": [426066.36, 1458453.64]}, "properties": {"d": -90.0, "s": 21, "Shore_Class": "mangrove"}}, {"type": "Feature", "geometry": {"type": "Point", "coordinates": [426073.43, 1458446.57]}, "properties": {"d": -80.0, "s": 21, "Shore_Class": "mangrove"}}, {"type": "Feature", "geometry": {"type": "Point", "coordinates": [426080.5, 1458439.5]}, "properties": {"d": -70.0, "s": 21, "Shore_Class": "mangrove"}}, {"type": "Feature", "geometry": {"type": "Point", "coordinates": [426087.57, 1458432.43]}, "properties": {"d": -60.0, "s": 21, "Shore_Class": "mangrove"}}, {"type": "Feature", "geometry": {"type": "Point", "coordinates": [426094.64, 1458425.36]}, "properties": {"d": -50.0, "s": 21, "Shore_Class": "mangrove"}}, {"type": "Feature", "geometry": {"type": "Point", "coordinates": [426101.72, 1458418.28]}, "properties": {"d": -40.0, "s": 21, "Shore_Class": "mangrove"}}, {"type": "Feature", "geometry": {"type": "Point", "coordinates": [426108.79, 1458411.21]}, "properties": {"d": -30.0, "s": 21, "Shore_Class": "mangrove"}}, {"type": "Feature", "geometry": {"type": "Point", "coordinates": [426115.86, 1458404.14]}, "properties": {"d": -20.0, "s": 21, "Shore_Class": "mangrove"}}, {"type": "Feature", "geometry": {"type": "Point", "coordinates": [426122.93, 1458397.07]}, "properties": {"d": -10.0, "s": 21, "Shore_Class": "mangrove"}}, {"type": "Feature", "geometry": {"type": "Point", "coordinates": [426130.0, 1458390.0]}, "properties": {"d": 0.0, "s": 21, "Shore_Class": "mangrove"}}, {"type": "Feature", "geometry": {"type": "Point", "coordinates": [426137.07, 1458382.93]}, "properties": {"d": 10.0, "s": 21, "Shore_Class": "mangrove"}}, {"type": "Feature", "geometry": {"type": "Point", "coordinates": [426144.14, 1458375.86]}, "properties": {"d": 20.0, "s": 21, "Shore_Class": "mangrove"}}, {"type": "Feature", "geometry": {"type": "Point", "coordinates": [426151.21, 1458368.79]}, "properties": {"d": 30.0, "s": 21, "Shore_Class": "mangrove"}}, {"type": "Feature", "geometry": {"type": "Point", "coordinates": [426158.28, 1458361.72]}, "properties": {"d": 40.0, "s": 21, "Shore_Class": "mangrove"}}, {"type": "Feature", "geometry": {"type": "Point", "coordinates": [426165.36, 1458354.64]}, "properties": {"d": 50.0, "s": 21, "Shore_Class": "mangrove"}}, {"type": "Feature", "geometry": {"type": "Point", "coordinates": [426172.43, 1458347.57]}, "properties": {"d": 60.0, "s": 21, "Shore_Class": "mangrove"}}, {"type": "Feature", "geometry": {"type": "Point", "coordinates": [426179.5, 1458340.5]}, "properties": {"d": 70.0, "s": 21, "Shore_Class": "mangrove"}}, {"type": "Feature", "geometry": {"type": "Point", "coordinates": [426186.57, 1458333.43]}, "properties": {"d": 80.0, "s": 21, "Shore_Class": "mangrove"}}, {"type": "Feature", "geometry": {"type": "Point", "coordinates": [426193.64, 1458326.36]}, "properties": {"d": 90.0, "s": 21, "Shore_Class": "mangrove"}}, {"type": "Feature", "geometry": {"type": "Point", "coordinates": [426200.71, 1458319.29]}, "properties": {"d": 100.0, "s": 21, "Shore_Class": "mangrove"}}, {"type": "Feature", "geometry": {"type": "Point", "coordinates": [426207.78, 1458312.22]}, "properties": {"d": 110.0, "s": 21, "Shore_Class": "mangrove"}}, {"type": "Feature", "geometry": {"type": "Point", "coordinates": [426214.85, 1458305.15]}, "properties": {"d": 120.0, "s": 21, "Shore_Class": "mangrove"}}, {"type": "Feature", "geometry": {"type": "Point", "coordinates": [426221.92, 1458298.08]}, "properties": {"d": 130.0, "s": 21, "Shore_Class": "mangrove"}}, {"type": "Feature", "geometry": {"type": "Point", "coordinates": [426228.99, 1458291.01]}, "properties": {"d": 140.0, "s": 21, "Shore_Class": "mangrove"}}, {"type": "Feature", "geometry": {"type": "Point", "coordinates": [426236.07, 1458283.93]}, "properties": {"d": 150.0, "s": 21, "Shore_Class": "mangrove"}}, {"type": "Feature", "geometry": {"type": "Point", "coordinates": [425949.29, 1458070.71]}, "properties": {"d": -100.0, "s": 22, "Shore_Class": "mangrove"}}, {"type": "Feature", "geometry": {"type": "Point", "coordinates": [425956.36, 1458063.64]}, "properties": {"d": -90.0, "s": 22, "Shore_Class": "mangrove"}}, {"type": "Feature", "geometry": {"type": "Point", "coordinates": [425963.43, 1458056.57]}, "properties": {"d": -80.0, "s": 22, "Shore_Class": "mangrove"}}, {"type": "Feature", "geometry": {"type": "Point", "coordinates": [425970.5, 1458049.5]}, "properties": {"d": -70.0, "s": 22, "Shore_Class": "mangrove"}}, {"type": "Feature", "geometry": {"type": "Point", "coordinates": [425977.57, 1458042.43]}, "properties": {"d": -60.0, "s": 22, "Shore_Class": "mangrove"}}, {"type": "Feature", "geometry": {"type": "Point", "coordinates": [425984.64, 1458035.36]}, "properties": {"d": -50.0, "s": 22, "Shore_Class": "mangrove"}}, {"type": "Feature", "geometry": {"type": "Point", "coordinates": [425991.72, 1458028.28]}, "properties": {"d": -40.0, "s": 22, "Shore_Class": "mangrove"}}, {"type": "Feature", "geometry": {"type": "Point", "coordinates": [425998.79, 1458021.21]}, "properties": {"d": -30.0, "s": 22, "Shore_Class": "mangrove"}}, {"type": "Feature", "geometry": {"type": "Point", "coordinates": [426005.86, 1458014.14]}, "properties": {"d": -20.0, "s": 22, "Shore_Class": "mangrove"}}, {"type": "Feature", "geometry": {"type": "Point", "coordinates": [426012.93, 1458007.07]}, "properties": {"d": -10.0, "s": 22, "Shore_Class": "mangrove"}}, {"type": "Feature", "geometry": {"type": "Point", "coordinates": [426020.0, 1458000.0]}, "properties": {"d": 0.0, "s": 22, "Shore_Class": "mangrove"}}, {"type": "Feature", "geometry": {"type": "Point", "coordinates": [426027.07, 1457992.93]}, "properties": {"d": 10.0, "s": 22, "Shore_Class": "mangrove"}}, {"type": "Feature", "geometry": {"type": "Point", "coordinates": [426034.14, 1457985.86]}, "properties": {"d": 20.0, "s": 22, "Shore_Class": "mangrove"}}, {"type": "Feature", "geometry": {"type": "Point", "coordinates": [426041.21, 1457978.79]}, "properties": {"d": 30.0, "s": 22, "Shore_Class": "mangrove"}}, {"type": "Feature", "geometry": {"type": "Point", "coordinates": [426048.28, 1457971.72]}, "properties": {"d": 40.0, "s": 22, "Shore_Class": "mangrove"}}, {"type": "Feature", "geometry": {"type": "Point", "coordinates": [426055.36, 1457964.64]}, "properties": {"d": 50.0, "s": 22, "Shore_Class": "mangrove"}}, {"type": "Feature", "geometry": {"type": "Point", "coordinates": [426062.43, 1457957.57]}, "properties": {"d": 60.0, "s": 22, "Shore_Class": "mangrove"}}, {"type": "Feature", "geometry": {"type": "Point", "coordinates": [426069.5, 1457950.5]}, "properties": {"d": 70.0, "s": 22, "Shore_Class": "mangrove"}}, {"type": "Feature", "geometry": {"type": "Point", "coordinates": [426076.57, 1457943.43]}, "properties": {"d": 80.0, "s": 22, "Shore_Class": "mangrove"}}, {"type": "Feature", "geometry": {"type": "Point", "coordinates": [426083.64, 1457936.36]}, "properties": {"d": 90.0, "s": 22, "Shore_Class": "mangrove"}}, {"type": "Feature", "geometry": {"type": "Point", "coordinates": [426090.71, 1457929.29]}, "properties": {"d": 100.0, "s": 22, "Shore_Class": "mangrove"}}, {"type": "Feature", "geometry": {"type": "Point", "coordinates": [426097.78, 1457922.22]}, "properties": {"d": 110.0, "s": 22, "Shore_Class": "mangrove"}}, {"type": "Feature", "geometry": {"type": "Point", "coordinates": [426104.85, 1457915.15]}, "properties": {"d": 120.0, "s": 22, "Shore_Class": "mangrove"}}, {"type": "Feature", "geometry": {"type": "Point", "coordinates": [426111.92, 1457908.08]}, "properties": {"d": 130.0, "s": 22, "Shore_Class": "mangrove"}}, {"type": "Feature", "geometry": {"type": "Point", "coordinates": [426118.99, 1457901.01]}, "properties": {"d": 140.0, "s": 22, "Shore_Class": "mangrove"}}, {"type": "Feature", "geometry": {"type": "Point", "coordinates": [426126.07, 1457893.93]}, "properties": {"d": 150.0, "s": 22, "Shore_Class": "mangrove"}}, {"type": "Feature", "geometry": {"type": "Point", "coordinates": [425899.29, 1457620.71]}, "properties": {"d": -100.0, "s": 23, "Shore_Class": "mangrove"}}, {"type": "Feature", "geometry": {"type": "Point", "coordinates": [425906.36, 1457613.64]}, "properties": {"d": -90.0, "s": 23, "Shore_Class": "mangrove"}}, {"type": "Feature", "geometry": {"type": "Point", "coordinates": [425913.43, 1457606.57]}, "properties": {"d": -80.0, "s": 23, "Shore_Class": "mangrove"}}, {"type": "Feature", "geometry": {"type": "Point", "coordinates": [425920.5, 1457599.5]}, "properties": {"d": -70.0, "s": 23, "Shore_Class": "mangrove"}}, {"type": "Feature", "geometry": {"type": "Point", "coordinates": [425927.57, 1457592.43]}, "properties": {"d": -60.0, "s": 23, "Shore_Class": "mangrove"}}, {"type": "Feature", "geometry": {"type": "Point", "coordinates": [425934.64, 1457585.36]}, "properties": {"d": -50.0, "s": 23, "Shore_Class": "mangrove"}}, {"type": "Feature", "geometry": {"type": "Point", "coordinates": [425941.72, 1457578.28]}, "properties": {"d": -40.0, "s": 23, "Shore_Class": "mangrove"}}, {"type": "Feature", "geometry": {"type": "Point", "coordinates": [425948.79, 1457571.21]}, "properties": {"d": -30.0, "s": 23, "Shore_Class": "mangrove"}}, {"type": "Feature", "geometry": {"type": "Point", "coordinates": [425955.86, 1457564.14]}, "properties": {"d": -20.0, "s": 23, "Shore_Class": "mangrove"}}, {"type": "Feature", "geometry": {"type": "Point", "coordinates": [425962.93, 1457557.07]}, "properties": {"d": -10.0, "s": 23, "Shore_Class": "mangrove"}}, {"type": "Feature", "geometry": {"type": "Point", "coordinates": [425970.0, 1457550.0]}, "properties": {"d": 0.0, "s": 23, "Shore_Class": "mangrove"}}, {"type": "Feature", "geometry": {"type": "Point", "coordinates": [425977.07, 1457542.93]}, "properties": {"d": 10.0, "s": 23, "Shore_Class": "mangrove"}}, {"type": "Feature", "geometry": {"type": "Point", "coordinates": [425984.14, 1457535.86]}, "properties": {"d": 20.0, "s": 23, "Shore_Class": "mangrove"}}, {"type": "Feature", "geometry": {"type": "Point", "coordinates": [425991.21, 1457528.79]}, "properties": {"d": 30.0, "s": 23, "Shore_Class": "mangrove"}}, {"type": "Feature", "geometry": {"type": "Point", "coordinates": [425998.28, 1457521.72]}, "properties": {"d": 40.0, "s": 23, "Shore_Class": "mangrove"}}, {"type": "Feature", "geometry": {"type": "Point", "coordinates": [426005.36, 1457514.64]}, "properties": {"d": 50.0, "s": 23, "Shore_Class": "mangrove"}}, {"type": "Feature", "geometry": {"type": "Point", "coordinates": [426012.43, 1457507.57]}, "properties": {"d": 60.0, "s": 23, "Shore_Class": "mangrove"}}, {"type": "Feature", "geometry": {"type": "Point", "coordinates": [426019.5, 1457500.5]}, "properties": {"d": 70.0, "s": 23, "Shore_Class": "mangrove"}}, {"type": "Feature", "geometry": {"type": "Point", "coordinates": [426026.57, 1457493.43]}, "properties": {"d": 80.0, "s": 23, "Shore_Class": "mangrove"}}, {"type": "Feature", "geometry": {"type": "Point", "coordinates": [426033.64, 1457486.36]}, "properties": {"d": 90.0, "s": 23, "Shore_Class": "mangrove"}}, {"type": "Feature", "geometry": {"type": "Point", "coordinates": [426040.71, 1457479.29]}, "properties": {"d": 100.0, "s": 23, "Shore_Class": "mangrove"}}, {"type": "Feature", "geometry": {"type": "Point", "coordinates": [426047.78, 1457472.22]}, "properties": {"d": 110.0, "s": 23, "Shore_Class": "mangrove"}}, {"type": "Feature", "geometry": {"type": "Point", "coordinates": [426054.85, 1457465.15]}, "properties": {"d": 120.0, "s": 23, "Shore_Class": "mangrove"}}, {"type": "Feature", "geometry": {"type": "Point", "coordinates": [426061.92, 1457458.08]}, "properties": {"d": 130.0, "s": 23, "Shore_Class": "mangrove"}}, {"type": "Feature", "geometry": {"type": "Point", "coordinates": [426068.99, 1457451.01]}, "properties": {"d": 140.0, "s": 23, "Shore_Class": "mangrove"}}, {"type": "Feature", "geometry": {"type": "Point", "coordinates": [426076.07, 1457443.93]}, "properties": {"d": 150.0, "s": 23, "Shore_Class": "mangrove"}}, {"type": "Feature", "geometry": {"type": "Point", "coordinates": [425789.29, 1457350.71]}, "properties": {"d": -100.0, "s": 24, "Shore_Class": "mangrove"}}, {"type": "Feature", "geometry": {"type": "Point", "coordinates": [425796.36, 1457343.64]}, "properties": {"d": -90.0, "s": 24, "Shore_Class": "mangrove"}}, {"type": "Feature", "geometry": {"type": "Point", "coordinates": [425803.43, 1457336.57]}, "properties": {"d": -80.0, "s": 24, "Shore_Class": "mangrove"}}, {"type": "Feature", "geometry": {"type": "Point", "coordinates": [425810.5, 1457329.5]}, "properties": {"d": -70.0, "s": 24, "Shore_Class": "mangrove"}}, {"type": "Feature", "geometry": {"type": "Point", "coordinates": [425817.57, 1457322.43]}, "properties": {"d": -60.0, "s": 24, "Shore_Class": "mangrove"}}, {"type": "Feature", "geometry": {"type": "Point", "coordinates": [425824.64, 1457315.36]}, "properties": {"d": -50.0, "s": 24, "Shore_Class": "mangrove"}}, {"type": "Feature", "geometry": {"type": "Point", "coordinates": [425831.72, 1457308.28]}, "properties": {"d": -40.0, "s": 24, "Shore_Class": "mangrove"}}, {"type": "Feature", "geometry": {"type": "Point", "coordinates": [425838.79, 1457301.21]}, "properties": {"d": -30.0, "s": 24, "Shore_Class": "mangrove"}}, {"type": "Feature", "geometry": {"type": "Point", "coordinates": [425845.86, 1457294.14]}, "properties": {"d": -20.0, "s": 24, "Shore_Class": "mangrove"}}, {"type": "Feature", "geometry": {"type": "Point", "coordinates": [425852.93, 1457287.07]}, "properties": {"d": -10.0, "s": 24, "Shore_Class": "mangrove"}}, {"type": "Feature", "geometry": {"type": "Point", "coordinates": [425860.0, 1457280.0]}, "properties": {"d": 0.0, "s": 24, "Shore_Class": "mangrove"}}, {"type": "Feature", "geometry": {"type": "Point", "coordinates": [425867.07, 1457272.93]}, "properties": {"d": 10.0, "s": 24, "Shore_Class": "mangrove"}}, {"type": "Feature", "geometry": {"type": "Point", "coordinates": [425874.14, 1457265.86]}, "properties": {"d": 20.0, "s": 24, "Shore_Class": "mangrove"}}, {"type": "Feature", "geometry": {"type": "Point", "coordinates": [425881.21, 1457258.79]}, "properties": {"d": 30.0, "s": 24, "Shore_Class": "mangrove"}}, {"type": "Feature", "geometry": {"type": "Point", "coordinates": [425888.28, 1457251.72]}, "properties": {"d": 40.0, "s": 24, "Shore_Class": "mangrove"}}, {"type": "Feature", "geometry": {"type": "Point", "coordinates": [425895.36, 1457244.64]}, "properties": {"d": 50.0, "s": 24, "Shore_Class": "mangrove"}}, {"type": "Feature", "geometry": {"type": "Point", "coordinates": [425902.43, 1457237.57]}, "properties": {"d": 60.0, "s": 24, "Shore_Class": "mangrove"}}, {"type": "Feature", "geometry": {"type": "Point", "coordinates": [425909.5, 1457230.5]}, "properties": {"d": 70.0, "s": 24, "Shore_Class": "mangrove"}}, {"type": "Feature", "geometry": {"type": "Point", "coordinates": [425916.57, 1457223.43]}, "properties": {"d": 80.0, "s": 24, "Shore_Class": "mangrove"}}, {"type": "Feature", "geometry": {"type": "Point", "coordinates": [425923.64, 1457216.36]}, "properties": {"d": 90.0, "s": 24, "Shore_Class": "mangrove"}}, {"type": "Feature", "geometry": {"type": "Point", "coordinates": [425930.71, 1457209.29]}, "properties": {"d": 100.0, "s": 24, "Shore_Class": "mangrove"}}, {"type": "Feature", "geometry": {"type": "Point", "coordinates": [425937.78, 1457202.22]}, "properties": {"d": 110.0, "s": 24, "Shore_Class": "mangrove"}}, {"type": "Feature", "geometry": {"type": "Point", "coordinates": [425944.85, 1457195.15]}, "properties": {"d": 120.0, "s": 24, "Shore_Class": "mangrove"}}, {"type": "Feature", "geometry": {"type": "Point", "coordinates": [425951.92, 1457188.08]}, "properties": {"d": 130.0, "s": 24, "Shore_Class": "mangrove"}}, {"type": "Feature", "geometry": {"type": "Point", "coordinates": [425958.99, 1457181.01]}, "properties": {"d": 140.0, "s": 24, "Shore_Class": "mangrove"}}, {"type": "Feature", "geometry": {"type": "Point", "coordinates": [425966.07, 1457173.93]}, "properties": {"d": 150.0, "s": 24, "Shore_Class": "mangrove"}}, {"type": "Feature", "geometry": {"type": "Point", "coordinates": [425600.0, 1456940.0]}, "properties": {"d": -100.0, "s": 25, "Shore_Class": "non_mangrove"}}, {"type": "Feature", "geometry": {"type": "Point", "coordinates": [425610.0, 1456940.0]}, "properties": {"d": -90.0, "s": 25, "Shore_Class": "non_mangrove"}}, {"type": "Feature", "geometry": {"type": "Point", "coordinates": [425620.0, 1456940.0]}, "properties": {"d": -80.0, "s": 25, "Shore_Class": "non_mangrove"}}, {"type": "Feature", "geometry": {"type": "Point", "coordinates": [425630.0, 1456940.0]}, "properties": {"d": -70.0, "s": 25, "Shore_Class": "non_mangrove"}}, {"type": "Feature", "geometry": {"type": "Point", "coordinates": [425640.0, 1456940.0]}, "properties": {"d": -60.0, "s": 25, "Shore_Class": "non_mangrove"}}, {"type": "Feature", "geometry": {"type": "Point", "coordinates": [425650.0, 1456940.0]}, "properties": {"d": -50.0, "s": 25, "Shore_Class": "non_mangrove"}}, {"type": "Feature", "geometry": {"type": "Point", "coordinates": [425660.0, 1456940.0]}, "properties": {"d": -40.0, "s": 25, "Shore_Class": "non_mangrove"}}, {"type": "Feature", "geometry": {"type": "Point", "coordinates": [425670.0, 1456940.0]}, "properties": {"d": -30.0, "s": 25, "Shore_Class": "non_mangrove"}}, {"type": "Feature", "geometry": {"type": "Point", "coordinates": [425680.0, 1456940.0]}, "properties": {"d": -20.0, "s": 25, "Shore_Class": "non_mangrove"}}, {"type": "Feature", "geometry": {"type": "Point", "coordinates": [425690.0, 1456940.0]}, "properties": {"d": -10.0, "s": 25, "Shore_Class": "non_mangrove"}}, {"type": "Feature", "geometry": {"type": "Point", "coordinates": [425700.0, 1456940.0]}, "properties": {"d": 0.0, "s": 25, "Shore_Class": "non_mangrove"}}, {"type": "Feature", "geometry": {"type": "Point", "coordinates": [425710.0, 1456940.0]}, "properties": {"d": 10.0, "s": 25, "Shore_Class": "non_mangrove"}}, {"type": "Feature", "geometry": {"type": "Point", "coordinates": [425720.0, 1456940.0]}, "properties": {"d": 20.0, "s": 25, "Shore_Class": "non_mangrove"}}, {"type": "Feature", "geometry": {"type": "Point", "coordinates": [425730.0, 1456940.0]}, "properties": {"d": 30.0, "s": 25, "Shore_Class": "non_mangrove"}}, {"type": "Feature", "geometry": {"type": "Point", "coordinates": [425740.0, 1456940.0]}, "properties": {"d": 40.0, "s": 25, "Shore_Class": "non_mangrove"}}, {"type": "Feature", "geometry": {"type": "Point", "coordinates": [425750.0, 1456940.0]}, "properties": {"d": 50.0, "s": 25, "Shore_Class": "non_mangrove"}}, {"type": "Feature", "geometry": {"type": "Point", "coordinates": [425760.0, 1456940.0]}, "properties": {"d": 60.0, "s": 25, "Shore_Class": "non_mangrove"}}, {"type": "Feature", "geometry": {"type": "Point", "coordinates": [425770.0, 1456940.0]}, "properties": {"d": 70.0, "s": 25, "Shore_Class": "non_mangrove"}}, {"type": "Feature", "geometry": {"type": "Point", "coordinates": [425780.0, 1456940.0]}, "properties": {"d": 80.0, "s": 25, "Shore_Class": "non_mangrove"}}, {"type": "Feature", "geometry": {"type": "Point", "coordinates": [425790.0, 1456940.0]}, "properties": {"d": 90.0, "s": 25, "Shore_Class": "non_mangrove"}}, {"type": "Feature", "geometry": {"type": "Point", "coordinates": [425800.0, 1456940.0]}, "properties": {"d": 100.0, "s": 25, "Shore_Class": "non_mangrove"}}, {"type": "Feature", "geometry": {"type": "Point", "coordinates": [425810.0, 1456940.0]}, "properties": {"d": 110.0, "s": 25, "Shore_Class": "non_mangrove"}}, {"type": "Feature", "geometry": {"type": "Point", "coordinates": [425820.0, 1456940.0]}, "properties": {"d": 120.0, "s": 25, "Shore_Class": "non_mangrove"}}, {"type": "Feature", "geometry": {"type": "Point", "coordinates": [425830.0, 1456940.0]}, "properties": {"d": 130.0, "s": 25, "Shore_Class": "non_mangrove"}}, {"type": "Feature", "geometry": {"type": "Point", "coordinates": [425840.0, 1456940.0]}, "properties": {"d": 140.0, "s": 25, "Shore_Class": "non_mangrove"}}, {"type": "Feature", "geometry": {"type": "Point", "coordinates": [425850.0, 1456940.0]}, "properties": {"d": 150.0, "s": 25, "Shore_Class": "non_mangrove"}}, {"type": "Feature", "geometry": {"type": "Point", "coordinates": [425479.29, 1456660.71]}, "properties": {"d": -100.0, "s": 26, "Shore_Class": "mangrove"}}, {"type": "Feature", "geometry": {"type": "Point", "coordinates": [425486.36, 1456653.64]}, "properties": {"d": -90.0, "s": 26, "Shore_Class": "mangrove"}}, {"type": "Feature", "geometry": {"type": "Point", "coordinates": [425493.43, 1456646.57]}, "properties": {"d": -80.0, "s": 26, "Shore_Class": "mangrove"}}, {"type": "Feature", "geometry": {"type": "Point", "coordinates": [425500.5, 1456639.5]}, "properties": {"d": -70.0, "s": 26, "Shore_Class": "mangrove"}}, {"type": "Feature", "geometry": {"type": "Point", "coordinates": [425507.57, 1456632.43]}, "properties": {"d": -60.0, "s": 26, "Shore_Class": "mangrove"}}, {"type": "Feature", "geometry": {"type": "Point", "coordinates": [425514.64, 1456625.36]}, "properties": {"d": -50.0, "s": 26, "Shore_Class": "mangrove"}}, {"type": "Feature", "geometry": {"type": "Point", "coordinates": [425521.72, 1456618.28]}, "properties": {"d": -40.0, "s": 26, "Shore_Class": "mangrove"}}, {"type": "Feature", "geometry": {"type": "Point", "coordinates": [425528.79, 1456611.21]}, "properties": {"d": -30.0, "s": 26, "Shore_Class": "mangrove"}}, {"type": "Feature", "geometry": {"type": "Point", "coordinates": [425535.86, 1456604.14]}, "properties": {"d": -20.0, "s": 26, "Shore_Class": "mangrove"}}, {"type": "Feature", "geometry": {"type": "Point", "coordinates": [425542.93, 1456597.07]}, "properties": {"d": -10.0, "s": 26, "Shore_Class": "mangrove"}}, {"type": "Feature", "geometry": {"type": "Point", "coordinates": [425550.0, 1456590.0]}, "properties": {"d": 0.0, "s": 26, "Shore_Class": "mangrove"}}, {"type": "Feature", "geometry": {"type": "Point", "coordinates": [425557.07, 1456582.93]}, "properties": {"d": 10.0, "s": 26, "Shore_Class": "mangrove"}}, {"type": "Feature", "geometry": {"type": "Point", "coordinates": [425564.14, 1456575.86]}, "properties": {"d": 20.0, "s": 26, "Shore_Class": "mangrove"}}, {"type": "Feature", "geometry": {"type": "Point", "coordinates": [425571.21, 1456568.79]}, "properties": {"d": 30.0, "s": 26, "Shore_Class": "mangrove"}}, {"type": "Feature", "geometry": {"type": "Point", "coordinates": [425578.28, 1456561.72]}, "properties": {"d": 40.0, "s": 26, "Shore_Class": "mangrove"}}, {"type": "Feature", "geometry": {"type": "Point", "coordinates": [425585.36, 1456554.64]}, "properties": {"d": 50.0, "s": 26, "Shore_Class": "mangrove"}}, {"type": "Feature", "geometry": {"type": "Point", "coordinates": [425592.43, 1456547.57]}, "properties": {"d": 60.0, "s": 26, "Shore_Class": "mangrove"}}, {"type": "Feature", "geometry": {"type": "Point", "coordinates": [425599.5, 1456540.5]}, "properties": {"d": 70.0, "s": 26, "Shore_Class": "mangrove"}}, {"type": "Feature", "geometry": {"type": "Point", "coordinates": [425606.57, 1456533.43]}, "properties": {"d": 80.0, "s": 26, "Shore_Class": "mangrove"}}, {"type": "Feature", "geometry": {"type": "Point", "coordinates": [425613.64, 1456526.36]}, "properties": {"d": 90.0, "s": 26, "Shore_Class": "mangrove"}}, {"type": "Feature", "geometry": {"type": "Point", "coordinates": [425620.71, 1456519.29]}, "properties": {"d": 100.0, "s": 26, "Shore_Class": "mangrove"}}, {"type": "Feature", "geometry": {"type": "Point", "coordinates": [425627.78, 1456512.22]}, "properties": {"d": 110.0, "s": 26, "Shore_Class": "mangrove"}}, {"type": "Feature", "geometry": {"type": "Point", "coordinates": [425634.85, 1456505.15]}, "properties": {"d": 120.0, "s": 26, "Shore_Class": "mangrove"}}, {"type": "Feature", "geometry": {"type": "Point", "coordinates": [425641.92, 1456498.08]}, "properties": {"d": 130.0, "s": 26, "Shore_Class": "mangrove"}}, {"type": "Feature", "geometry": {"type": "Point", "coordinates": [425648.99, 1456491.01]}, "properties": {"d": 140.0, "s": 26, "Shore_Class": "mangrove"}}, {"type": "Feature", "geometry": {"type": "Point", "coordinates": [425656.07, 1456483.93]}, "properties": {"d": 150.0, "s": 26, "Shore_Class": "mangrove"}}, {"type": "Feature", "geometry": {"type": "Point", "coordinates": [425369.29, 1456270.71]}, "properties": {"d": -100.0, "s": 27, "Shore_Class": "non_mangrove"}}, {"type": "Feature", "geometry": {"type": "Point", "coordinates": [425376.36, 1456263.64]}, "properties": {"d": -90.0, "s": 27, "Shore_Class": "non_mangrove"}}, {"type": "Feature", "geometry": {"type": "Point", "coordinates": [425383.43, 1456256.57]}, "properties": {"d": -80.0, "s": 27, "Shore_Class": "non_mangrove"}}, {"type": "Feature", "geometry": {"type": "Point", "coordinates": [425390.5, 1456249.5]}, "properties": {"d": -70.0, "s": 27, "Shore_Class": "non_mangrove"}}, {"type": "Feature", "geometry": {"type": "Point", "coordinates": [425397.57, 1456242.43]}, "properties": {"d": -60.0, "s": 27, "Shore_Class": "non_mangrove"}}, {"type": "Feature", "geometry": {"type": "Point", "coordinates": [425404.64, 1456235.36]}, "properties": {"d": -50.0, "s": 27, "Shore_Class": "non_mangrove"}}, {"type": "Feature", "geometry": {"type": "Point", "coordinates": [425411.72, 1456228.28]}, "properties": {"d": -40.0, "s": 27, "Shore_Class": "non_mangrove"}}, {"type": "Feature", "geometry": {"type": "Point", "coordinates": [425418.79, 1456221.21]}, "properties": {"d": -30.0, "s": 27, "Shore_Class": "non_mangrove"}}, {"type": "Feature", "geometry": {"type": "Point", "coordinates": [425425.86, 1456214.14]}, "properties": {"d": -20.0, "s": 27, "Shore_Class": "non_mangrove"}}, {"type": "Feature", "geometry": {"type": "Point", "coordinates": [425432.93, 1456207.07]}, "properties": {"d": -10.0, "s": 27, "Shore_Class": "non_mangrove"}}, {"type": "Feature", "geometry": {"type": "Point", "coordinates": [425440.0, 1456200.0]}, "properties": {"d": 0.0, "s": 27, "Shore_Class": "non_mangrove"}}, {"type": "Feature", "geometry": {"type": "Point", "coordinates": [425447.07, 1456192.93]}, "properties": {"d": 10.0, "s": 27, "Shore_Class": "non_mangrove"}}, {"type": "Feature", "geometry": {"type": "Point", "coordinates": [425454.14, 1456185.86]}, "properties": {"d": 20.0, "s": 27, "Shore_Class": "non_mangrove"}}, {"type": "Feature", "geometry": {"type": "Point", "coordinates": [425461.21, 1456178.79]}, "properties": {"d": 30.0, "s": 27, "Shore_Class": "non_mangrove"}}, {"type": "Feature", "geometry": {"type": "Point", "coordinates": [425468.28, 1456171.72]}, "properties": {"d": 40.0, "s": 27, "Shore_Class": "non_mangrove"}}, {"type": "Feature", "geometry": {"type": "Point", "coordinates": [425475.36, 1456164.64]}, "properties": {"d": 50.0, "s": 27, "Shore_Class": "non_mangrove"}}, {"type": "Feature", "geometry": {"type": "Point", "coordinates": [425482.43, 1456157.57]}, "properties": {"d": 60.0, "s": 27, "Shore_Class": "non_mangrove"}}, {"type": "Feature", "geometry": {"type": "Point", "coordinates": [425489.5, 1456150.5]}, "properties": {"d": 70.0, "s": 27, "Shore_Class": "non_mangrove"}}, {"type": "Feature", "geometry": {"type": "Point", "coordinates": [425496.57, 1456143.43]}, "properties": {"d": 80.0, "s": 27, "Shore_Class": "non_mangrove"}}, {"type": "Feature", "geometry": {"type": "Point", "coordinates": [425503.64, 1456136.36]}, "properties": {"d": 90.0, "s": 27, "Shore_Class": "non_mangrove"}}, {"type": "Feature", "geometry": {"type": "Point", "coordinates": [425510.71, 1456129.29]}, "properties": {"d": 100.0, "s": 27, "Shore_Class": "non_mangrove"}}, {"type": "Feature", "geometry": {"type": "Point", "coordinates": [425517.78, 1456122.22]}, "properties": {"d": 110.0, "s": 27, "Shore_Class": "non_mangrove"}}, {"type": "Feature", "geometry": {"type": "Point", "coordinates": [425524.85, 1456115.15]}, "properties": {"d": 120.0, "s": 27, "Shore_Class": "non_mangrove"}}, {"type": "Feature", "geometry": {"type": "Point", "coordinates": [425531.92, 1456108.08]}, "properties": {"d": 130.0, "s": 27, "Shore_Class": "non_mangrove"}}, {"type": "Feature", "geometry": {"type": "Point", "coordinates": [425538.99, 1456101.01]}, "properties": {"d": 140.0, "s": 27, "Shore_Class": "non_mangrove"}}, {"type": "Feature", "geometry": {"type": "Point", "coordinates": [425546.07, 1456093.93]}, "properties": {"d": 150.0, "s": 27, "Shore_Class": "non_mangrove"}}, {"type": "Feature", "geometry": {"type": "Point", "coordinates": [425220.56, 1455874.72]}, "properties": {"d": -100.0, "s": 28, "Shore_Class": "non_mangrove"}}, {"type": "Feature", "geometry": {"type": "Point", "coordinates": [425229.5, 1455870.25]}, "properties": {"d": -90.0, "s": 28, "Shore_Class": "non_mangrove"}}, {"type": "Feature", "geometry": {"type": "Point", "coordinates": [425238.45, 1455865.78]}, "properties": {"d": -80.0, "s": 28, "Shore_Class": "non_mangrove"}}, {"type": "Feature", "geometry": {"type": "Point", "coordinates": [425247.39, 1455861.31]}, "properties": {"d": -70.0, "s": 28, "Shore_Class": "non_mangrove"}}, {"type": "Feature", "geometry": {"type": "Point", "coordinates": [425256.33, 1455856.83]}, "properties": {"d": -60.0, "s": 28, "Shore_Class": "non_mangrove"}}, {"type": "Feature", "geometry": {"type": "Point", "coordinates": [425265.28, 1455852.36]}, "properties": {"d": -50.0, "s": 28, "Shore_Class": "non_mangrove"}}, {"type": "Feature", "geometry": {"type": "Point", "coordinates": [425274.22, 1455847.89]}, "properties": {"d": -40.0, "s": 28, "Shore_Class": "non_mangrove"}}, {"type": "Feature", "geometry": {"type": "Point", "coordinates": [425283.17, 1455843.42]}, "properties": {"d": -30.0, "s": 28, "Shore_Class": "non_mangrove"}}, {"type": "Feature", "geometry": {"type": "Point", "coordinates": [425292.11, 1455838.94]}, "properties": {"d": -20.0, "s": 28, "Shore_Class": "non_mangrove"}}, {"type": "Feature", "geometry": {"type": "Point", "coordinates": [425301.06, 1455834.47]}, "properties": {"d": -10.0, "s": 28, "Shore_Class": "non_mangrove"}}, {"type": "Feature", "geometry": {"type": "Point", "coordinates": [425310.0, 1455830.0]}, "properties": {"d": 0.0, "s": 28, "Shore_Class": "non_mangrove"}}, {"type": "Feature", "geometry": {"type": "Point", "coordinates": [425318.94, 1455825.53]}, "properties": {"d": 10.0, "s": 28, "Shore_Class": "non_mangrove"}}, {"type": "Feature", "geometry": {"type": "Point", "coordinates": [425327.89, 1455821.06]}, "properties": {"d": 20.0, "s": 28, "Shore_Class": "non_mangrove"}}, {"type": "Feature", "geometry": {"type": "Point", "coordinates": [425336.83, 1455816.58]}, "properties": {"d": 30.0, "s": 28, "Shore_Class": "non_mangrove"}}, {"type": "Feature", "geometry": {"type": "Point", "coordinates": [425345.78, 1455812.11]}, "properties": {"d": 40.0, "s": 28, "Shore_Class": "non_mangrove"}}, {"type": "Feature", "geometry": {"type": "Point", "coordinates": [425354.72, 1455807.64]}, "properties": {"d": 50.0, "s": 28, "Shore_Class": "non_mangrove"}}, {"type": "Feature", "geometry": {"type": "Point", "coordinates": [425363.67, 1455803.17]}, "properties": {"d": 60.0, "s": 28, "Shore_Class": "non_mangrove"}}, {"type": "Feature", "geometry": {"type": "Point", "coordinates": [425372.61, 1455798.7]}, "properties": {"d": 70.0, "s": 28, "Shore_Class": "non_mangrove"}}, {"type": "Feature", "geometry": {"type": "Point", "coordinates": [425381.55, 1455794.22]}, "properties": {"d": 80.0, "s": 28, "Shore_Class": "non_mangrove"}}, {"type": "Feature", "geometry": {"type": "Point", "coordinates": [425390.5, 1455789.75]}, "properties": {"d": 90.0, "s": 28, "Shore_Class": "non_mangrove"}}, {"type": "Feature", "geometry": {"type": "Point", "coordinates": [425399.44, 1455785.28]}, "properties": {"d": 100.0, "s": 28, "Shore_Class": "non_mangrove"}}, {"type": "Feature", "geometry": {"type": "Point", "coordinates": [425408.39, 1455780.81]}, "properties": {"d": 110.0, "s": 28, "Shore_Class": "non_mangrove"}}, {"type": "Feature", "geometry": {"type": "Point", "coordinates": [425417.33, 1455776.33]}, "properties": {"d": 120.0, "s": 28, "Shore_Class": "non_mangrove"}}, {"type": "Feature", "geometry": {"type": "Point", "coordinates": [425426.28, 1455771.86]}, "properties": {"d": 130.0, "s": 28, "Shore_Class": "non_mangrove"}}, {"type": "Feature", "geometry": {"type": "Point", "coordinates": [425435.22, 1455767.39]}, "properties": {"d": 140.0, "s": 28, "Shore_Class": "non_mangrove"}}, {"type": "Feature", "geometry": {"type": "Point", "coordinates": [425444.16, 1455762.92]}, "properties": {"d": 150.0, "s": 28, "Shore_Class": "non_mangrove"}}, {"type": "Feature", "geometry": {"type": "Point", "coordinates": [424851.94, 1454889.61]}, "properties": {"d": -100.0, "s": 29, "Shore_Class": "non_mangrove"}}, {"type": "Feature", "geometry": {"type": "Point", "coordinates": [424861.75, 1454887.65]}, "properties": {"d": -90.0, "s": 29, "Shore_Class": "non_mangrove"}}, {"type": "Feature", "geometry": {"type": "Point", "coordinates": [424871.55, 1454885.69]}, "properties": {"d": -80.0, "s": 29, "Shore_Class": "non_mangrove"}}, {"type": "Feature", "geometry": {"type": "Point", "coordinates": [424881.36, 1454883.73]}, "properties": {"d": -70.0, "s": 29, "Shore_Class": "non_mangrove"}}, {"type": "Feature", "geometry": {"type": "Point", "coordinates": [424891.17, 1454881.77]}, "properties": {"d": -60.0, "s": 29, "Shore_Class": "non_mangrove"}}, {"type": "Feature", "geometry": {"type": "Point", "coordinates": [424900.97, 1454879.81]}, "properties": {"d": -50.0, "s": 29, "Shore_Class": "non_mangrove"}}, {"type": "Feature", "geometry": {"type": "Point", "coordinates": [424910.78, 1454877.84]}, "properties": {"d": -40.0, "s": 29, "Shore_Class": "non_mangrove"}}, {"type": "Feature", "geometry": {"type": "Point", "coordinates": [424920.58, 1454875.88]}, "properties": {"d": -30.0, "s": 29, "Shore_Class": "non_mangrove"}}, {"type": "Feature", "geometry": {"type": "Point", "coordinates": [424930.39, 1454873.92]}, "properties": {"d": -20.0, "s": 29, "Shore_Class": "non_mangrove"}}, {"type": "Feature", "geometry": {"type": "Point", "coordinates": [424940.19, 1454871.96]}, "properties": {"d": -10.0, "s": 29, "Shore_Class": "non_mangrove"}}, {"type": "Feature", "geometry": {"type": "Point", "coordinates": [424950.0, 1454870.0]}, "properties": {"d": 0.0, "s": 29, "Shore_Class": "non_mangrove"}}, {"type": "Feature", "geometry": {"type": "Point", "coordinates": [424959.81, 1454868.04]}, "properties": {"d": 10.0, "s": 29, "Shore_Class": "non_mangrove"}}, {"type": "Feature", "geometry": {"type": "Point", "coordinates": [424969.61, 1454866.08]}, "properties": {"d": 20.0, "s": 29, "Shore_Class": "non_mangrove"}}, {"type": "Feature", "geometry": {"type": "Point", "coordinates": [424979.42, 1454864.12]}, "properties": {"d": 30.0, "s": 29, "Shore_Class": "non_mangrove"}}, {"type": "Feature", "geometry": {"type": "Point", "coordinates": [424989.22, 1454862.16]}, "properties": {"d": 40.0, "s": 29, "Shore_Class": "non_mangrove"}}, {"type": "Feature", "geometry": {"type": "Point", "coordinates": [424999.03, 1454860.19]}, "properties": {"d": 50.0, "s": 29, "Shore_Class": "non_mangrove"}}, {"type": "Feature", "geometry": {"type": "Point", "coordinates": [425008.83, 1454858.23]}, "properties": {"d": 60.0, "s": 29, "Shore_Class": "non_mangrove"}}, {"type": "Feature", "geometry": {"type": "Point", "coordinates": [425018.64, 1454856.27]}, "properties": {"d": 70.0, "s": 29, "Shore_Class": "non_mangrove"}}, {"type": "Feature", "geometry": {"type": "Point", "coordinates": [425028.45, 1454854.31]}, "properties": {"d": 80.0, "s": 29, "Shore_Class": "non_mangrove"}}, {"type": "Feature", "geometry": {"type": "Point", "coordinates": [425038.25, 1454852.35]}, "properties": {"d": 90.0, "s": 29, "Shore_Class": "non_mangrove"}}, {"type": "Feature", "geometry": {"type": "Point", "coordinates": [425048.06, 1454850.39]}, "properties": {"d": 100.0, "s": 29, "Shore_Class": "non_mangrove"}}, {"type": "Feature", "geometry": {"type": "Point", "coordinates": [425057.86, 1454848.43]}, "properties": {"d": 110.0, "s": 29, "Shore_Class": "non_mangrove"}}, {"type": "Feature", "geometry": {"type": "Point", "coordinates": [425067.67, 1454846.47]}, "properties": {"d": 120.0, "s": 29, "Shore_Class": "non_mangrove"}}, {"type": "Feature", "geometry": {"type": "Point", "coordinates": [425077.48, 1454844.51]}, "properties": {"d": 130.0, "s": 29, "Shore_Class": "non_mangrove"}}, {"type": "Feature", "geometry": {"type": "Point", "coordinates": [425087.28, 1454842.54]}, "properties": {"d": 140.0, "s": 29, "Shore_Class": "non_mangrove"}}, {"type": "Feature", "geometry": {"type": "Point", "coordinates": [425097.09, 1454840.58]}, "properties": {"d": 150.0, "s": 29, "Shore_Class": "non_mangrove"}}, {"type": "Feature", "geometry": {"type": "Point", "coordinates": [424759.29, 1454620.71]}, "properties": {"d": -100.0, "s": 30, "Shore_Class": "non_mangrove"}}, {"type": "Feature", "geometry": {"type": "Point", "coordinates": [424766.36, 1454613.64]}, "properties": {"d": -90.0, "s": 30, "Shore_Class": "non_mangrove"}}, {"type": "Feature", "geometry": {"type": "Point", "coordinates": [424773.43, 1454606.57]}, "properties": {"d": -80.0, "s": 30, "Shore_Class": "non_mangrove"}}, {"type": "Feature", "geometry": {"type": "Point", "coordinates": [424780.5, 1454599.5]}, "properties": {"d": -70.0, "s": 30, "Shore_Class": "non_mangrove"}}, {"type": "Feature", "geometry": {"type": "Point", "coordinates": [424787.57, 1454592.43]}, "properties": {"d": -60.0, "s": 30, "Shore_Class": "non_mangrove"}}, {"type": "Feature", "geometry": {"type": "Point", "coordinates": [424794.64, 1454585.36]}, "properties": {"d": -50.0, "s": 30, "Shore_Class": "non_mangrove"}}, {"type": "Feature", "geometry": {"type": "Point", "coordinates": [424801.72, 1454578.28]}, "properties": {"d": -40.0, "s": 30, "Shore_Class": "non_mangrove"}}, {"type": "Feature", "geometry": {"type": "Point", "coordinates": [424808.79, 1454571.21]}, "properties": {"d": -30.0, "s": 30, "Shore_Class": "non_mangrove"}}, {"type": "Feature", "geometry": {"type": "Point", "coordinates": [424815.86, 1454564.14]}, "properties": {"d": -20.0, "s": 30, "Shore_Class": "non_mangrove"}}, {"type": "Feature", "geometry": {"type": "Point", "coordinates": [424822.93, 1454557.07]}, "properties": {"d": -10.0, "s": 30, "Shore_Class": "non_mangrove"}}, {"type": "Feature", "geometry": {"type": "Point", "coordinates": [424830.0, 1454550.0]}, "properties": {"d": 0.0, "s": 30, "Shore_Class": "non_mangrove"}}, {"type": "Feature", "geometry": {"type": "Point", "coordinates": [424837.07, 1454542.93]}, "properties": {"d": 10.0, "s": 30, "Shore_Class": "non_mangrove"}}, {"type": "Feature", "geometry": {"type": "Point", "coordinates": [424844.14, 1454535.86]}, "properties": {"d": 20.0, "s": 30, "Shore_Class": "non_mangrove"}}, {"type": "Feature", "geometry": {"type": "Point", "coordinates": [424851.21, 1454528.79]}, "properties": {"d": 30.0, "s": 30, "Shore_Class": "non_mangrove"}}, {"type": "Feature", "geometry": {"type": "Point", "coordinates": [424858.28, 1454521.72]}, "properties": {"d": 40.0, "s": 30, "Shore_Class": "non_mangrove"}}, {"type": "Feature", "geometry": {"type": "Point", "coordinates": [424865.36, 1454514.64]}, "properties": {"d": 50.0, "s": 30, "Shore_Class": "non_mangrove"}}, {"type": "Feature", "geometry": {"type": "Point", "coordinates": [424872.43, 1454507.57]}, "properties": {"d": 60.0, "s": 30, "Shore_Class": "non_mangrove"}}, {"type": "Feature", "geometry": {"type": "Point", "coordinates": [424879.5, 1454500.5]}, "properties": {"d": 70.0, "s": 30, "Shore_Class": "non_mangrove"}}, {"type": "Feature", "geometry": {"type": "Point", "coordinates": [424886.57, 1454493.43]}, "properties": {"d": 80.0, "s": 30, "Shore_Class": "non_mangrove"}}, {"type": "Feature", "geometry": {"type": "Point", "coordinates": [424893.64, 1454486.36]}, "properties": {"d": 90.0, "s": 30, "Shore_Class": "non_mangrove"}}, {"type": "Feature", "geometry": {"type": "Point", "coordinates": [424900.71, 1454479.29]}, "properties": {"d": 100.0, "s": 30, "Shore_Class": "non_mangrove"}}, {"type": "Feature", "geometry": {"type": "Point", "coordinates": [424907.78, 1454472.22]}, "properties": {"d": 110.0, "s": 30, "Shore_Class": "non_mangrove"}}, {"type": "Feature", "geometry": {"type": "Point", "coordinates": [424914.85, 1454465.15]}, "properties": {"d": 120.0, "s": 30, "Shore_Class": "non_mangrove"}}, {"type": "Feature", "geometry": {"type": "Point", "coordinates": [424921.92, 1454458.08]}, "properties": {"d": 130.0, "s": 30, "Shore_Class": "non_mangrove"}}, {"type": "Feature", "geometry": {"type": "Point", "coordinates": [424928.99, 1454451.01]}, "properties": {"d": 140.0, "s": 30, "Shore_Class": "non_mangrove"}}, {"type": "Feature", "geometry": {"type": "Point", "coordinates": [424936.07, 1454443.93]}, "properties": {"d": 150.0, "s": 30, "Shore_Class": "non_mangrove"}}, {"type": "Feature", "geometry": {"type": "Point", "coordinates": [424461.94, 1453959.61]}, "properties": {"d": -100.0, "s": 31, "Shore_Class": "non_mangrove"}}, {"type": "Feature", "geometry": {"type": "Point", "coordinates": [424471.75, 1453957.65]}, "properties": {"d": -90.0, "s": 31, "Shore_Class": "non_mangrove"}}, {"type": "Feature", "geometry": {"type": "Point", "coordinates": [424481.55, 1453955.69]}, "properties": {"d": -80.0, "s": 31, "Shore_Class": "non_mangrove"}}, {"type": "Feature", "geometry": {"type": "Point", "coordinates": [424491.36, 1453953.73]}, "properties": {"d": -70.0, "s": 31, "Shore_Class": "non_mangrove"}}, {"type": "Feature", "geometry": {"type": "Point", "coordinates": [424501.17, 1453951.77]}, "properties": {"d": -60.0, "s": 31, "Shore_Class": "non_mangrove"}}, {"type": "Feature", "geometry": {"type": "Point", "coordinates": [424510.97, 1453949.81]}, "properties": {"d": -50.0, "s": 31, "Shore_Class": "non_mangrove"}}, {"type": "Feature", "geometry": {"type": "Point", "coordinates": [424520.78, 1453947.84]}, "properties": {"d": -40.0, "s": 31, "Shore_Class": "non_mangrove"}}, {"type": "Feature", "geometry": {"type": "Point", "coordinates": [424530.58, 1453945.88]}, "properties": {"d": -30.0, "s": 31, "Shore_Class": "non_mangrove"}}, {"type": "Feature", "geometry": {"type": "Point", "coordinates": [424540.39, 1453943.92]}, "properties": {"d": -20.0, "s": 31, "Shore_Class": "non_mangrove"}}, {"type": "Feature", "geometry": {"type": "Point", "coordinates": [424550.19, 1453941.96]}, "properties": {"d": -10.0, "s": 31, "Shore_Class": "non_mangrove"}}, {"type": "Feature", "geometry": {"type": "Point", "coordinates": [424560.0, 1453940.0]}, "properties": {"d": 0.0, "s": 31, "Shore_Class": "non_mangrove"}}, {"type": "Feature", "geometry": {"type": "Point", "coordinates": [424569.81, 1453938.04]}, "properties": {"d": 10.0, "s": 31, "Shore_Class": "non_mangrove"}}, {"type": "Feature", "geometry": {"type": "Point", "coordinates": [424579.61, 1453936.08]}, "properties": {"d": 20.0, "s": 31, "Shore_Class": "non_mangrove"}}, {"type": "Feature", "geometry": {"type": "Point", "coordinates": [424589.42, 1453934.12]}, "properties": {"d": 30.0, "s": 31, "Shore_Class": "non_mangrove"}}, {"type": "Feature", "geometry": {"type": "Point", "coordinates": [424599.22, 1453932.16]}, "properties": {"d": 40.0, "s": 31, "Shore_Class": "non_mangrove"}}, {"type": "Feature", "geometry": {"type": "Point", "coordinates": [424609.03, 1453930.19]}, "properties": {"d": 50.0, "s": 31, "Shore_Class": "non_mangrove"}}, {"type": "Feature", "geometry": {"type": "Point", "coordinates": [424618.83, 1453928.23]}, "properties": {"d": 60.0, "s": 31, "Shore_Class": "non_mangrove"}}, {"type": "Feature", "geometry": {"type": "Point", "coordinates": [424628.64, 1453926.27]}, "properties": {"d": 70.0, "s": 31, "Shore_Class": "non_mangrove"}}, {"type": "Feature", "geometry": {"type": "Point", "coordinates": [424638.45, 1453924.31]}, "properties": {"d": 80.0, "s": 31, "Shore_Class": "non_mangrove"}}, {"type": "Feature", "geometry": {"type": "Point", "coordinates": [424648.25, 1453922.35]}, "properties": {"d": 90.0, "s": 31, "Shore_Class": "non_mangrove"}}, {"type": "Feature", "geometry": {"type": "Point", "coordinates": [424658.06, 1453920.39]}, "properties": {"d": 100.0, "s": 31, "Shore_Class": "non_mangrove"}}, {"type": "Feature", "geometry": {"type": "Point", "coordinates": [424667.86, 1453918.43]}, "properties": {"d": 110.0, "s": 31, "Shore_Class": "non_mangrove"}}, {"type": "Feature", "geometry": {"type": "Point", "coordinates": [424677.67, 1453916.47]}, "properties": {"d": 120.0, "s": 31, "Shore_Class": "non_mangrove"}}, {"type": "Feature", "geometry": {"type": "Point", "coordinates": [424687.48, 1453914.51]}, "properties": {"d": 130.0, "s": 31, "Shore_Class": "non_mangrove"}}, {"type": "Feature", "geometry": {"type": "Point", "coordinates": [424697.28, 1453912.54]}, "properties": {"d": 140.0, "s": 31, "Shore_Class": "non_mangrove"}}, {"type": "Feature", "geometry": {"type": "Point", "coordinates": [424707.09, 1453910.58]}, "properties": {"d": 150.0, "s": 31, "Shore_Class": "non_mangrove"}}, {"type": "Feature", "geometry": {"type": "Point", "coordinates": [424310.0, 1453590.0]}, "properties": {"d": -100.0, "s": 32, "Shore_Class": "non_mangrove"}}, {"type": "Feature", "geometry": {"type": "Point", "coordinates": [424320.0, 1453590.0]}, "properties": {"d": -90.0, "s": 32, "Shore_Class": "non_mangrove"}}, {"type": "Feature", "geometry": {"type": "Point", "coordinates": [424330.0, 1453590.0]}, "properties": {"d": -80.0, "s": 32, "Shore_Class": "non_mangrove"}}, {"type": "Feature", "geometry": {"type": "Point", "coordinates": [424340.0, 1453590.0]}, "properties": {"d": -70.0, "s": 32, "Shore_Class": "non_mangrove"}}, {"type": "Feature", "geometry": {"type": "Point", "coordinates": [424350.0, 1453590.0]}, "properties": {"d": -60.0, "s": 32, "Shore_Class": "non_mangrove"}}, {"type": "Feature", "geometry": {"type": "Point", "coordinates": [424360.0, 1453590.0]}, "properties": {"d": -50.0, "s": 32, "Shore_Class": "non_mangrove"}}, {"type": "Feature", "geometry": {"type": "Point", "coordinates": [424370.0, 1453590.0]}, "properties": {"d": -40.0, "s": 32, "Shore_Class": "non_mangrove"}}, {"type": "Feature", "geometry": {"type": "Point", "coordinates": [424380.0, 1453590.0]}, "properties": {"d": -30.0, "s": 32, "Shore_Class": "non_mangrove"}}, {"type": "Feature", "geometry": {"type": "Point", "coordinates": [424390.0, 1453590.0]}, "properties": {"d": -20.0, "s": 32, "Shore_Class": "non_mangrove"}}, {"type": "Feature", "geometry": {"type": "Point", "coordinates": [424400.0, 1453590.0]}, "properties": {"d": -10.0, "s": 32, "Shore_Class": "non_mangrove"}}, {"type": "Feature", "geometry": {"type": "Point", "coordinates": [424410.0, 1453590.0]}, "properties": {"d": 0.0, "s": 32, "Shore_Class": "non_mangrove"}}, {"type": "Feature", "geometry": {"type": "Point", "coordinates": [424420.0, 1453590.0]}, "properties": {"d": 10.0, "s": 32, "Shore_Class": "non_mangrove"}}, {"type": "Feature", "geometry": {"type": "Point", "coordinates": [424430.0, 1453590.0]}, "properties": {"d": 20.0, "s": 32, "Shore_Class": "non_mangrove"}}, {"type": "Feature", "geometry": {"type": "Point", "coordinates": [424440.0, 1453590.0]}, "properties": {"d": 30.0, "s": 32, "Shore_Class": "non_mangrove"}}, {"type": "Feature", "geometry": {"type": "Point", "coordinates": [424450.0, 1453590.0]}, "properties": {"d": 40.0, "s": 32, "Shore_Class": "non_mangrove"}}, {"type": "Feature", "geometry": {"type": "Point", "coordinates": [424460.0, 1453590.0]}, "properties": {"d": 50.0, "s": 32, "Shore_Class": "non_mangrove"}}, {"type": "Feature", "geometry": {"type": "Point", "coordinates": [424470.0, 1453590.0]}, "properties": {"d": 60.0, "s": 32, "Shore_Class": "non_mangrove"}}, {"type": "Feature", "geometry": {"type": "Point", "coordinates": [424480.0, 1453590.0]}, "properties": {"d": 70.0, "s": 32, "Shore_Class": "non_mangrove"}}, {"type": "Feature", "geometry": {"type": "Point", "coordinates": [424490.0, 1453590.0]}, "properties": {"d": 80.0, "s": 32, "Shore_Class": "non_mangrove"}}, {"type": "Feature", "geometry": {"type": "Point", "coordinates": [424500.0, 1453590.0]}, "properties": {"d": 90.0, "s": 32, "Shore_Class": "non_mangrove"}}, {"type": "Feature", "geometry": {"type": "Point", "coordinates": [424510.0, 1453590.0]}, "properties": {"d": 100.0, "s": 32, "Shore_Class": "non_mangrove"}}, {"type": "Feature", "geometry": {"type": "Point", "coordinates": [424520.0, 1453590.0]}, "properties": {"d": 110.0, "s": 32, "Shore_Class": "non_mangrove"}}, {"type": "Feature", "geometry": {"type": "Point", "coordinates": [424530.0, 1453590.0]}, "properties": {"d": 120.0, "s": 32, "Shore_Class": "non_mangrove"}}, {"type": "Feature", "geometry": {"type": "Point", "coordinates": [424540.0, 1453590.0]}, "properties": {"d": 130.0, "s": 32, "Shore_Class": "non_mangrove"}}, {"type": "Feature", "geometry": {"type": "Point", "coordinates": [424550.0, 1453590.0]}, "properties": {"d": 140.0, "s": 32, "Shore_Class": "non_mangrove"}}, {"type": "Feature", "geometry": {"type": "Point", "coordinates": [424560.0, 1453590.0]}, "properties": {"d": 150.0, "s": 32, "Shore_Class": "non_mangrove"}}, {"type": "Feature", "geometry": {"type": "Point", "coordinates": [424011.94, 1452909.61]}, "properties": {"d": -100.0, "s": 33, "Shore_Class": "non_mangrove"}}, {"type": "Feature", "geometry": {"type": "Point", "coordinates": [424021.75, 1452907.65]}, "properties": {"d": -90.0, "s": 33, "Shore_Class": "non_mangrove"}}, {"type": "Feature", "geometry": {"type": "Point", "coordinates": [424031.55, 1452905.69]}, "properties": {"d": -80.0, "s": 33, "Shore_Class": "non_mangrove"}}, {"type": "Feature", "geometry": {"type": "Point", "coordinates": [424041.36, 1452903.73]}, "properties": {"d": -70.0, "s": 33, "Shore_Class": "non_mangrove"}}, {"type": "Feature", "geometry": {"type": "Point", "coordinates": [424051.17, 1452901.77]}, "properties": {"d": -60.0, "s": 33, "Shore_Class": "non_mangrove"}}, {"type": "Feature", "geometry": {"type": "Point", "coordinates": [424060.97, 1452899.81]}, "properties": {"d": -50.0, "s": 33, "Shore_Class": "non_mangrove"}}, {"type": "Feature", "geometry": {"type": "Point", "coordinates": [424070.78, 1452897.84]}, "properties": {"d": -40.0, "s": 33, "Shore_Class": "non_mangrove"}}, {"type": "Feature", "geometry": {"type": "Point", "coordinates": [424080.58, 1452895.88]}, "properties": {"d": -30.0, "s": 33, "Shore_Class": "non_mangrove"}}, {"type": "Feature", "geometry": {"type": "Point", "coordinates": [424090.39, 1452893.92]}, "properties": {"d": -20.0, "s": 33, "Shore_Class": "non_mangrove"}}, {"type": "Feature", "geometry": {"type": "Point", "coordinates": [424100.19, 1452891.96]}, "properties": {"d": -10.0, "s": 33, "Shore_Class": "non_mangrove"}}, {"type": "Feature", "geometry": {"type": "Point", "coordinates": [424110.0, 1452890.0]}, "properties": {"d": 0.0, "s": 33, "Shore_Class": "non_mangrove"}}, {"type": "Feature", "geometry": {"type": "Point", "coordinates": [424119.81, 1452888.04]}, "properties": {"d": 10.0, "s": 33, "Shore_Class": "non_mangrove"}}, {"type": "Feature", "geometry": {"type": "Point", "coordinates": [424129.61, 1452886.08]}, "properties": {"d": 20.0, "s": 33, "Shore_Class": "non_mangrove"}}, {"type": "Feature", "geometry": {"type": "Point", "coordinates": [424139.42, 1452884.12]}, "properties": {"d": 30.0, "s": 33, "Shore_Class": "non_mangrove"}}, {"type": "Feature", "geometry": {"type": "Point", "coordinates": [424149.22, 1452882.16]}, "properties": {"d": 40.0, "s": 33, "Shore_Class": "non_mangrove"}}, {"type": "Feature", "geometry": {"type": "Point", "coordinates": [424159.03, 1452880.19]}, "properties": {"d": 50.0, "s": 33, "Shore_Class": "non_mangrove"}}, {"type": "Feature", "geometry": {"type": "Point", "coordinates": [424168.83, 1452878.23]}, "properties": {"d": 60.0, "s": 33, "Shore_Class": "non_mangrove"}}, {"type": "Feature", "geometry": {"type": "Point", "coordinates": [424178.64, 1452876.27]}, "properties": {"d": 70.0, "s": 33, "Shore_Class": "non_mangrove"}}, {"type": "Feature", "geometry": {"type": "Point", "coordinates": [424188.45, 1452874.31]}, "properties": {"d": 80.0, "s": 33, "Shore_Class": "non_mangrove"}}, {"type": "Feature", "geometry": {"type": "Point", "coordinates": [424198.25, 1452872.35]}, "properties": {"d": 90.0, "s": 33, "Shore_Class": "non_mangrove"}}, {"type": "Feature", "geometry": {"type": "Point", "coordinates": [424208.06, 1452870.39]}, "properties": {"d": 100.0, "s": 33, "Shore_Class": "non_mangrove"}}, {"type": "Feature", "geometry": {"type": "Point", "coordinates": [424217.86, 1452868.43]}, "properties": {"d": 110.0, "s": 33, "Shore_Class": "non_mangrove"}}, {"type": "Feature", "geometry": {"type": "Point", "coordinates": [424227.67, 1452866.47]}, "properties": {"d": 120.0, "s": 33, "Shore_Class": "non_mangrove"}}, {"type": "Feature", "geometry": {"type": "Point", "coordinates": [424237.48, 1452864.51]}, "properties": {"d": 130.0, "s": 33, "Shore_Class": "non_mangrove"}}, {"type": "Feature", "geometry": {"type": "Point", "coordinates": [424247.28, 1452862.54]}, "properties": {"d": 140.0, "s": 33, "Shore_Class": "non_mangrove"}}, {"type": "Feature", "geometry": {"type": "Point", "coordinates": [424257.09, 1452860.58]}, "properties": {"d": 150.0, "s": 33, "Shore_Class": "non_mangrove"}}, {"type": "Feature", "geometry": {"type": "Point", "coordinates": [423920.0, 1452600.0]}, "properties": {"d": -100.0, "s": 34, "Shore_Class": "non_mangrove"}}, {"type": "Feature", "geometry": {"type": "Point", "coordinates": [423930.0, 1452600.0]}, "properties": {"d": -90.0, "s": 34, "Shore_Class": "non_mangrove"}}, {"type": "Feature", "geometry": {"type": "Point", "coordinates": [423940.0, 1452600.0]}, "properties": {"d": -80.0, "s": 34, "Shore_Class": "non_mangrove"}}, {"type": "Feature", "geometry": {"type": "Point", "coordinates": [423950.0, 1452600.0]}, "properties": {"d": -70.0, "s": 34, "Shore_Class": "non_mangrove"}}, {"type": "Feature", "geometry": {"type": "Point", "coordinates": [423960.0, 1452600.0]}, "properties": {"d": -60.0, "s": 34, "Shore_Class": "non_mangrove"}}, {"type": "Feature", "geometry": {"type": "Point", "coordinates": [423970.0, 1452600.0]}, "properties": {"d": -50.0, "s": 34, "Shore_Class": "non_mangrove"}}, {"type": "Feature", "geometry": {"type": "Point", "coordinates": [423980.0, 1452600.0]}, "properties": {"d": -40.0, "s": 34, "Shore_Class": "non_mangrove"}}, {"type": "Feature", "geometry": {"type": "Point", "coordinates": [423990.0, 1452600.0]}, "properties": {"d": -30.0, "s": 34, "Shore_Class": "non_mangrove"}}, {"type": "Feature", "geometry": {"type": "Point", "coordinates": [424000.0, 1452600.0]}, "properties": {"d": -20.0, "s": 34, "Shore_Class": "non_mangrove"}}, {"type": "Feature", "geometry": {"type": "Point", "coordinates": [424010.0, 1452600.0]}, "properties": {"d": -10.0, "s": 34, "Shore_Class": "non_mangrove"}}, {"type": "Feature", "geometry": {"type": "Point", "coordinates": [424020.0, 1452600.0]}, "properties": {"d": 0.0, "s": 34, "Shore_Class": "non_mangrove"}}, {"type": "Feature", "geometry": {"type": "Point", "coordinates": [424030.0, 1452600.0]}, "properties": {"d": 10.0, "s": 34, "Shore_Class": "non_mangrove"}}, {"type": "Feature", "geometry": {"type": "Point", "coordinates": [424040.0, 1452600.0]}, "properties": {"d": 20.0, "s": 34, "Shore_Class": "non_mangrove"}}, {"type": "Feature", "geometry": {"type": "Point", "coordinates": [424050.0, 1452600.0]}, "properties": {"d": 30.0, "s": 34, "Shore_Class": "non_mangrove"}}, {"type": "Feature", "geometry": {"type": "Point", "coordinates": [424060.0, 1452600.0]}, "properties": {"d": 40.0, "s": 34, "Shore_Class": "non_mangrove"}}, {"type": "Feature", "geometry": {"type": "Point", "coordinates": [424070.0, 1452600.0]}, "properties": {"d": 50.0, "s": 34, "Shore_Class": "non_mangrove"}}, {"type": "Feature", "geometry": {"type": "Point", "coordinates": [424080.0, 1452600.0]}, "properties": {"d": 60.0, "s": 34, "Shore_Class": "non_mangrove"}}, {"type": "Feature", "geometry": {"type": "Point", "coordinates": [424090.0, 1452600.0]}, "properties": {"d": 70.0, "s": 34, "Shore_Class": "non_mangrove"}}, {"type": "Feature", "geometry": {"type": "Point", "coordinates": [424100.0, 1452600.0]}, "properties": {"d": 80.0, "s": 34, "Shore_Class": "non_mangrove"}}, {"type": "Feature", "geometry": {"type": "Point", "coordinates": [424110.0, 1452600.0]}, "properties": {"d": 90.0, "s": 34, "Shore_Class": "non_mangrove"}}, {"type": "Feature", "geometry": {"type": "Point", "coordinates": [424120.0, 1452600.0]}, "properties": {"d": 100.0, "s": 34, "Shore_Class": "non_mangrove"}}, {"type": "Feature", "geometry": {"type": "Point", "coordinates": [424130.0, 1452600.0]}, "properties": {"d": 110.0, "s": 34, "Shore_Class": "non_mangrove"}}, {"type": "Feature", "geometry": {"type": "Point", "coordinates": [424140.0, 1452600.0]}, "properties": {"d": 120.0, "s": 34, "Shore_Class": "non_mangrove"}}, {"type": "Feature", "geometry": {"type": "Point", "coordinates": [424150.0, 1452600.0]}, "properties": {"d": 130.0, "s": 34, "Shore_Class": "non_mangrove"}}, {"type": "Feature", "geometry": {"type": "Point", "coordinates": [424160.0, 1452600.0]}, "properties": {"d": 140.0, "s": 34, "Shore_Class": "non_mangrove"}}, {"type": "Feature", "geometry": {"type": "Point", "coordinates": [424170.0, 1452600.0]}, "properties": {"d": 150.0, "s": 34, "Shore_Class": "non_mangrove"}}, {"type": "Feature", "geometry": {"type": "Point", "coordinates": [423870.56, 1452264.72]}, "properties": {"d": -100.0, "s": 35, "Shore_Class": "non_mangrove"}}, {"type": "Feature", "geometry": {"type": "Point", "coordinates": [423879.5, 1452260.25]}, "properties": {"d": -90.0, "s": 35, "Shore_Class": "non_mangrove"}}, {"type": "Feature", "geometry": {"type": "Point", "coordinates": [423888.45, 1452255.78]}, "properties": {"d": -80.0, "s": 35, "Shore_Class": "non_mangrove"}}, {"type": "Feature", "geometry": {"type": "Point", "coordinates": [423897.39, 1452251.3]}, "properties": {"d": -70.0, "s": 35, "Shore_Class": "non_mangrove"}}, {"type": "Feature", "geometry": {"type": "Point", "coordinates": [423906.33, 1452246.83]}, "properties": {"d": -60.0, "s": 35, "Shore_Class": "non_mangrove"}}, {"type": "Feature", "geometry": {"type": "Point", "coordinates": [423915.28, 1452242.36]}, "properties": {"d": -50.0, "s": 35, "Shore_Class": "non_mangrove"}}, {"type": "Feature", "geometry": {"type": "Point", "coordinates": [423924.22, 1452237.89]}, "properties": {"d": -40.0, "s": 35, "Shore_Class": "non_mangrove"}}, {"type": "Feature", "geometry": {"type": "Point", "coordinates": [423933.17, 1452233.42]}, "properties": {"d": -30.0, "s": 35, "Shore_Class": "non_mangrove"}}, {"type": "Feature", "geometry": {"type": "Point", "coordinates": [423942.11, 1452228.94]}, "properties": {"d": -20.0, "s": 35, "Shore_Class": "non_mangrove"}}, {"type": "Feature", "geometry": {"type": "Point", "coordinates": [423951.06, 1452224.47]}, "properties": {"d": -10.0, "s": 35, "Shore_Class": "non_mangrove"}}, {"type": "Feature", "geometry": {"type": "Point", "coordinates": [423960.0, 1452220.0]}, "properties": {"d": 0.0, "s": 35, "Shore_Class": "non_mangrove"}}, {"type": "Feature", "geometry": {"type": "Point", "coordinates": [423968.94, 1452215.53]}, "properties": {"d": 10.0, "s": 35, "Shore_Class": "non_mangrove"}}, {"type": "Feature", "geometry": {"type": "Point", "coordinates": [423977.89, 1452211.06]}, "properties": {"d": 20.0, "s": 35, "Shore_Class": "non_mangrove"}}, {"type": "Feature", "geometry": {"type": "Point", "coordinates": [423986.83, 1452206.58]}, "properties": {"d": 30.0, "s": 35, "Shore_Class": "non_mangrove"}}, {"type": "Feature", "geometry": {"type": "Point", "coordinates": [423995.78, 1452202.11]}, "properties": {"d": 40.0, "s": 35, "Shore_Class": "non_mangrove"}}, {"type": "Feature", "geometry": {"type": "Point", "coordinates": [424004.72, 1452197.64]}, "properties": {"d": 50.0, "s": 35, "Shore_Class": "non_mangrove"}}, {"type": "Feature", "geometry": {"type": "Point", "coordinates": [424013.67, 1452193.17]}, "properties": {"d": 60.0, "s": 35, "Shore_Class": "non_mangrove"}}, {"type": "Feature", "geometry": {"type": "Point", "coordinates": [424022.61, 1452188.7]}, "properties": {"d": 70.0, "s": 35, "Shore_Class": "non_mangrove"}}, {"type": "Feature", "geometry": {"type": "Point", "coordinates": [424031.55, 1452184.22]}, "properties": {"d": 80.0, "s": 35, "Shore_Class": "non_mangrove"}}, {"type": "Feature", "geometry": {"type": "Point", "coordinates": [424040.5, 1452179.75]}, "properties": {"d": 90.0, "s": 35, "Shore_Class": "non_mangrove"}}, {"type": "Feature", "geometry": {"type": "Point", "coordinates": [424049.44, 1452175.28]}, "properties": {"d": 100.0, "s": 35, "Shore_Class": "non_mangrove"}}, {"type": "Feature", "geometry": {"type": "Point", "coordinates": [424058.39, 1452170.81]}, "properties": {"d": 110.0, "s": 35, "Shore_Class": "non_mangrove"}}, {"type": "Feature", "geometry": {"type": "Point", "coordinates": [424067.33, 1452166.33]}, "properties": {"d": 120.0, "s": 35, "Shore_Class": "non_mangrove"}}, {"type": "Feature", "geometry": {"type": "Point", "coordinates": [424076.28, 1452161.86]}, "properties": {"d": 130.0, "s": 35, "Shore_Class": "non_mangrove"}}, {"type": "Feature", "geometry": {"type": "Point", "coordinates": [424085.22, 1452157.39]}, "properties": {"d": 140.0, "s": 35, "Shore_Class": "non_mangrove"}}, {"type": "Feature", "geometry": {"type": "Point", "coordinates": [424094.16, 1452152.92]}, "properties": {"d": 150.0, "s": 35, "Shore_Class": "non_mangrove"}}, {"type": "Feature", "geometry": {"type": "Point", "coordinates": [423949.29, 1452010.71]}, "properties": {"d": -100.0, "s": 36, "Shore_Class": "non_mangrove"}}, {"type": "Feature", "geometry": {"type": "Point", "coordinates": [423956.36, 1452003.64]}, "properties": {"d": -90.0, "s": 36, "Shore_Class": "non_mangrove"}}, {"type": "Feature", "geometry": {"type": "Point", "coordinates": [423963.43, 1451996.57]}, "properties": {"d": -80.0, "s": 36, "Shore_Class": "non_mangrove"}}, {"type": "Feature", "geometry": {"type": "Point", "coordinates": [423970.5, 1451989.5]}, "properties": {"d": -70.0, "s": 36, "Shore_Class": "non_mangrove"}}, {"type": "Feature", "geometry": {"type": "Point", "coordinates": [423977.57, 1451982.43]}, "properties": {"d": -60.0, "s": 36, "Shore_Class": "non_mangrove"}}, {"type": "Feature", "geometry": {"type": "Point", "coordinates": [423984.64, 1451975.36]}, "properties": {"d": -50.0, "s": 36, "Shore_Class": "non_mangrove"}}, {"type": "Feature", "geometry": {"type": "Point", "coordinates": [423991.72, 1451968.28]}, "properties": {"d": -40.0, "s": 36, "Shore_Class": "non_mangrove"}}, {"type": "Feature", "geometry": {"type": "Point", "coordinates": [423998.79, 1451961.21]}, "properties": {"d": -30.0, "s": 36, "Shore_Class": "non_mangrove"}}, {"type": "Feature", "geometry": {"type": "Point", "coordinates": [424005.86, 1451954.14]}, "properties": {"d": -20.0, "s": 36, "Shore_Class": "non_mangrove"}}, {"type": "Feature", "geometry": {"type": "Point", "coordinates": [424012.93, 1451947.07]}, "properties": {"d": -10.0, "s": 36, "Shore_Class": "non_mangrove"}}, {"type": "Feature", "geometry": {"type": "Point", "coordinates": [424020.0, 1451940.0]}, "properties": {"d": 0.0, "s": 36, "Shore_Class": "non_mangrove"}}, {"type": "Feature", "geometry": {"type": "Point", "coordinates": [424027.07, 1451932.93]}, "properties": {"d": 10.0, "s": 36, "Shore_Class": "non_mangrove"}}, {"type": "Feature", "geometry": {"type": "Point", "coordinates": [424034.14, 1451925.86]}, "properties": {"d": 20.0, "s": 36, "Shore_Class": "non_mangrove"}}, {"type": "Feature", "geometry": {"type": "Point", "coordinates": [424041.21, 1451918.79]}, "properties": {"d": 30.0, "s": 36, "Shore_Class": "non_mangrove"}}, {"type": "Feature", "geometry": {"type": "Point", "coordinates": [424048.28, 1451911.72]}, "properties": {"d": 40.0, "s": 36, "Shore_Class": "non_mangrove"}}, {"type": "Feature", "geometry": {"type": "Point", "coordinates": [424055.36, 1451904.64]}, "properties": {"d": 50.0, "s": 36, "Shore_Class": "non_mangrove"}}, {"type": "Feature", "geometry": {"type": "Point", "coordinates": [424062.43, 1451897.57]}, "properties": {"d": 60.0, "s": 36, "Shore_Class": "non_mangrove"}}, {"type": "Feature", "geometry": {"type": "Point", "coordinates": [424069.5, 1451890.5]}, "properties": {"d": 70.0, "s": 36, "Shore_Class": "non_mangrove"}}, {"type": "Feature", "geometry": {"type": "Point", "coordinates": [424076.57, 1451883.43]}, "properties": {"d": 80.0, "s": 36, "Shore_Class": "non_mangrove"}}, {"type": "Feature", "geometry": {"type": "Point", "coordinates": [424083.64, 1451876.36]}, "properties": {"d": 90.0, "s": 36, "Shore_Class": "non_mangrove"}}, {"type": "Feature", "geometry": {"type": "Point", "coordinates": [424090.71, 1451869.29]}, "properties": {"d": 100.0, "s": 36, "Shore_Class": "non_mangrove"}}, {"type": "Feature", "geometry": {"type": "Point", "coordinates": [424097.78, 1451862.22]}, "properties": {"d": 110.0, "s": 36, "Shore_Class": "non_mangrove"}}, {"type": "Feature", "geometry": {"type": "Point", "coordinates": [424104.85, 1451855.15]}, "properties": {"d": 120.0, "s": 36, "Shore_Class": "non_mangrove"}}, {"type": "Feature", "geometry": {"type": "Point", "coordinates": [424111.92, 1451848.08]}, "properties": {"d": 130.0, "s": 36, "Shore_Class": "non_mangrove"}}, {"type": "Feature", "geometry": {"type": "Point", "coordinates": [424118.99, 1451841.0]}, "properties": {"d": 140.0, "s": 36, "Shore_Class": "non_mangrove"}}, {"type": "Feature", "geometry": {"type": "Point", "coordinates": [424126.07, 1451833.93]}, "properties": {"d": 150.0, "s": 36, "Shore_Class": "non_mangrove"}}, {"type": "Feature", "geometry": {"type": "Point", "coordinates": [424039.29, 1451440.71]}, "properties": {"d": -100.0, "s": 37, "Shore_Class": "non_mangrove"}}, {"type": "Feature", "geometry": {"type": "Point", "coordinates": [424046.36, 1451433.64]}, "properties": {"d": -90.0, "s": 37, "Shore_Class": "non_mangrove"}}, {"type": "Feature", "geometry": {"type": "Point", "coordinates": [424053.43, 1451426.57]}, "properties": {"d": -80.0, "s": 37, "Shore_Class": "non_mangrove"}}, {"type": "Feature", "geometry": {"type": "Point", "coordinates": [424060.5, 1451419.5]}, "properties": {"d": -70.0, "s": 37, "Shore_Class": "non_mangrove"}}, {"type": "Feature", "geometry": {"type": "Point", "coordinates": [424067.57, 1451412.43]}, "properties": {"d": -60.0, "s": 37, "Shore_Class": "non_mangrove"}}, {"type": "Feature", "geometry": {"type": "Point", "coordinates": [424074.64, 1451405.36]}, "properties": {"d": -50.0, "s": 37, "Shore_Class": "non_mangrove"}}, {"type": "Feature", "geometry": {"type": "Point", "coordinates": [424081.72, 1451398.28]}, "properties": {"d": -40.0, "s": 37, "Shore_Class": "non_mangrove"}}, {"type": "Feature", "geometry": {"type": "Point", "coordinates": [424088.79, 1451391.21]}, "properties": {"d": -30.0, "s": 37, "Shore_Class": "non_mangrove"}}, {"type": "Feature", "geometry": {"type": "Point", "coordinates": [424095.86, 1451384.14]}, "properties": {"d": -20.0, "s": 37, "Shore_Class": "non_mangrove"}}, {"type": "Feature", "geometry": {"type": "Point", "coordinates": [424102.93, 1451377.07]}, "properties": {"d": -10.0, "s": 37, "Shore_Class": "non_mangrove"}}, {"type": "Feature", "geometry": {"type": "Point", "coordinates": [424110.0, 1451370.0]}, "properties": {"d": 0.0, "s": 37, "Shore_Class": "non_mangrove"}}, {"type": "Feature", "geometry": {"type": "Point", "coordinates": [424117.07, 1451362.93]}, "properties": {"d": 10.0, "s": 37, "Shore_Class": "non_mangrove"}}, {"type": "Feature", "geometry": {"type": "Point", "coordinates": [424124.14, 1451355.86]}, "properties": {"d": 20.0, "s": 37, "Shore_Class": "non_mangrove"}}, {"type": "Feature", "geometry": {"type": "Point", "coordinates": [424131.21, 1451348.79]}, "properties": {"d": 30.0, "s": 37, "Shore_Class": "non_mangrove"}}, {"type": "Feature", "geometry": {"type": "Point", "coordinates": [424138.28, 1451341.72]}, "properties": {"d": 40.0, "s": 37, "Shore_Class": "non_mangrove"}}, {"type": "Feature", "geometry": {"type": "Point", "coordinates": [424145.36, 1451334.64]}, "properties": {"d": 50.0, "s": 37, "Shore_Class": "non_mangrove"}}, {"type": "Feature", "geometry": {"type": "Point", "coordinates": [424152.43, 1451327.57]}, "properties": {"d": 60.0, "s": 37, "Shore_Class": "non_mangrove"}}, {"type": "Feature", "geometry": {"type": "Point", "coordinates": [424159.5, 1451320.5]}, "properties": {"d": 70.0, "s": 37, "Shore_Class": "non_mangrove"}}, {"type": "Feature", "geometry": {"type": "Point", "coordinates": [424166.57, 1451313.43]}, "properties": {"d": 80.0, "s": 37, "Shore_Class": "non_mangrove"}}, {"type": "Feature", "geometry": {"type": "Point", "coordinates": [424173.64, 1451306.36]}, "properties": {"d": 90.0, "s": 37, "Shore_Class": "non_mangrove"}}, {"type": "Feature", "geometry": {"type": "Point", "coordinates": [424180.71, 1451299.29]}, "properties": {"d": 100.0, "s": 37, "Shore_Class": "non_mangrove"}}, {"type": "Feature", "geometry": {"type": "Point", "coordinates": [424187.78, 1451292.22]}, "properties": {"d": 110.0, "s": 37, "Shore_Class": "non_mangrove"}}, {"type": "Feature", "geometry": {"type": "Point", "coordinates": [424194.85, 1451285.15]}, "properties": {"d": 120.0, "s": 37, "Shore_Class": "non_mangrove"}}, {"type": "Feature", "geometry": {"type": "Point", "coordinates": [424201.92, 1451278.08]}, "properties": {"d": 130.0, "s": 37, "Shore_Class": "non_mangrove"}}, {"type": "Feature", "geometry": {"type": "Point", "coordinates": [424208.99, 1451271.01]}, "properties": {"d": 140.0, "s": 37, "Shore_Class": "non_mangrove"}}, {"type": "Feature", "geometry": {"type": "Point", "coordinates": [424216.07, 1451263.93]}, "properties": {"d": 150.0, "s": 37, "Shore_Class": "non_mangrove"}}, {"type": "Feature", "geometry": {"type": "Point", "coordinates": [423830.0, 1451170.0]}, "properties": {"d": -100.0, "s": 38, "Shore_Class": "non_mangrove"}}, {"type": "Feature", "geometry": {"type": "Point", "coordinates": [423840.0, 1451170.0]}, "properties": {"d": -90.0, "s": 38, "Shore_Class": "non_mangrove"}}, {"type": "Feature", "geometry": {"type": "Point", "coordinates": [423850.0, 1451170.0]}, "properties": {"d": -80.0, "s": 38, "Shore_Class": "non_mangrove"}}, {"type": "Feature", "geometry": {"type": "Point", "coordinates": [423860.0, 1451170.0]}, "properties": {"d": -70.0, "s": 38, "Shore_Class": "non_mangrove"}}, {"type": "Feature", "geometry": {"type": "Point", "coordinates": [423870.0, 1451170.0]}, "properties": {"d": -60.0, "s": 38, "Shore_Class": "non_mangrove"}}, {"type": "Feature", "geometry": {"type": "Point", "coordinates": [423880.0, 1451170.0]}, "properties": {"d": -50.0, "s": 38, "Shore_Class": "non_mangrove"}}, {"type": "Feature", "geometry": {"type": "Point", "coordinates": [423890.0, 1451170.0]}, "properties": {"d": -40.0, "s": 38, "Shore_Class": "non_mangrove"}}, {"type": "Feature", "geometry": {"type": "Point", "coordinates": [423900.0, 1451170.0]}, "properties": {"d": -30.0, "s": 38, "Shore_Class": "non_mangrove"}}, {"type": "Feature", "geometry": {"type": "Point", "coordinates": [423910.0, 1451170.0]}, "properties": {"d": -20.0, "s": 38, "Shore_Class": "non_mangrove"}}, {"type": "Feature", "geometry": {"type": "Point", "coordinates": [423920.0, 1451170.0]}, "properties": {"d": -10.0, "s": 38, "Shore_Class": "non_mangrove"}}, {"type": "Feature", "geometry": {"type": "Point", "coordinates": [423930.0, 1451170.0]}, "properties": {"d": 0.0, "s": 38, "Shore_Class": "non_mangrove"}}, {"type": "Feature", "geometry": {"type": "Point", "coordinates": [423940.0, 1451170.0]}, "properties": {"d": 10.0, "s": 38, "Shore_Class": "non_mangrove"}}, {"type": "Feature", "geometry": {"type": "Point", "coordinates": [423950.0, 1451170.0]}, "properties": {"d": 20.0, "s": 38, "Shore_Class": "non_mangrove"}}, {"type": "Feature", "geometry": {"type": "Point", "coordinates": [423960.0, 1451170.0]}, "properties": {"d": 30.0, "s": 38, "Shore_Class": "non_mangrove"}}, {"type": "Feature", "geometry": {"type": "Point", "coordinates": [423970.0, 1451170.0]}, "properties": {"d": 40.0, "s": 38, "Shore_Class": "non_mangrove"}}, {"type": "Feature", "geometry": {"type": "Point", "coordinates": [423980.0, 1451170.0]}, "properties": {"d": 50.0, "s": 38, "Shore_Class": "non_mangrove"}}, {"type": "Feature", "geometry": {"type": "Point", "coordinates": [423990.0, 1451170.0]}, "properties": {"d": 60.0, "s": 38, "Shore_Class": "non_mangrove"}}, {"type": "Feature", "geometry": {"type": "Point", "coordinates": [424000.0, 1451170.0]}, "properties": {"d": 70.0, "s": 38, "Shore_Class": "non_mangrove"}}, {"type": "Feature", "geometry": {"type": "Point", "coordinates": [424010.0, 1451170.0]}, "properties": {"d": 80.0, "s": 38, "Shore_Class": "non_mangrove"}}, {"type": "Feature", "geometry": {"type": "Point", "coordinates": [424020.0, 1451170.0]}, "properties": {"d": 90.0, "s": 38, "Shore_Class": "non_mangrove"}}, {"type": "Feature", "geometry": {"type": "Point", "coordinates": [424030.0, 1451170.0]}, "properties": {"d": 100.0, "s": 38, "Shore_Class": "non_mangrove"}}, {"type": "Feature", "geometry": {"type": "Point", "coordinates": [424040.0, 1451170.0]}, "properties": {"d": 110.0, "s": 38, "Shore_Class": "non_mangrove"}}, {"type": "Feature", "geometry": {"type": "Point", "coordinates": [424050.0, 1451170.0]}, "properties": {"d": 120.0, "s": 38, "Shore_Class": "non_mangrove"}}, {"type": "Feature", "geometry": {"type": "Point", "coordinates": [424060.0, 1451170.0]}, "properties": {"d": 130.0, "s": 38, "Shore_Class": "non_mangrove"}}, {"type": "Feature", "geometry": {"type": "Point", "coordinates": [424070.0, 1451170.0]}, "properties": {"d": 140.0, "s": 38, "Shore_Class": "non_mangrove"}}, {"type": "Feature", "geometry": {"type": "Point", "coordinates": [424080.0, 1451170.0]}, "properties": {"d": 150.0, "s": 38, "Shore_Class": "non_mangrove"}}, {"type": "Feature", "geometry": {"type": "Point", "coordinates": [424009.29, 1450789.29]}, "properties": {"d": -100.0, "s": 39, "Shore_Class": "non_mangrove"}}, {"type": "Feature", "geometry": {"type": "Point", "coordinates": [424016.36, 1450796.36]}, "properties": {"d": -90.0, "s": 39, "Shore_Class": "non_mangrove"}}, {"type": "Feature", "geometry": {"type": "Point", "coordinates": [424023.43, 1450803.43]}, "properties": {"d": -80.0, "s": 39, "Shore_Class": "non_mangrove"}}, {"type": "Feature", "geometry": {"type": "Point", "coordinates": [424030.5, 1450810.5]}, "properties": {"d": -70.0, "s": 39, "Shore_Class": "non_mangrove"}}, {"type": "Feature", "geometry": {"type": "Point", "coordinates": [424037.57, 1450817.57]}, "properties": {"d": -60.0, "s": 39, "Shore_Class": "non_mangrove"}}, {"type": "Feature", "geometry": {"type": "Point", "coordinates": [424044.64, 1450824.64]}, "properties": {"d": -50.0, "s": 39, "Shore_Class": "non_mangrove"}}, {"type": "Feature", "geometry": {"type": "Point", "coordinates": [424051.72, 1450831.72]}, "properties": {"d": -40.0, "s": 39, "Shore_Class": "non_mangrove"}}, {"type": "Feature", "geometry": {"type": "Point", "coordinates": [424058.79, 1450838.79]}, "properties": {"d": -30.0, "s": 39, "Shore_Class": "non_mangrove"}}, {"type": "Feature", "geometry": {"type": "Point", "coordinates": [424065.86, 1450845.86]}, "properties": {"d": -20.0, "s": 39, "Shore_Class": "non_mangrove"}}, {"type": "Feature", "geometry": {"type": "Point", "coordinates": [424072.93, 1450852.93]}, "properties": {"d": -10.0, "s": 39, "Shore_Class": "non_mangrove"}}, {"type": "Feature", "geometry": {"type": "Point", "coordinates": [424080.0, 1450860.0]}, "properties": {"d": 0.0, "s": 39, "Shore_Class": "non_mangrove"}}, {"type": "Feature", "geometry": {"type": "Point", "coordinates": [424087.07, 1450867.07]}, "properties": {"d": 10.0, "s": 39, "Shore_Class": "non_mangrove"}}, {"type": "Feature", "geometry": {"type": "Point", "coordinates": [424094.14, 1450874.14]}, "properties": {"d": 20.0, "s": 39, "Shore_Class": "non_mangrove"}}, {"type": "Feature", "geometry": {"type": "Point", "coordinates": [424101.21, 1450881.21]}, "properties": {"d": 30.0, "s": 39, "Shore_Class": "non_mangrove"}}, {"type": "Feature", "geometry": {"type": "Point", "coordinates": [424108.28, 1450888.28]}, "properties": {"d": 40.0, "s": 39, "Shore_Class": "non_mangrove"}}, {"type": "Feature", "geometry": {"type": "Point", "coordinates": [424115.36, 1450895.36]}, "properties": {"d": 50.0, "s": 39, "Shore_Class": "non_mangrove"}}, {"type": "Feature", "geometry": {"type": "Point", "coordinates": [424122.43, 1450902.43]}, "properties": {"d": 60.0, "s": 39, "Shore_Class": "non_mangrove"}}, {"type": "Feature", "geometry": {"type": "Point", "coordinates": [424129.5, 1450909.5]}, "properties": {"d": 70.0, "s": 39, "Shore_Class": "non_mangrove"}}, {"type": "Feature", "geometry": {"type": "Point", "coordinates": [424136.57, 1450916.57]}, "properties": {"d": 80.0, "s": 39, "Shore_Class": "non_mangrove"}}, {"type": "Feature", "geometry": {"type": "Point", "coordinates": [424143.64, 1450923.64]}, "properties": {"d": 90.0, "s": 39, "Shore_Class": "non_mangrove"}}, {"type": "Feature", "geometry": {"type": "Point", "coordinates": [424150.71, 1450930.71]}, "properties": {"d": 100.0, "s": 39, "Shore_Class": "non_mangrove"}}, {"type": "Feature", "geometry": {"type": "Point", "coordinates": [424157.78, 1450937.78]}, "properties": {"d": 110.0, "s": 39, "Shore_Class": "non_mangrove"}}, {"type": "Feature", "geometry": {"type": "Point", "coordinates": [424164.85, 1450944.85]}, "properties": {"d": 120.0, "s": 39, "Shore_Class": "non_mangrove"}}, {"type": "Feature", "geometry": {"type": "Point", "coordinates": [424171.92, 1450951.92]}, "properties": {"d": 130.0, "s": 39, "Shore_Class": "non_mangrove"}}, {"type": "Feature", "geometry": {"type": "Point", "coordinates": [424178.99, 1450959.0]}, "properties": {"d": 140.0, "s": 39, "Shore_Class": "non_mangrove"}}, {"type": "Feature", "geometry": {"type": "Point", "coordinates": [424186.07, 1450966.07]}, "properties": {"d": 150.0, "s": 39, "Shore_Class": "non_mangrove"}}, {"type": "Feature", "geometry": {"type": "Point", "coordinates": [424050.56, 1450615.28]}, "properties": {"d": -100.0, "s": 40, "Shore_Class": "non_mangrove"}}, {"type": "Feature", "geometry": {"type": "Point", "coordinates": [424059.5, 1450619.75]}, "properties": {"d": -90.0, "s": 40, "Shore_Class": "non_mangrove"}}, {"type": "Feature", "geometry": {"type": "Point", "coordinates": [424068.45, 1450624.22]}, "properties": {"d": -80.0, "s": 40, "Shore_Class": "non_mangrove"}}, {"type": "Feature", "geometry": {"type": "Point", "coordinates": [424077.39, 1450628.7]}, "properties": {"d": -70.0, "s": 40, "Shore_Class": "non_mangrove"}}, {"type": "Feature", "geometry": {"type": "Point", "coordinates": [424086.33, 1450633.17]}, "properties": {"d": -60.0, "s": 40, "Shore_Class": "non_mangrove"}}, {"type": "Feature", "geometry": {"type": "Point", "coordinates": [424095.28, 1450637.64]}, "properties": {"d": -50.0, "s": 40, "Shore_Class": "non_mangrove"}}, {"type": "Feature", "geometry": {"type": "Point", "coordinates": [424104.22, 1450642.11]}, "properties": {"d": -40.0, "s": 40, "Shore_Class": "non_mangrove"}}, {"type": "Feature", "geometry": {"type": "Point", "coordinates": [424113.17, 1450646.58]}, "properties": {"d": -30.0, "s": 40, "Shore_Class": "non_mangrove"}}, {"type": "Feature", "geometry": {"type": "Point", "coordinates": [424122.11, 1450651.06]}, "properties": {"d": -20.0, "s": 40, "Shore_Class": "non_mangrove"}}, {"type": "Feature", "geometry": {"type": "Point", "coordinates": [424131.06, 1450655.53]}, "properties": {"d": -10.0, "s": 40, "Shore_Class": "non_mangrove"}}, {"type": "Feature", "geometry": {"type": "Point", "coordinates": [424140.0, 1450660.0]}, "properties": {"d": 0.0, "s": 40, "Shore_Class": "non_mangrove"}}, {"type": "Feature", "geometry": {"type": "Point", "coordinates": [424148.94, 1450664.47]}, "properties": {"d": 10.0, "s": 40, "Shore_Class": "non_mangrove"}}, {"type": "Feature", "geometry": {"type": "Point", "coordinates": [424157.89, 1450668.94]}, "properties": {"d": 20.0, "s": 40, "Shore_Class": "non_mangrove"}}, {"type": "Feature", "geometry": {"type": "Point", "coordinates": [424166.83, 1450673.42]}, "properties": {"d": 30.0, "s": 40, "Shore_Class": "non_mangrove"}}, {"type": "Feature", "geometry": {"type": "Point", "coordinates": [424175.78, 1450677.89]}, "properties": {"d": 40.0, "s": 40, "Shore_Class": "non_mangrove"}}, {"type": "Feature", "geometry": {"type": "Point", "coordinates": [424184.72, 1450682.36]}, "properties": {"d": 50.0, "s": 40, "Shore_Class": "non_mangrove"}}, {"type": "Feature", "geometry": {"type": "Point", "coordinates": [424193.67, 1450686.83]}, "properties": {"d": 60.0, "s": 40, "Shore_Class": "non_mangrove"}}, {"type": "Feature", "geometry": {"type": "Point", "coordinates": [424202.61, 1450691.3]}, "properties": {"d": 70.0, "s": 40, "Shore_Class": "non_mangrove"}}, {"type": "Feature", "geometry": {"type": "Point", "coordinates": [424211.55, 1450695.78]}, "properties": {"d": 80.0, "s": 40, "Shore_Class": "non_mangrove"}}, {"type": "Feature", "geometry": {"type": "Point", "coordinates": [424220.5, 1450700.25]}, "properties": {"d": 90.0, "s": 40, "Shore_Class": "non_mangrove"}}, {"type": "Feature", "geometry": {"type": "Point", "coordinates": [424229.44, 1450704.72]}, "properties": {"d": 100.0, "s": 40, "Shore_Class": "non_mangrove"}}, {"type": "Feature", "geometry": {"type": "Point", "coordinates": [424238.39, 1450709.19]}, "properties": {"d": 110.0, "s": 40, "Shore_Class": "non_mangrove"}}, {"type": "Feature", "geometry": {"type": "Point", "coordinates": [424247.33, 1450713.67]}, "properties": {"d": 120.0, "s": 40, "Shore_Class": "non_mangrove"}}, {"type": "Feature", "geometry": {"type": "Point", "coordinates": [424256.28, 1450718.14]}, "properties": {"d": 130.0, "s": 40, "Shore_Class": "non_mangrove"}}, {"type": "Feature", "geometry": {"type": "Point", "coordinates": [424265.22, 1450722.61]}, "properties": {"d": 140.0, "s": 40, "Shore_Class": "non_mangrove"}}, {"type": "Feature", "geometry": {"type": "Point", "coordinates": [424274.16, 1450727.08]}, "properties": {"d": 150.0, "s": 40, "Shore_Class": "non_mangrove"}}, {"type": "Feature", "geometry": {"type": "Point", "coordinates": [424190.0, 1450310.0]}, "properties": {"d": -100.0, "s": 41, "Shore_Class": "non_mangrove"}}, {"type": "Feature", "geometry": {"type": "Point", "coordinates": [424200.0, 1450310.0]}, "properties": {"d": -90.0, "s": 41, "Shore_Class": "non_mangrove"}}, {"type": "Feature", "geometry": {"type": "Point", "coordinates": [424210.0, 1450310.0]}, "properties": {"d": -80.0, "s": 41, "Shore_Class": "non_mangrove"}}, {"type": "Feature", "geometry": {"type": "Point", "coordinates": [424220.0, 1450310.0]}, "properties": {"d": -70.0, "s": 41, "Shore_Class": "non_mangrove"}}, {"type": "Feature", "geometry": {"type": "Point", "coordinates": [424230.0, 1450310.0]}, "properties": {"d": -60.0, "s": 41, "Shore_Class": "non_mangrove"}}, {"type": "Feature", "geometry": {"type": "Point", "coordinates": [424240.0, 1450310.0]}, "properties": {"d": -50.0, "s": 41, "Shore_Class": "non_mangrove"}}, {"type": "Feature", "geometry": {"type": "Point", "coordinates": [424250.0, 1450310.0]}, "properties": {"d": -40.0, "s": 41, "Shore_Class": "non_mangrove"}}, {"type": "Feature", "geometry": {"type": "Point", "coordinates": [424260.0, 1450310.0]}, "properties": {"d": -30.0, "s": 41, "Shore_Class": "non_mangrove"}}, {"type": "Feature", "geometry": {"type": "Point", "coordinates": [424270.0, 1450310.0]}, "properties": {"d": -20.0, "s": 41, "Shore_Class": "non_mangrove"}}, {"type": "Feature", "geometry": {"type": "Point", "coordinates": [424280.0, 1450310.0]}, "properties": {"d": -10.0, "s": 41, "Shore_Class": "non_mangrove"}}, {"type": "Feature", "geometry": {"type": "Point", "coordinates": [424290.0, 1450310.0]}, "properties": {"d": 0.0, "s": 41, "Shore_Class": "non_mangrove"}}, {"type": "Feature", "geometry": {"type": "Point", "coordinates": [424300.0, 1450310.0]}, "properties": {"d": 10.0, "s": 41, "Shore_Class": "non_mangrove"}}, {"type": "Feature", "geometry": {"type": "Point", "coordinates": [424310.0, 1450310.0]}, "properties": {"d": 20.0, "s": 41, "Shore_Class": "non_mangrove"}}, {"type": "Feature", "geometry": {"type": "Point", "coordinates": [424320.0, 1450310.0]}, "properties": {"d": 30.0, "s": 41, "Shore_Class": "non_mangrove"}}, {"type": "Feature", "geometry": {"type": "Point", "coordinates": [424330.0, 1450310.0]}, "properties": {"d": 40.0, "s": 41, "Shore_Class": "non_mangrove"}}, {"type": "Feature", "geometry": {"type": "Point", "coordinates": [424340.0, 1450310.0]}, "properties": {"d": 50.0, "s": 41, "Shore_Class": "non_mangrove"}}, {"type": "Feature", "geometry": {"type": "Point", "coordinates": [424350.0, 1450310.0]}, "properties": {"d": 60.0, "s": 41, "Shore_Class": "non_mangrove"}}, {"type": "Feature", "geometry": {"type": "Point", "coordinates": [424360.0, 1450310.0]}, "properties": {"d": 70.0, "s": 41, "Shore_Class": "non_mangrove"}}, {"type": "Feature", "geometry": {"type": "Point", "coordinates": [424370.0, 1450310.0]}, "properties": {"d": 80.0, "s": 41, "Shore_Class": "non_mangrove"}}, {"type": "Feature", "geometry": {"type": "Point", "coordinates": [424380.0, 1450310.0]}, "properties": {"d": 90.0, "s": 41, "Shore_Class": "non_mangrove"}}, {"type": "Feature", "geometry": {"type": "Point", "coordinates": [424390.0, 1450310.0]}, "properties": {"d": 100.0, "s": 41, "Shore_Class": "non_mangrove"}}, {"type": "Feature", "geometry": {"type": "Point", "coordinates": [424400.0, 1450310.0]}, "properties": {"d": 110.0, "s": 41, "Shore_Class": "non_mangrove"}}, {"type": "Feature", "geometry": {"type": "Point", "coordinates": [424410.0, 1450310.0]}, "properties": {"d": 120.0, "s": 41, "Shore_Class": "non_mangrove"}}, {"type": "Feature", "geometry": {"type": "Point", "coordinates": [424420.0, 1450310.0]}, "properties": {"d": 130.0, "s": 41, "Shore_Class": "non_mangrove"}}, {"type": "Feature", "geometry": {"type": "Point", "coordinates": [424430.0, 1450310.0]}, "properties": {"d": 140.0, "s": 41, "Shore_Class": "non_mangrove"}}, {"type": "Feature", "geometry": {"type": "Point", "coordinates": [424440.0, 1450310.0]}, "properties": {"d": 150.0, "s": 41, "Shore_Class": "non_mangrove"}}, {"type": "Feature", "geometry": {"type": "Point", "coordinates": [424219.29, 1449859.29]}, "properties": {"d": -100.0, "s": 42, "Shore_Class": "non_mangrove"}}, {"type": "Feature", "geometry": {"type": "Point", "coordinates": [424226.36, 1449866.36]}, "properties": {"d": -90.0, "s": 42, "Shore_Class": "non_mangrove"}}, {"type": "Feature", "geometry": {"type": "Point", "coordinates": [424233.43, 1449873.43]}, "properties": {"d": -80.0, "s": 42, "Shore_Class": "non_mangrove"}}, {"type": "Feature", "geometry": {"type": "Point", "coordinates": [424240.5, 1449880.5]}, "properties": {"d": -70.0, "s": 42, "Shore_Class": "non_mangrove"}}, {"type": "Feature", "geometry": {"type": "Point", "coordinates": [424247.57, 1449887.57]}, "properties": {"d": -60.0, "s": 42, "Shore_Class": "non_mangrove"}}, {"type": "Feature", "geometry": {"type": "Point", "coordinates": [424254.64, 1449894.64]}, "properties": {"d": -50.0, "s": 42, "Shore_Class": "non_mangrove"}}, {"type": "Feature", "geometry": {"type": "Point", "coordinates": [424261.72, 1449901.72]}, "properties": {"d": -40.0, "s": 42, "Shore_Class": "non_mangrove"}}, {"type": "Feature", "geometry": {"type": "Point", "coordinates": [424268.79, 1449908.79]}, "properties": {"d": -30.0, "s": 42, "Shore_Class": "non_mangrove"}}, {"type": "Feature", "geometry": {"type": "Point", "coordinates": [424275.86, 1449915.86]}, "properties": {"d": -20.0, "s": 42, "Shore_Class": "non_mangrove"}}, {"type": "Feature", "geometry": {"type": "Point", "coordinates": [424282.93, 1449922.93]}, "properties": {"d": -10.0, "s": 42, "Shore_Class": "non_mangrove"}}, {"type": "Feature", "geometry": {"type": "Point", "coordinates": [424290.0, 1449930.0]}, "properties": {"d": 0.0, "s": 42, "Shore_Class": "non_mangrove"}}, {"type": "Feature", "geometry": {"type": "Point", "coordinates": [424297.07, 1449937.07]}, "properties": {"d": 10.0, "s": 42, "Shore_Class": "non_mangrove"}}, {"type": "Feature", "geometry": {"type": "Point", "coordinates": [424304.14, 1449944.14]}, "properties": {"d": 20.0, "s": 42, "Shore_Class": "non_mangrove"}}, {"type": "Feature", "geometry": {"type": "Point", "coordinates": [424311.21, 1449951.21]}, "properties": {"d": 30.0, "s": 42, "Shore_Class": "non_mangrove"}}, {"type": "Feature", "geometry": {"type": "Point", "coordinates": [424318.28, 1449958.28]}, "properties": {"d": 40.0, "s": 42, "Shore_Class": "non_mangrove"}}, {"type": "Feature", "geometry": {"type": "Point", "coordinates": [424325.36, 1449965.36]}, "properties": {"d": 50.0, "s": 42, "Shore_Class": "non_mangrove"}}, {"type": "Feature", "geometry": {"type": "Point", "coordinates": [424332.43, 1449972.43]}, "properties": {"d": 60.0, "s": 42, "Shore_Class": "non_mangrove"}}, {"type": "Feature", "geometry": {"type": "Point", "coordinates": [424339.5, 1449979.5]}, "properties": {"d": 70.0, "s": 42, "Shore_Class": "non_mangrove"}}, {"type": "Feature", "geometry": {"type": "Point", "coordinates": [424346.57, 1449986.57]}, "properties": {"d": 80.0, "s": 42, "Shore_Class": "non_mangrove"}}, {"type": "Feature", "geometry": {"type": "Point", "coordinates": [424353.64, 1449993.64]}, "properties": {"d": 90.0, "s": 42, "Shore_Class": "non_mangrove"}}, {"type": "Feature", "geometry": {"type": "Point", "coordinates": [424360.71, 1450000.71]}, "properties": {"d": 100.0, "s": 42, "Shore_Class": "non_mangrove"}}, {"type": "Feature", "geometry": {"type": "Point", "coordinates": [424367.78, 1450007.78]}, "properties": {"d": 110.0, "s": 42, "Shore_Class": "non_mangrove"}}, {"type": "Feature", "geometry": {"type": "Point", "coordinates": [424374.85, 1450014.85]}, "properties": {"d": 120.0, "s": 42, "Shore_Class": "non_mangrove"}}, {"type": "Feature", "geometry": {"type": "Point", "coordinates": [424381.92, 1450021.92]}, "properties": {"d": 130.0, "s": 42, "Shore_Class": "non_mangrove"}}, {"type": "Feature", "geometry": {"type": "Point", "coordinates": [424389.0, 1450028.99]}, "properties": {"d": 140.0, "s": 42, "Shore_Class": "non_mangrove"}}, {"type": "Feature", "geometry": {"type": "Point", "coordinates": [424396.07, 1450036.07]}, "properties": {"d": 150.0, "s": 42, "Shore_Class": "non_mangrove"}}, {"type": "Feature", "geometry": {"type": "Point", "coordinates": [424100.0, 1449540.0]}, "properties": {"d": -100.0, "s": 43, "Shore_Class": "non_mangrove"}}, {"type": "Feature", "geometry": {"type": "Point", "coordinates": [424110.0, 1449540.0]}, "properties": {"d": -90.0, "s": 43, "Shore_Class": "non_mangrove"}}, {"type": "Feature", "geometry": {"type": "Point", "coordinates": [424120.0, 1449540.0]}, "properties": {"d": -80.0, "s": 43, "Shore_Class": "non_mangrove"}}, {"type": "Feature", "geometry": {"type": "Point", "coordinates": [424130.0, 1449540.0]}, "properties": {"d": -70.0, "s": 43, "Shore_Class": "non_mangrove"}}, {"type": "Feature", "geometry": {"type": "Point", "coordinates": [424140.0, 1449540.0]}, "properties": {"d": -60.0, "s": 43, "Shore_Class": "non_mangrove"}}, {"type": "Feature", "geometry": {"type": "Point", "coordinates": [424150.0, 1449540.0]}, "properties": {"d": -50.0, "s": 43, "Shore_Class": "non_mangrove"}}, {"type": "Feature", "geometry": {"type": "Point", "coordinates": [424160.0, 1449540.0]}, "properties": {"d": -40.0, "s": 43, "Shore_Class": "non_mangrove"}}, {"type": "Feature", "geometry": {"type": "Point", "coordinates": [424170.0, 1449540.0]}, "properties": {"d": -30.0, "s": 43, "Shore_Class": "non_mangrove"}}, {"type": "Feature", "geometry": {"type": "Point", "coordinates": [424180.0, 1449540.0]}, "properties": {"d": -20.0, "s": 43, "Shore_Class": "non_mangrove"}}, {"type": "Feature", "geometry": {"type": "Point", "coordinates": [424190.0, 1449540.0]}, "properties": {"d": -10.0, "s": 43, "Shore_Class": "non_mangrove"}}, {"type": "Feature", "geometry": {"type": "Point", "coordinates": [424200.0, 1449540.0]}, "properties": {"d": 0.0, "s": 43, "Shore_Class": "non_mangrove"}}, {"type": "Feature", "geometry": {"type": "Point", "coordinates": [424210.0, 1449540.0]}, "properties": {"d": 10.0, "s": 43, "Shore_Class": "non_mangrove"}}, {"type": "Feature", "geometry": {"type": "Point", "coordinates": [424220.0, 1449540.0]}, "properties": {"d": 20.0, "s": 43, "Shore_Class": "non_mangrove"}}, {"type": "Feature", "geometry": {"type": "Point", "coordinates": [424230.0, 1449540.0]}, "properties": {"d": 30.0, "s": 43, "Shore_Class": "non_mangrove"}}, {"type": "Feature", "geometry": {"type": "Point", "coordinates": [424240.0, 1449540.0]}, "properties": {"d": 40.0, "s": 43, "Shore_Class": "non_mangrove"}}, {"type": "Feature", "geometry": {"type": "Point", "coordinates": [424250.0, 1449540.0]}, "properties": {"d": 50.0, "s": 43, "Shore_Class": "non_mangrove"}}, {"type": "Feature", "geometry": {"type": "Point", "coordinates": [424260.0, 1449540.0]}, "properties": {"d": 60.0, "s": 43, "Shore_Class": "non_mangrove"}}, {"type": "Feature", "geometry": {"type": "Point", "coordinates": [424270.0, 1449540.0]}, "properties": {"d": 70.0, "s": 43, "Shore_Class": "non_mangrove"}}, {"type": "Feature", "geometry": {"type": "Point", "coordinates": [424280.0, 1449540.0]}, "properties": {"d": 80.0, "s": 43, "Shore_Class": "non_mangrove"}}, {"type": "Feature", "geometry": {"type": "Point", "coordinates": [424290.0, 1449540.0]}, "properties": {"d": 90.0, "s": 43, "Shore_Class": "non_mangrove"}}, {"type": "Feature", "geometry": {"type": "Point", "coordinates": [424300.0, 1449540.0]}, "properties": {"d": 100.0, "s": 43, "Shore_Class": "non_mangrove"}}, {"type": "Feature", "geometry": {"type": "Point", "coordinates": [424310.0, 1449540.0]}, "properties": {"d": 110.0, "s": 43, "Shore_Class": "non_mangrove"}}, {"type": "Feature", "geometry": {"type": "Point", "coordinates": [424320.0, 1449540.0]}, "properties": {"d": 120.0, "s": 43, "Shore_Class": "non_mangrove"}}, {"type": "Feature", "geometry": {"type": "Point", "coordinates": [424330.0, 1449540.0]}, "properties": {"d": 130.0, "s": 43, "Shore_Class": "non_mangrove"}}, {"type": "Feature", "geometry": {"type": "Point", "coordinates": [424340.0, 1449540.0]}, "properties": {"d": 140.0, "s": 43, "Shore_Class": "non_mangrove"}}, {"type": "Feature", "geometry": {"type": "Point", "coordinates": [424350.0, 1449540.0]}, "properties": {"d": 150.0, "s": 43, "Shore_Class": "non_mangrove"}}, {"type": "Feature", "geometry": {"type": "Point", "coordinates": [423930.56, 1448944.72]}, "properties": {"d": -100.0, "s": 44, "Shore_Class": "non_mangrove"}}, {"type": "Feature", "geometry": {"type": "Point", "coordinates": [423939.5, 1448940.25]}, "properties": {"d": -90.0, "s": 44, "Shore_Class": "non_mangrove"}}, {"type": "Feature", "geometry": {"type": "Point", "coordinates": [423948.45, 1448935.78]}, "properties": {"d": -80.0, "s": 44, "Shore_Class": "non_mangrove"}}, {"type": "Feature", "geometry": {"type": "Point", "coordinates": [423957.39, 1448931.31]}, "properties": {"d": -70.0, "s": 44, "Shore_Class": "non_mangrove"}}, {"type": "Feature", "geometry": {"type": "Point", "coordinates": [423966.33, 1448926.83]}, "properties": {"d": -60.0, "s": 44, "Shore_Class": "non_mangrove"}}, {"type": "Feature", "geometry": {"type": "Point", "coordinates": [423975.28, 1448922.36]}, "properties": {"d": -50.0, "s": 44, "Shore_Class": "non_mangrove"}}, {"type": "Feature", "geometry": {"type": "Point", "coordinates": [423984.22, 1448917.89]}, "properties": {"d": -40.0, "s": 44, "Shore_Class": "non_mangrove"}}, {"type": "Feature", "geometry": {"type": "Point", "coordinates": [423993.17, 1448913.42]}, "properties": {"d": -30.0, "s": 44, "Shore_Class": "non_mangrove"}}, {"type": "Feature", "geometry": {"type": "Point", "coordinates": [424002.11, 1448908.94]}, "properties": {"d": -20.0, "s": 44, "Shore_Class": "non_mangrove"}}, {"type": "Feature", "geometry": {"type": "Point", "coordinates": [424011.06, 1448904.47]}, "properties": {"d": -10.0, "s": 44, "Shore_Class": "non_mangrove"}}, {"type": "Feature", "geometry": {"type": "Point", "coordinates": [424020.0, 1448900.0]}, "properties": {"d": 0.0, "s": 44, "Shore_Class": "non_mangrove"}}, {"type": "Feature", "geometry": {"type": "Point", "coordinates": [424028.94, 1448895.53]}, "properties": {"d": 10.0, "s": 44, "Shore_Class": "non_mangrove"}}, {"type": "Feature", "geometry": {"type": "Point", "coordinates": [424037.89, 1448891.06]}, "properties": {"d": 20.0, "s": 44, "Shore_Class": "non_mangrove"}}, {"type": "Feature", "geometry": {"type": "Point", "coordinates": [424046.83, 1448886.58]}, "properties": {"d": 30.0, "s": 44, "Shore_Class": "non_mangrove"}}, {"type": "Feature", "geometry": {"type": "Point", "coordinates": [424055.78, 1448882.11]}, "properties": {"d": 40.0, "s": 44, "Shore_Class": "non_mangrove"}}, {"type": "Feature", "geometry": {"type": "Point", "coordinates": [424064.72, 1448877.64]}, "properties": {"d": 50.0, "s": 44, "Shore_Class": "non_mangrove"}}, {"type": "Feature", "geometry": {"type": "Point", "coordinates": [424073.67, 1448873.17]}, "properties": {"d": 60.0, "s": 44, "Shore_Class": "non_mangrove"}}, {"type": "Feature", "geometry": {"type": "Point", "coordinates": [424082.61, 1448868.7]}, "properties": {"d": 70.0, "s": 44, "Shore_Class": "non_mangrove"}}, {"type": "Feature", "geometry": {"type": "Point", "coordinates": [424091.55, 1448864.22]}, "properties": {"d": 80.0, "s": 44, "Shore_Class": "non_mangrove"}}, {"type": "Feature", "geometry": {"type": "Point", "coordinates": [424100.5, 1448859.75]}, "properties": {"d": 90.0, "s": 44, "Shore_Class": "non_mangrove"}}, {"type": "Feature", "geometry": {"type": "Point", "coordinates": [424109.44, 1448855.28]}, "properties": {"d": 100.0, "s": 44, "Shore_Class": "non_mangrove"}}, {"type": "Feature", "geometry": {"type": "Point", "coordinates": [424118.39, 1448850.81]}, "properties": {"d": 110.0, "s": 44, "Shore_Class": "non_mangrove"}}, {"type": "Feature", "geometry": {"type": "Point", "coordinates": [424127.33, 1448846.33]}, "properties": {"d": 120.0, "s": 44, "Shore_Class": "non_mangrove"}}, {"type": "Feature", "geometry": {"type": "Point", "coordinates": [424136.28, 1448841.86]}, "properties": {"d": 130.0, "s": 44, "Shore_Class": "non_mangrove"}}, {"type": "Feature", "geometry": {"type": "Point", "coordinates": [424145.22, 1448837.39]}, "properties": {"d": 140.0, "s": 44, "Shore_Class": "non_mangrove"}}, {"type": "Feature", "geometry": {"type": "Point", "coordinates": [424154.16, 1448832.92]}, "properties": {"d": 150.0, "s": 44, "Shore_Class": "non_mangrove"}}, {"type": "Feature", "geometry": {"type": "Point", "coordinates": [423799.29, 1448620.71]}, "properties": {"d": -100.0, "s": 45, "Shore_Class": "non_mangrove"}}, {"type": "Feature", "geometry": {"type": "Point", "coordinates": [423806.36, 1448613.64]}, "properties": {"d": -90.0, "s": 45, "Shore_Class": "non_mangrove"}}, {"type": "Feature", "geometry": {"type": "Point", "coordinates": [423813.43, 1448606.57]}, "properties": {"d": -80.0, "s": 45, "Shore_Class": "non_mangrove"}}, {"type": "Feature", "geometry": {"type": "Point", "coordinates": [423820.5, 1448599.5]}, "properties": {"d": -70.0, "s": 45, "Shore_Class": "non_mangrove"}}, {"type": "Feature", "geometry": {"type": "Point", "coordinates": [423827.57, 1448592.43]}, "properties": {"d": -60.0, "s": 45, "Shore_Class": "non_mangrove"}}, {"type": "Feature", "geometry": {"type": "Point", "coordinates": [423834.64, 1448585.36]}, "properties": {"d": -50.0, "s": 45, "Shore_Class": "non_mangrove"}}, {"type": "Feature", "geometry": {"type": "Point", "coordinates": [423841.72, 1448578.28]}, "properties": {"d": -40.0, "s": 45, "Shore_Class": "non_mangrove"}}, {"type": "Feature", "geometry": {"type": "Point", "coordinates": [423848.79, 1448571.21]}, "properties": {"d": -30.0, "s": 45, "Shore_Class": "non_mangrove"}}, {"type": "Feature", "geometry": {"type": "Point", "coordinates": [423855.86, 1448564.14]}, "properties": {"d": -20.0, "s": 45, "Shore_Class": "non_mangrove"}}, {"type": "Feature", "geometry": {"type": "Point", "coordinates": [423862.93, 1448557.07]}, "properties": {"d": -10.0, "s": 45, "Shore_Class": "non_mangrove"}}, {"type": "Feature", "geometry": {"type": "Point", "coordinates": [423870.0, 1448550.0]}, "properties": {"d": 0.0, "s": 45, "Shore_Class": "non_mangrove"}}, {"type": "Feature", "geometry": {"type": "Point", "coordinates": [423877.07, 1448542.93]}, "properties": {"d": 10.0, "s": 45, "Shore_Class": "non_mangrove"}}, {"type": "Feature", "geometry": {"type": "Point", "coordinates": [423884.14, 1448535.86]}, "properties": {"d": 20.0, "s": 45, "Shore_Class": "non_mangrove"}}, {"type": "Feature", "geometry": {"type": "Point", "coordinates": [423891.21, 1448528.79]}, "properties": {"d": 30.0, "s": 45, "Shore_Class": "non_mangrove"}}, {"type": "Feature", "geometry": {"type": "Point", "coordinates": [423898.28, 1448521.72]}, "properties": {"d": 40.0, "s": 45, "Shore_Class": "non_mangrove"}}, {"type": "Feature", "geometry": {"type": "Point", "coordinates": [423905.36, 1448514.64]}, "properties": {"d": 50.0, "s": 45, "Shore_Class": "non_mangrove"}}, {"type": "Feature", "geometry": {"type": "Point", "coordinates": [423912.43, 1448507.57]}, "properties": {"d": 60.0, "s": 45, "Shore_Class": "non_mangrove"}}, {"type": "Feature", "geometry": {"type": "Point", "coordinates": [423919.5, 1448500.5]}, "properties": {"d": 70.0, "s": 45, "Shore_Class": "non_mangrove"}}, {"type": "Feature", "geometry": {"type": "Point", "coordinates": [423926.57, 1448493.43]}, "properties": {"d": 80.0, "s": 45, "Shore_Class": "non_mangrove"}}, {"type": "Feature", "geometry": {"type": "Point", "coordinates": [423933.64, 1448486.36]}, "properties": {"d": 90.0, "s": 45, "Shore_Class": "non_mangrove"}}, {"type": "Feature", "geometry": {"type": "Point", "coordinates": [423940.71, 1448479.29]}, "properties": {"d": 100.0, "s": 45, "Shore_Class": "non_mangrove"}}, {"type": "Feature", "geometry": {"type": "Point", "coordinates": [423947.78, 1448472.22]}, "properties": {"d": 110.0, "s": 45, "Shore_Class": "non_mangrove"}}, {"type": "Feature", "geometry": {"type": "Point", "coordinates": [423954.85, 1448465.15]}, "properties": {"d": 120.0, "s": 45, "Shore_Class": "non_mangrove"}}, {"type": "Feature", "geometry": {"type": "Point", "coordinates": [423961.92, 1448458.08]}, "properties": {"d": 130.0, "s": 45, "Shore_Class": "non_mangrove"}}, {"type": "Feature", "geometry": {"type": "Point", "coordinates": [423968.99, 1448451.01]}, "properties": {"d": 140.0, "s": 45, "Shore_Class": "non_mangrove"}}, {"type": "Feature", "geometry": {"type": "Point", "coordinates": [423976.07, 1448443.93]}, "properties": {"d": 150.0, "s": 45, "Shore_Class": "non_mangrove"}}, {"type": "Feature", "geometry": {"type": "Point", "coordinates": [423500.0, 1447740.0]}, "properties": {"d": -100.0, "s": 46, "Shore_Class": "non_mangrove"}}, {"type": "Feature", "geometry": {"type": "Point", "coordinates": [423510.0, 1447740.0]}, "properties": {"d": -90.0, "s": 46, "Shore_Class": "non_mangrove"}}, {"type": "Feature", "geometry": {"type": "Point", "coordinates": [423520.0, 1447740.0]}, "properties": {"d": -80.0, "s": 46, "Shore_Class": "non_mangrove"}}, {"type": "Feature", "geometry": {"type": "Point", "coordinates": [423530.0, 1447740.0]}, "properties": {"d": -70.0, "s": 46, "Shore_Class": "non_mangrove"}}, {"type": "Feature", "geometry": {"type": "Point", "coordinates": [423540.0, 1447740.0]}, "properties": {"d": -60.0, "s": 46, "Shore_Class": "non_mangrove"}}, {"type": "Feature", "geometry": {"type": "Point", "coordinates": [423550.0, 1447740.0]}, "properties": {"d": -50.0, "s": 46, "Shore_Class": "non_mangrove"}}, {"type": "Feature", "geometry": {"type": "Point", "coordinates": [423560.0, 1447740.0]}, "properties": {"d": -40.0, "s": 46, "Shore_Class": "non_mangrove"}}, {"type": "Feature", "geometry": {"type": "Point", "coordinates": [423570.0, 1447740.0]}, "properties": {"d": -30.0, "s": 46, "Shore_Class": "non_mangrove"}}, {"type": "Feature", "geometry": {"type": "Point", "coordinates": [423580.0, 1447740.0]}, "properties": {"d": -20.0, "s": 46, "Shore_Class": "non_mangrove"}}, {"type": "Feature", "geometry": {"type": "Point", "coordinates": [423590.0, 1447740.0]}, "properties": {"d": -10.0, "s": 46, "Shore_Class": "non_mangrove"}}, {"type": "Feature", "geometry": {"type": "Point", "coordinates": [423600.0, 1447740.0]}, "properties": {"d": 0.0, "s": 46, "Shore_Class": "non_mangrove"}}, {"type": "Feature", "geometry": {"type": "Point", "coordinates": [423610.0, 1447740.0]}, "properties": {"d": 10.0, "s": 46, "Shore_Class": "non_mangrove"}}, {"type": "Feature", "geometry": {"type": "Point", "coordinates": [423620.0, 1447740.0]}, "properties": {"d": 20.0, "s": 46, "Shore_Class": "non_mangrove"}}, {"type": "Feature", "geometry": {"type": "Point", "coordinates": [423630.0, 1447740.0]}, "properties": {"d": 30.0, "s": 46, "Shore_Class": "non_mangrove"}}, {"type": "Feature", "geometry": {"type": "Point", "coordinates": [423640.0, 1447740.0]}, "properties": {"d": 40.0, "s": 46, "Shore_Class": "non_mangrove"}}, {"type": "Feature", "geometry": {"type": "Point", "coordinates": [423650.0, 1447740.0]}, "properties": {"d": 50.0, "s": 46, "Shore_Class": "non_mangrove"}}, {"type": "Feature", "geometry": {"type": "Point", "coordinates": [423660.0, 1447740.0]}, "properties": {"d": 60.0, "s": 46, "Shore_Class": "non_mangrove"}}, {"type": "Feature", "geometry": {"type": "Point", "coordinates": [423670.0, 1447740.0]}, "properties": {"d": 70.0, "s": 46, "Shore_Class": "non_mangrove"}}, {"type": "Feature", "geometry": {"type": "Point", "coordinates": [423680.0, 1447740.0]}, "properties": {"d": 80.0, "s": 46, "Shore_Class": "non_mangrove"}}, {"type": "Feature", "geometry": {"type": "Point", "coordinates": [423690.0, 1447740.0]}, "properties": {"d": 90.0, "s": 46, "Shore_Class": "non_mangrove"}}, {"type": "Feature", "geometry": {"type": "Point", "coordinates": [423700.0, 1447740.0]}, "properties": {"d": 100.0, "s": 46, "Shore_Class": "non_mangrove"}}, {"type": "Feature", "geometry": {"type": "Point", "coordinates": [423710.0, 1447740.0]}, "properties": {"d": 110.0, "s": 46, "Shore_Class": "non_mangrove"}}, {"type": "Feature", "geometry": {"type": "Point", "coordinates": [423720.0, 1447740.0]}, "properties": {"d": 120.0, "s": 46, "Shore_Class": "non_mangrove"}}, {"type": "Feature", "geometry": {"type": "Point", "coordinates": [423730.0, 1447740.0]}, "properties": {"d": 130.0, "s": 46, "Shore_Class": "non_mangrove"}}, {"type": "Feature", "geometry": {"type": "Point", "coordinates": [423740.0, 1447740.0]}, "properties": {"d": 140.0, "s": 46, "Shore_Class": "non_mangrove"}}, {"type": "Feature", "geometry": {"type": "Point", "coordinates": [423750.0, 1447740.0]}, "properties": {"d": 150.0, "s": 46, "Shore_Class": "non_mangrove"}}, {"type": "Feature", "geometry": {"type": "Point", "coordinates": [423415.13, 1447421.62]}, "properties": {"d": -100.0, "s": 47, "Shore_Class": "non_mangrove"}}, {"type": "Feature", "geometry": {"type": "Point", "coordinates": [423424.62, 1447418.46]}, "properties": {"d": -90.0, "s": 47, "Shore_Class": "non_mangrove"}}, {"type": "Feature", "geometry": {"type": "Point", "coordinates": [423434.11, 1447415.3]}, "properties": {"d": -80.0, "s": 47, "Shore_Class": "non_mangrove"}}, {"type": "Feature", "geometry": {"type": "Point", "coordinates": [423443.59, 1447412.14]}, "properties": {"d": -70.0, "s": 47, "Shore_Class": "non_mangrove"}}, {"type": "Feature", "geometry": {"type": "Point", "coordinates": [423453.08, 1447408.97]}, "properties": {"d": -60.0, "s": 47, "Shore_Class": "non_mangrove"}}, {"type": "Feature", "geometry": {"type": "Point", "coordinates": [423462.57, 1447405.81]}, "properties": {"d": -50.0, "s": 47, "Shore_Class": "non_mangrove"}}, {"type": "Feature", "geometry": {"type": "Point", "coordinates": [423472.05, 1447402.65]}, "properties": {"d": -40.0, "s": 47, "Shore_Class": "non_mangrove"}}, {"type": "Feature", "geometry": {"type": "Point", "coordinates": [423481.54, 1447399.49]}, "properties": {"d": -30.0, "s": 47, "Shore_Class": "non_mangrove"}}, {"type": "Feature", "geometry": {"type": "Point", "coordinates": [423491.03, 1447396.32]}, "properties": {"d": -20.0, "s": 47, "Shore_Class": "non_mangrove"}}, {"type": "Feature", "geometry": {"type": "Point", "coordinates": [423500.51, 1447393.16]}, "properties": {"d": -10.0, "s": 47, "Shore_Class": "non_mangrove"}}, {"type": "Feature", "geometry": {"type": "Point", "coordinates": [423510.0, 1447390.0]}, "properties": {"d": 0.0, "s": 47, "Shore_Class": "non_mangrove"}}, {"type": "Feature", "geometry": {"type": "Point", "coordinates": [423519.49, 1447386.84]}, "properties": {"d": 10.0, "s": 47, "Shore_Class": "non_mangrove"}}, {"type": "Feature", "geometry": {"type": "Point", "coordinates": [423528.97, 1447383.68]}, "properties": {"d": 20.0, "s": 47, "Shore_Class": "non_mangrove"}}, {"type": "Feature", "geometry": {"type": "Point", "coordinates": [423538.46, 1447380.51]}, "properties": {"d": 30.0, "s": 47, "Shore_Class": "non_mangrove"}}, {"type": "Feature", "geometry": {"type": "Point", "coordinates": [423547.95, 1447377.35]}, "properties": {"d": 40.0, "s": 47, "Shore_Class": "non_mangrove"}}, {"type": "Feature", "geometry": {"type": "Point", "coordinates": [423557.43, 1447374.19]}, "properties": {"d": 50.0, "s": 47, "Shore_Class": "non_mangrove"}}, {"type": "Feature", "geometry": {"type": "Point", "coordinates": [423566.92, 1447371.03]}, "properties": {"d": 60.0, "s": 47, "Shore_Class": "non_mangrove"}}, {"type": "Feature", "geometry": {"type": "Point", "coordinates": [423576.41, 1447367.86]}, "properties": {"d": 70.0, "s": 47, "Shore_Class": "non_mangrove"}}, {"type": "Feature", "geometry": {"type": "Point", "coordinates": [423585.89, 1447364.7]}, "properties": {"d": 80.0, "s": 47, "Shore_Class": "non_mangrove"}}, {"type": "Feature", "geometry": {"type": "Point", "coordinates": [423595.38, 1447361.54]}, "properties": {"d": 90.0, "s": 47, "Shore_Class": "non_mangrove"}}, {"type": "Feature", "geometry": {"type": "Point", "coordinates": [423604.87, 1447358.38]}, "properties": {"d": 100.0, "s": 47, "Shore_Class": "non_mangrove"}}, {"type": "Feature", "geometry": {"type": "Point", "coordinates": [423614.36, 1447355.22]}, "properties": {"d": 110.0, "s": 47, "Shore_Class": "non_mangrove"}}, {"type": "Feature", "geometry": {"type": "Point", "coordinates": [423623.84, 1447352.05]}, "properties": {"d": 120.0, "s": 47, "Shore_Class": "non_mangrove"}}, {"type": "Feature", "geometry": {"type": "Point", "coordinates": [423633.33, 1447348.89]}, "properties": {"d": 130.0, "s": 47, "Shore_Class": "non_mangrove"}}, {"type": "Feature", "geometry": {"type": "Point", "coordinates": [423642.82, 1447345.73]}, "properties": {"d": 140.0, "s": 47, "Shore_Class": "non_mangrove"}}, {"type": "Feature", "geometry": {"type": "Point", "coordinates": [423652.3, 1447342.57]}, "properties": {"d": 150.0, "s": 47, "Shore_Class": "non_mangrove"}}, {"type": "Feature", "geometry": {"type": "Point", "coordinates": [424430.0, 1447630.0]}, "properties": {"d": -100.0, "s": 48, "Shore_Class": "non_mangrove"}}, {"type": "Feature", "geometry": {"type": "Point", "coordinates": [424440.0, 1447630.0]}, "properties": {"d": -90.0, "s": 48, "Shore_Class": "non_mangrove"}}, {"type": "Feature", "geometry": {"type": "Point", "coordinates": [424450.0, 1447630.0]}, "properties": {"d": -80.0, "s": 48, "Shore_Class": "non_mangrove"}}, {"type": "Feature", "geometry": {"type": "Point", "coordinates": [424460.0, 1447630.0]}, "properties": {"d": -70.0, "s": 48, "Shore_Class": "non_mangrove"}}, {"type": "Feature", "geometry": {"type": "Point", "coordinates": [424470.0, 1447630.0]}, "properties": {"d": -60.0, "s": 48, "Shore_Class": "non_mangrove"}}, {"type": "Feature", "geometry": {"type": "Point", "coordinates": [424480.0, 1447630.0]}, "properties": {"d": -50.0, "s": 48, "Shore_Class": "non_mangrove"}}, {"type": "Feature", "geometry": {"type": "Point", "coordinates": [424490.0, 1447630.0]}, "properties": {"d": -40.0, "s": 48, "Shore_Class": "non_mangrove"}}, {"type": "Feature", "geometry": {"type": "Point", "coordinates": [424500.0, 1447630.0]}, "properties": {"d": -30.0, "s": 48, "Shore_Class": "non_mangrove"}}, {"type": "Feature", "geometry": {"type": "Point", "coordinates": [424510.0, 1447630.0]}, "properties": {"d": -20.0, "s": 48, "Shore_Class": "non_mangrove"}}, {"type": "Feature", "geometry": {"type": "Point", "coordinates": [424520.0, 1447630.0]}, "properties": {"d": -10.0, "s": 48, "Shore_Class": "non_mangrove"}}, {"type": "Feature", "geometry": {"type": "Point", "coordinates": [424530.0, 1447630.0]}, "properties": {"d": 0.0, "s": 48, "Shore_Class": "non_mangrove"}}, {"type": "Feature", "geometry": {"type": "Point", "coordinates": [424540.0, 1447630.0]}, "properties": {"d": 10.0, "s": 48, "Shore_Class": "non_mangrove"}}, {"type": "Feature", "geometry": {"type": "Point", "coordinates": [424550.0, 1447630.0]}, "properties": {"d": 20.0, "s": 48, "Shore_Class": "non_mangrove"}}, {"type": "Feature", "geometry": {"type": "Point", "coordinates": [424560.0, 1447630.0]}, "properties": {"d": 30.0, "s": 48, "Shore_Class": "non_mangrove"}}, {"type": "Feature", "geometry": {"type": "Point", "coordinates": [424570.0, 1447630.0]}, "properties": {"d": 40.0, "s": 48, "Shore_Class": "non_mangrove"}}, {"type": "Feature", "geometry": {"type": "Point", "coordinates": [424580.0, 1447630.0]}, "properties": {"d": 50.0, "s": 48, "Shore_Class": "non_mangrove"}}, {"type": "Feature", "geometry": {"type": "Point", "coordinates": [424590.0, 1447630.0]}, "properties": {"d": 60.0, "s": 48, "Shore_Class": "non_mangrove"}}, {"type": "Feature", "geometry": {"type": "Point", "coordinates": [424600.0, 1447630.0]}, "properties": {"d": 70.0, "s": 48, "Shore_Class": "non_mangrove"}}, {"type": "Feature", "geometry": {"type": "Point", "coordinates": [424610.0, 1447630.0]}, "properties": {"d": 80.0, "s": 48, "Shore_Class": "non_mangrove"}}, {"type": "Feature", "geometry": {"type": "Point", "coordinates": [424620.0, 1447630.0]}, "properties": {"d": 90.0, "s": 48, "Shore_Class": "non_mangrove"}}, {"type": "Feature", "geometry": {"type": "Point", "coordinates": [424630.0, 1447630.0]}, "properties": {"d": 100.0, "s": 48, "Shore_Class": "non_mangrove"}}, {"type": "Feature", "geometry": {"type": "Point", "coordinates": [424640.0, 1447630.0]}, "properties": {"d": 110.0, "s": 48, "Shore_Class": "non_mangrove"}}, {"type": "Feature", "geometry": {"type": "Point", "coordinates": [424650.0, 1447630.0]}, "properties": {"d": 120.0, "s": 48, "Shore_Class": "non_mangrove"}}, {"type": "Feature", "geometry": {"type": "Point", "coordinates": [424660.0, 1447630.0]}, "properties": {"d": 130.0, "s": 48, "Shore_Class": "non_mangrove"}}, {"type": "Feature", "geometry": {"type": "Point", "coordinates": [424670.0, 1447630.0]}, "properties": {"d": 140.0, "s": 48, "Shore_Class": "non_mangrove"}}, {"type": "Feature", "geometry": {"type": "Point", "coordinates": [424680.0, 1447630.0]}, "properties": {"d": 150.0, "s": 48, "Shore_Class": "non_mangrove"}}, {"type": "Feature", "geometry": {"type": "Point", "coordinates": [424371.94, 1447209.61]}, "properties": {"d": -100.0, "s": 49, "Shore_Class": "non_mangrove"}}, {"type": "Feature", "geometry": {"type": "Point", "coordinates": [424381.75, 1447207.65]}, "properties": {"d": -90.0, "s": 49, "Shore_Class": "non_mangrove"}}, {"type": "Feature", "geometry": {"type": "Point", "coordinates": [424391.55, 1447205.69]}, "properties": {"d": -80.0, "s": 49, "Shore_Class": "non_mangrove"}}, {"type": "Feature", "geometry": {"type": "Point", "coordinates": [424401.36, 1447203.73]}, "properties": {"d": -70.0, "s": 49, "Shore_Class": "non_mangrove"}}, {"type": "Feature", "geometry": {"type": "Point", "coordinates": [424411.17, 1447201.77]}, "properties": {"d": -60.0, "s": 49, "Shore_Class": "non_mangrove"}}, {"type": "Feature", "geometry": {"type": "Point", "coordinates": [424420.97, 1447199.81]}, "properties": {"d": -50.0, "s": 49, "Shore_Class": "non_mangrove"}}, {"type": "Feature", "geometry": {"type": "Point", "coordinates": [424430.78, 1447197.84]}, "properties": {"d": -40.0, "s": 49, "Shore_Class": "non_mangrove"}}, {"type": "Feature", "geometry": {"type": "Point", "coordinates": [424440.58, 1447195.88]}, "properties": {"d": -30.0, "s": 49, "Shore_Class": "non_mangrove"}}, {"type": "Feature", "geometry": {"type": "Point", "coordinates": [424450.39, 1447193.92]}, "properties": {"d": -20.0, "s": 49, "Shore_Class": "non_mangrove"}}, {"type": "Feature", "geometry": {"type": "Point", "coordinates": [424460.19, 1447191.96]}, "properties": {"d": -10.0, "s": 49, "Shore_Class": "non_mangrove"}}, {"type": "Feature", "geometry": {"type": "Point", "coordinates": [424470.0, 1447190.0]}, "properties": {"d": 0.0, "s": 49, "Shore_Class": "non_mangrove"}}, {"type": "Feature", "geometry": {"type": "Point", "coordinates": [424479.81, 1447188.04]}, "properties": {"d": 10.0, "s": 49, "Shore_Class": "non_mangrove"}}, {"type": "Feature", "geometry": {"type": "Point", "coordinates": [424489.61, 1447186.08]}, "properties": {"d": 20.0, "s": 49, "Shore_Class": "non_mangrove"}}, {"type": "Feature", "geometry": {"type": "Point", "coordinates": [424499.42, 1447184.12]}, "properties": {"d": 30.0, "s": 49, "Shore_Class": "non_mangrove"}}, {"type": "Feature", "geometry": {"type": "Point", "coordinates": [424509.22, 1447182.16]}, "properties": {"d": 40.0, "s": 49, "Shore_Class": "non_mangrove"}}, {"type": "Feature", "geometry": {"type": "Point", "coordinates": [424519.03, 1447180.19]}, "properties": {"d": 50.0, "s": 49, "Shore_Class": "non_mangrove"}}, {"type": "Feature", "geometry": {"type": "Point", "coordinates": [424528.83, 1447178.23]}, "properties": {"d": 60.0, "s": 49, "Shore_Class": "non_mangrove"}}, {"type": "Feature", "geometry": {"type": "Point", "coordinates": [424538.64, 1447176.27]}, "properties": {"d": 70.0, "s": 49, "Shore_Class": "non_mangrove"}}, {"type": "Feature", "geometry": {"type": "Point", "coordinates": [424548.45, 1447174.31]}, "properties": {"d": 80.0, "s": 49, "Shore_Class": "non_mangrove"}}, {"type": "Feature", "geometry": {"type": "Point", "coordinates": [424558.25, 1447172.35]}, "properties": {"d": 90.0, "s": 49, "Shore_Class": "non_mangrove"}}, {"type": "Feature", "geometry": {"type": "Point", "coordinates": [424568.06, 1447170.39]}, "properties": {"d": 100.0, "s": 49, "Shore_Class": "non_mangrove"}}, {"type": "Feature", "geometry": {"type": "Point", "coordinates": [424577.86, 1447168.43]}, "properties": {"d": 110.0, "s": 49, "Shore_Class": "non_mangrove"}}, {"type": "Feature", "geometry": {"type": "Point", "coordinates": [424587.67, 1447166.47]}, "properties": {"d": 120.0, "s": 49, "Shore_Class": "non_mangrove"}}, {"type": "Feature", "geometry": {"type": "Point", "coordinates": [424597.48, 1447164.51]}, "properties": {"d": 130.0, "s": 49, "Shore_Class": "non_mangrove"}}, {"type": "Feature", "geometry": {"type": "Point", "coordinates": [424607.28, 1447162.54]}, "properties": {"d": 140.0, "s": 49, "Shore_Class": "non_mangrove"}}, {"type": "Feature", "geometry": {"type": "Point", "coordinates": [424617.09, 1447160.58]}, "properties": {"d": 150.0, "s": 49, "Shore_Class": "non_mangrove"}}, {"type": "Feature", "geometry": {"type": "Point", "coordinates": [424159.29, 1447000.71]}, "properties": {"d": -100.0, "s": 50, "Shore_Class": "non_mangrove"}}, {"type": "Feature", "geometry": {"type": "Point", "coordinates": [424166.36, 1446993.64]}, "properties": {"d": -90.0, "s": 50, "Shore_Class": "non_mangrove"}}, {"type": "Feature", "geometry": {"type": "Point", "coordinates": [424173.43, 1446986.57]}, "properties": {"d": -80.0, "s": 50, "Shore_Class": "non_mangrove"}}, {"type": "Feature", "geometry": {"type": "Point", "coordinates": [424180.5, 1446979.5]}, "properties": {"d": -70.0, "s": 50, "Shore_Class": "non_mangrove"}}, {"type": "Feature", "geometry": {"type": "Point", "coordinates": [424187.57, 1446972.43]}, "properties": {"d": -60.0, "s": 50, "Shore_Class": "non_mangrove"}}, {"type": "Feature", "geometry": {"type": "Point", "coordinates": [424194.64, 1446965.36]}, "properties": {"d": -50.0, "s": 50, "Shore_Class": "non_mangrove"}}, {"type": "Feature", "geometry": {"type": "Point", "coordinates": [424201.72, 1446958.28]}, "properties": {"d": -40.0, "s": 50, "Shore_Class": "non_mangrove"}}, {"type": "Feature", "geometry": {"type": "Point", "coordinates": [424208.79, 1446951.21]}, "properties": {"d": -30.0, "s": 50, "Shore_Class": "non_mangrove"}}, {"type": "Feature", "geometry": {"type": "Point", "coordinates": [424215.86, 1446944.14]}, "properties": {"d": -20.0, "s": 50, "Shore_Class": "non_mangrove"}}, {"type": "Feature", "geometry": {"type": "Point", "coordinates": [424222.93, 1446937.07]}, "properties": {"d": -10.0, "s": 50, "Shore_Class": "non_mangrove"}}, {"type": "Feature", "geometry": {"type": "Point", "coordinates": [424230.0, 1446930.0]}, "properties": {"d": 0.0, "s": 50, "Shore_Class": "non_mangrove"}}, {"type": "Feature", "geometry": {"type": "Point", "coordinates": [424237.07, 1446922.93]}, "properties": {"d": 10.0, "s": 50, "Shore_Class": "non_mangrove"}}, {"type": "Feature", "geometry": {"type": "Point", "coordinates": [424244.14, 1446915.86]}, "properties": {"d": 20.0, "s": 50, "Shore_Class": "non_mangrove"}}, {"type": "Feature", "geometry": {"type": "Point", "coordinates": [424251.21, 1446908.79]}, "properties": {"d": 30.0, "s": 50, "Shore_Class": "non_mangrove"}}, {"type": "Feature", "geometry": {"type": "Point", "coordinates": [424258.28, 1446901.72]}, "properties": {"d": 40.0, "s": 50, "Shore_Class": "non_mangrove"}}, {"type": "Feature", "geometry": {"type": "Point", "coordinates": [424265.36, 1446894.64]}, "properties": {"d": 50.0, "s": 50, "Shore_Class": "non_mangrove"}}, {"type": "Feature", "geometry": {"type": "Point", "coordinates": [424272.43, 1446887.57]}, "properties": {"d": 60.0, "s": 50, "Shore_Class": "non_mangrove"}}, {"type": "Feature", "geometry": {"type": "Point", "coordinates": [424279.5, 1446880.5]}, "properties": {"d": 70.0, "s": 50, "Shore_Class": "non_mangrove"}}, {"type": "Feature", "geometry": {"type": "Point", "coordinates": [424286.57, 1446873.43]}, "properties": {"d": 80.0, "s": 50, "Shore_Class": "non_mangrove"}}, {"type": "Feature", "geometry": {"type": "Point", "coordinates": [424293.64, 1446866.36]}, "properties": {"d": 90.0, "s": 50, "Shore_Class": "non_mangrove"}}, {"type": "Feature", "geometry": {"type": "Point", "coordinates": [424300.71, 1446859.29]}, "properties": {"d": 100.0, "s": 50, "Shore_Class": "non_mangrove"}}, {"type": "Feature", "geometry": {"type": "Point", "coordinates": [424307.78, 1446852.22]}, "properties": {"d": 110.0, "s": 50, "Shore_Class": "non_mangrove"}}, {"type": "Feature", "geometry": {"type": "Point", "coordinates": [424314.85, 1446845.15]}, "properties": {"d": 120.0, "s": 50, "Shore_Class": "non_mangrove"}}, {"type": "Feature", "geometry": {"type": "Point", "coordinates": [424321.92, 1446838.08]}, "properties": {"d": 130.0, "s": 50, "Shore_Class": "non_mangrove"}}, {"type": "Feature", "geometry": {"type": "Point", "coordinates": [424328.99, 1446831.01]}, "properties": {"d": 140.0, "s": 50, "Shore_Class": "non_mangrove"}}, {"type": "Feature", "geometry": {"type": "Point", "coordinates": [424336.07, 1446823.93]}, "properties": {"d": 150.0, "s": 50, "Shore_Class": "non_mangrove"}}, {"type": "Feature", "geometry": {"type": "Point", "coordinates": [423599.29, 1446220.71]}, "properties": {"d": -100.0, "s": 51, "Shore_Class": "non_mangrove"}}, {"type": "Feature", "geometry": {"type": "Point", "coordinates": [423606.36, 1446213.64]}, "properties": {"d": -90.0, "s": 51, "Shore_Class": "non_mangrove"}}, {"type": "Feature", "geometry": {"type": "Point", "coordinates": [423613.43, 1446206.57]}, "properties": {"d": -80.0, "s": 51, "Shore_Class": "non_mangrove"}}, {"type": "Feature", "geometry": {"type": "Point", "coordinates": [423620.5, 1446199.5]}, "properties": {"d": -70.0, "s": 51, "Shore_Class": "non_mangrove"}}, {"type": "Feature", "geometry": {"type": "Point", "coordinates": [423627.57, 1446192.43]}, "properties": {"d": -60.0, "s": 51, "Shore_Class": "non_mangrove"}}, {"type": "Feature", "geometry": {"type": "Point", "coordinates": [423634.64, 1446185.36]}, "properties": {"d": -50.0, "s": 51, "Shore_Class": "non_mangrove"}}, {"type": "Feature", "geometry": {"type": "Point", "coordinates": [423641.72, 1446178.28]}, "properties": {"d": -40.0, "s": 51, "Shore_Class": "non_mangrove"}}, {"type": "Feature", "geometry": {"type": "Point", "coordinates": [423648.79, 1446171.21]}, "properties": {"d": -30.0, "s": 51, "Shore_Class": "non_mangrove"}}, {"type": "Feature", "geometry": {"type": "Point", "coordinates": [423655.86, 1446164.14]}, "properties": {"d": -20.0, "s": 51, "Shore_Class": "non_mangrove"}}, {"type": "Feature", "geometry": {"type": "Point", "coordinates": [423662.93, 1446157.07]}, "properties": {"d": -10.0, "s": 51, "Shore_Class": "non_mangrove"}}, {"type": "Feature", "geometry": {"type": "Point", "coordinates": [423670.0, 1446150.0]}, "properties": {"d": 0.0, "s": 51, "Shore_Class": "non_mangrove"}}, {"type": "Feature", "geometry": {"type": "Point", "coordinates": [423677.07, 1446142.93]}, "properties": {"d": 10.0, "s": 51, "Shore_Class": "non_mangrove"}}, {"type": "Feature", "geometry": {"type": "Point", "coordinates": [423684.14, 1446135.86]}, "properties": {"d": 20.0, "s": 51, "Shore_Class": "non_mangrove"}}, {"type": "Feature", "geometry": {"type": "Point", "coordinates": [423691.21, 1446128.79]}, "properties": {"d": 30.0, "s": 51, "Shore_Class": "non_mangrove"}}, {"type": "Feature", "geometry": {"type": "Point", "coordinates": [423698.28, 1446121.72]}, "properties": {"d": 40.0, "s": 51, "Shore_Class": "non_mangrove"}}, {"type": "Feature", "geometry": {"type": "Point", "coordinates": [423705.36, 1446114.64]}, "properties": {"d": 50.0, "s": 51, "Shore_Class": "non_mangrove"}}, {"type": "Feature", "geometry": {"type": "Point", "coordinates": [423712.43, 1446107.57]}, "properties": {"d": 60.0, "s": 51, "Shore_Class": "non_mangrove"}}, {"type": "Feature", "geometry": {"type": "Point", "coordinates": [423719.5, 1446100.5]}, "properties": {"d": 70.0, "s": 51, "Shore_Class": "non_mangrove"}}, {"type": "Feature", "geometry": {"type": "Point", "coordinates": [423726.57, 1446093.43]}, "properties": {"d": 80.0, "s": 51, "Shore_Class": "non_mangrove"}}, {"type": "Feature", "geometry": {"type": "Point", "coordinates": [423733.64, 1446086.36]}, "properties": {"d": 90.0, "s": 51, "Shore_Class": "non_mangrove"}}, {"type": "Feature", "geometry": {"type": "Point", "coordinates": [423740.71, 1446079.29]}, "properties": {"d": 100.0, "s": 51, "Shore_Class": "non_mangrove"}}, {"type": "Feature", "geometry": {"type": "Point", "coordinates": [423747.78, 1446072.22]}, "properties": {"d": 110.0, "s": 51, "Shore_Class": "non_mangrove"}}, {"type": "Feature", "geometry": {"type": "Point", "coordinates": [423754.85, 1446065.15]}, "properties": {"d": 120.0, "s": 51, "Shore_Class": "non_mangrove"}}, {"type": "Feature", "geometry": {"type": "Point", "coordinates": [423761.92, 1446058.08]}, "properties": {"d": 130.0, "s": 51, "Shore_Class": "non_mangrove"}}, {"type": "Feature", "geometry": {"type": "Point", "coordinates": [423768.99, 1446051.01]}, "properties": {"d": 140.0, "s": 51, "Shore_Class": "non_mangrove"}}, {"type": "Feature", "geometry": {"type": "Point", "coordinates": [423776.07, 1446043.93]}, "properties": {"d": 150.0, "s": 51, "Shore_Class": "non_mangrove"}}, {"type": "Feature", "geometry": {"type": "Point", "coordinates": [423390.56, 1445815.28]}, "properties": {"d": -100.0, "s": 52, "Shore_Class": "non_mangrove"}}, {"type": "Feature", "geometry": {"type": "Point", "coordinates": [423399.5, 1445819.75]}, "properties": {"d": -90.0, "s": 52, "Shore_Class": "non_mangrove"}}, {"type": "Feature", "geometry": {"type": "Point", "coordinates": [423408.45, 1445824.22]}, "properties": {"d": -80.0, "s": 52, "Shore_Class": "non_mangrove"}}, {"type": "Feature", "geometry": {"type": "Point", "coordinates": [423417.39, 1445828.69]}, "properties": {"d": -70.0, "s": 52, "Shore_Class": "non_mangrove"}}, {"type": "Feature", "geometry": {"type": "Point", "coordinates": [423426.33, 1445833.17]}, "properties": {"d": -60.0, "s": 52, "Shore_Class": "non_mangrove"}}, {"type": "Feature", "geometry": {"type": "Point", "coordinates": [423435.28, 1445837.64]}, "properties": {"d": -50.0, "s": 52, "Shore_Class": "non_mangrove"}}, {"type": "Feature", "geometry": {"type": "Point", "coordinates": [423444.22, 1445842.11]}, "properties": {"d": -40.0, "s": 52, "Shore_Class": "non_mangrove"}}, {"type": "Feature", "geometry": {"type": "Point", "coordinates": [423453.17, 1445846.58]}, "properties": {"d": -30.0, "s": 52, "Shore_Class": "non_mangrove"}}, {"type": "Feature", "geometry": {"type": "Point", "coordinates": [423462.11, 1445851.06]}, "properties": {"d": -20.0, "s": 52, "Shore_Class": "non_mangrove"}}, {"type": "Feature", "geometry": {"type": "Point", "coordinates": [423471.06, 1445855.53]}, "properties": {"d": -10.0, "s": 52, "Shore_Class": "non_mangrove"}}, {"type": "Feature", "geometry": {"type": "Point", "coordinates": [423480.0, 1445860.0]}, "properties": {"d": 0.0, "s": 52, "Shore_Class": "non_mangrove"}}, {"type": "Feature", "geometry": {"type": "Point", "coordinates": [423488.94, 1445864.47]}, "properties": {"d": 10.0, "s": 52, "Shore_Class": "non_mangrove"}}, {"type": "Feature", "geometry": {"type": "Point", "coordinates": [423497.89, 1445868.94]}, "properties": {"d": 20.0, "s": 52, "Shore_Class": "non_mangrove"}}, {"type": "Feature", "geometry": {"type": "Point", "coordinates": [423506.83, 1445873.42]}, "properties": {"d": 30.0, "s": 52, "Shore_Class": "non_mangrove"}}, {"type": "Feature", "geometry": {"type": "Point", "coordinates": [423515.78, 1445877.89]}, "properties": {"d": 40.0, "s": 52, "Shore_Class": "non_mangrove"}}, {"type": "Feature", "geometry": {"type": "Point", "coordinates": [423524.72, 1445882.36]}, "properties": {"d": 50.0, "s": 52, "Shore_Class": "non_mangrove"}}, {"type": "Feature", "geometry": {"type": "Point", "coordinates": [423533.67, 1445886.83]}, "properties": {"d": 60.0, "s": 52, "Shore_Class": "non_mangrove"}}, {"type": "Feature", "geometry": {"type": "Point", "coordinates": [423542.61, 1445891.3]}, "properties": {"d": 70.0, "s": 52, "Shore_Class": "non_mangrove"}}, {"type": "Feature", "geometry": {"type": "Point", "coordinates": [423551.55, 1445895.78]}, "properties": {"d": 80.0, "s": 52, "Shore_Class": "non_mangrove"}}, {"type": "Feature", "geometry": {"type": "Point", "coordinates": [423560.5, 1445900.25]}, "properties": {"d": 90.0, "s": 52, "Shore_Class": "non_mangrove"}}, {"type": "Feature", "geometry": {"type": "Point", "coordinates": [423569.44, 1445904.72]}, "properties": {"d": 100.0, "s": 52, "Shore_Class": "non_mangrove"}}, {"type": "Feature", "geometry": {"type": "Point", "coordinates": [423578.39, 1445909.19]}, "properties": {"d": 110.0, "s": 52, "Shore_Class": "non_mangrove"}}, {"type": "Feature", "geometry": {"type": "Point", "coordinates": [423587.33, 1445913.67]}, "properties": {"d": 120.0, "s": 52, "Shore_Class": "non_mangrove"}}, {"type": "Feature", "geometry": {"type": "Point", "coordinates": [423596.28, 1445918.14]}, "properties": {"d": 130.0, "s": 52, "Shore_Class": "non_mangrove"}}, {"type": "Feature", "geometry": {"type": "Point", "coordinates": [423605.22, 1445922.61]}, "properties": {"d": 140.0, "s": 52, "Shore_Class": "non_mangrove"}}, {"type": "Feature", "geometry": {"type": "Point", "coordinates": [423614.16, 1445927.08]}, "properties": {"d": 150.0, "s": 52, "Shore_Class": "non_mangrove"}}, {"type": "Feature", "geometry": {"type": "Point", "coordinates": [423019.29, 1445080.71]}, "properties": {"d": -100.0, "s": 53, "Shore_Class": "non_mangrove"}}, {"type": "Feature", "geometry": {"type": "Point", "coordinates": [423026.36, 1445073.64]}, "properties": {"d": -90.0, "s": 53, "Shore_Class": "non_mangrove"}}, {"type": "Feature", "geometry": {"type": "Point", "coordinates": [423033.43, 1445066.57]}, "properties": {"d": -80.0, "s": 53, "Shore_Class": "non_mangrove"}}, {"type": "Feature", "geometry": {"type": "Point", "coordinates": [423040.5, 1445059.5]}, "properties": {"d": -70.0, "s": 53, "Shore_Class": "non_mangrove"}}, {"type": "Feature", "geometry": {"type": "Point", "coordinates": [423047.57, 1445052.43]}, "properties": {"d": -60.0, "s": 53, "Shore_Class": "non_mangrove"}}, {"type": "Feature", "geometry": {"type": "Point", "coordinates": [423054.64, 1445045.36]}, "properties": {"d": -50.0, "s": 53, "Shore_Class": "non_mangrove"}}, {"type": "Feature", "geometry": {"type": "Point", "coordinates": [423061.72, 1445038.28]}, "properties": {"d": -40.0, "s": 53, "Shore_Class": "non_mangrove"}}, {"type": "Feature", "geometry": {"type": "Point", "coordinates": [423068.79, 1445031.21]}, "properties": {"d": -30.0, "s": 53, "Shore_Class": "non_mangrove"}}, {"type": "Feature", "geometry": {"type": "Point", "coordinates": [423075.86, 1445024.14]}, "properties": {"d": -20.0, "s": 53, "Shore_Class": "non_mangrove"}}, {"type": "Feature", "geometry": {"type": "Point", "coordinates": [423082.93, 1445017.07]}, "properties": {"d": -10.0, "s": 53, "Shore_Class": "non_mangrove"}}, {"type": "Feature", "geometry": {"type": "Point", "coordinates": [423090.0, 1445010.0]}, "properties": {"d": 0.0, "s": 53, "Shore_Class": "non_mangrove"}}, {"type": "Feature", "geometry": {"type": "Point", "coordinates": [423097.07, 1445002.93]}, "properties": {"d": 10.0, "s": 53, "Shore_Class": "non_mangrove"}}, {"type": "Feature", "geometry": {"type": "Point", "coordinates": [423104.14, 1444995.86]}, "properties": {"d": 20.0, "s": 53, "Shore_Class": "non_mangrove"}}, {"type": "Feature", "geometry": {"type": "Point", "coordinates": [423111.21, 1444988.79]}, "properties": {"d": 30.0, "s": 53, "Shore_Class": "non_mangrove"}}, {"type": "Feature", "geometry": {"type": "Point", "coordinates": [423118.28, 1444981.72]}, "properties": {"d": 40.0, "s": 53, "Shore_Class": "non_mangrove"}}, {"type": "Feature", "geometry": {"type": "Point", "coordinates": [423125.36, 1444974.64]}, "properties": {"d": 50.0, "s": 53, "Shore_Class": "non_mangrove"}}, {"type": "Feature", "geometry": {"type": "Point", "coordinates": [423132.43, 1444967.57]}, "properties": {"d": 60.0, "s": 53, "Shore_Class": "non_mangrove"}}, {"type": "Feature", "geometry": {"type": "Point", "coordinates": [423139.5, 1444960.5]}, "properties": {"d": 70.0, "s": 53, "Shore_Class": "non_mangrove"}}, {"type": "Feature", "geometry": {"type": "Point", "coordinates": [423146.57, 1444953.43]}, "properties": {"d": 80.0, "s": 53, "Shore_Class": "non_mangrove"}}, {"type": "Feature", "geometry": {"type": "Point", "coordinates": [423153.64, 1444946.36]}, "properties": {"d": 90.0, "s": 53, "Shore_Class": "non_mangrove"}}, {"type": "Feature", "geometry": {"type": "Point", "coordinates": [423160.71, 1444939.29]}, "properties": {"d": 100.0, "s": 53, "Shore_Class": "non_mangrove"}}, {"type": "Feature", "geometry": {"type": "Point", "coordinates": [423167.78, 1444932.22]}, "properties": {"d": 110.0, "s": 53, "Shore_Class": "non_mangrove"}}, {"type": "Feature", "geometry": {"type": "Point", "coordinates": [423174.85, 1444925.15]}, "properties": {"d": 120.0, "s": 53, "Shore_Class": "non_mangrove"}}, {"type": "Feature", "geometry": {"type": "Point", "coordinates": [423181.92, 1444918.08]}, "properties": {"d": 130.0, "s": 53, "Shore_Class": "non_mangrove"}}, {"type": "Feature", "geometry": {"type": "Point", "coordinates": [423188.99, 1444911.01]}, "properties": {"d": 140.0, "s": 53, "Shore_Class": "non_mangrove"}}, {"type": "Feature", "geometry": {"type": "Point", "coordinates": [423196.07, 1444903.93]}, "properties": {"d": 150.0, "s": 53, "Shore_Class": "non_mangrove"}}, {"type": "Feature", "geometry": {"type": "Point", "coordinates": [422421.94, 1443359.61]}, "properties": {"d": -100.0, "s": 54, "Shore_Class": "non_mangrove"}}, {"type": "Feature", "geometry": {"type": "Point", "coordinates": [422431.75, 1443357.65]}, "properties": {"d": -90.0, "s": 54, "Shore_Class": "non_mangrove"}}, {"type": "Feature", "geometry": {"type": "Point", "coordinates": [422441.55, 1443355.69]}, "properties": {"d": -80.0, "s": 54, "Shore_Class": "non_mangrove"}}, {"type": "Feature", "geometry": {"type": "Point", "coordinates": [422451.36, 1443353.73]}, "properties": {"d": -70.0, "s": 54, "Shore_Class": "non_mangrove"}}, {"type": "Feature", "geometry": {"type": "Point", "coordinates": [422461.17, 1443351.77]}, "properties": {"d": -60.0, "s": 54, "Shore_Class": "non_mangrove"}}, {"type": "Feature", "geometry": {"type": "Point", "coordinates": [422470.97, 1443349.81]}, "properties": {"d": -50.0, "s": 54, "Shore_Class": "non_mangrove"}}, {"type": "Feature", "geometry": {"type": "Point", "coordinates": [422480.78, 1443347.84]}, "properties": {"d": -40.0, "s": 54, "Shore_Class": "non_mangrove"}}, {"type": "Feature", "geometry": {"type": "Point", "coordinates": [422490.58, 1443345.88]}, "properties": {"d": -30.0, "s": 54, "Shore_Class": "non_mangrove"}}, {"type": "Feature", "geometry": {"type": "Point", "coordinates": [422500.39, 1443343.92]}, "properties": {"d": -20.0, "s": 54, "Shore_Class": "non_mangrove"}}, {"type": "Feature", "geometry": {"type": "Point", "coordinates": [422510.19, 1443341.96]}, "properties": {"d": -10.0, "s": 54, "Shore_Class": "non_mangrove"}}, {"type": "Feature", "geometry": {"type": "Point", "coordinates": [422520.0, 1443340.0]}, "properties": {"d": 0.0, "s": 54, "Shore_Class": "non_mangrove"}}, {"type": "Feature", "geometry": {"type": "Point", "coordinates": [422529.81, 1443338.04]}, "properties": {"d": 10.0, "s": 54, "Shore_Class": "non_mangrove"}}, {"type": "Feature", "geometry": {"type": "Point", "coordinates": [422539.61, 1443336.08]}, "properties": {"d": 20.0, "s": 54, "Shore_Class": "non_mangrove"}}, {"type": "Feature", "geometry": {"type": "Point", "coordinates": [422549.42, 1443334.12]}, "properties": {"d": 30.0, "s": 54, "Shore_Class": "non_mangrove"}}, {"type": "Feature", "geometry": {"type": "Point", "coordinates": [422559.22, 1443332.16]}, "properties": {"d": 40.0, "s": 54, "Shore_Class": "non_mangrove"}}, {"type": "Feature", "geometry": {"type": "Point", "coordinates": [422569.03, 1443330.19]}, "properties": {"d": 50.0, "s": 54, "Shore_Class": "non_mangrove"}}, {"type": "Feature", "geometry": {"type": "Point", "coordinates": [422578.83, 1443328.23]}, "properties": {"d": 60.0, "s": 54, "Shore_Class": "non_mangrove"}}, {"type": "Feature", "geometry": {"type": "Point", "coordinates": [422588.64, 1443326.27]}, "properties": {"d": 70.0, "s": 54, "Shore_Class": "non_mangrove"}}, {"type": "Feature", "geometry": {"type": "Point", "coordinates": [422598.45, 1443324.31]}, "properties": {"d": 80.0, "s": 54, "Shore_Class": "non_mangrove"}}, {"type": "Feature", "geometry": {"type": "Point", "coordinates": [422608.25, 1443322.35]}, "properties": {"d": 90.0, "s": 54, "Shore_Class": "non_mangrove"}}, {"type": "Feature", "geometry": {"type": "Point", "coordinates": [422618.06, 1443320.39]}, "properties": {"d": 100.0, "s": 54, "Shore_Class": "non_mangrove"}}, {"type": "Feature", "geometry": {"type": "Point", "coordinates": [422627.86, 1443318.43]}, "properties": {"d": 110.0, "s": 54, "Shore_Class": "non_mangrove"}}, {"type": "Feature", "geometry": {"type": "Point", "coordinates": [422637.67, 1443316.47]}, "properties": {"d": 120.0, "s": 54, "Shore_Class": "non_mangrove"}}, {"type": "Feature", "geometry": {"type": "Point", "coordinates": [422647.48, 1443314.5]}, "properties": {"d": 130.0, "s": 54, "Shore_Class": "non_mangrove"}}, {"type": "Feature", "geometry": {"type": "Point", "coordinates": [422657.28, 1443312.54]}, "properties": {"d": 140.0, "s": 54, "Shore_Class": "non_mangrove"}}, {"type": "Feature", "geometry": {"type": "Point", "coordinates": [422667.09, 1443310.58]}, "properties": {"d": 150.0, "s": 54, "Shore_Class": "non_mangrove"}}, {"type": "Feature", "geometry": {"type": "Point", "coordinates": [422359.29, 1443120.71]}, "properties": {"d": -100.0, "s": 55, "Shore_Class": "non_mangrove"}}, {"type": "Feature", "geometry": {"type": "Point", "coordinates": [422366.36, 1443113.64]}, "properties": {"d": -90.0, "s": 55, "Shore_Class": "non_mangrove"}}, {"type": "Feature", "geometry": {"type": "Point", "coordinates": [422373.43, 1443106.57]}, "properties": {"d": -80.0, "s": 55, "Shore_Class": "non_mangrove"}}, {"type": "Feature", "geometry": {"type": "Point", "coordinates": [422380.5, 1443099.5]}, "properties": {"d": -70.0, "s": 55, "Shore_Class": "non_mangrove"}}, {"type": "Feature", "geometry": {"type": "Point", "coordinates": [422387.57, 1443092.43]}, "properties": {"d": -60.0, "s": 55, "Shore_Class": "non_mangrove"}}, {"type": "Feature", "geometry": {"type": "Point", "coordinates": [422394.64, 1443085.36]}, "properties": {"d": -50.0, "s": 55, "Shore_Class": "non_mangrove"}}, {"type": "Feature", "geometry": {"type": "Point", "coordinates": [422401.72, 1443078.28]}, "properties": {"d": -40.0, "s": 55, "Shore_Class": "non_mangrove"}}, {"type": "Feature", "geometry": {"type": "Point", "coordinates": [422408.79, 1443071.21]}, "properties": {"d": -30.0, "s": 55, "Shore_Class": "non_mangrove"}}, {"type": "Feature", "geometry": {"type": "Point", "coordinates": [422415.86, 1443064.14]}, "properties": {"d": -20.0, "s": 55, "Shore_Class": "non_mangrove"}}, {"type": "Feature", "geometry": {"type": "Point", "coordinates": [422422.93, 1443057.07]}, "properties": {"d": -10.0, "s": 55, "Shore_Class": "non_mangrove"}}, {"type": "Feature", "geometry": {"type": "Point", "coordinates": [422430.0, 1443050.0]}, "properties": {"d": 0.0, "s": 55, "Shore_Class": "non_mangrove"}}, {"type": "Feature", "geometry": {"type": "Point", "coordinates": [422437.07, 1443042.93]}, "properties": {"d": 10.0, "s": 55, "Shore_Class": "non_mangrove"}}, {"type": "Feature", "geometry": {"type": "Point", "coordinates": [422444.14, 1443035.86]}, "properties": {"d": 20.0, "s": 55, "Shore_Class": "non_mangrove"}}, {"type": "Feature", "geometry": {"type": "Point", "coordinates": [422451.21, 1443028.79]}, "properties": {"d": 30.0, "s": 55, "Shore_Class": "non_mangrove"}}, {"type": "Feature", "geometry": {"type": "Point", "coordinates": [422458.28, 1443021.72]}, "properties": {"d": 40.0, "s": 55, "Shore_Class": "non_mangrove"}}, {"type": "Feature", "geometry": {"type": "Point", "coordinates": [422465.36, 1443014.64]}, "properties": {"d": 50.0, "s": 55, "Shore_Class": "non_mangrove"}}, {"type": "Feature", "geometry": {"type": "Point", "coordinates": [422472.43, 1443007.57]}, "properties": {"d": 60.0, "s": 55, "Shore_Class": "non_mangrove"}}, {"type": "Feature", "geometry": {"type": "Point", "coordinates": [422479.5, 1443000.5]}, "properties": {"d": 70.0, "s": 55, "Shore_Class": "non_mangrove"}}, {"type": "Feature", "geometry": {"type": "Point", "coordinates": [422486.57, 1442993.43]}, "properties": {"d": 80.0, "s": 55, "Shore_Class": "non_mangrove"}}, {"type": "Feature", "geometry": {"type": "Point", "coordinates": [422493.64, 1442986.36]}, "properties": {"d": 90.0, "s": 55, "Shore_Class": "non_mangrove"}}, {"type": "Feature", "geometry": {"type": "Point", "coordinates": [422500.71, 1442979.29]}, "properties": {"d": 100.0, "s": 55, "Shore_Class": "non_mangrove"}}, {"type": "Feature", "geometry": {"type": "Point", "coordinates": [422507.78, 1442972.22]}, "properties": {"d": 110.0, "s": 55, "Shore_Class": "non_mangrove"}}, {"type": "Feature", "geometry": {"type": "Point", "coordinates": [422514.85, 1442965.15]}, "properties": {"d": 120.0, "s": 55, "Shore_Class": "non_mangrove"}}, {"type": "Feature", "geometry": {"type": "Point", "coordinates": [422521.92, 1442958.08]}, "properties": {"d": 130.0, "s": 55, "Shore_Class": "non_mangrove"}}, {"type": "Feature", "geometry": {"type": "Point", "coordinates": [422528.99, 1442951.01]}, "properties": {"d": 140.0, "s": 55, "Shore_Class": "non_mangrove"}}, {"type": "Feature", "geometry": {"type": "Point", "coordinates": [422536.07, 1442943.93]}, "properties": {"d": 150.0, "s": 55, "Shore_Class": "non_mangrove"}}, {"type": "Feature", "geometry": {"type": "Point", "coordinates": [422270.0, 1442730.0]}, "properties": {"d": -100.0, "s": 56, "Shore_Class": "non_mangrove"}}, {"type": "Feature", "geometry": {"type": "Point", "coordinates": [422280.0, 1442730.0]}, "properties": {"d": -90.0, "s": 56, "Shore_Class": "non_mangrove"}}, {"type": "Feature", "geometry": {"type": "Point", "coordinates": [422290.0, 1442730.0]}, "properties": {"d": -80.0, "s": 56, "Shore_Class": "non_mangrove"}}, {"type": "Feature", "geometry": {"type": "Point", "coordinates": [422300.0, 1442730.0]}, "properties": {"d": -70.0, "s": 56, "Shore_Class": "non_mangrove"}}, {"type": "Feature", "geometry": {"type": "Point", "coordinates": [422310.0, 1442730.0]}, "properties": {"d": -60.0, "s": 56, "Shore_Class": "non_mangrove"}}, {"type": "Feature", "geometry": {"type": "Point", "coordinates": [422320.0, 1442730.0]}, "properties": {"d": -50.0, "s": 56, "Shore_Class": "non_mangrove"}}, {"type": "Feature", "geometry": {"type": "Point", "coordinates": [422330.0, 1442730.0]}, "properties": {"d": -40.0, "s": 56, "Shore_Class": "non_mangrove"}}, {"type": "Feature", "geometry": {"type": "Point", "coordinates": [422340.0, 1442730.0]}, "properties": {"d": -30.0, "s": 56, "Shore_Class": "non_mangrove"}}, {"type": "Feature", "geometry": {"type": "Point", "coordinates": [422350.0, 1442730.0]}, "properties": {"d": -20.0, "s": 56, "Shore_Class": "non_mangrove"}}, {"type": "Feature", "geometry": {"type": "Point", "coordinates": [422360.0, 1442730.0]}, "properties": {"d": -10.0, "s": 56, "Shore_Class": "non_mangrove"}}, {"type": "Feature", "geometry": {"type": "Point", "coordinates": [422370.0, 1442730.0]}, "properties": {"d": 0.0, "s": 56, "Shore_Class": "non_mangrove"}}, {"type": "Feature", "geometry": {"type": "Point", "coordinates": [422380.0, 1442730.0]}, "properties": {"d": 10.0, "s": 56, "Shore_Class": "non_mangrove"}}, {"type": "Feature", "geometry": {"type": "Point", "coordinates": [422390.0, 1442730.0]}, "properties": {"d": 20.0, "s": 56, "Shore_Class": "non_mangrove"}}, {"type": "Feature", "geometry": {"type": "Point", "coordinates": [422400.0, 1442730.0]}, "properties": {"d": 30.0, "s": 56, "Shore_Class": "non_mangrove"}}, {"type": "Feature", "geometry": {"type": "Point", "coordinates": [422410.0, 1442730.0]}, "properties": {"d": 40.0, "s": 56, "Shore_Class": "non_mangrove"}}, {"type": "Feature", "geometry": {"type": "Point", "coordinates": [422420.0, 1442730.0]}, "properties": {"d": 50.0, "s": 56, "Shore_Class": "non_mangrove"}}, {"type": "Feature", "geometry": {"type": "Point", "coordinates": [422430.0, 1442730.0]}, "properties": {"d": 60.0, "s": 56, "Shore_Class": "non_mangrove"}}, {"type": "Feature", "geometry": {"type": "Point", "coordinates": [422440.0, 1442730.0]}, "properties": {"d": 70.0, "s": 56, "Shore_Class": "non_mangrove"}}, {"type": "Feature", "geometry": {"type": "Point", "coordinates": [422450.0, 1442730.0]}, "properties": {"d": 80.0, "s": 56, "Shore_Class": "non_mangrove"}}, {"type": "Feature", "geometry": {"type": "Point", "coordinates": [422460.0, 1442730.0]}, "properties": {"d": 90.0, "s": 56, "Shore_Class": "non_mangrove"}}, {"type": "Feature", "geometry": {"type": "Point", "coordinates": [422470.0, 1442730.0]}, "properties": {"d": 100.0, "s": 56, "Shore_Class": "non_mangrove"}}, {"type": "Feature", "geometry": {"type": "Point", "coordinates": [422480.0, 1442730.0]}, "properties": {"d": 110.0, "s": 56, "Shore_Class": "non_mangrove"}}, {"type": "Feature", "geometry": {"type": "Point", "coordinates": [422490.0, 1442730.0]}, "properties": {"d": 120.0, "s": 56, "Shore_Class": "non_mangrove"}}, {"type": "Feature", "geometry": {"type": "Point", "coordinates": [422500.0, 1442730.0]}, "properties": {"d": 130.0, "s": 56, "Shore_Class": "non_mangrove"}}, {"type": "Feature", "geometry": {"type": "Point", "coordinates": [422510.0, 1442730.0]}, "properties": {"d": 140.0, "s": 56, "Shore_Class": "non_mangrove"}}, {"type": "Feature", "geometry": {"type": "Point", "coordinates": [422520.0, 1442730.0]}, "properties": {"d": 150.0, "s": 56, "Shore_Class": "non_mangrove"}}, {"type": "Feature", "geometry": {"type": "Point", "coordinates": [422000.0, 1441620.0]}, "properties": {"d": -100.0, "s": 57, "Shore_Class": "non_mangrove"}}, {"type": "Feature", "geometry": {"type": "Point", "coordinates": [422010.0, 1441620.0]}, "properties": {"d": -90.0, "s": 57, "Shore_Class": "non_mangrove"}}, {"type": "Feature", "geometry": {"type": "Point", "coordinates": [422020.0, 1441620.0]}, "properties": {"d": -80.0, "s": 57, "Shore_Class": "non_mangrove"}}, {"type": "Feature", "geometry": {"type": "Point", "coordinates": [422030.0, 1441620.0]}, "properties": {"d": -70.0, "s": 57, "Shore_Class": "non_mangrove"}}, {"type": "Feature", "geometry": {"type": "Point", "coordinates": [422040.0, 1441620.0]}, "properties": {"d": -60.0, "s": 57, "Shore_Class": "non_mangrove"}}, {"type": "Feature", "geometry": {"type": "Point", "coordinates": [422050.0, 1441620.0]}, "properties": {"d": -50.0, "s": 57, "Shore_Class": "non_mangrove"}}, {"type": "Feature", "geometry": {"type": "Point", "coordinates": [422060.0, 1441620.0]}, "properties": {"d": -40.0, "s": 57, "Shore_Class": "non_mangrove"}}, {"type": "Feature", "geometry": {"type": "Point", "coordinates": [422070.0, 1441620.0]}, "properties": {"d": -30.0, "s": 57, "Shore_Class": "non_mangrove"}}, {"type": "Feature", "geometry": {"type": "Point", "coordinates": [422080.0, 1441620.0]}, "properties": {"d": -20.0, "s": 57, "Shore_Class": "non_mangrove"}}, {"type": "Feature", "geometry": {"type": "Point", "coordinates": [422090.0, 1441620.0]}, "properties": {"d": -10.0, "s": 57, "Shore_Class": "non_mangrove"}}, {"type": "Feature", "geometry": {"type": "Point", "coordinates": [422100.0, 1441620.0]}, "properties": {"d": 0.0, "s": 57, "Shore_Class": "non_mangrove"}}, {"type": "Feature", "geometry": {"type": "Point", "coordinates": [422110.0, 1441620.0]}, "properties": {"d": 10.0, "s": 57, "Shore_Class": "non_mangrove"}}, {"type": "Feature", "geometry": {"type": "Point", "coordinates": [422120.0, 1441620.0]}, "properties": {"d": 20.0, "s": 57, "Shore_Class": "non_mangrove"}}, {"type": "Feature", "geometry": {"type": "Point", "coordinates": [422130.0, 1441620.0]}, "properties": {"d": 30.0, "s": 57, "Shore_Class": "non_mangrove"}}, {"type": "Feature", "geometry": {"type": "Point", "coordinates": [422140.0, 1441620.0]}, "properties": {"d": 40.0, "s": 57, "Shore_Class": "non_mangrove"}}, {"type": "Feature", "geometry": {"type": "Point", "coordinates": [422150.0, 1441620.0]}, "properties": {"d": 50.0, "s": 57, "Shore_Class": "non_mangrove"}}, {"type": "Feature", "geometry": {"type": "Point", "coordinates": [422160.0, 1441620.0]}, "properties": {"d": 60.0, "s": 57, "Shore_Class": "non_mangrove"}}, {"type": "Feature", "geometry": {"type": "Point", "coordinates": [422170.0, 1441620.0]}, "properties": {"d": 70.0, "s": 57, "Shore_Class": "non_mangrove"}}, {"type": "Feature", "geometry": {"type": "Point", "coordinates": [422180.0, 1441620.0]}, "properties": {"d": 80.0, "s": 57, "Shore_Class": "non_mangrove"}}, {"type": "Feature", "geometry": {"type": "Point", "coordinates": [422190.0, 1441620.0]}, "properties": {"d": 90.0, "s": 57, "Shore_Class": "non_mangrove"}}, {"type": "Feature", "geometry": {"type": "Point", "coordinates": [422200.0, 1441620.0]}, "properties": {"d": 100.0, "s": 57, "Shore_Class": "non_mangrove"}}, {"type": "Feature", "geometry": {"type": "Point", "coordinates": [422210.0, 1441620.0]}, "properties": {"d": 110.0, "s": 57, "Shore_Class": "non_mangrove"}}, {"type": "Feature", "geometry": {"type": "Point", "coordinates": [422220.0, 1441620.0]}, "properties": {"d": 120.0, "s": 57, "Shore_Class": "non_mangrove"}}, {"type": "Feature", "geometry": {"type": "Point", "coordinates": [422230.0, 1441620.0]}, "properties": {"d": 130.0, "s": 57, "Shore_Class": "non_mangrove"}}, {"type": "Feature", "geometry": {"type": "Point", "coordinates": [422240.0, 1441620.0]}, "properties": {"d": 140.0, "s": 57, "Shore_Class": "non_mangrove"}}, {"type": "Feature", "geometry": {"type": "Point", "coordinates": [422250.0, 1441620.0]}, "properties": {"d": 150.0, "s": 57, "Shore_Class": "non_mangrove"}}, {"type": "Feature", "geometry": {"type": "Point", "coordinates": [421820.0, 1440600.0]}, "properties": {"d": -100.0, "s": 58, "Shore_Class": "non_mangrove"}}, {"type": "Feature", "geometry": {"type": "Point", "coordinates": [421830.0, 1440600.0]}, "properties": {"d": -90.0, "s": 58, "Shore_Class": "non_mangrove"}}, {"type": "Feature", "geometry": {"type": "Point", "coordinates": [421840.0, 1440600.0]}, "properties": {"d": -80.0, "s": 58, "Shore_Class": "non_mangrove"}}, {"type": "Feature", "geometry": {"type": "Point", "coordinates": [421850.0, 1440600.0]}, "properties": {"d": -70.0, "s": 58, "Shore_Class": "non_mangrove"}}, {"type": "Feature", "geometry": {"type": "Point", "coordinates": [421860.0, 1440600.0]}, "properties": {"d": -60.0, "s": 58, "Shore_Class": "non_mangrove"}}, {"type": "Feature", "geometry": {"type": "Point", "coordinates": [421870.0, 1440600.0]}, "properties": {"d": -50.0, "s": 58, "Shore_Class": "non_mangrove"}}, {"type": "Feature", "geometry": {"type": "Point", "coordinates": [421880.0, 1440600.0]}, "properties": {"d": -40.0, "s": 58, "Shore_Class": "non_mangrove"}}, {"type": "Feature", "geometry": {"type": "Point", "coordinates": [421890.0, 1440600.0]}, "properties": {"d": -30.0, "s": 58, "Shore_Class": "non_mangrove"}}, {"type": "Feature", "geometry": {"type": "Point", "coordinates": [421900.0, 1440600.0]}, "properties": {"d": -20.0, "s": 58, "Shore_Class": "non_mangrove"}}, {"type": "Feature", "geometry": {"type": "Point", "coordinates": [421910.0, 1440600.0]}, "properties": {"d": -10.0, "s": 58, "Shore_Class": "non_mangrove"}}, {"type": "Feature", "geometry": {"type": "Point", "coordinates": [421920.0, 1440600.0]}, "properties": {"d": 0.0, "s": 58, "Shore_Class": "non_mangrove"}}, {"type": "Feature", "geometry": {"type": "Point", "coordinates": [421930.0, 1440600.0]}, "properties": {"d": 10.0, "s": 58, "Shore_Class": "non_mangrove"}}, {"type": "Feature", "geometry": {"type": "Point", "coordinates": [421940.0, 1440600.0]}, "properties": {"d": 20.0, "s": 58, "Shore_Class": "non_mangrove"}}, {"type": "Feature", "geometry": {"type": "Point", "coordinates": [421950.0, 1440600.0]}, "properties": {"d": 30.0, "s": 58, "Shore_Class": "non_mangrove"}}, {"type": "Feature", "geometry": {"type": "Point", "coordinates": [421960.0, 1440600.0]}, "properties": {"d": 40.0, "s": 58, "Shore_Class": "non_mangrove"}}, {"type": "Feature", "geometry": {"type": "Point", "coordinates": [421970.0, 1440600.0]}, "properties": {"d": 50.0, "s": 58, "Shore_Class": "non_mangrove"}}, {"type": "Feature", "geometry": {"type": "Point", "coordinates": [421980.0, 1440600.0]}, "properties": {"d": 60.0, "s": 58, "Shore_Class": "non_mangrove"}}, {"type": "Feature", "geometry": {"type": "Point", "coordinates": [421990.0, 1440600.0]}, "properties": {"d": 70.0, "s": 58, "Shore_Class": "non_mangrove"}}, {"type": "Feature", "geometry": {"type": "Point", "coordinates": [422000.0, 1440600.0]}, "properties": {"d": 80.0, "s": 58, "Shore_Class": "non_mangrove"}}, {"type": "Feature", "geometry": {"type": "Point", "coordinates": [422010.0, 1440600.0]}, "properties": {"d": 90.0, "s": 58, "Shore_Class": "non_mangrove"}}, {"type": "Feature", "geometry": {"type": "Point", "coordinates": [422020.0, 1440600.0]}, "properties": {"d": 100.0, "s": 58, "Shore_Class": "non_mangrove"}}, {"type": "Feature", "geometry": {"type": "Point", "coordinates": [422030.0, 1440600.0]}, "properties": {"d": 110.0, "s": 58, "Shore_Class": "non_mangrove"}}, {"type": "Feature", "geometry": {"type": "Point", "coordinates": [422040.0, 1440600.0]}, "properties": {"d": 120.0, "s": 58, "Shore_Class": "non_mangrove"}}, {"type": "Feature", "geometry": {"type": "Point", "coordinates": [422050.0, 1440600.0]}, "properties": {"d": 130.0, "s": 58, "Shore_Class": "non_mangrove"}}, {"type": "Feature", "geometry": {"type": "Point", "coordinates": [422060.0, 1440600.0]}, "properties": {"d": 140.0, "s": 58, "Shore_Class": "non_mangrove"}}, {"type": "Feature", "geometry": {"type": "Point", "coordinates": [422070.0, 1440600.0]}, "properties": {"d": 150.0, "s": 58, "Shore_Class": "non_mangrove"}}, {"type": "Feature", "geometry": {"type": "Point", "coordinates": [421760.0, 1440280.0]}, "properties": {"d": -100.0, "s": 59, "Shore_Class": "non_mangrove"}}, {"type": "Feature", "geometry": {"type": "Point", "coordinates": [421770.0, 1440280.0]}, "properties": {"d": -90.0, "s": 59, "Shore_Class": "non_mangrove"}}, {"type": "Feature", "geometry": {"type": "Point", "coordinates": [421780.0, 1440280.0]}, "properties": {"d": -80.0, "s": 59, "Shore_Class": "non_mangrove"}}, {"type": "Feature", "geometry": {"type": "Point", "coordinates": [421790.0, 1440280.0]}, "properties": {"d": -70.0, "s": 59, "Shore_Class": "non_mangrove"}}, {"type": "Feature", "geometry": {"type": "Point", "coordinates": [421800.0, 1440280.0]}, "properties": {"d": -60.0, "s": 59, "Shore_Class": "non_mangrove"}}, {"type": "Feature", "geometry": {"type": "Point", "coordinates": [421810.0, 1440280.0]}, "properties": {"d": -50.0, "s": 59, "Shore_Class": "non_mangrove"}}, {"type": "Feature", "geometry": {"type": "Point", "coordinates": [421820.0, 1440280.0]}, "properties": {"d": -40.0, "s": 59, "Shore_Class": "non_mangrove"}}, {"type": "Feature", "geometry": {"type": "Point", "coordinates": [421830.0, 1440280.0]}, "properties": {"d": -30.0, "s": 59, "Shore_Class": "non_mangrove"}}, {"type": "Feature", "geometry": {"type": "Point", "coordinates": [421840.0, 1440280.0]}, "properties": {"d": -20.0, "s": 59, "Shore_Class": "non_mangrove"}}, {"type": "Feature", "geometry": {"type": "Point", "coordinates": [421850.0, 1440280.0]}, "properties": {"d": -10.0, "s": 59, "Shore_Class": "non_mangrove"}}, {"type": "Feature", "geometry": {"type": "Point", "coordinates": [421860.0, 1440280.0]}, "properties": {"d": 0.0, "s": 59, "Shore_Class": "non_mangrove"}}, {"type": "Feature", "geometry": {"type": "Point", "coordinates": [421870.0, 1440280.0]}, "properties": {"d": 10.0, "s": 59, "Shore_Class": "non_mangrove"}}, {"type": "Feature", "geometry": {"type": "Point", "coordinates": [421880.0, 1440280.0]}, "properties": {"d": 20.0, "s": 59, "Shore_Class": "non_mangrove"}}, {"type": "Feature", "geometry": {"type": "Point", "coordinates": [421890.0, 1440280.0]}, "properties": {"d": 30.0, "s": 59, "Shore_Class": "non_mangrove"}}, {"type": "Feature", "geometry": {"type": "Point", "coordinates": [421900.0, 1440280.0]}, "properties": {"d": 40.0, "s": 59, "Shore_Class": "non_mangrove"}}, {"type": "Feature", "geometry": {"type": "Point", "coordinates": [421910.0, 1440280.0]}, "properties": {"d": 50.0, "s": 59, "Shore_Class": "non_mangrove"}}, {"type": "Feature", "geometry": {"type": "Point", "coordinates": [421920.0, 1440280.0]}, "properties": {"d": 60.0, "s": 59, "Shore_Class": "non_mangrove"}}, {"type": "Feature", "geometry": {"type": "Point", "coordinates": [421930.0, 1440280.0]}, "properties": {"d": 70.0, "s": 59, "Shore_Class": "non_mangrove"}}, {"type": "Feature", "geometry": {"type": "Point", "coordinates": [421940.0, 1440280.0]}, "properties": {"d": 80.0, "s": 59, "Shore_Class": "non_mangrove"}}, {"type": "Feature", "geometry": {"type": "Point", "coordinates": [421950.0, 1440280.0]}, "properties": {"d": 90.0, "s": 59, "Shore_Class": "non_mangrove"}}, {"type": "Feature", "geometry": {"type": "Point", "coordinates": [421960.0, 1440280.0]}, "properties": {"d": 100.0, "s": 59, "Shore_Class": "non_mangrove"}}, {"type": "Feature", "geometry": {"type": "Point", "coordinates": [421970.0, 1440280.0]}, "properties": {"d": 110.0, "s": 59, "Shore_Class": "non_mangrove"}}, {"type": "Feature", "geometry": {"type": "Point", "coordinates": [421980.0, 1440280.0]}, "properties": {"d": 120.0, "s": 59, "Shore_Class": "non_mangrove"}}, {"type": "Feature", "geometry": {"type": "Point", "coordinates": [421990.0, 1440280.0]}, "properties": {"d": 130.0, "s": 59, "Shore_Class": "non_mangrove"}}, {"type": "Feature", "geometry": {"type": "Point", "coordinates": [422000.0, 1440280.0]}, "properties": {"d": 140.0, "s": 59, "Shore_Class": "non_mangrove"}}, {"type": "Feature", "geometry": {"type": "Point", "coordinates": [422010.0, 1440280.0]}, "properties": {"d": 150.0, "s": 59, "Shore_Class": "non_mangrove"}}, {"type": "Feature", "geometry": {"type": "Point", "coordinates": [421701.94, 1439859.61]}, "properties": {"d": -100.0, "s": 60, "Shore_Class": "non_mangrove"}}, {"type": "Feature", "geometry": {"type": "Point", "coordinates": [421711.75, 1439857.65]}, "properties": {"d": -90.0, "s": 60, "Shore_Class": "non_mangrove"}}, {"type": "Feature", "geometry": {"type": "Point", "coordinates": [421721.55, 1439855.69]}, "properties": {"d": -80.0, "s": 60, "Shore_Class": "non_mangrove"}}, {"type": "Feature", "geometry": {"type": "Point", "coordinates": [421731.36, 1439853.73]}, "properties": {"d": -70.0, "s": 60, "Shore_Class": "non_mangrove"}}, {"type": "Feature", "geometry": {"type": "Point", "coordinates": [421741.17, 1439851.77]}, "properties": {"d": -60.0, "s": 60, "Shore_Class": "non_mangrove"}}, {"type": "Feature", "geometry": {"type": "Point", "coordinates": [421750.97, 1439849.81]}, "properties": {"d": -50.0, "s": 60, "Shore_Class": "non_mangrove"}}, {"type": "Feature", "geometry": {"type": "Point", "coordinates": [421760.78, 1439847.84]}, "properties": {"d": -40.0, "s": 60, "Shore_Class": "non_mangrove"}}, {"type": "Feature", "geometry": {"type": "Point", "coordinates": [421770.58, 1439845.88]}, "properties": {"d": -30.0, "s": 60, "Shore_Class": "non_mangrove"}}, {"type": "Feature", "geometry": {"type": "Point", "coordinates": [421780.39, 1439843.92]}, "properties": {"d": -20.0, "s": 60, "Shore_Class": "non_mangrove"}}, {"type": "Feature", "geometry": {"type": "Point", "coordinates": [421790.19, 1439841.96]}, "properties": {"d": -10.0, "s": 60, "Shore_Class": "non_mangrove"}}, {"type": "Feature", "geometry": {"type": "Point", "coordinates": [421800.0, 1439840.0]}, "properties": {"d": 0.0, "s": 60, "Shore_Class": "non_mangrove"}}, {"type": "Feature", "geometry": {"type": "Point", "coordinates": [421809.81, 1439838.04]}, "properties": {"d": 10.0, "s": 60, "Shore_Class": "non_mangrove"}}, {"type": "Feature", "geometry": {"type": "Point", "coordinates": [421819.61, 1439836.08]}, "properties": {"d": 20.0, "s": 60, "Shore_Class": "non_mangrove"}}, {"type": "Feature", "geometry": {"type": "Point", "coordinates": [421829.42, 1439834.12]}, "properties": {"d": 30.0, "s": 60, "Shore_Class": "non_mangrove"}}, {"type": "Feature", "geometry": {"type": "Point", "coordinates": [421839.22, 1439832.16]}, "properties": {"d": 40.0, "s": 60, "Shore_Class": "non_mangrove"}}, {"type": "Feature", "geometry": {"type": "Point", "coordinates": [421849.03, 1439830.19]}, "properties": {"d": 50.0, "s": 60, "Shore_Class": "non_mangrove"}}, {"type": "Feature", "geometry": {"type": "Point", "coordinates": [421858.83, 1439828.23]}, "properties": {"d": 60.0, "s": 60, "Shore_Class": "non_mangrove"}}, {"type": "Feature", "geometry": {"type": "Point", "coordinates": [421868.64, 1439826.27]}, "properties": {"d": 70.0, "s": 60, "Shore_Class": "non_mangrove"}}, {"type": "Feature", "geometry": {"type": "Point", "coordinates": [421878.45, 1439824.31]}, "properties": {"d": 80.0, "s": 60, "Shore_Class": "non_mangrove"}}, {"type": "Feature", "geometry": {"type": "Point", "coordinates": [421888.25, 1439822.35]}, "properties": {"d": 90.0, "s": 60, "Shore_Class": "non_mangrove"}}, {"type": "Feature", "geometry": {"type": "Point", "coordinates": [421898.06, 1439820.39]}, "properties": {"d": 100.0, "s": 60, "Shore_Class": "non_mangrove"}}, {"type": "Feature", "geometry": {"type": "Point", "coordinates": [421907.86, 1439818.43]}, "properties": {"d": 110.0, "s": 60, "Shore_Class": "non_mangrove"}}, {"type": "Feature", "geometry": {"type": "Point", "coordinates": [421917.67, 1439816.47]}, "properties": {"d": 120.0, "s": 60, "Shore_Class": "non_mangrove"}}, {"type": "Feature", "geometry": {"type": "Point", "coordinates": [421927.48, 1439814.51]}, "properties": {"d": 130.0, "s": 60, "Shore_Class": "non_mangrove"}}, {"type": "Feature", "geometry": {"type": "Point", "coordinates": [421937.28, 1439812.54]}, "properties": {"d": 140.0, "s": 60, "Shore_Class": "non_mangrove"}}, {"type": "Feature", "geometry": {"type": "Point", "coordinates": [421947.09, 1439810.58]}, "properties": {"d": 150.0, "s": 60, "Shore_Class": "non_mangrove"}}, {"type": "Feature", "geometry": {"type": "Point", "coordinates": [421669.29, 1439650.71]}, "properties": {"d": -100.0, "s": 61, "Shore_Class": "non_mangrove"}}, {"type": "Feature", "geometry": {"type": "Point", "coordinates": [421676.36, 1439643.64]}, "properties": {"d": -90.0, "s": 61, "Shore_Class": "non_mangrove"}}, {"type": "Feature", "geometry": {"type": "Point", "coordinates": [421683.43, 1439636.57]}, "properties": {"d": -80.0, "s": 61, "Shore_Class": "non_mangrove"}}, {"type": "Feature", "geometry": {"type": "Point", "coordinates": [421690.5, 1439629.5]}, "properties": {"d": -70.0, "s": 61, "Shore_Class": "non_mangrove"}}, {"type": "Feature", "geometry": {"type": "Point", "coordinates": [421697.57, 1439622.43]}, "properties": {"d": -60.0, "s": 61, "Shore_Class": "non_mangrove"}}, {"type": "Feature", "geometry": {"type": "Point", "coordinates": [421704.64, 1439615.36]}, "properties": {"d": -50.0, "s": 61, "Shore_Class": "non_mangrove"}}, {"type": "Feature", "geometry": {"type": "Point", "coordinates": [421711.72, 1439608.28]}, "properties": {"d": -40.0, "s": 61, "Shore_Class": "non_mangrove"}}, {"type": "Feature", "geometry": {"type": "Point", "coordinates": [421718.79, 1439601.21]}, "properties": {"d": -30.0, "s": 61, "Shore_Class": "non_mangrove"}}, {"type": "Feature", "geometry": {"type": "Point", "coordinates": [421725.86, 1439594.14]}, "properties": {"d": -20.0, "s": 61, "Shore_Class": "non_mangrove"}}, {"type": "Feature", "geometry": {"type": "Point", "coordinates": [421732.93, 1439587.07]}, "properties": {"d": -10.0, "s": 61, "Shore_Class": "non_mangrove"}}, {"type": "Feature", "geometry": {"type": "Point", "coordinates": [421740.0, 1439580.0]}, "properties": {"d": 0.0, "s": 61, "Shore_Class": "non_mangrove"}}, {"type": "Feature", "geometry": {"type": "Point", "coordinates": [421747.07, 1439572.93]}, "properties": {"d": 10.0, "s": 61, "Shore_Class": "non_mangrove"}}, {"type": "Feature", "geometry": {"type": "Point", "coordinates": [421754.14, 1439565.86]}, "properties": {"d": 20.0, "s": 61, "Shore_Class": "non_mangrove"}}, {"type": "Feature", "geometry": {"type": "Point", "coordinates": [421761.21, 1439558.79]}, "properties": {"d": 30.0, "s": 61, "Shore_Class": "non_mangrove"}}, {"type": "Feature", "geometry": {"type": "Point", "coordinates": [421768.28, 1439551.72]}, "properties": {"d": 40.0, "s": 61, "Shore_Class": "non_mangrove"}}, {"type": "Feature", "geometry": {"type": "Point", "coordinates": [421775.36, 1439544.64]}, "properties": {"d": 50.0, "s": 61, "Shore_Class": "non_mangrove"}}, {"type": "Feature", "geometry": {"type": "Point", "coordinates": [421782.43, 1439537.57]}, "properties": {"d": 60.0, "s": 61, "Shore_Class": "non_mangrove"}}, {"type": "Feature", "geometry": {"type": "Point", "coordinates": [421789.5, 1439530.5]}, "properties": {"d": 70.0, "s": 61, "Shore_Class": "non_mangrove"}}, {"type": "Feature", "geometry": {"type": "Point", "coordinates": [421796.57, 1439523.43]}, "properties": {"d": 80.0, "s": 61, "Shore_Class": "non_mangrove"}}, {"type": "Feature", "geometry": {"type": "Point", "coordinates": [421803.64, 1439516.36]}, "properties": {"d": 90.0, "s": 61, "Shore_Class": "non_mangrove"}}, {"type": "Feature", "geometry": {"type": "Point", "coordinates": [421810.71, 1439509.29]}, "properties": {"d": 100.0, "s": 61, "Shore_Class": "non_mangrove"}}, {"type": "Feature", "geometry": {"type": "Point", "coordinates": [421817.78, 1439502.22]}, "properties": {"d": 110.0, "s": 61, "Shore_Class": "non_mangrove"}}, {"type": "Feature", "geometry": {"type": "Point", "coordinates": [421824.85, 1439495.15]}, "properties": {"d": 120.0, "s": 61, "Shore_Class": "non_mangrove"}}, {"type": "Feature", "geometry": {"type": "Point", "coordinates": [421831.92, 1439488.08]}, "properties": {"d": 130.0, "s": 61, "Shore_Class": "non_mangrove"}}, {"type": "Feature", "geometry": {"type": "Point", "coordinates": [421838.99, 1439481.01]}, "properties": {"d": 140.0, "s": 61, "Shore_Class": "non_mangrove"}}, {"type": "Feature", "geometry": {"type": "Point", "coordinates": [421846.07, 1439473.93]}, "properties": {"d": 150.0, "s": 61, "Shore_Class": "non_mangrove"}}, {"type": "Feature", "geometry": {"type": "Point", "coordinates": [421610.0, 1439290.0]}, "properties": {"d": -100.0, "s": 62, "Shore_Class": "non_mangrove"}}, {"type": "Feature", "geometry": {"type": "Point", "coordinates": [421620.0, 1439290.0]}, "properties": {"d": -90.0, "s": 62, "Shore_Class": "non_mangrove"}}, {"type": "Feature", "geometry": {"type": "Point", "coordinates": [421630.0, 1439290.0]}, "properties": {"d": -80.0, "s": 62, "Shore_Class": "non_mangrove"}}, {"type": "Feature", "geometry": {"type": "Point", "coordinates": [421640.0, 1439290.0]}, "properties": {"d": -70.0, "s": 62, "Shore_Class": "non_mangrove"}}, {"type": "Feature", "geometry": {"type": "Point", "coordinates": [421650.0, 1439290.0]}, "properties": {"d": -60.0, "s": 62, "Shore_Class": "non_mangrove"}}, {"type": "Feature", "geometry": {"type": "Point", "coordinates": [421660.0, 1439290.0]}, "properties": {"d": -50.0, "s": 62, "Shore_Class": "non_mangrove"}}, {"type": "Feature", "geometry": {"type": "Point", "coordinates": [421670.0, 1439290.0]}, "properties": {"d": -40.0, "s": 62, "Shore_Class": "non_mangrove"}}, {"type": "Feature", "geometry": {"type": "Point", "coordinates": [421680.0, 1439290.0]}, "properties": {"d": -30.0, "s": 62, "Shore_Class": "non_mangrove"}}, {"type": "Feature", "geometry": {"type": "Point", "coordinates": [421690.0, 1439290.0]}, "properties": {"d": -20.0, "s": 62, "Shore_Class": "non_mangrove"}}, {"type": "Feature", "geometry": {"type": "Point", "coordinates": [421700.0, 1439290.0]}, "properties": {"d": -10.0, "s": 62, "Shore_Class": "non_mangrove"}}, {"type": "Feature", "geometry": {"type": "Point", "coordinates": [421710.0, 1439290.0]}, "properties": {"d": 0.0, "s": 62, "Shore_Class": "non_mangrove"}}, {"type": "Feature", "geometry": {"type": "Point", "coordinates": [421720.0, 1439290.0]}, "properties": {"d": 10.0, "s": 62, "Shore_Class": "non_mangrove"}}, {"type": "Feature", "geometry": {"type": "Point", "coordinates": [421730.0, 1439290.0]}, "properties": {"d": 20.0, "s": 62, "Shore_Class": "non_mangrove"}}, {"type": "Feature", "geometry": {"type": "Point", "coordinates": [421740.0, 1439290.0]}, "properties": {"d": 30.0, "s": 62, "Shore_Class": "non_mangrove"}}, {"type": "Feature", "geometry": {"type": "Point", "coordinates": [421750.0, 1439290.0]}, "properties": {"d": 40.0, "s": 62, "Shore_Class": "non_mangrove"}}, {"type": "Feature", "geometry": {"type": "Point", "coordinates": [421760.0, 1439290.0]}, "properties": {"d": 50.0, "s": 62, "Shore_Class": "non_mangrove"}}, {"type": "Feature", "geometry": {"type": "Point", "coordinates": [421770.0, 1439290.0]}, "properties": {"d": 60.0, "s": 62, "Shore_Class": "non_mangrove"}}, {"type": "Feature", "geometry": {"type": "Point", "coordinates": [421780.0, 1439290.0]}, "properties": {"d": 70.0, "s": 62, "Shore_Class": "non_mangrove"}}, {"type": "Feature", "geometry": {"type": "Point", "coordinates": [421790.0, 1439290.0]}, "properties": {"d": 80.0, "s": 62, "Shore_Class": "non_mangrove"}}, {"type": "Feature", "geometry": {"type": "Point", "coordinates": [421800.0, 1439290.0]}, "properties": {"d": 90.0, "s": 62, "Shore_Class": "non_mangrove"}}, {"type": "Feature", "geometry": {"type": "Point", "coordinates": [421810.0, 1439290.0]}, "properties": {"d": 100.0, "s": 62, "Shore_Class": "non_mangrove"}}, {"type": "Feature", "geometry": {"type": "Point", "coordinates": [421820.0, 1439290.0]}, "properties": {"d": 110.0, "s": 62, "Shore_Class": "non_mangrove"}}, {"type": "Feature", "geometry": {"type": "Point", "coordinates": [421830.0, 1439290.0]}, "properties": {"d": 120.0, "s": 62, "Shore_Class": "non_mangrove"}}, {"type": "Feature", "geometry": {"type": "Point", "coordinates": [421840.0, 1439290.0]}, "properties": {"d": 130.0, "s": 62, "Shore_Class": "non_mangrove"}}, {"type": "Feature", "geometry": {"type": "Point", "coordinates": [421850.0, 1439290.0]}, "properties": {"d": 140.0, "s": 62, "Shore_Class": "non_mangrove"}}, {"type": "Feature", "geometry": {"type": "Point", "coordinates": [421860.0, 1439290.0]}, "properties": {"d": 150.0, "s": 62, "Shore_Class": "non_mangrove"}}, {"type": "Feature", "geometry": {"type": "Point", "coordinates": [421190.0, 1437630.0]}, "properties": {"d": -100.0, "s": 63, "Shore_Class": "non_mangrove"}}, {"type": "Feature", "geometry": {"type": "Point", "coordinates": [421200.0, 1437630.0]}, "properties": {"d": -90.0, "s": 63, "Shore_Class": "non_mangrove"}}, {"type": "Feature", "geometry": {"type": "Point", "coordinates": [421210.0, 1437630.0]}, "properties": {"d": -80.0, "s": 63, "Shore_Class": "non_mangrove"}}, {"type": "Feature", "geometry": {"type": "Point", "coordinates": [421220.0, 1437630.0]}, "properties": {"d": -70.0, "s": 63, "Shore_Class": "non_mangrove"}}, {"type": "Feature", "geometry": {"type": "Point", "coordinates": [421230.0, 1437630.0]}, "properties": {"d": -60.0, "s": 63, "Shore_Class": "non_mangrove"}}, {"type": "Feature", "geometry": {"type": "Point", "coordinates": [421240.0, 1437630.0]}, "properties": {"d": -50.0, "s": 63, "Shore_Class": "non_mangrove"}}, {"type": "Feature", "geometry": {"type": "Point", "coordinates": [421250.0, 1437630.0]}, "properties": {"d": -40.0, "s": 63, "Shore_Class": "non_mangrove"}}, {"type": "Feature", "geometry": {"type": "Point", "coordinates": [421260.0, 1437630.0]}, "properties": {"d": -30.0, "s": 63, "Shore_Class": "non_mangrove"}}, {"type": "Feature", "geometry": {"type": "Point", "coordinates": [421270.0, 1437630.0]}, "properties": {"d": -20.0, "s": 63, "Shore_Class": "non_mangrove"}}, {"type": "Feature", "geometry": {"type": "Point", "coordinates": [421280.0, 1437630.0]}, "properties": {"d": -10.0, "s": 63, "Shore_Class": "non_mangrove"}}, {"type": "Feature", "geometry": {"type": "Point", "coordinates": [421290.0, 1437630.0]}, "properties": {"d": 0.0, "s": 63, "Shore_Class": "non_mangrove"}}, {"type": "Feature", "geometry": {"type": "Point", "coordinates": [421300.0, 1437630.0]}, "properties": {"d": 10.0, "s": 63, "Shore_Class": "non_mangrove"}}, {"type": "Feature", "geometry": {"type": "Point", "coordinates": [421310.0, 1437630.0]}, "properties": {"d": 20.0, "s": 63, "Shore_Class": "non_mangrove"}}, {"type": "Feature", "geometry": {"type": "Point", "coordinates": [421320.0, 1437630.0]}, "properties": {"d": 30.0, "s": 63, "Shore_Class": "non_mangrove"}}, {"type": "Feature", "geometry": {"type": "Point", "coordinates": [421330.0, 1437630.0]}, "properties": {"d": 40.0, "s": 63, "Shore_Class": "non_mangrove"}}, {"type": "Feature", "geometry": {"type": "Point", "coordinates": [421340.0, 1437630.0]}, "properties": {"d": 50.0, "s": 63, "Shore_Class": "non_mangrove"}}, {"type": "Feature", "geometry": {"type": "Point", "coordinates": [421350.0, 1437630.0]}, "properties": {"d": 60.0, "s": 63, "Shore_Class": "non_mangrove"}}, {"type": "Feature", "geometry": {"type": "Point", "coordinates": [421360.0, 1437630.0]}, "properties": {"d": 70.0, "s": 63, "Shore_Class": "non_mangrove"}}, {"type": "Feature", "geometry": {"type": "Point", "coordinates": [421370.0, 1437630.0]}, "properties": {"d": 80.0, "s": 63, "Shore_Class": "non_mangrove"}}, {"type": "Feature", "geometry": {"type": "Point", "coordinates": [421380.0, 1437630.0]}, "properties": {"d": 90.0, "s": 63, "Shore_Class": "non_mangrove"}}, {"type": "Feature", "geometry": {"type": "Point", "coordinates": [421390.0, 1437630.0]}, "properties": {"d": 100.0, "s": 63, "Shore_Class": "non_mangrove"}}, {"type": "Feature", "geometry": {"type": "Point", "coordinates": [421400.0, 1437630.0]}, "properties": {"d": 110.0, "s": 63, "Shore_Class": "non_mangrove"}}, {"type": "Feature", "geometry": {"type": "Point", "coordinates": [421410.0, 1437630.0]}, "properties": {"d": 120.0, "s": 63, "Shore_Class": "non_mangrove"}}, {"type": "Feature", "geometry": {"type": "Point", "coordinates": [421420.0, 1437630.0]}, "properties": {"d": 130.0, "s": 63, "Shore_Class": "non_mangrove"}}, {"type": "Feature", "geometry": {"type": "Point", "coordinates": [421430.0, 1437630.0]}, "properties": {"d": 140.0, "s": 63, "Shore_Class": "non_mangrove"}}, {"type": "Feature", "geometry": {"type": "Point", "coordinates": [421440.0, 1437630.0]}, "properties": {"d": 150.0, "s": 63, "Shore_Class": "non_mangrove"}}, {"type": "Feature", "geometry": {"type": "Point", "coordinates": [421011.94, 1436949.61]}, "properties": {"d": -100.0, "s": 64, "Shore_Class": "non_mangrove"}}, {"type": "Feature", "geometry": {"type": "Point", "coordinates": [421021.75, 1436947.65]}, "properties": {"d": -90.0, "s": 64, "Shore_Class": "non_mangrove"}}, {"type": "Feature", "geometry": {"type": "Point", "coordinates": [421031.55, 1436945.69]}, "properties": {"d": -80.0, "s": 64, "Shore_Class": "non_mangrove"}}, {"type": "Feature", "geometry": {"type": "Point", "coordinates": [421041.36, 1436943.73]}, "properties": {"d": -70.0, "s": 64, "Shore_Class": "non_mangrove"}}, {"type": "Feature", "geometry": {"type": "Point", "coordinates": [421051.17, 1436941.77]}, "properties": {"d": -60.0, "s": 64, "Shore_Class": "non_mangrove"}}, {"type": "Feature", "geometry": {"type": "Point", "coordinates": [421060.97, 1436939.81]}, "properties": {"d": -50.0, "s": 64, "Shore_Class": "non_mangrove"}}, {"type": "Feature", "geometry": {"type": "Point", "coordinates": [421070.78, 1436937.84]}, "properties": {"d": -40.0, "s": 64, "Shore_Class": "non_mangrove"}}, {"type": "Feature", "geometry": {"type": "Point", "coordinates": [421080.58, 1436935.88]}, "properties": {"d": -30.0, "s": 64, "Shore_Class": "non_mangrove"}}, {"type": "Feature", "geometry": {"type": "Point", "coordinates": [421090.39, 1436933.92]}, "properties": {"d": -20.0, "s": 64, "Shore_Class": "non_mangrove"}}, {"type": "Feature", "geometry": {"type": "Point", "coordinates": [421100.19, 1436931.96]}, "properties": {"d": -10.0, "s": 64, "Shore_Class": "non_mangrove"}}, {"type": "Feature", "geometry": {"type": "Point", "coordinates": [421110.0, 1436930.0]}, "properties": {"d": 0.0, "s": 64, "Shore_Class": "non_mangrove"}}, {"type": "Feature", "geometry": {"type": "Point", "coordinates": [421119.81, 1436928.04]}, "properties": {"d": 10.0, "s": 64, "Shore_Class": "non_mangrove"}}, {"type": "Feature", "geometry": {"type": "Point", "coordinates": [421129.61, 1436926.08]}, "properties": {"d": 20.0, "s": 64, "Shore_Class": "non_mangrove"}}, {"type": "Feature", "geometry": {"type": "Point", "coordinates": [421139.42, 1436924.12]}, "properties": {"d": 30.0, "s": 64, "Shore_Class": "non_mangrove"}}, {"type": "Feature", "geometry": {"type": "Point", "coordinates": [421149.22, 1436922.16]}, "properties": {"d": 40.0, "s": 64, "Shore_Class": "non_mangrove"}}, {"type": "Feature", "geometry": {"type": "Point", "coordinates": [421159.03, 1436920.19]}, "properties": {"d": 50.0, "s": 64, "Shore_Class": "non_mangrove"}}, {"type": "Feature", "geometry": {"type": "Point", "coordinates": [421168.83, 1436918.23]}, "properties": {"d": 60.0, "s": 64, "Shore_Class": "non_mangrove"}}, {"type": "Feature", "geometry": {"type": "Point", "coordinates": [421178.64, 1436916.27]}, "properties": {"d": 70.0, "s": 64, "Shore_Class": "non_mangrove"}}, {"type": "Feature", "geometry": {"type": "Point", "coordinates": [421188.45, 1436914.31]}, "properties": {"d": 80.0, "s": 64, "Shore_Class": "non_mangrove"}}, {"type": "Feature", "geometry": {"type": "Point", "coordinates": [421198.25, 1436912.35]}, "properties": {"d": 90.0, "s": 64, "Shore_Class": "non_mangrove"}}, {"type": "Feature", "geometry": {"type": "Point", "coordinates": [421208.06, 1436910.39]}, "properties": {"d": 100.0, "s": 64, "Shore_Class": "non_mangrove"}}, {"type": "Feature", "geometry": {"type": "Point", "coordinates": [421217.86, 1436908.43]}, "properties": {"d": 110.0, "s": 64, "Shore_Class": "non_mangrove"}}, {"type": "Feature", "geometry": {"type": "Point", "coordinates": [421227.67, 1436906.47]}, "properties": {"d": 120.0, "s": 64, "Shore_Class": "non_mangrove"}}, {"type": "Feature", "geometry": {"type": "Point", "coordinates": [421237.48, 1436904.51]}, "properties": {"d": 130.0, "s": 64, "Shore_Class": "non_mangrove"}}, {"type": "Feature", "geometry": {"type": "Point", "coordinates": [421247.28, 1436902.54]}, "properties": {"d": 140.0, "s": 64, "Shore_Class": "non_mangrove"}}, {"type": "Feature", "geometry": {"type": "Point", "coordinates": [421257.09, 1436900.58]}, "properties": {"d": 150.0, "s": 64, "Shore_Class": "non_mangrove"}}, {"type": "Feature", "geometry": {"type": "Point", "coordinates": [420919.29, 1436620.71]}, "properties": {"d": -100.0, "s": 65, "Shore_Class": "non_mangrove"}}, {"type": "Feature", "geometry": {"type": "Point", "coordinates": [420926.36, 1436613.64]}, "properties": {"d": -90.0, "s": 65, "Shore_Class": "non_mangrove"}}, {"type": "Feature", "geometry": {"type": "Point", "coordinates": [420933.43, 1436606.57]}, "properties": {"d": -80.0, "s": 65, "Shore_Class": "non_mangrove"}}, {"type": "Feature", "geometry": {"type": "Point", "coordinates": [420940.5, 1436599.5]}, "properties": {"d": -70.0, "s": 65, "Shore_Class": "non_mangrove"}}, {"type": "Feature", "geometry": {"type": "Point", "coordinates": [420947.57, 1436592.43]}, "properties": {"d": -60.0, "s": 65, "Shore_Class": "non_mangrove"}}, {"type": "Feature", "geometry": {"type": "Point", "coordinates": [420954.64, 1436585.36]}, "properties": {"d": -50.0, "s": 65, "Shore_Class": "non_mangrove"}}, {"type": "Feature", "geometry": {"type": "Point", "coordinates": [420961.72, 1436578.28]}, "properties": {"d": -40.0, "s": 65, "Shore_Class": "non_mangrove"}}, {"type": "Feature", "geometry": {"type": "Point", "coordinates": [420968.79, 1436571.21]}, "properties": {"d": -30.0, "s": 65, "Shore_Class": "non_mangrove"}}, {"type": "Feature", "geometry": {"type": "Point", "coordinates": [420975.86, 1436564.14]}, "properties": {"d": -20.0, "s": 65, "Shore_Class": "non_mangrove"}}, {"type": "Feature", "geometry": {"type": "Point", "coordinates": [420982.93, 1436557.07]}, "properties": {"d": -10.0, "s": 65, "Shore_Class": "non_mangrove"}}, {"type": "Feature", "geometry": {"type": "Point", "coordinates": [420990.0, 1436550.0]}, "properties": {"d": 0.0, "s": 65, "Shore_Class": "non_mangrove"}}, {"type": "Feature", "geometry": {"type": "Point", "coordinates": [420997.07, 1436542.93]}, "properties": {"d": 10.0, "s": 65, "Shore_Class": "non_mangrove"}}, {"type": "Feature", "geometry": {"type": "Point", "coordinates": [421004.14, 1436535.86]}, "properties": {"d": 20.0, "s": 65, "Shore_Class": "non_mangrove"}}, {"type": "Feature", "geometry": {"type": "Point", "coordinates": [421011.21, 1436528.79]}, "properties": {"d": 30.0, "s": 65, "Shore_Class": "non_mangrove"}}, {"type": "Feature", "geometry": {"type": "Point", "coordinates": [421018.28, 1436521.72]}, "properties": {"d": 40.0, "s": 65, "Shore_Class": "non_mangrove"}}, {"type": "Feature", "geometry": {"type": "Point", "coordinates": [421025.36, 1436514.64]}, "properties": {"d": 50.0, "s": 65, "Shore_Class": "non_mangrove"}}, {"type": "Feature", "geometry": {"type": "Point", "coordinates": [421032.43, 1436507.57]}, "properties": {"d": 60.0, "s": 65, "Shore_Class": "non_mangrove"}}, {"type": "Feature", "geometry": {"type": "Point", "coordinates": [421039.5, 1436500.5]}, "properties": {"d": 70.0, "s": 65, "Shore_Class": "non_mangrove"}}, {"type": "Feature", "geometry": {"type": "Point", "coordinates": [421046.57, 1436493.43]}, "properties": {"d": 80.0, "s": 65, "Shore_Class": "non_mangrove"}}, {"type": "Feature", "geometry": {"type": "Point", "coordinates": [421053.64, 1436486.36]}, "properties": {"d": 90.0, "s": 65, "Shore_Class": "non_mangrove"}}, {"type": "Feature", "geometry": {"type": "Point", "coordinates": [421060.71, 1436479.29]}, "properties": {"d": 100.0, "s": 65, "Shore_Class": "non_mangrove"}}, {"type": "Feature", "geometry": {"type": "Point", "coordinates": [421067.78, 1436472.22]}, "properties": {"d": 110.0, "s": 65, "Shore_Class": "non_mangrove"}}, {"type": "Feature", "geometry": {"type": "Point", "coordinates": [421074.85, 1436465.15]}, "properties": {"d": 120.0, "s": 65, "Shore_Class": "non_mangrove"}}, {"type": "Feature", "geometry": {"type": "Point", "coordinates": [421081.92, 1436458.08]}, "properties": {"d": 130.0, "s": 65, "Shore_Class": "non_mangrove"}}, {"type": "Feature", "geometry": {"type": "Point", "coordinates": [421088.99, 1436451.01]}, "properties": {"d": 140.0, "s": 65, "Shore_Class": "non_mangrove"}}, {"type": "Feature", "geometry": {"type": "Point", "coordinates": [421096.07, 1436443.93]}, "properties": {"d": 150.0, "s": 65, "Shore_Class": "non_mangrove"}}, {"type": "Feature", "geometry": {"type": "Point", "coordinates": [420499.29, 1434760.71]}, "properties": {"d": -100.0, "s": 66, "Shore_Class": "non_mangrove"}}, {"type": "Feature", "geometry": {"type": "Point", "coordinates": [420506.36, 1434753.64]}, "properties": {"d": -90.0, "s": 66, "Shore_Class": "non_mangrove"}}, {"type": "Feature", "geometry": {"type": "Point", "coordinates": [420513.43, 1434746.57]}, "properties": {"d": -80.0, "s": 66, "Shore_Class": "non_mangrove"}}, {"type": "Feature", "geometry": {"type": "Point", "coordinates": [420520.5, 1434739.5]}, "properties": {"d": -70.0, "s": 66, "Shore_Class": "non_mangrove"}}, {"type": "Feature", "geometry": {"type": "Point", "coordinates": [420527.57, 1434732.43]}, "properties": {"d": -60.0, "s": 66, "Shore_Class": "non_mangrove"}}, {"type": "Feature", "geometry": {"type": "Point", "coordinates": [420534.64, 1434725.36]}, "properties": {"d": -50.0, "s": 66, "Shore_Class": "non_mangrove"}}, {"type": "Feature", "geometry": {"type": "Point", "coordinates": [420541.72, 1434718.28]}, "properties": {"d": -40.0, "s": 66, "Shore_Class": "non_mangrove"}}, {"type": "Feature", "geometry": {"type": "Point", "coordinates": [420548.79, 1434711.21]}, "properties": {"d": -30.0, "s": 66, "Shore_Class": "non_mangrove"}}, {"type": "Feature", "geometry": {"type": "Point", "coordinates": [420555.86, 1434704.14]}, "properties": {"d": -20.0, "s": 66, "Shore_Class": "non_mangrove"}}, {"type": "Feature", "geometry": {"type": "Point", "coordinates": [420562.93, 1434697.07]}, "properties": {"d": -10.0, "s": 66, "Shore_Class": "non_mangrove"}}, {"type": "Feature", "geometry": {"type": "Point", "coordinates": [420570.0, 1434690.0]}, "properties": {"d": 0.0, "s": 66, "Shore_Class": "non_mangrove"}}, {"type": "Feature", "geometry": {"type": "Point", "coordinates": [420577.07, 1434682.93]}, "properties": {"d": 10.0, "s": 66, "Shore_Class": "non_mangrove"}}, {"type": "Feature", "geometry": {"type": "Point", "coordinates": [420584.14, 1434675.86]}, "properties": {"d": 20.0, "s": 66, "Shore_Class": "non_mangrove"}}, {"type": "Feature", "geometry": {"type": "Point", "coordinates": [420591.21, 1434668.79]}, "properties": {"d": 30.0, "s": 66, "Shore_Class": "non_mangrove"}}, {"type": "Feature", "geometry": {"type": "Point", "coordinates": [420598.28, 1434661.72]}, "properties": {"d": 40.0, "s": 66, "Shore_Class": "non_mangrove"}}, {"type": "Feature", "geometry": {"type": "Point", "coordinates": [420605.36, 1434654.64]}, "properties": {"d": 50.0, "s": 66, "Shore_Class": "non_mangrove"}}, {"type": "Feature", "geometry": {"type": "Point", "coordinates": [420612.43, 1434647.57]}, "properties": {"d": 60.0, "s": 66, "Shore_Class": "non_mangrove"}}, {"type": "Feature", "geometry": {"type": "Point", "coordinates": [420619.5, 1434640.5]}, "properties": {"d": 70.0, "s": 66, "Shore_Class": "non_mangrove"}}, {"type": "Feature", "geometry": {"type": "Point", "coordinates": [420626.57, 1434633.43]}, "properties": {"d": 80.0, "s": 66, "Shore_Class": "non_mangrove"}}, {"type": "Feature", "geometry": {"type": "Point", "coordinates": [420633.64, 1434626.36]}, "properties": {"d": 90.0, "s": 66, "Shore_Class": "non_mangrove"}}, {"type": "Feature", "geometry": {"type": "Point", "coordinates": [420640.71, 1434619.29]}, "properties": {"d": 100.0, "s": 66, "Shore_Class": "non_mangrove"}}, {"type": "Feature", "geometry": {"type": "Point", "coordinates": [420647.78, 1434612.22]}, "properties": {"d": 110.0, "s": 66, "Shore_Class": "non_mangrove"}}, {"type": "Feature", "geometry": {"type": "Point", "coordinates": [420654.85, 1434605.15]}, "properties": {"d": 120.0, "s": 66, "Shore_Class": "non_mangrove"}}, {"type": "Feature", "geometry": {"type": "Point", "coordinates": [420661.92, 1434598.08]}, "properties": {"d": 130.0, "s": 66, "Shore_Class": "non_mangrove"}}, {"type": "Feature", "geometry": {"type": "Point", "coordinates": [420669.0, 1434591.01]}, "properties": {"d": 140.0, "s": 66, "Shore_Class": "non_mangrove"}}, {"type": "Feature", "geometry": {"type": "Point", "coordinates": [420676.07, 1434583.93]}, "properties": {"d": 150.0, "s": 66, "Shore_Class": "non_mangrove"}}, {"type": "Feature", "geometry": {"type": "Point", "coordinates": [420390.56, 1434324.72]}, "properties": {"d": -100.0, "s": 67, "Shore_Class": "non_mangrove"}}, {"type": "Feature", "geometry": {"type": "Point", "coordinates": [420399.5, 1434320.25]}, "properties": {"d": -90.0, "s": 67, "Shore_Class": "non_mangrove"}}, {"type": "Feature", "geometry": {"type": "Point", "coordinates": [420408.45, 1434315.78]}, "properties": {"d": -80.0, "s": 67, "Shore_Class": "non_mangrove"}}, {"type": "Feature", "geometry": {"type": "Point", "coordinates": [420417.39, 1434311.3]}, "properties": {"d": -70.0, "s": 67, "Shore_Class": "non_mangrove"}}, {"type": "Feature", "geometry": {"type": "Point", "coordinates": [420426.33, 1434306.83]}, "properties": {"d": -60.0, "s": 67, "Shore_Class": "non_mangrove"}}, {"type": "Feature", "geometry": {"type": "Point", "coordinates": [420435.28, 1434302.36]}, "properties": {"d": -50.0, "s": 67, "Shore_Class": "non_mangrove"}}, {"type": "Feature", "geometry": {"type": "Point", "coordinates": [420444.22, 1434297.89]}, "properties": {"d": -40.0, "s": 67, "Shore_Class": "non_mangrove"}}, {"type": "Feature", "geometry": {"type": "Point", "coordinates": [420453.17, 1434293.42]}, "properties": {"d": -30.0, "s": 67, "Shore_Class": "non_mangrove"}}, {"type": "Feature", "geometry": {"type": "Point", "coordinates": [420462.11, 1434288.94]}, "properties": {"d": -20.0, "s": 67, "Shore_Class": "non_mangrove"}}, {"type": "Feature", "geometry": {"type": "Point", "coordinates": [420471.06, 1434284.47]}, "properties": {"d": -10.0, "s": 67, "Shore_Class": "non_mangrove"}}, {"type": "Feature", "geometry": {"type": "Point", "coordinates": [420480.0, 1434280.0]}, "properties": {"d": 0.0, "s": 67, "Shore_Class": "non_mangrove"}}, {"type": "Feature", "geometry": {"type": "Point", "coordinates": [420488.94, 1434275.53]}, "properties": {"d": 10.0, "s": 67, "Shore_Class": "non_mangrove"}}, {"type": "Feature", "geometry": {"type": "Point", "coordinates": [420497.89, 1434271.06]}, "properties": {"d": 20.0, "s": 67, "Shore_Class": "non_mangrove"}}, {"type": "Feature", "geometry": {"type": "Point", "coordinates": [420506.83, 1434266.58]}, "properties": {"d": 30.0, "s": 67, "Shore_Class": "non_mangrove"}}, {"type": "Feature", "geometry": {"type": "Point", "coordinates": [420515.78, 1434262.11]}, "properties": {"d": 40.0, "s": 67, "Shore_Class": "non_mangrove"}}, {"type": "Feature", "geometry": {"type": "Point", "coordinates": [420524.72, 1434257.64]}, "properties": {"d": 50.0, "s": 67, "Shore_Class": "non_mangrove"}}, {"type": "Feature", "geometry": {"type": "Point", "coordinates": [420533.67, 1434253.17]}, "properties": {"d": 60.0, "s": 67, "Shore_Class": "non_mangrove"}}, {"type": "Feature", "geometry": {"type": "Point", "coordinates": [420542.61, 1434248.7]}, "properties": {"d": 70.0, "s": 67, "Shore_Class": "non_mangrove"}}, {"type": "Feature", "geometry": {"type": "Point", "coordinates": [420551.55, 1434244.22]}, "properties": {"d": 80.0, "s": 67, "Shore_Class": "non_mangrove"}}, {"type": "Feature", "geometry": {"type": "Point", "coordinates": [420560.5, 1434239.75]}, "properties": {"d": 90.0, "s": 67, "Shore_Class": "non_mangrove"}}, {"type": "Feature", "geometry": {"type": "Point", "coordinates": [420569.44, 1434235.28]}, "properties": {"d": 100.0, "s": 67, "Shore_Class": "non_mangrove"}}, {"type": "Feature", "geometry": {"type": "Point", "coordinates": [420578.39, 1434230.81]}, "properties": {"d": 110.0, "s": 67, "Shore_Class": "non_mangrove"}}, {"type": "Feature", "geometry": {"type": "Point", "coordinates": [420587.33, 1434226.33]}, "properties": {"d": 120.0, "s": 67, "Shore_Class": "non_mangrove"}}, {"type": "Feature", "geometry": {"type": "Point", "coordinates": [420596.28, 1434221.86]}, "properties": {"d": 130.0, "s": 67, "Shore_Class": "non_mangrove"}}, {"type": "Feature", "geometry": {"type": "Point", "coordinates": [420605.22, 1434217.39]}, "properties": {"d": 140.0, "s": 67, "Shore_Class": "non_mangrove"}}, {"type": "Feature", "geometry": {"type": "Point", "coordinates": [420614.16, 1434212.92]}, "properties": {"d": 150.0, "s": 67, "Shore_Class": "non_mangrove"}}, {"type": "Feature", "geometry": {"type": "Point", "coordinates": [420141.94, 1433139.61]}, "properties": {"d": -100.0, "s": 68, "Shore_Class": "non_mangrove"}}, {"type": "Feature", "geometry": {"type": "Point", "coordinates": [420151.75, 1433137.65]}, "properties": {"d": -90.0, "s": 68, "Shore_Class": "non_mangrove"}}, {"type": "Feature", "geometry": {"type": "Point", "coordinates": [420161.55, 1433135.69]}, "properties": {"d": -80.0, "s": 68, "Shore_Class": "non_mangrove"}}, {"type": "Feature", "geometry": {"type": "Point", "coordinates": [420171.36, 1433133.73]}, "properties": {"d": -70.0, "s": 68, "Shore_Class": "non_mangrove"}}, {"type": "Feature", "geometry": {"type": "Point", "coordinates": [420181.17, 1433131.77]}, "properties": {"d": -60.0, "s": 68, "Shore_Class": "non_mangrove"}}, {"type": "Feature", "geometry": {"type": "Point", "coordinates": [420190.97, 1433129.81]}, "properties": {"d": -50.0, "s": 68, "Shore_Class": "non_mangrove"}}, {"type": "Feature", "geometry": {"type": "Point", "coordinates": [420200.78, 1433127.84]}, "properties": {"d": -40.0, "s": 68, "Shore_Class": "non_mangrove"}}, {"type": "Feature", "geometry": {"type": "Point", "coordinates": [420210.58, 1433125.88]}, "properties": {"d": -30.0, "s": 68, "Shore_Class": "non_mangrove"}}, {"type": "Feature", "geometry": {"type": "Point", "coordinates": [420220.39, 1433123.92]}, "properties": {"d": -20.0, "s": 68, "Shore_Class": "non_mangrove"}}, {"type": "Feature", "geometry": {"type": "Point", "coordinates": [420230.19, 1433121.96]}, "properties": {"d": -10.0, "s": 68, "Shore_Class": "non_mangrove"}}, {"type": "Feature", "geometry": {"type": "Point", "coordinates": [420240.0, 1433120.0]}, "properties": {"d": 0.0, "s": 68, "Shore_Class": "non_mangrove"}}, {"type": "Feature", "geometry": {"type": "Point", "coordinates": [420249.81, 1433118.04]}, "properties": {"d": 10.0, "s": 68, "Shore_Class": "non_mangrove"}}, {"type": "Feature", "geometry": {"type": "Point", "coordinates": [420259.61, 1433116.08]}, "properties": {"d": 20.0, "s": 68, "Shore_Class": "non_mangrove"}}, {"type": "Feature", "geometry": {"type": "Point", "coordinates": [420269.42, 1433114.12]}, "properties": {"d": 30.0, "s": 68, "Shore_Class": "non_mangrove"}}, {"type": "Feature", "geometry": {"type": "Point", "coordinates": [420279.22, 1433112.16]}, "properties": {"d": 40.0, "s": 68, "Shore_Class": "non_mangrove"}}, {"type": "Feature", "geometry": {"type": "Point", "coordinates": [420289.03, 1433110.19]}, "properties": {"d": 50.0, "s": 68, "Shore_Class": "non_mangrove"}}, {"type": "Feature", "geometry": {"type": "Point", "coordinates": [420298.83, 1433108.23]}, "properties": {"d": 60.0, "s": 68, "Shore_Class": "non_mangrove"}}, {"type": "Feature", "geometry": {"type": "Point", "coordinates": [420308.64, 1433106.27]}, "properties": {"d": 70.0, "s": 68, "Shore_Class": "non_mangrove"}}, {"type": "Feature", "geometry": {"type": "Point", "coordinates": [420318.45, 1433104.31]}, "properties": {"d": 80.0, "s": 68, "Shore_Class": "non_mangrove"}}, {"type": "Feature", "geometry": {"type": "Point", "coordinates": [420328.25, 1433102.35]}, "properties": {"d": 90.0, "s": 68, "Shore_Class": "non_mangrove"}}, {"type": "Feature", "geometry": {"type": "Point", "coordinates": [420338.06, 1433100.39]}, "properties": {"d": 100.0, "s": 68, "Shore_Class": "non_mangrove"}}, {"type": "Feature", "geometry": {"type": "Point", "coordinates": [420347.86, 1433098.43]}, "properties": {"d": 110.0, "s": 68, "Shore_Class": "non_mangrove"}}, {"type": "Feature", "geometry": {"type": "Point", "coordinates": [420357.67, 1433096.47]}, "properties": {"d": 120.0, "s": 68, "Shore_Class": "non_mangrove"}}, {"type": "Feature", "geometry": {"type": "Point", "coordinates": [420367.48, 1433094.51]}, "properties": {"d": 130.0, "s": 68, "Shore_Class": "non_mangrove"}}, {"type": "Feature", "geometry": {"type": "Point", "coordinates": [420377.28, 1433092.54]}, "properties": {"d": 140.0, "s": 68, "Shore_Class": "non_mangrove"}}, {"type": "Feature", "geometry": {"type": "Point", "coordinates": [420387.09, 1433090.58]}, "properties": {"d": 150.0, "s": 68, "Shore_Class": "non_mangrove"}}, {"type": "Feature", "geometry": {"type": "Point", "coordinates": [420050.0, 1432690.0]}, "properties": {"d": -100.0, "s": 69, "Shore_Class": "non_mangrove"}}, {"type": "Feature", "geometry": {"type": "Point", "coordinates": [420060.0, 1432690.0]}, "properties": {"d": -90.0, "s": 69, "Shore_Class": "non_mangrove"}}, {"type": "Feature", "geometry": {"type": "Point", "coordinates": [420070.0, 1432690.0]}, "properties": {"d": -80.0, "s": 69, "Shore_Class": "non_mangrove"}}, {"type": "Feature", "geometry": {"type": "Point", "coordinates": [420080.0, 1432690.0]}, "properties": {"d": -70.0, "s": 69, "Shore_Class": "non_mangrove"}}, {"type": "Feature", "geometry": {"type": "Point", "coordinates": [420090.0, 1432690.0]}, "properties": {"d": -60.0, "s": 69, "Shore_Class": "non_mangrove"}}, {"type": "Feature", "geometry": {"type": "Point", "coordinates": [420100.0, 1432690.0]}, "properties": {"d": -50.0, "s": 69, "Shore_Class": "non_mangrove"}}, {"type": "Feature", "geometry": {"type": "Point", "coordinates": [420110.0, 1432690.0]}, "properties": {"d": -40.0, "s": 69, "Shore_Class": "non_mangrove"}}, {"type": "Feature", "geometry": {"type": "Point", "coordinates": [420120.0, 1432690.0]}, "properties": {"d": -30.0, "s": 69, "Shore_Class": "non_mangrove"}}, {"type": "Feature", "geometry": {"type": "Point", "coordinates": [420130.0, 1432690.0]}, "properties": {"d": -20.0, "s": 69, "Shore_Class": "non_mangrove"}}, {"type": "Feature", "geometry": {"type": "Point", "coordinates": [420140.0, 1432690.0]}, "properties": {"d": -10.0, "s": 69, "Shore_Class": "non_mangrove"}}, {"type": "Feature", "geometry": {"type": "Point", "coordinates": [420150.0, 1432690.0]}, "properties": {"d": 0.0, "s": 69, "Shore_Class": "non_mangrove"}}, {"type": "Feature", "geometry": {"type": "Point", "coordinates": [420160.0, 1432690.0]}, "properties": {"d": 10.0, "s": 69, "Shore_Class": "non_mangrove"}}, {"type": "Feature", "geometry": {"type": "Point", "coordinates": [420170.0, 1432690.0]}, "properties": {"d": 20.0, "s": 69, "Shore_Class": "non_mangrove"}}, {"type": "Feature", "geometry": {"type": "Point", "coordinates": [420180.0, 1432690.0]}, "properties": {"d": 30.0, "s": 69, "Shore_Class": "non_mangrove"}}, {"type": "Feature", "geometry": {"type": "Point", "coordinates": [420190.0, 1432690.0]}, "properties": {"d": 40.0, "s": 69, "Shore_Class": "non_mangrove"}}, {"type": "Feature", "geometry": {"type": "Point", "coordinates": [420200.0, 1432690.0]}, "properties": {"d": 50.0, "s": 69, "Shore_Class": "non_mangrove"}}, {"type": "Feature", "geometry": {"type": "Point", "coordinates": [420210.0, 1432690.0]}, "properties": {"d": 60.0, "s": 69, "Shore_Class": "non_mangrove"}}, {"type": "Feature", "geometry": {"type": "Point", "coordinates": [420220.0, 1432690.0]}, "properties": {"d": 70.0, "s": 69, "Shore_Class": "non_mangrove"}}, {"type": "Feature", "geometry": {"type": "Point", "coordinates": [420230.0, 1432690.0]}, "properties": {"d": 80.0, "s": 69, "Shore_Class": "non_mangrove"}}, {"type": "Feature", "geometry": {"type": "Point", "coordinates": [420240.0, 1432690.0]}, "properties": {"d": 90.0, "s": 69, "Shore_Class": "non_mangrove"}}, {"type": "Feature", "geometry": {"type": "Point", "coordinates": [420250.0, 1432690.0]}, "properties": {"d": 100.0, "s": 69, "Shore_Class": "non_mangrove"}}, {"type": "Feature", "geometry": {"type": "Point", "coordinates": [420260.0, 1432690.0]}, "properties": {"d": 110.0, "s": 69, "Shore_Class": "non_mangrove"}}, {"type": "Feature", "geometry": {"type": "Point", "coordinates": [420270.0, 1432690.0]}, "properties": {"d": 120.0, "s": 69, "Shore_Class": "non_mangrove"}}, {"type": "Feature", "geometry": {"type": "Point", "coordinates": [420280.0, 1432690.0]}, "properties": {"d": 130.0, "s": 69, "Shore_Class": "non_mangrove"}}, {"type": "Feature", "geometry": {"type": "Point", "coordinates": [420290.0, 1432690.0]}, "properties": {"d": 140.0, "s": 69, "Shore_Class": "non_mangrove"}}, {"type": "Feature", "geometry": {"type": "Point", "coordinates": [420300.0, 1432690.0]}, "properties": {"d": 150.0, "s": 69, "Shore_Class": "non_mangrove"}}, {"type": "Feature", "geometry": {"type": "Point", "coordinates": [419840.0, 1431640.0]}, "properties": {"d": -100.0, "s": 70, "Shore_Class": "non_mangrove"}}, {"type": "Feature", "geometry": {"type": "Point", "coordinates": [419850.0, 1431640.0]}, "properties": {"d": -90.0, "s": 70, "Shore_Class": "non_mangrove"}}, {"type": "Feature", "geometry": {"type": "Point", "coordinates": [419860.0, 1431640.0]}, "properties": {"d": -80.0, "s": 70, "Shore_Class": "non_mangrove"}}, {"type": "Feature", "geometry": {"type": "Point", "coordinates": [419870.0, 1431640.0]}, "properties": {"d": -70.0, "s": 70, "Shore_Class": "non_mangrove"}}, {"type": "Feature", "geometry": {"type": "Point", "coordinates": [419880.0, 1431640.0]}, "properties": {"d": -60.0, "s": 70, "Shore_Class": "non_mangrove"}}, {"type": "Feature", "geometry": {"type": "Point", "coordinates": [419890.0, 1431640.0]}, "properties": {"d": -50.0, "s": 70, "Shore_Class": "non_mangrove"}}, {"type": "Feature", "geometry": {"type": "Point", "coordinates": [419900.0, 1431640.0]}, "properties": {"d": -40.0, "s": 70, "Shore_Class": "non_mangrove"}}, {"type": "Feature", "geometry": {"type": "Point", "coordinates": [419910.0, 1431640.0]}, "properties": {"d": -30.0, "s": 70, "Shore_Class": "non_mangrove"}}, {"type": "Feature", "geometry": {"type": "Point", "coordinates": [419920.0, 1431640.0]}, "properties": {"d": -20.0, "s": 70, "Shore_Class": "non_mangrove"}}, {"type": "Feature", "geometry": {"type": "Point", "coordinates": [419930.0, 1431640.0]}, "properties": {"d": -10.0, "s": 70, "Shore_Class": "non_mangrove"}}, {"type": "Feature", "geometry": {"type": "Point", "coordinates": [419940.0, 1431640.0]}, "properties": {"d": 0.0, "s": 70, "Shore_Class": "non_mangrove"}}, {"type": "Feature", "geometry": {"type": "Point", "coordinates": [419950.0, 1431640.0]}, "properties": {"d": 10.0, "s": 70, "Shore_Class": "non_mangrove"}}, {"type": "Feature", "geometry": {"type": "Point", "coordinates": [419960.0, 1431640.0]}, "properties": {"d": 20.0, "s": 70, "Shore_Class": "non_mangrove"}}, {"type": "Feature", "geometry": {"type": "Point", "coordinates": [419970.0, 1431640.0]}, "properties": {"d": 30.0, "s": 70, "Shore_Class": "non_mangrove"}}, {"type": "Feature", "geometry": {"type": "Point", "coordinates": [419980.0, 1431640.0]}, "properties": {"d": 40.0, "s": 70, "Shore_Class": "non_mangrove"}}, {"type": "Feature", "geometry": {"type": "Point", "coordinates": [419990.0, 1431640.0]}, "properties": {"d": 50.0, "s": 70, "Shore_Class": "non_mangrove"}}, {"type": "Feature", "geometry": {"type": "Point", "coordinates": [420000.0, 1431640.0]}, "properties": {"d": 60.0, "s": 70, "Shore_Class": "non_mangrove"}}, {"type": "Feature", "geometry": {"type": "Point", "coordinates": [420010.0, 1431640.0]}, "properties": {"d": 70.0, "s": 70, "Shore_Class": "non_mangrove"}}, {"type": "Feature", "geometry": {"type": "Point", "coordinates": [420020.0, 1431640.0]}, "properties": {"d": 80.0, "s": 70, "Shore_Class": "non_mangrove"}}, {"type": "Feature", "geometry": {"type": "Point", "coordinates": [420030.0, 1431640.0]}, "properties": {"d": 90.0, "s": 70, "Shore_Class": "non_mangrove"}}, {"type": "Feature", "geometry": {"type": "Point", "coordinates": [420040.0, 1431640.0]}, "properties": {"d": 100.0, "s": 70, "Shore_Class": "non_mangrove"}}, {"type": "Feature", "geometry": {"type": "Point", "coordinates": [420050.0, 1431640.0]}, "properties": {"d": 110.0, "s": 70, "Shore_Class": "non_mangrove"}}, {"type": "Feature", "geometry": {"type": "Point", "coordinates": [420060.0, 1431640.0]}, "properties": {"d": 120.0, "s": 70, "Shore_Class": "non_mangrove"}}, {"type": "Feature", "geometry": {"type": "Point", "coordinates": [420070.0, 1431640.0]}, "properties": {"d": 130.0, "s": 70, "Shore_Class": "non_mangrove"}}, {"type": "Feature", "geometry": {"type": "Point", "coordinates": [420080.0, 1431640.0]}, "properties": {"d": 140.0, "s": 70, "Shore_Class": "non_mangrove"}}, {"type": "Feature", "geometry": {"type": "Point", "coordinates": [420090.0, 1431640.0]}, "properties": {"d": 150.0, "s": 70, "Shore_Class": "non_mangrove"}}, {"type": "Feature", "geometry": {"type": "Point", "coordinates": [419579.29, 1430200.71]}, "properties": {"d": -100.0, "s": 71, "Shore_Class": "non_mangrove"}}, {"type": "Feature", "geometry": {"type": "Point", "coordinates": [419586.36, 1430193.64]}, "properties": {"d": -90.0, "s": 71, "Shore_Class": "non_mangrove"}}, {"type": "Feature", "geometry": {"type": "Point", "coordinates": [419593.43, 1430186.57]}, "properties": {"d": -80.0, "s": 71, "Shore_Class": "non_mangrove"}}, {"type": "Feature", "geometry": {"type": "Point", "coordinates": [419600.5, 1430179.5]}, "properties": {"d": -70.0, "s": 71, "Shore_Class": "non_mangrove"}}, {"type": "Feature", "geometry": {"type": "Point", "coordinates": [419607.57, 1430172.43]}, "properties": {"d": -60.0, "s": 71, "Shore_Class": "non_mangrove"}}, {"type": "Feature", "geometry": {"type": "Point", "coordinates": [419614.64, 1430165.36]}, "properties": {"d": -50.0, "s": 71, "Shore_Class": "non_mangrove"}}, {"type": "Feature", "geometry": {"type": "Point", "coordinates": [419621.72, 1430158.28]}, "properties": {"d": -40.0, "s": 71, "Shore_Class": "non_mangrove"}}, {"type": "Feature", "geometry": {"type": "Point", "coordinates": [419628.79, 1430151.21]}, "properties": {"d": -30.0, "s": 71, "Shore_Class": "non_mangrove"}}, {"type": "Feature", "geometry": {"type": "Point", "coordinates": [419635.86, 1430144.14]}, "properties": {"d": -20.0, "s": 71, "Shore_Class": "non_mangrove"}}, {"type": "Feature", "geometry": {"type": "Point", "coordinates": [419642.93, 1430137.07]}, "properties": {"d": -10.0, "s": 71, "Shore_Class": "non_mangrove"}}, {"type": "Feature", "geometry": {"type": "Point", "coordinates": [419650.0, 1430130.0]}, "properties": {"d": 0.0, "s": 71, "Shore_Class": "non_mangrove"}}, {"type": "Feature", "geometry": {"type": "Point", "coordinates": [419657.07, 1430122.93]}, "properties": {"d": 10.0, "s": 71, "Shore_Class": "non_mangrove"}}, {"type": "Feature", "geometry": {"type": "Point", "coordinates": [419664.14, 1430115.86]}, "properties": {"d": 20.0, "s": 71, "Shore_Class": "non_mangrove"}}, {"type": "Feature", "geometry": {"type": "Point", "coordinates": [419671.21, 1430108.79]}, "properties": {"d": 30.0, "s": 71, "Shore_Class": "non_mangrove"}}, {"type": "Feature", "geometry": {"type": "Point", "coordinates": [419678.28, 1430101.72]}, "properties": {"d": 40.0, "s": 71, "Shore_Class": "non_mangrove"}}, {"type": "Feature", "geometry": {"type": "Point", "coordinates": [419685.36, 1430094.64]}, "properties": {"d": 50.0, "s": 71, "Shore_Class": "non_mangrove"}}, {"type": "Feature", "geometry": {"type": "Point", "coordinates": [419692.43, 1430087.57]}, "properties": {"d": 60.0, "s": 71, "Shore_Class": "non_mangrove"}}, {"type": "Feature", "geometry": {"type": "Point", "coordinates": [419699.5, 1430080.5]}, "properties": {"d": 70.0, "s": 71, "Shore_Class": "non_mangrove"}}, {"type": "Feature", "geometry": {"type": "Point", "coordinates": [419706.57, 1430073.43]}, "properties": {"d": 80.0, "s": 71, "Shore_Class": "non_mangrove"}}, {"type": "Feature", "geometry": {"type": "Point", "coordinates": [419713.64, 1430066.36]}, "properties": {"d": 90.0, "s": 71, "Shore_Class": "non_mangrove"}}, {"type": "Feature", "geometry": {"type": "Point", "coordinates": [419720.71, 1430059.29]}, "properties": {"d": 100.0, "s": 71, "Shore_Class": "non_mangrove"}}, {"type": "Feature", "geometry": {"type": "Point", "coordinates": [419727.78, 1430052.22]}, "properties": {"d": 110.0, "s": 71, "Shore_Class": "non_mangrove"}}, {"type": "Feature", "geometry": {"type": "Point", "coordinates": [419734.85, 1430045.15]}, "properties": {"d": 120.0, "s": 71, "Shore_Class": "non_mangrove"}}, {"type": "Feature", "geometry": {"type": "Point", "coordinates": [419741.92, 1430038.08]}, "properties": {"d": 130.0, "s": 71, "Shore_Class": "non_mangrove"}}, {"type": "Feature", "geometry": {"type": "Point", "coordinates": [419748.99, 1430031.01]}, "properties": {"d": 140.0, "s": 71, "Shore_Class": "non_mangrove"}}, {"type": "Feature", "geometry": {"type": "Point", "coordinates": [419756.07, 1430023.93]}, "properties": {"d": 150.0, "s": 71, "Shore_Class": "non_mangrove"}}, {"type": "Feature", "geometry": {"type": "Point", "coordinates": [419510.0, 1429730.0]}, "properties": {"d": -100.0, "s": 72, "Shore_Class": "non_mangrove"}}, {"type": "Feature", "geometry": {"type": "Point", "coordinates": [419520.0, 1429730.0]}, "properties": {"d": -90.0, "s": 72, "Shore_Class": "non_mangrove"}}, {"type": "Feature", "geometry": {"type": "Point", "coordinates": [419530.0, 1429730.0]}, "properties": {"d": -80.0, "s": 72, "Shore_Class": "non_mangrove"}}, {"type": "Feature", "geometry": {"type": "Point", "coordinates": [419540.0, 1429730.0]}, "properties": {"d": -70.0, "s": 72, "Shore_Class": "non_mangrove"}}, {"type": "Feature", "geometry": {"type": "Point", "coordinates": [419550.0, 1429730.0]}, "properties": {"d": -60.0, "s": 72, "Shore_Class": "non_mangrove"}}, {"type": "Feature", "geometry": {"type": "Point", "coordinates": [419560.0, 1429730.0]}, "properties": {"d": -50.0, "s": 72, "Shore_Class": "non_mangrove"}}, {"type": "Feature", "geometry": {"type": "Point", "coordinates": [419570.0, 1429730.0]}, "properties": {"d": -40.0, "s": 72, "Shore_Class": "non_mangrove"}}, {"type": "Feature", "geometry": {"type": "Point", "coordinates": [419580.0, 1429730.0]}, "properties": {"d": -30.0, "s": 72, "Shore_Class": "non_mangrove"}}, {"type": "Feature", "geometry": {"type": "Point", "coordinates": [419590.0, 1429730.0]}, "properties": {"d": -20.0, "s": 72, "Shore_Class": "non_mangrove"}}, {"type": "Feature", "geometry": {"type": "Point", "coordinates": [419600.0, 1429730.0]}, "properties": {"d": -10.0, "s": 72, "Shore_Class": "non_mangrove"}}, {"type": "Feature", "geometry": {"type": "Point", "coordinates": [419610.0, 1429730.0]}, "properties": {"d": 0.0, "s": 72, "Shore_Class": "non_mangrove"}}, {"type": "Feature", "geometry": {"type": "Point", "coordinates": [419620.0, 1429730.0]}, "properties": {"d": 10.0, "s": 72, "Shore_Class": "non_mangrove"}}, {"type": "Feature", "geometry": {"type": "Point", "coordinates": [419630.0, 1429730.0]}, "properties": {"d": 20.0, "s": 72, "Shore_Class": "non_mangrove"}}, {"type": "Feature", "geometry": {"type": "Point", "coordinates": [419640.0, 1429730.0]}, "properties": {"d": 30.0, "s": 72, "Shore_Class": "non_mangrove"}}, {"type": "Feature", "geometry": {"type": "Point", "coordinates": [419650.0, 1429730.0]}, "properties": {"d": 40.0, "s": 72, "Shore_Class": "non_mangrove"}}, {"type": "Feature", "geometry": {"type": "Point", "coordinates": [419660.0, 1429730.0]}, "properties": {"d": 50.0, "s": 72, "Shore_Class": "non_mangrove"}}, {"type": "Feature", "geometry": {"type": "Point", "coordinates": [419670.0, 1429730.0]}, "properties": {"d": 60.0, "s": 72, "Shore_Class": "non_mangrove"}}, {"type": "Feature", "geometry": {"type": "Point", "coordinates": [419680.0, 1429730.0]}, "properties": {"d": 70.0, "s": 72, "Shore_Class": "non_mangrove"}}, {"type": "Feature", "geometry": {"type": "Point", "coordinates": [419690.0, 1429730.0]}, "properties": {"d": 80.0, "s": 72, "Shore_Class": "non_mangrove"}}, {"type": "Feature", "geometry": {"type": "Point", "coordinates": [419700.0, 1429730.0]}, "properties": {"d": 90.0, "s": 72, "Shore_Class": "non_mangrove"}}, {"type": "Feature", "geometry": {"type": "Point", "coordinates": [419710.0, 1429730.0]}, "properties": {"d": 100.0, "s": 72, "Shore_Class": "non_mangrove"}}, {"type": "Feature", "geometry": {"type": "Point", "coordinates": [419720.0, 1429730.0]}, "properties": {"d": 110.0, "s": 72, "Shore_Class": "non_mangrove"}}, {"type": "Feature", "geometry": {"type": "Point", "coordinates": [419730.0, 1429730.0]}, "properties": {"d": 120.0, "s": 72, "Shore_Class": "non_mangrove"}}, {"type": "Feature", "geometry": {"type": "Point", "coordinates": [419740.0, 1429730.0]}, "properties": {"d": 130.0, "s": 72, "Shore_Class": "non_mangrove"}}, {"type": "Feature", "geometry": {"type": "Point", "coordinates": [419750.0, 1429730.0]}, "properties": {"d": 140.0, "s": 72, "Shore_Class": "non_mangrove"}}, {"type": "Feature", "geometry": {"type": "Point", "coordinates": [419760.0, 1429730.0]}, "properties": {"d": 150.0, "s": 72, "Shore_Class": "non_mangrove"}}, {"type": "Feature", "geometry": {"type": "Point", "coordinates": [419450.0, 1429270.0]}, "properties": {"d": -100.0, "s": 73, "Shore_Class": "non_mangrove"}}, {"type": "Feature", "geometry": {"type": "Point", "coordinates": [419460.0, 1429270.0]}, "properties": {"d": -90.0, "s": 73, "Shore_Class": "non_mangrove"}}, {"type": "Feature", "geometry": {"type": "Point", "coordinates": [419470.0, 1429270.0]}, "properties": {"d": -80.0, "s": 73, "Shore_Class": "non_mangrove"}}, {"type": "Feature", "geometry": {"type": "Point", "coordinates": [419480.0, 1429270.0]}, "properties": {"d": -70.0, "s": 73, "Shore_Class": "non_mangrove"}}, {"type": "Feature", "geometry": {"type": "Point", "coordinates": [419490.0, 1429270.0]}, "properties": {"d": -60.0, "s": 73, "Shore_Class": "non_mangrove"}}, {"type": "Feature", "geometry": {"type": "Point", "coordinates": [419500.0, 1429270.0]}, "properties": {"d": -50.0, "s": 73, "Shore_Class": "non_mangrove"}}, {"type": "Feature", "geometry": {"type": "Point", "coordinates": [419510.0, 1429270.0]}, "properties": {"d": -40.0, "s": 73, "Shore_Class": "non_mangrove"}}, {"type": "Feature", "geometry": {"type": "Point", "coordinates": [419520.0, 1429270.0]}, "properties": {"d": -30.0, "s": 73, "Shore_Class": "non_mangrove"}}, {"type": "Feature", "geometry": {"type": "Point", "coordinates": [419530.0, 1429270.0]}, "properties": {"d": -20.0, "s": 73, "Shore_Class": "non_mangrove"}}, {"type": "Feature", "geometry": {"type": "Point", "coordinates": [419540.0, 1429270.0]}, "properties": {"d": -10.0, "s": 73, "Shore_Class": "non_mangrove"}}, {"type": "Feature", "geometry": {"type": "Point", "coordinates": [419550.0, 1429270.0]}, "properties": {"d": 0.0, "s": 73, "Shore_Class": "non_mangrove"}}, {"type": "Feature", "geometry": {"type": "Point", "coordinates": [419560.0, 1429270.0]}, "properties": {"d": 10.0, "s": 73, "Shore_Class": "non_mangrove"}}, {"type": "Feature", "geometry": {"type": "Point", "coordinates": [419570.0, 1429270.0]}, "properties": {"d": 20.0, "s": 73, "Shore_Class": "non_mangrove"}}, {"type": "Feature", "geometry": {"type": "Point", "coordinates": [419580.0, 1429270.0]}, "properties": {"d": 30.0, "s": 73, "Shore_Class": "non_mangrove"}}, {"type": "Feature", "geometry": {"type": "Point", "coordinates": [419590.0, 1429270.0]}, "properties": {"d": 40.0, "s": 73, "Shore_Class": "non_mangrove"}}, {"type": "Feature", "geometry": {"type": "Point", "coordinates": [419600.0, 1429270.0]}, "properties": {"d": 50.0, "s": 73, "Shore_Class": "non_mangrove"}}, {"type": "Feature", "geometry": {"type": "Point", "coordinates": [419610.0, 1429270.0]}, "properties": {"d": 60.0, "s": 73, "Shore_Class": "non_mangrove"}}, {"type": "Feature", "geometry": {"type": "Point", "coordinates": [419620.0, 1429270.0]}, "properties": {"d": 70.0, "s": 73, "Shore_Class": "non_mangrove"}}, {"type": "Feature", "geometry": {"type": "Point", "coordinates": [419630.0, 1429270.0]}, "properties": {"d": 80.0, "s": 73, "Shore_Class": "non_mangrove"}}, {"type": "Feature", "geometry": {"type": "Point", "coordinates": [419640.0, 1429270.0]}, "properties": {"d": 90.0, "s": 73, "Shore_Class": "non_mangrove"}}, {"type": "Feature", "geometry": {"type": "Point", "coordinates": [419650.0, 1429270.0]}, "properties": {"d": 100.0, "s": 73, "Shore_Class": "non_mangrove"}}, {"type": "Feature", "geometry": {"type": "Point", "coordinates": [419660.0, 1429270.0]}, "properties": {"d": 110.0, "s": 73, "Shore_Class": "non_mangrove"}}, {"type": "Feature", "geometry": {"type": "Point", "coordinates": [419670.0, 1429270.0]}, "properties": {"d": 120.0, "s": 73, "Shore_Class": "non_mangrove"}}, {"type": "Feature", "geometry": {"type": "Point", "coordinates": [419680.0, 1429270.0]}, "properties": {"d": 130.0, "s": 73, "Shore_Class": "non_mangrove"}}, {"type": "Feature", "geometry": {"type": "Point", "coordinates": [419690.0, 1429270.0]}, "properties": {"d": 140.0, "s": 73, "Shore_Class": "non_mangrove"}}, {"type": "Feature", "geometry": {"type": "Point", "coordinates": [419700.0, 1429270.0]}, "properties": {"d": 150.0, "s": 73, "Shore_Class": "non_mangrove"}}, {"type": "Feature", "geometry": {"type": "Point", "coordinates": [419301.94, 1428140.39]}, "properties": {"d": -100.0, "s": 74, "Shore_Class": "non_mangrove"}}, {"type": "Feature", "geometry": {"type": "Point", "coordinates": [419311.75, 1428142.35]}, "properties": {"d": -90.0, "s": 74, "Shore_Class": "non_mangrove"}}, {"type": "Feature", "geometry": {"type": "Point", "coordinates": [419321.55, 1428144.31]}, "properties": {"d": -80.0, "s": 74, "Shore_Class": "non_mangrove"}}, {"type": "Feature", "geometry": {"type": "Point", "coordinates": [419331.36, 1428146.27]}, "properties": {"d": -70.0, "s": 74, "Shore_Class": "non_mangrove"}}, {"type": "Feature", "geometry": {"type": "Point", "coordinates": [419341.17, 1428148.23]}, "properties": {"d": -60.0, "s": 74, "Shore_Class": "non_mangrove"}}, {"type": "Feature", "geometry": {"type": "Point", "coordinates": [419350.97, 1428150.19]}, "properties": {"d": -50.0, "s": 74, "Shore_Class": "non_mangrove"}}, {"type": "Feature", "geometry": {"type": "Point", "coordinates": [419360.78, 1428152.16]}, "properties": {"d": -40.0, "s": 74, "Shore_Class": "non_mangrove"}}, {"type": "Feature", "geometry": {"type": "Point", "coordinates": [419370.58, 1428154.12]}, "properties": {"d": -30.0, "s": 74, "Shore_Class": "non_mangrove"}}, {"type": "Feature", "geometry": {"type": "Point", "coordinates": [419380.39, 1428156.08]}, "properties": {"d": -20.0, "s": 74, "Shore_Class": "non_mangrove"}}, {"type": "Feature", "geometry": {"type": "Point", "coordinates": [419390.19, 1428158.04]}, "properties": {"d": -10.0, "s": 74, "Shore_Class": "non_mangrove"}}, {"type": "Feature", "geometry": {"type": "Point", "coordinates": [419400.0, 1428160.0]}, "properties": {"d": 0.0, "s": 74, "Shore_Class": "non_mangrove"}}, {"type": "Feature", "geometry": {"type": "Point", "coordinates": [419409.81, 1428161.96]}, "properties": {"d": 10.0, "s": 74, "Shore_Class": "non_mangrove"}}, {"type": "Feature", "geometry": {"type": "Point", "coordinates": [419419.61, 1428163.92]}, "properties": {"d": 20.0, "s": 74, "Shore_Class": "non_mangrove"}}, {"type": "Feature", "geometry": {"type": "Point", "coordinates": [419429.42, 1428165.88]}, "properties": {"d": 30.0, "s": 74, "Shore_Class": "non_mangrove"}}, {"type": "Feature", "geometry": {"type": "Point", "coordinates": [419439.22, 1428167.84]}, "properties": {"d": 40.0, "s": 74, "Shore_Class": "non_mangrove"}}, {"type": "Feature", "geometry": {"type": "Point", "coordinates": [419449.03, 1428169.81]}, "properties": {"d": 50.0, "s": 74, "Shore_Class": "non_mangrove"}}, {"type": "Feature", "geometry": {"type": "Point", "coordinates": [419458.83, 1428171.77]}, "properties": {"d": 60.0, "s": 74, "Shore_Class": "non_mangrove"}}, {"type": "Feature", "geometry": {"type": "Point", "coordinates": [419468.64, 1428173.73]}, "properties": {"d": 70.0, "s": 74, "Shore_Class": "non_mangrove"}}, {"type": "Feature", "geometry": {"type": "Point", "coordinates": [419478.45, 1428175.69]}, "properties": {"d": 80.0, "s": 74, "Shore_Class": "non_mangrove"}}, {"type": "Feature", "geometry": {"type": "Point", "coordinates": [419488.25, 1428177.65]}, "properties": {"d": 90.0, "s": 74, "Shore_Class": "non_mangrove"}}, {"type": "Feature", "geometry": {"type": "Point", "coordinates": [419498.06, 1428179.61]}, "properties": {"d": 100.0, "s": 74, "Shore_Class": "non_mangrove"}}, {"type": "Feature", "geometry": {"type": "Point", "coordinates": [419507.86, 1428181.57]}, "properties": {"d": 110.0, "s": 74, "Shore_Class": "non_mangrove"}}, {"type": "Feature", "geometry": {"type": "Point", "coordinates": [419517.67, 1428183.53]}, "properties": {"d": 120.0, "s": 74, "Shore_Class": "non_mangrove"}}, {"type": "Feature", "geometry": {"type": "Point", "coordinates": [419527.48, 1428185.5]}, "properties": {"d": 130.0, "s": 74, "Shore_Class": "non_mangrove"}}, {"type": "Feature", "geometry": {"type": "Point", "coordinates": [419537.28, 1428187.46]}, "properties": {"d": 140.0, "s": 74, "Shore_Class": "non_mangrove"}}, {"type": "Feature", "geometry": {"type": "Point", "coordinates": [419547.09, 1428189.42]}, "properties": {"d": 150.0, "s": 74, "Shore_Class": "non_mangrove"}}, {"type": "Feature", "geometry": {"type": "Point", "coordinates": [419240.0, 1427720.0]}, "properties": {"d": -100.0, "s": 75, "Shore_Class": "non_mangrove"}}, {"type": "Feature", "geometry": {"type": "Point", "coordinates": [419250.0, 1427720.0]}, "properties": {"d": -90.0, "s": 75, "Shore_Class": "non_mangrove"}}, {"type": "Feature", "geometry": {"type": "Point", "coordinates": [419260.0, 1427720.0]}, "properties": {"d": -80.0, "s": 75, "Shore_Class": "non_mangrove"}}, {"type": "Feature", "geometry": {"type": "Point", "coordinates": [419270.0, 1427720.0]}, "properties": {"d": -70.0, "s": 75, "Shore_Class": "non_mangrove"}}, {"type": "Feature", "geometry": {"type": "Point", "coordinates": [419280.0, 1427720.0]}, "properties": {"d": -60.0, "s": 75, "Shore_Class": "non_mangrove"}}, {"type": "Feature", "geometry": {"type": "Point", "coordinates": [419290.0, 1427720.0]}, "properties": {"d": -50.0, "s": 75, "Shore_Class": "non_mangrove"}}, {"type": "Feature", "geometry": {"type": "Point", "coordinates": [419300.0, 1427720.0]}, "properties": {"d": -40.0, "s": 75, "Shore_Class": "non_mangrove"}}, {"type": "Feature", "geometry": {"type": "Point", "coordinates": [419310.0, 1427720.0]}, "properties": {"d": -30.0, "s": 75, "Shore_Class": "non_mangrove"}}, {"type": "Feature", "geometry": {"type": "Point", "coordinates": [419320.0, 1427720.0]}, "properties": {"d": -20.0, "s": 75, "Shore_Class": "non_mangrove"}}, {"type": "Feature", "geometry": {"type": "Point", "coordinates": [419330.0, 1427720.0]}, "properties": {"d": -10.0, "s": 75, "Shore_Class": "non_mangrove"}}, {"type": "Feature", "geometry": {"type": "Point", "coordinates": [419340.0, 1427720.0]}, "properties": {"d": 0.0, "s": 75, "Shore_Class": "non_mangrove"}}, {"type": "Feature", "geometry": {"type": "Point", "coordinates": [419350.0, 1427720.0]}, "properties": {"d": 10.0, "s": 75, "Shore_Class": "non_mangrove"}}, {"type": "Feature", "geometry": {"type": "Point", "coordinates": [419360.0, 1427720.0]}, "properties": {"d": 20.0, "s": 75, "Shore_Class": "non_mangrove"}}, {"type": "Feature", "geometry": {"type": "Point", "coordinates": [419370.0, 1427720.0]}, "properties": {"d": 30.0, "s": 75, "Shore_Class": "non_mangrove"}}, {"type": "Feature", "geometry": {"type": "Point", "coordinates": [419380.0, 1427720.0]}, "properties": {"d": 40.0, "s": 75, "Shore_Class": "non_mangrove"}}, {"type": "Feature", "geometry": {"type": "Point", "coordinates": [419390.0, 1427720.0]}, "properties": {"d": 50.0, "s": 75, "Shore_Class": "non_mangrove"}}, {"type": "Feature", "geometry": {"type": "Point", "coordinates": [419400.0, 1427720.0]}, "properties": {"d": 60.0, "s": 75, "Shore_Class": "non_mangrove"}}, {"type": "Feature", "geometry": {"type": "Point", "coordinates": [419410.0, 1427720.0]}, "properties": {"d": 70.0, "s": 75, "Shore_Class": "non_mangrove"}}, {"type": "Feature", "geometry": {"type": "Point", "coordinates": [419420.0, 1427720.0]}, "properties": {"d": 80.0, "s": 75, "Shore_Class": "non_mangrove"}}, {"type": "Feature", "geometry": {"type": "Point", "coordinates": [419430.0, 1427720.0]}, "properties": {"d": 90.0, "s": 75, "Shore_Class": "non_mangrove"}}, {"type": "Feature", "geometry": {"type": "Point", "coordinates": [419440.0, 1427720.0]}, "properties": {"d": 100.0, "s": 75, "Shore_Class": "non_mangrove"}}, {"type": "Feature", "geometry": {"type": "Point", "coordinates": [419450.0, 1427720.0]}, "properties": {"d": 110.0, "s": 75, "Shore_Class": "non_mangrove"}}, {"type": "Feature", "geometry": {"type": "Point", "coordinates": [419460.0, 1427720.0]}, "properties": {"d": 120.0, "s": 75, "Shore_Class": "non_mangrove"}}, {"type": "Feature", "geometry": {"type": "Point", "coordinates": [419470.0, 1427720.0]}, "properties": {"d": 130.0, "s": 75, "Shore_Class": "non_mangrove"}}, {"type": "Feature", "geometry": {"type": "Point", "coordinates": [419480.0, 1427720.0]}, "properties": {"d": 140.0, "s": 75, "Shore_Class": "non_mangrove"}}, {"type": "Feature", "geometry": {"type": "Point", "coordinates": [419490.0, 1427720.0]}, "properties": {"d": 150.0, "s": 75, "Shore_Class": "non_mangrove"}}, {"type": "Feature", "geometry": {"type": "Point", "coordinates": [419120.0, 1426840.0]}, "properties": {"d": -100.0, "s": 76, "Shore_Class": "non_mangrove"}}, {"type": "Feature", "geometry": {"type": "Point", "coordinates": [419130.0, 1426840.0]}, "properties": {"d": -90.0, "s": 76, "Shore_Class": "non_mangrove"}}, {"type": "Feature", "geometry": {"type": "Point", "coordinates": [419140.0, 1426840.0]}, "properties": {"d": -80.0, "s": 76, "Shore_Class": "non_mangrove"}}, {"type": "Feature", "geometry": {"type": "Point", "coordinates": [419150.0, 1426840.0]}, "properties": {"d": -70.0, "s": 76, "Shore_Class": "non_mangrove"}}, {"type": "Feature", "geometry": {"type": "Point", "coordinates": [419160.0, 1426840.0]}, "properties": {"d": -60.0, "s": 76, "Shore_Class": "non_mangrove"}}, {"type": "Feature", "geometry": {"type": "Point", "coordinates": [419170.0, 1426840.0]}, "properties": {"d": -50.0, "s": 76, "Shore_Class": "non_mangrove"}}, {"type": "Feature", "geometry": {"type": "Point", "coordinates": [419180.0, 1426840.0]}, "properties": {"d": -40.0, "s": 76, "Shore_Class": "non_mangrove"}}, {"type": "Feature", "geometry": {"type": "Point", "coordinates": [419190.0, 1426840.0]}, "properties": {"d": -30.0, "s": 76, "Shore_Class": "non_mangrove"}}, {"type": "Feature", "geometry": {"type": "Point", "coordinates": [419200.0, 1426840.0]}, "properties": {"d": -20.0, "s": 76, "Shore_Class": "non_mangrove"}}, {"type": "Feature", "geometry": {"type": "Point", "coordinates": [419210.0, 1426840.0]}, "properties": {"d": -10.0, "s": 76, "Shore_Class": "non_mangrove"}}, {"type": "Feature", "geometry": {"type": "Point", "coordinates": [419220.0, 1426840.0]}, "properties": {"d": 0.0, "s": 76, "Shore_Class": "non_mangrove"}}, {"type": "Feature", "geometry": {"type": "Point", "coordinates": [419230.0, 1426840.0]}, "properties": {"d": 10.0, "s": 76, "Shore_Class": "non_mangrove"}}, {"type": "Feature", "geometry": {"type": "Point", "coordinates": [419240.0, 1426840.0]}, "properties": {"d": 20.0, "s": 76, "Shore_Class": "non_mangrove"}}, {"type": "Feature", "geometry": {"type": "Point", "coordinates": [419250.0, 1426840.0]}, "properties": {"d": 30.0, "s": 76, "Shore_Class": "non_mangrove"}}, {"type": "Feature", "geometry": {"type": "Point", "coordinates": [419260.0, 1426840.0]}, "properties": {"d": 40.0, "s": 76, "Shore_Class": "non_mangrove"}}, {"type": "Feature", "geometry": {"type": "Point", "coordinates": [419270.0, 1426840.0]}, "properties": {"d": 50.0, "s": 76, "Shore_Class": "non_mangrove"}}, {"type": "Feature", "geometry": {"type": "Point", "coordinates": [419280.0, 1426840.0]}, "properties": {"d": 60.0, "s": 76, "Shore_Class": "non_mangrove"}}, {"type": "Feature", "geometry": {"type": "Point", "coordinates": [419290.0, 1426840.0]}, "properties": {"d": 70.0, "s": 76, "Shore_Class": "non_mangrove"}}, {"type": "Feature", "geometry": {"type": "Point", "coordinates": [419300.0, 1426840.0]}, "properties": {"d": 80.0, "s": 76, "Shore_Class": "non_mangrove"}}, {"type": "Feature", "geometry": {"type": "Point", "coordinates": [419310.0, 1426840.0]}, "properties": {"d": 90.0, "s": 76, "Shore_Class": "non_mangrove"}}, {"type": "Feature", "geometry": {"type": "Point", "coordinates": [419320.0, 1426840.0]}, "properties": {"d": 100.0, "s": 76, "Shore_Class": "non_mangrove"}}, {"type": "Feature", "geometry": {"type": "Point", "coordinates": [419330.0, 1426840.0]}, "properties": {"d": 110.0, "s": 76, "Shore_Class": "non_mangrove"}}, {"type": "Feature", "geometry": {"type": "Point", "coordinates": [419340.0, 1426840.0]}, "properties": {"d": 120.0, "s": 76, "Shore_Class": "non_mangrove"}}, {"type": "Feature", "geometry": {"type": "Point", "coordinates": [419350.0, 1426840.0]}, "properties": {"d": 130.0, "s": 76, "Shore_Class": "non_mangrove"}}, {"type": "Feature", "geometry": {"type": "Point", "coordinates": [419360.0, 1426840.0]}, "properties": {"d": 140.0, "s": 76, "Shore_Class": "non_mangrove"}}, {"type": "Feature", "geometry": {"type": "Point", "coordinates": [419370.0, 1426840.0]}, "properties": {"d": 150.0, "s": 76, "Shore_Class": "non_mangrove"}}, {"type": "Feature", "geometry": {"type": "Point", "coordinates": [428179.29, 1466740.71]}, "properties": {"d": -100.0, "s": 77, "Shore_Class": "mangrove"}}, {"type": "Feature", "geometry": {"type": "Point", "coordinates": [428186.36, 1466733.64]}, "properties": {"d": -90.0, "s": 77, "Shore_Class": "mangrove"}}, {"type": "Feature", "geometry": {"type": "Point", "coordinates": [428193.43, 1466726.57]}, "properties": {"d": -80.0, "s": 77, "Shore_Class": "mangrove"}}, {"type": "Feature", "geometry": {"type": "Point", "coordinates": [428200.5, 1466719.5]}, "properties": {"d": -70.0, "s": 77, "Shore_Class": "mangrove"}}, {"type": "Feature", "geometry": {"type": "Point", "coordinates": [428207.57, 1466712.43]}, "properties": {"d": -60.0, "s": 77, "Shore_Class": "mangrove"}}, {"type": "Feature", "geometry": {"type": "Point", "coordinates": [428214.64, 1466705.36]}, "properties": {"d": -50.0, "s": 77, "Shore_Class": "mangrove"}}, {"type": "Feature", "geometry": {"type": "Point", "coordinates": [428221.72, 1466698.28]}, "properties": {"d": -40.0, "s": 77, "Shore_Class": "mangrove"}}, {"type": "Feature", "geometry": {"type": "Point", "coordinates": [428228.79, 1466691.21]}, "properties": {"d": -30.0, "s": 77, "Shore_Class": "mangrove"}}, {"type": "Feature", "geometry": {"type": "Point", "coordinates": [428235.86, 1466684.14]}, "properties": {"d": -20.0, "s": 77, "Shore_Class": "mangrove"}}, {"type": "Feature", "geometry": {"type": "Point", "coordinates": [428242.93, 1466677.07]}, "properties": {"d": -10.0, "s": 77, "Shore_Class": "mangrove"}}, {"type": "Feature", "geometry": {"type": "Point", "coordinates": [428250.0, 1466670.0]}, "properties": {"d": 0.0, "s": 77, "Shore_Class": "mangrove"}}, {"type": "Feature", "geometry": {"type": "Point", "coordinates": [428257.07, 1466662.93]}, "properties": {"d": 10.0, "s": 77, "Shore_Class": "mangrove"}}, {"type": "Feature", "geometry": {"type": "Point", "coordinates": [428264.14, 1466655.86]}, "properties": {"d": 20.0, "s": 77, "Shore_Class": "mangrove"}}, {"type": "Feature", "geometry": {"type": "Point", "coordinates": [428271.21, 1466648.79]}, "properties": {"d": 30.0, "s": 77, "Shore_Class": "mangrove"}}, {"type": "Feature", "geometry": {"type": "Point", "coordinates": [428278.28, 1466641.72]}, "properties": {"d": 40.0, "s": 77, "Shore_Class": "mangrove"}}, {"type": "Feature", "geometry": {"type": "Point", "coordinates": [428285.36, 1466634.64]}, "properties": {"d": 50.0, "s": 77, "Shore_Class": "mangrove"}}, {"type": "Feature", "geometry": {"type": "Point", "coordinates": [428292.43, 1466627.57]}, "properties": {"d": 60.0, "s": 77, "Shore_Class": "mangrove"}}, {"type": "Feature", "geometry": {"type": "Point", "coordinates": [428299.5, 1466620.5]}, "properties": {"d": 70.0, "s": 77, "Shore_Class": "mangrove"}}, {"type": "Feature", "geometry": {"type": "Point", "coordinates": [428306.57, 1466613.43]}, "properties": {"d": 80.0, "s": 77, "Shore_Class": "mangrove"}}, {"type": "Feature", "geometry": {"type": "Point", "coordinates": [428313.64, 1466606.36]}, "properties": {"d": 90.0, "s": 77, "Shore_Class": "mangrove"}}, {"type": "Feature", "geometry": {"type": "Point", "coordinates": [428320.71, 1466599.29]}, "properties": {"d": 100.0, "s": 77, "Shore_Class": "mangrove"}}, {"type": "Feature", "geometry": {"type": "Point", "coordinates": [428327.78, 1466592.22]}, "properties": {"d": 110.0, "s": 77, "Shore_Class": "mangrove"}}, {"type": "Feature", "geometry": {"type": "Point", "coordinates": [428334.85, 1466585.15]}, "properties": {"d": 120.0, "s": 77, "Shore_Class": "mangrove"}}, {"type": "Feature", "geometry": {"type": "Point", "coordinates": [428341.92, 1466578.08]}, "properties": {"d": 130.0, "s": 77, "Shore_Class": "mangrove"}}, {"type": "Feature", "geometry": {"type": "Point", "coordinates": [428348.99, 1466571.0]}, "properties": {"d": 140.0, "s": 77, "Shore_Class": "mangrove"}}, {"type": "Feature", "geometry": {"type": "Point", "coordinates": [428356.07, 1466563.93]}, "properties": {"d": 150.0, "s": 77, "Shore_Class": "mangrove"}}, {"type": "Feature", "geometry": {"type": "Point", "coordinates": [423560.0, 1448160.0]}, "properties": {"d": -100.0, "s": 78, "Shore_Class": "non_mangrove"}}, {"type": "Feature", "geometry": {"type": "Point", "coordinates": [423570.0, 1448160.0]}, "properties": {"d": -90.0, "s": 78, "Shore_Class": "non_mangrove"}}, {"type": "Feature", "geometry": {"type": "Point", "coordinates": [423580.0, 1448160.0]}, "properties": {"d": -80.0, "s": 78, "Shore_Class": "non_mangrove"}}, {"type": "Feature", "geometry": {"type": "Point", "coordinates": [423590.0, 1448160.0]}, "properties": {"d": -70.0, "s": 78, "Shore_Class": "non_mangrove"}}, {"type": "Feature", "geometry": {"type": "Point", "coordinates": [423600.0, 1448160.0]}, "properties": {"d": -60.0, "s": 78, "Shore_Class": "non_mangrove"}}, {"type": "Feature", "geometry": {"type": "Point", "coordinates": [423610.0, 1448160.0]}, "properties": {"d": -50.0, "s": 78, "Shore_Class": "non_mangrove"}}, {"type": "Feature", "geometry": {"type": "Point", "coordinates": [423620.0, 1448160.0]}, "properties": {"d": -40.0, "s": 78, "Shore_Class": "non_mangrove"}}, {"type": "Feature", "geometry": {"type": "Point", "coordinates": [423630.0, 1448160.0]}, "properties": {"d": -30.0, "s": 78, "Shore_Class": "non_mangrove"}}, {"type": "Feature", "geometry": {"type": "Point", "coordinates": [423640.0, 1448160.0]}, "properties": {"d": -20.0, "s": 78, "Shore_Class": "non_mangrove"}}, {"type": "Feature", "geometry": {"type": "Point", "coordinates": [423650.0, 1448160.0]}, "properties": {"d": -10.0, "s": 78, "Shore_Class": "non_mangrove"}}, {"type": "Feature", "geometry": {"type": "Point", "coordinates": [423660.0, 1448160.0]}, "properties": {"d": 0.0, "s": 78, "Shore_Class": "non_mangrove"}}, {"type": "Feature", "geometry": {"type": "Point", "coordinates": [423670.0, 1448160.0]}, "properties": {"d": 10.0, "s": 78, "Shore_Class": "non_mangrove"}}, {"type": "Feature", "geometry": {"type": "Point", "coordinates": [423680.0, 1448160.0]}, "properties": {"d": 20.0, "s": 78, "Shore_Class": "non_mangrove"}}, {"type": "Feature", "geometry": {"type": "Point", "coordinates": [423690.0, 1448160.0]}, "properties": {"d": 30.0, "s": 78, "Shore_Class": "non_mangrove"}}, {"type": "Feature", "geometry": {"type": "Point", "coordinates": [423700.0, 1448160.0]}, "properties": {"d": 40.0, "s": 78, "Shore_Class": "non_mangrove"}}, {"type": "Feature", "geometry": {"type": "Point", "coordinates": [423710.0, 1448160.0]}, "properties": {"d": 50.0, "s": 78, "Shore_Class": "non_mangrove"}}, {"type": "Feature", "geometry": {"type": "Point", "coordinates": [423720.0, 1448160.0]}, "properties": {"d": 60.0, "s": 78, "Shore_Class": "non_mangrove"}}, {"type": "Feature", "geometry": {"type": "Point", "coordinates": [423730.0, 1448160.0]}, "properties": {"d": 70.0, "s": 78, "Shore_Class": "non_mangrove"}}, {"type": "Feature", "geometry": {"type": "Point", "coordinates": [423740.0, 1448160.0]}, "properties": {"d": 80.0, "s": 78, "Shore_Class": "non_mangrove"}}, {"type": "Feature", "geometry": {"type": "Point", "coordinates": [423750.0, 1448160.0]}, "properties": {"d": 90.0, "s": 78, "Shore_Class": "non_mangrove"}}, {"type": "Feature", "geometry": {"type": "Point", "coordinates": [423760.0, 1448160.0]}, "properties": {"d": 100.0, "s": 78, "Shore_Class": "non_mangrove"}}, {"type": "Feature", "geometry": {"type": "Point", "coordinates": [423770.0, 1448160.0]}, "properties": {"d": 110.0, "s": 78, "Shore_Class": "non_mangrove"}}, {"type": "Feature", "geometry": {"type": "Point", "coordinates": [423780.0, 1448160.0]}, "properties": {"d": 120.0, "s": 78, "Shore_Class": "non_mangrove"}}, {"type": "Feature", "geometry": {"type": "Point", "coordinates": [423790.0, 1448160.0]}, "properties": {"d": 130.0, "s": 78, "Shore_Class": "non_mangrove"}}, {"type": "Feature", "geometry": {"type": "Point", "coordinates": [423800.0, 1448160.0]}, "properties": {"d": 140.0, "s": 78, "Shore_Class": "non_mangrove"}}, {"type": "Feature", "geometry": {"type": "Point", "coordinates": [423810.0, 1448160.0]}, "properties": {"d": 150.0, "s": 78, "Shore_Class": "non_mangrove"}}, {"type": "Feature", "geometry": {"type": "Point", "coordinates": [423530.0, 1448060.0]}, "properties": {"d": -100.0, "s": 79, "Shore_Class": "non_mangrove"}}, {"type": "Feature", "geometry": {"type": "Point", "coordinates": [423540.0, 1448060.0]}, "properties": {"d": -90.0, "s": 79, "Shore_Class": "non_mangrove"}}, {"type": "Feature", "geometry": {"type": "Point", "coordinates": [423550.0, 1448060.0]}, "properties": {"d": -80.0, "s": 79, "Shore_Class": "non_mangrove"}}, {"type": "Feature", "geometry": {"type": "Point", "coordinates": [423560.0, 1448060.0]}, "properties": {"d": -70.0, "s": 79, "Shore_Class": "non_mangrove"}}, {"type": "Feature", "geometry": {"type": "Point", "coordinates": [423570.0, 1448060.0]}, "properties": {"d": -60.0, "s": 79, "Shore_Class": "non_mangrove"}}, {"type": "Feature", "geometry": {"type": "Point", "coordinates": [423580.0, 1448060.0]}, "properties": {"d": -50.0, "s": 79, "Shore_Class": "non_mangrove"}}, {"type": "Feature", "geometry": {"type": "Point", "coordinates": [423590.0, 1448060.0]}, "properties": {"d": -40.0, "s": 79, "Shore_Class": "non_mangrove"}}, {"type": "Feature", "geometry": {"type": "Point", "coordinates": [423600.0, 1448060.0]}, "properties": {"d": -30.0, "s": 79, "Shore_Class": "non_mangrove"}}, {"type": "Feature", "geometry": {"type": "Point", "coordinates": [423610.0, 1448060.0]}, "properties": {"d": -20.0, "s": 79, "Shore_Class": "non_mangrove"}}, {"type": "Feature", "geometry": {"type": "Point", "coordinates": [423620.0, 1448060.0]}, "properties": {"d": -10.0, "s": 79, "Shore_Class": "non_mangrove"}}, {"type": "Feature", "geometry": {"type": "Point", "coordinates": [423630.0, 1448060.0]}, "properties": {"d": 0.0, "s": 79, "Shore_Class": "non_mangrove"}}, {"type": "Feature", "geometry": {"type": "Point", "coordinates": [423640.0, 1448060.0]}, "properties": {"d": 10.0, "s": 79, "Shore_Class": "non_mangrove"}}, {"type": "Feature", "geometry": {"type": "Point", "coordinates": [423650.0, 1448060.0]}, "properties": {"d": 20.0, "s": 79, "Shore_Class": "non_mangrove"}}, {"type": "Feature", "geometry": {"type": "Point", "coordinates": [423660.0, 1448060.0]}, "properties": {"d": 30.0, "s": 79, "Shore_Class": "non_mangrove"}}, {"type": "Feature", "geometry": {"type": "Point", "coordinates": [423670.0, 1448060.0]}, "properties": {"d": 40.0, "s": 79, "Shore_Class": "non_mangrove"}}, {"type": "Feature", "geometry": {"type": "Point", "coordinates": [423680.0, 1448060.0]}, "properties": {"d": 50.0, "s": 79, "Shore_Class": "non_mangrove"}}, {"type": "Feature", "geometry": {"type": "Point", "coordinates": [423690.0, 1448060.0]}, "properties": {"d": 60.0, "s": 79, "Shore_Class": "non_mangrove"}}, {"type": "Feature", "geometry": {"type": "Point", "coordinates": [423700.0, 1448060.0]}, "properties": {"d": 70.0, "s": 79, "Shore_Class": "non_mangrove"}}, {"type": "Feature", "geometry": {"type": "Point", "coordinates": [423710.0, 1448060.0]}, "properties": {"d": 80.0, "s": 79, "Shore_Class": "non_mangrove"}}, {"type": "Feature", "geometry": {"type": "Point", "coordinates": [423720.0, 1448060.0]}, "properties": {"d": 90.0, "s": 79, "Shore_Class": "non_mangrove"}}, {"type": "Feature", "geometry": {"type": "Point", "coordinates": [423730.0, 1448060.0]}, "properties": {"d": 100.0, "s": 79, "Shore_Class": "non_mangrove"}}, {"type": "Feature", "geometry": {"type": "Point", "coordinates": [423740.0, 1448060.0]}, "properties": {"d": 110.0, "s": 79, "Shore_Class": "non_mangrove"}}, {"type": "Feature", "geometry": {"type": "Point", "coordinates": [423750.0, 1448060.0]}, "properties": {"d": 120.0, "s": 79, "Shore_Class": "non_mangrove"}}, {"type": "Feature", "geometry": {"type": "Point", "coordinates": [423760.0, 1448060.0]}, "properties": {"d": 130.0, "s": 79, "Shore_Class": "non_mangrove"}}, {"type": "Feature", "geometry": {"type": "Point", "coordinates": [423770.0, 1448060.0]}, "properties": {"d": 140.0, "s": 79, "Shore_Class": "non_mangrove"}}, {"type": "Feature", "geometry": {"type": "Point", "coordinates": [423780.0, 1448060.0]}, "properties": {"d": 150.0, "s": 79, "Shore_Class": "non_mangrove"}}, {"type": "Feature", "geometry": {"type": "Point", "coordinates": [424015.13, 1451471.62]}, "properties": {"d": -100.0, "s": 80, "Shore_Class": "non_mangrove"}}, {"type": "Feature", "geometry": {"type": "Point", "coordinates": [424024.62, 1451468.46]}, "properties": {"d": -90.0, "s": 80, "Shore_Class": "non_mangrove"}}, {"type": "Feature", "geometry": {"type": "Point", "coordinates": [424034.11, 1451465.3]}, "properties": {"d": -80.0, "s": 80, "Shore_Class": "non_mangrove"}}, {"type": "Feature", "geometry": {"type": "Point", "coordinates": [424043.59, 1451462.14]}, "properties": {"d": -70.0, "s": 80, "Shore_Class": "non_mangrove"}}, {"type": "Feature", "geometry": {"type": "Point", "coordinates": [424053.08, 1451458.97]}, "properties": {"d": -60.0, "s": 80, "Shore_Class": "non_mangrove"}}, {"type": "Feature", "geometry": {"type": "Point", "coordinates": [424062.57, 1451455.81]}, "properties": {"d": -50.0, "s": 80, "Shore_Class": "non_mangrove"}}, {"type": "Feature", "geometry": {"type": "Point", "coordinates": [424072.05, 1451452.65]}, "properties": {"d": -40.0, "s": 80, "Shore_Class": "non_mangrove"}}, {"type": "Feature", "geometry": {"type": "Point", "coordinates": [424081.54, 1451449.49]}, "properties": {"d": -30.0, "s": 80, "Shore_Class": "non_mangrove"}}, {"type": "Feature", "geometry": {"type": "Point", "coordinates": [424091.03, 1451446.32]}, "properties": {"d": -20.0, "s": 80, "Shore_Class": "non_mangrove"}}, {"type": "Feature", "geometry": {"type": "Point", "coordinates": [424100.51, 1451443.16]}, "properties": {"d": -10.0, "s": 80, "Shore_Class": "non_mangrove"}}, {"type": "Feature", "geometry": {"type": "Point", "coordinates": [424110.0, 1451440.0]}, "properties": {"d": 0.0, "s": 80, "Shore_Class": "non_mangrove"}}, {"type": "Feature", "geometry": {"type": "Point", "coordinates": [424119.49, 1451436.84]}, "properties": {"d": 10.0, "s": 80, "Shore_Class": "non_mangrove"}}, {"type": "Feature", "geometry": {"type": "Point", "coordinates": [424128.97, 1451433.68]}, "properties": {"d": 20.0, "s": 80, "Shore_Class": "non_mangrove"}}, {"type": "Feature", "geometry": {"type": "Point", "coordinates": [424138.46, 1451430.51]}, "properties": {"d": 30.0, "s": 80, "Shore_Class": "non_mangrove"}}, {"type": "Feature", "geometry": {"type": "Point", "coordinates": [424147.95, 1451427.35]}, "properties": {"d": 40.0, "s": 80, "Shore_Class": "non_mangrove"}}, {"type": "Feature", "geometry": {"type": "Point", "coordinates": [424157.43, 1451424.19]}, "properties": {"d": 50.0, "s": 80, "Shore_Class": "non_mangrove"}}, {"type": "Feature", "geometry": {"type": "Point", "coordinates": [424166.92, 1451421.03]}, "properties": {"d": 60.0, "s": 80, "Shore_Class": "non_mangrove"}}, {"type": "Feature", "geometry": {"type": "Point", "coordinates": [424176.41, 1451417.86]}, "properties": {"d": 70.0, "s": 80, "Shore_Class": "non_mangrove"}}, {"type": "Feature", "geometry": {"type": "Point", "coordinates": [424185.89, 1451414.7]}, "properties": {"d": 80.0, "s": 80, "Shore_Class": "non_mangrove"}}, {"type": "Feature", "geometry": {"type": "Point", "coordinates": [424195.38, 1451411.54]}, "properties": {"d": 90.0, "s": 80, "Shore_Class": "non_mangrove"}}, {"type": "Feature", "geometry": {"type": "Point", "coordinates": [424204.87, 1451408.38]}, "properties": {"d": 100.0, "s": 80, "Shore_Class": "non_mangrove"}}, {"type": "Feature", "geometry": {"type": "Point", "coordinates": [424214.36, 1451405.21]}, "properties": {"d": 110.0, "s": 80, "Shore_Class": "non_mangrove"}}, {"type": "Feature", "geometry": {"type": "Point", "coordinates": [424223.84, 1451402.05]}, "properties": {"d": 120.0, "s": 80, "Shore_Class": "non_mangrove"}}, {"type": "Feature", "geometry": {"type": "Point", "coordinates": [424233.33, 1451398.89]}, "properties": {"d": 130.0, "s": 80, "Shore_Class": "non_mangrove"}}, {"type": "Feature", "geometry": {"type": "Point", "coordinates": [424242.82, 1451395.73]}, "properties": {"d": 140.0, "s": 80, "Shore_Class": "non_mangrove"}}, {"type": "Feature", "geometry": {"type": "Point", "coordinates": [424252.3, 1451392.57]}, "properties": {"d": 150.0, "s": 80, "Shore_Class": "non_mangrove"}}, {"type": "Feature", "geometry": {"type": "Point", "coordinates": [424030.0, 1449450.0]}, "properties": {"d": -100.0, "s": 81, "Shore_Class": "non_mangrove"}}, {"type": "Feature", "geometry": {"type": "Point", "coordinates": [424040.0, 1449450.0]}, "properties": {"d": -90.0, "s": 81, "Shore_Class": "non_mangrove"}}, {"type": "Feature", "geometry": {"type": "Point", "coordinates": [424050.0, 1449450.0]}, "properties": {"d": -80.0, "s": 81, "Shore_Class": "non_mangrove"}}, {"type": "Feature", "geometry": {"type": "Point", "coordinates": [424060.0, 1449450.0]}, "properties": {"d": -70.0, "s": 81, "Shore_Class": "non_mangrove"}}, {"type": "Feature", "geometry": {"type": "Point", "coordinates": [424070.0, 1449450.0]}, "properties": {"d": -60.0, "s": 81, "Shore_Class": "non_mangrove"}}, {"type": "Feature", "geometry": {"type": "Point", "coordinates": [424080.0, 1449450.0]}, "properties": {"d": -50.0, "s": 81, "Shore_Class": "non_mangrove"}}, {"type": "Feature", "geometry": {"type": "Point", "coordinates": [424090.0, 1449450.0]}, "properties": {"d": -40.0, "s": 81, "Shore_Class": "non_mangrove"}}, {"type": "Feature", "geometry": {"type": "Point", "coordinates": [424100.0, 1449450.0]}, "properties": {"d": -30.0, "s": 81, "Shore_Class": "non_mangrove"}}, {"type": "Feature", "geometry": {"type": "Point", "coordinates": [424110.0, 1449450.0]}, "properties": {"d": -20.0, "s": 81, "Shore_Class": "non_mangrove"}}, {"type": "Feature", "geometry": {"type": "Point", "coordinates": [424120.0, 1449450.0]}, "properties": {"d": -10.0, "s": 81, "Shore_Class": "non_mangrove"}}, {"type": "Feature", "geometry": {"type": "Point", "coordinates": [424130.0, 1449450.0]}, "properties": {"d": 0.0, "s": 81, "Shore_Class": "non_mangrove"}}, {"type": "Feature", "geometry": {"type": "Point", "coordinates": [424140.0, 1449450.0]}, "properties": {"d": 10.0, "s": 81, "Shore_Class": "non_mangrove"}}, {"type": "Feature", "geometry": {"type": "Point", "coordinates": [424150.0, 1449450.0]}, "properties": {"d": 20.0, "s": 81, "Shore_Class": "non_mangrove"}}, {"type": "Feature", "geometry": {"type": "Point", "coordinates": [424160.0, 1449450.0]}, "properties": {"d": 30.0, "s": 81, "Shore_Class": "non_mangrove"}}, {"type": "Feature", "geometry": {"type": "Point", "coordinates": [424170.0, 1449450.0]}, "properties": {"d": 40.0, "s": 81, "Shore_Class": "non_mangrove"}}, {"type": "Feature", "geometry": {"type": "Point", "coordinates": [424180.0, 1449450.0]}, "properties": {"d": 50.0, "s": 81, "Shore_Class": "non_mangrove"}}, {"type": "Feature", "geometry": {"type": "Point", "coordinates": [424190.0, 1449450.0]}, "properties": {"d": 60.0, "s": 81, "Shore_Class": "non_mangrove"}}, {"type": "Feature", "geometry": {"type": "Point", "coordinates": [424200.0, 1449450.0]}, "properties": {"d": 70.0, "s": 81, "Shore_Class": "non_mangrove"}}, {"type": "Feature", "geometry": {"type": "Point", "coordinates": [424210.0, 1449450.0]}, "properties": {"d": 80.0, "s": 81, "Shore_Class": "non_mangrove"}}, {"type": "Feature", "geometry": {"type": "Point", "coordinates": [424220.0, 1449450.0]}, "properties": {"d": 90.0, "s": 81, "Shore_Class": "non_mangrove"}}, {"type": "Feature", "geometry": {"type": "Point", "coordinates": [424230.0, 1449450.0]}, "properties": {"d": 100.0, "s": 81, "Shore_Class": "non_mangrove"}}, {"type": "Feature", "geometry": {"type": "Point", "coordinates": [424240.0, 1449450.0]}, "properties": {"d": 110.0, "s": 81, "Shore_Class": "non_mangrove"}}, {"type": "Feature", "geometry": {"type": "Point", "coordinates": [424250.0, 1449450.0]}, "properties": {"d": 120.0, "s": 81, "Shore_Class": "non_mangrove"}}, {"type": "Feature", "geometry": {"type": "Point", "coordinates": [424260.0, 1449450.0]}, "properties": {"d": 130.0, "s": 81, "Shore_Class": "non_mangrove"}}, {"type": "Feature", "geometry": {"type": "Point", "coordinates": [424270.0, 1449450.0]}, "properties": {"d": 140.0, "s": 81, "Shore_Class": "non_mangrove"}}, {"type": "Feature", "geometry": {"type": "Point", "coordinates": [424280.0, 1449450.0]}, "properties": {"d": 150.0, "s": 81, "Shore_Class": "non_mangrove"}}]}