{"type": "FeatureCollection", "features": [{"type": "Feature", "geometry": {"type": "Point", "coordinates": [399984.95604082587, 320098.8619203352]}, "properties": {"d": -100.0, "pre": 0, "post": 0, "section": 1}}, {"type": "Feature", "geometry": {"type": "Point", "coordinates": [399986.4604367433, 320088.9757283017]}, "properties": {"d": -90.0, "pre": 0, "post": 0, "section": 1}}, {"type": "Feature", "geometry": {"type": "Point", "coordinates": [399987.9648326607, 320079.08953626815]}, "properties": {"d": -80.0, "pre": 0, "post": 0, "section": 1}}, {"type": "Feature", "geometry": {"type": "Point", "coordinates": [399989.4692285781, 320069.2033442347]}, "properties": {"d": -70.0, "pre": 0, "post": 0, "section": 1}}, {"type": "Feature", "geometry": {"type": "Point", "coordinates": [399990.97362449556, 320059.31715220114]}, "properties": {"d": -60.0, "pre": 0, "post": 0, "section": 1}}, {"type": "Feature", "geometry": {"type": "Point", "coordinates": [399992.47802041296, 320049.4309601676]}, "properties": {"d": -50.0, "pre": 0, "post": 0, "section": 1}}, {"type": "Feature", "geometry": {"type": "Point", "coordinates": [399993.9824163304, 320039.5447681341]}, "properties": {"d": -40.0, "pre": 0, "post": 0, "section": 1}}, {"type": "Feature", "geometry": {"type": "Point", "coordinates": [399995.4868122478, 320029.65857610054]}, "properties": {"d": -30.0, "pre": 0, "post": 0, "section": 1}}, {"type": "Feature", "geometry": {"type": "Point", "coordinates": [399996.9912081652, 320019.77238406707]}, "properties": {"d": -20.0, "pre": 0, "post": 0, "section": 1}}, {"type": "Feature", "geometry": {"type": "Point", "coordinates": [399998.4956040826, 320009.88619203353]}, "properties": {"d": -10.0, "pre": 0, "post": 0, "section": 1}}, {"type": "Feature", "geometry": {"type": "Point", "coordinates": [400000.0, 320000.0]}, "properties": {"d": 0.0, "pre": 0, "post": 0, "section": 1}}, {"type": "Feature", "geometry": {"type": "Point", "coordinates": [400001.5043959174, 319990.11380796647]}, "properties": {"d": 10.0, "pre": 1, "post": 0, "section": 1}}, {"type": "Feature", "geometry": {"type": "Point", "coordinates": [400003.0087918348, 319980.22761593293]}, "properties": {"d": 20.0, "pre": 1, "post": 1, "section": 1}}, {"type": "Feature", "geometry": {"type": "Point", "coordinates": [400004.5131877522, 319970.34142389946]}, "properties": {"d": 30.0, "pre": 1, "post": 1, "section": 1}}, {"type": "Feature", "geometry": {"type": "Point", "coordinates": [400006.0175836696, 319960.4552318659]}, "properties": {"d": 40.0, "pre": 1, "post": 1, "section": 1}}, {"type": "Feature", "geometry": {"type": "Point", "coordinates": [400007.52197958704, 319950.5690398324]}, "properties": {"d": 50.0, "pre": 1, "post": 1, "section": 1}}, {"type": "Feature", "geometry": {"type": "Point", "coordinates": [400009.02637550444, 319940.68284779886]}, "properties": {"d": 60.0, "pre": 1, "post": 1, "section": 1}}, {"type": "Feature", "geometry": {"type": "Point", "coordinates": [400010.5307714219, 319930.7966557653]}, "properties": {"d": 70.0, "pre": 1, "post": 1, "section": 1}}, {"type": "Feature", "geometry": {"type": "Point", "coordinates": [400012.0351673393, 319920.91046373185]}, "properties": {"d": 80.0, "pre": 1, "post": 1, "section": 1}}, {"type": "Feature", "geometry": {"type": "Point", "coordinates": [400013.5395632567, 319911.0242716983]}, "properties": {"d": 90.0, "pre": 1, "post": 1, "section": 1}}, {"type": "Feature", "geometry": {"type": "Point", "coordinates": [400015.04395917413, 319901.1380796648]}, "properties": {"d": 100.0, "pre": 1, "post": 1, "section": 1}}, {"type": "Feature", "geometry": {"type": "Point", "coordinates": [400016.54835509154, 319891.25188763125]}, "properties": {"d": 110.0, "pre": 1, "post": 1, "section": 1}}, {"type": "Feature", "geometry": {"type": "Point", "coordinates": [400018.05275100895, 319881.3656955977]}, "properties": {"d": 120.0, "pre": 1, "post": 1, "section": 1}}, {"type": "Feature", "geometry": {"type": "Point", "coordinates": [400019.55714692635, 319871.4795035642]}, "properties": {"d": 130.0, "pre": 1, "post": 1, "section": 1}}, {"type": "Feature", "geometry": {"type": "Point", "coordinates": [400021.06154284376, 319861.5933115307]}, "properties": {"d": 140.0, "pre": 1, "post": 1, "section": 1}}, {"type": "Feature", "geometry": {"type": "Point", "coordinates": [400022.56593876117, 319851.7071194972]}, "properties": {"d": 150.0, "pre": 1, "post": 1, "section": 1}}, {"type": "Feature", "geometry": {"type": "Point", "coordinates": [400479.4519300258, 320173.85689384234]}, "properties": {"d": -100.0, "pre": 0, "post": 0, "section": 2}}, {"type": "Feature", "geometry": {"type": "Point", "coordinates": [400480.94144963846, 320163.96844950947]}, "properties": {"d": -90.0, "pre": 0, "post": 0, "section": 2}}, {"type": "Feature", "geometry": {"type": "Point", "coordinates": [400482.43096925115, 320154.08000517666]}, "properties": {"d": -80.0, "pre": 0, "post": 0, "section": 2}}, {"type": "Feature", "geometry": {"type": "Point", "coordinates": [400483.92048886383, 320144.19156084384]}, "properties": {"d": -70.0, "pre": 0, "post": 0, "section": 2}}, {"type": "Feature", "geometry": {"type": "Point", "coordinates": [400485.4100084765, 320134.30311651103]}, "properties": {"d": -60.0, "pre": 0, "post": 0, "section": 2}}, {"type": "Feature", "geometry": {"type": "Point", "coordinates": [400486.8995280892, 320124.41467217816]}, "properties": {"d": -50.0, "pre": 0, "post": 0, "section": 2}}, {"type": "Feature", "geometry": {"type": "Point", "coordinates": [400488.3890477019, 320114.52622784534]}, "properties": {"d": -40.0, "pre": 0, "post": 0, "section": 2}}, {"type": "Feature", "geometry": {"type": "Point", "coordinates": [400489.87856731453, 320104.63778351253]}, "properties": {"d": -30.0, "pre": 0, "post": 0, "section": 2}}, {"type": "Feature", "geometry": {"type": "Point", "coordinates": [400491.3680869272, 320094.7493391797]}, "properties": {"d": -20.0, "pre": 0, "post": 0, "section": 2}}, {"type": "Feature", "geometry": {"type": "Point", "coordinates": [400492.8576065399, 320084.86089484685]}, "properties": {"d": -10.0, "pre": 0, "post": 0, "section": 2}}, {"type": "Feature", "geometry": {"type": "Point", "coordinates": [400494.3471261526, 320074.97245051403]}, "properties": {"d": 0.0, "pre": 1, "post": 0, "section": 2}}, {"type": "Feature", "geometry": {"type": "Point", "coordinates": [400495.8366457653, 320065.0840061812]}, "properties": {"d": 10.0, "pre": 1, "post": 0, "section": 2}}, {"type": "Feature", "geometry": {"type": "Point", "coordinates": [400497.326165378, 320055.19556184835]}, "properties": {"d": 20.0, "pre": 1, "post": 1, "section": 2}}, {"type": "Feature", "geometry": {"type": "Point", "coordinates": [400498.81568499067, 320045.30711751553]}, "properties": {"d": 30.0, "pre": 1, "post": 1, "section": 2}}, {"type": "Feature", "geometry": {"type": "Point", "coordinates": [400500.3052046033, 320035.4186731827]}, "properties": {"d": 40.0, "pre": 1, "post": 1, "section": 2}}, {"type": "Feature", "geometry": {"type": "Point", "coordinates": [400501.794724216, 320025.5302288499]}, "properties": {"d": 50.0, "pre": 1, "post": 1, "section": 2}}, {"type": "Feature", "geometry": {"type": "Point", "coordinates": [400503.2842438287, 320015.64178451704]}, "properties": {"d": 60.0, "pre": 1, "post": 1, "section": 2}}, {"type": "Feature", "geometry": {"type": "Point", "coordinates": [400504.77376344136, 320005.7533401842]}, "properties": {"d": 70.0, "pre": 1, "post": 1, "section": 2}}, {"type": "Feature", "geometry": {"type": "Point", "coordinates": [400506.26328305405, 319995.8648958514]}, "properties": {"d": 80.0, "pre": 1, "post": 1, "section": 2}}, {"type": "Feature", "geometry": {"type": "Point", "coordinates": [400507.75280266674, 319985.9764515186]}, "properties": {"d": 90.0, "pre": 1, "post": 1, "section": 2}}, {"type": "Feature", "geometry": {"type": "Point", "coordinates": [400509.2423222794, 319976.0880071857]}, "properties": {"d": 100.0, "pre": 1, "post": 1, "section": 2}}, {"type": "Feature", "geometry": {"type": "Point", "coordinates": [400510.73184189206, 319966.1995628529]}, "properties": {"d": 110.0, "pre": 1, "post": 1, "section": 2}}, {"type": "Feature", "geometry": {"type": "Point", "coordinates": [400512.22136150475, 319956.3111185201]}, "properties": {"d": 120.0, "pre": 1, "post": 1, "section": 2}}, {"type": "Feature", "geometry": {"type": "Point", "coordinates": [400513.71088111744, 319946.4226741873]}, "properties": {"d": 130.0, "pre": 1, "post": 1, "section": 2}}, {"type": "Feature", "geometry": {"type": "Point", "coordinates": [400515.20040073013, 319936.5342298544]}, "properties": {"d": 140.0, "pre": 1, "post": 1, "section": 2}}, {"type": "Feature", "geometry": {"type": "Point", "coordinates": [400516.6899203428, 319926.6457855216]}, "properties": {"d": 150.0, "pre": 1, "post": 1, "section": 2}}, {"type": "Feature", "geometry": {"type": "Point", "coordinates": [400974.4628247446, 320247.41439538146]}, "properties": {"d": -100.0, "pre": 0, "post": 0, "section": 3}}, {"type": "Feature", "geometry": {"type": "Point", "coordinates": [400975.9081566441, 320237.51939585136]}, "properties": {"d": -90.0, "pre": 0, "post": 0, "section": 3}}, {"type": "Feature", "geometry": {"type": "Point", "coordinates": [400977.3534885436, 320227.6243963213]}, "properties": {"d": -80.0, "pre": 0, "post": 0, "section": 3}}, {"type": "Feature", "geometry": {"type": "Point", "coordinates": [400978.79882044316, 320217.7293967912]}, "properties": {"d": -70.0, "pre": 0, "post": 0, "section": 3}}, {"type": "Feature", "geometry": {"type": "Point", "coordinates": [400980.24415234267, 320207.83439726115]}, "properties": {"d": -60.0, "pre": 0, "post": 0, "section": 3}}, {"type": "Feature", "geometry": {"type": "Point", "coordinates": [400981.6894842422, 320197.93939773104]}, "properties": {"d": -50.0, "pre": 0, "post": 0, "section": 3}}, {"type": "Feature", "geometry": {"type": "Point", "coordinates": [400983.13481614174, 320188.044398201]}, "properties": {"d": -40.0, "pre": 0, "post": 0, "section": 3}}, {"type": "Feature", "geometry": {"type": "Point", "coordinates": [400984.58014804125, 320178.1493986709]}, "properties": {"d": -30.0, "pre": 0, "post": 0, "section": 3}}, {"type": "Feature", "geometry": {"type": "Point", "coordinates": [400986.02547994076, 320168.25439914083]}, "properties": {"d": -20.0, "pre": 0, "post": 0, "section": 3}}, {"type": "Feature", "geometry": {"type": "Point", "coordinates": [400987.4708118403, 320158.3593996107]}, "properties": {"d": -10.0, "pre": 0, "post": 0, "section": 3}}, {"type": "Feature", "geometry": {"type": "Point", "coordinates": [400988.9161437398, 320148.4644000807]}, "properties": {"d": 0.0, "pre": 1, "post": 0, "section": 3}}, {"type": "Feature", "geometry": {"type": "Point", "coordinates": [400990.36147563934, 320138.5694005506]}, "properties": {"d": 10.0, "pre": 1, "post": 0, "section": 3}}, {"type": "Feature", "geometry": {"type": "Point", "coordinates": [400991.8068075389, 320128.6744010205]}, "properties": {"d": 20.0, "pre": 1, "post": 0, "section": 3}}, {"type": "Feature", "geometry": {"type": "Point", "coordinates": [400993.2521394384, 320118.77940149046]}, "properties": {"d": 30.0, "pre": 1, "post": 1, "section": 3}}, {"type": "Feature", "geometry": {"type": "Point", "coordinates": [400994.6974713379, 320108.88440196036]}, "properties": {"d": 40.0, "pre": 1, "post": 1, "section": 3}}, {"type": "Feature", "geometry": {"type": "Point", "coordinates": [400996.1428032375, 320098.9894024303]}, "properties": {"d": 50.0, "pre": 1, "post": 1, "section": 3}}, {"type": "Feature", "geometry": {"type": "Point", "coordinates": [400997.588135137, 320089.0944029002]}, "properties": {"d": 60.0, "pre": 1, "post": 1, "section": 3}}, {"type": "Feature", "geometry": {"type": "Point", "coordinates": [400999.0334670365, 320079.19940337015]}, "properties": {"d": 70.0, "pre": 1, "post": 1, "section": 3}}, {"type": "Feature", "geometry": {"type": "Point", "coordinates": [401000.47879893606, 320069.30440384004]}, "properties": {"d": 80.0, "pre": 1, "post": 1, "section": 3}}, {"type": "Feature", "geometry": {"type": "Point", "coordinates": [401001.92413083557, 320059.40940431]}, "properties": {"d": 90.0, "pre": 1, "post": 1, "section": 3}}, {"type": "Feature", "geometry": {"type": "Point", "coordinates": [401003.3694627351, 320049.5144047799]}, "properties": {"d": 100.0, "pre": 1, "post": 1, "section": 3}}, {"type": "Feature", "geometry": {"type": "Point", "coordinates": [401004.8147946346, 320039.61940524983]}, "properties": {"d": 110.0, "pre": 1, "post": 1, "section": 3}}, {"type": "Feature", "geometry": {"type": "Point", "coordinates": [401006.26012653415, 320029.7244057198]}, "properties": {"d": 120.0, "pre": 1, "post": 1, "section": 3}}, {"type": "Feature", "geometry": {"type": "Point", "coordinates": [401007.70545843366, 320019.8294061897]}, "properties": {"d": 130.0, "pre": 1, "post": 1, "section": 3}}, {"type": "Feature", "geometry": {"type": "Point", "coordinates": [401009.15079033317, 320009.9344066596]}, "properties": {"d": 140.0, "pre": 1, "post": 1, "section": 3}}, {"type": "Feature", "geometry": {"type": "Point", "coordinates": [401010.59612223273, 320000.0394071295]}, "properties": {"d": 150.0, "pre": 1, "post": 1, "section": 3}}, {"type": "Feature", "geometry": {"type": "Point", "coordinates": [401470.17585564975, 320318.0955866636]}, "properties": {"d": -100.0, "pre": 0, "post": 0, "section": 4}}, {"type": "Feature", "geometry": {"type": "Point", "coordinates": [401471.54913180304, 320308.19032984675]}, "properties": {"d": -90.0, "pre": 0, "post": 0, "section": 4}}, {"type": "Feature", "geometry": {"type": "Point", "coordinates": [401472.9224079563, 320298.2850730299]}, "properties": {"d": -80.0, "pre": 0, "post": 0, "section": 4}}, {"type": "Feature", "geometry": {"type": "Point", "coordinates": [401474.2956841096, 320288.37981621316]}, "properties": {"d": -70.0, "pre": 0, "post": 0, "section": 4}}, {"type": "Feature", "geometry": {"type": "Point", "coordinates": [401475.66896026296, 320278.47455939633]}, "properties": {"d": -60.0, "pre": 0, "post": 0, "section": 4}}, {"type": "Feature", "geometry": {"type": "Point", "coordinates": [401477.04223641625, 320268.56930257956]}, "properties": {"d": -50.0, "pre": 0, "post": 0, "section": 4}}, {"type": "Feature", "geometry": {"type": "Point", "coordinates": [401478.41551256954, 320258.66404576274]}, "properties": {"d": -40.0, "pre": 0, "post": 0, "section": 4}}, {"type": "Feature", "geometry": {"type": "Point", "coordinates": [401479.7887887228, 320248.75878894597]}, "properties": {"d": -30.0, "pre": 0, "post": 0, "section": 4}}, {"type": "Feature", "geometry": {"type": "Point", "coordinates": [401481.1620648762, 320238.85353212914]}, "properties": {"d": -20.0, "pre": 0, "post": 0, "section": 4}}, {"type": "Feature", "geometry": {"type": "Point", "coordinates": [401482.53534102946, 320228.9482753124]}, "properties": {"d": -10.0, "pre": 0, "post": 0, "section": 4}}, {"type": "Feature", "geometry": {"type": "Point", "coordinates": [401483.90861718275, 320219.04301849555]}, "properties": {"d": 0.0, "pre": 1, "post": 0, "section": 4}}, {"type": "Feature", "geometry": {"type": "Point", "coordinates": [401485.28189333604, 320209.1377616787]}, "properties": {"d": 10.0, "pre": 1, "post": 0, "section": 4}}, {"type": "Feature", "geometry": {"type": "Point", "coordinates": [401486.6551694893, 320199.23250486195]}, "properties": {"d": 20.0, "pre": 1, "post": 0, "section": 4}}, {"type": "Feature", "geometry": {"type": "Point", "coordinates": [401488.0284456427, 320189.3272480451]}, "properties": {"d": 30.0, "pre": 1, "post": 1, "section": 4}}, {"type": "Feature", "geometry": {"type": "Point", "coordinates": [401489.40172179596, 320179.42199122836]}, "properties": {"d": 40.0, "pre": 1, "post": 1, "section": 4}}, {"type": "Feature", "geometry": {"type": "Point", "coordinates": [401490.77499794925, 320169.51673441153]}, "properties": {"d": 50.0, "pre": 1, "post": 1, "section": 4}}, {"type": "Feature", "geometry": {"type": "Point", "coordinates": [401492.14827410254, 320159.61147759476]}, "properties": {"d": 60.0, "pre": 1, "post": 1, "section": 4}}, {"type": "Feature", "geometry": {"type": "Point", "coordinates": [401493.5215502559, 320149.70622077794]}, "properties": {"d": 70.0, "pre": 1, "post": 1, "section": 4}}, {"type": "Feature", "geometry": {"type": "Point", "coordinates": [401494.8948264092, 320139.80096396117]}, "properties": {"d": 80.0, "pre": 1, "post": 1, "section": 4}}, {"type": "Feature", "geometry": {"type": "Point", "coordinates": [401496.26810256246, 320129.89570714434]}, "properties": {"d": 90.0, "pre": 1, "post": 1, "section": 4}}, {"type": "Feature", "geometry": {"type": "Point", "coordinates": [401497.64137871575, 320119.9904503275]}, "properties": {"d": 100.0, "pre": 1, "post": 1, "section": 4}}, {"type": "Feature", "geometry": {"type": "Point", "coordinates": [401499.01465486904, 320110.08519351075]}, "properties": {"d": 110.0, "pre": 1, "post": 1, "section": 4}}, {"type": "Feature", "geometry": {"type": "Point", "coordinates": [401500.3879310224, 320100.1799366939]}, "properties": {"d": 120.0, "pre": 1, "post": 1, "section": 4}}, {"type": "Feature", "geometry": {"type": "Point", "coordinates": [401501.7612071757, 320090.27467987715]}, "properties": {"d": 130.0, "pre": 1, "post": 1, "section": 4}}, {"type": "Feature", "geometry": {"type": "Point", "coordinates": [401503.13448332896, 320080.3694230603]}, "properties": {"d": 140.0, "pre": 1, "post": 1, "section": 4}}, {"type": "Feature", "geometry": {"type": "Point", "coordinates": [401504.50775948225, 320070.46416624356]}, "properties": {"d": 150.0, "pre": 1, "post": 1, "section": 4}}, {"type": "Feature", "geometry": {"type": "Point", "coordinates": [401966.7310115207, 320384.55196527235]}, "properties": {"d": -100.0, "pre": 0, "post": 0, "section": 5}}, {"type": "Feature", "geometry": {"type": "Point", "coordinates": [401968.0067019045, 320374.63366833964]}, "properties": {"d": -90.0, "pre": 0, "post": 0, "section": 5}}, {"type": "Feature", "geometry": {"type": "Point", "coordinates": [401969.2823922883, 320364.715371407]}, "properties": {"d": -80.0, "pre": 0, "post": 0, "section": 5}}, {"type": "Feature", "geometry": {"type": "Point", "coordinates": [401970.5580826722, 320354.79707447434]}, "properties": {"d": -70.0, "pre": 0, "post": 0, "section": 5}}, {"type": "Feature", "geometry": {"type": "Point", "coordinates": [401971.833773056, 320344.8787775416]}, "properties": {"d": -60.0, "pre": 0, "post": 0, "section": 5}}, {"type": "Feature", "geometry": {"type": "Point", "coordinates": [401973.1094634398, 320334.960480609]}, "properties": {"d": -50.0, "pre": 0, "post": 0, "section": 5}}, {"type": "Feature", "geometry": {"type": "Point", "coordinates": [401974.3851538236, 320325.0421836763]}, "properties": {"d": -40.0, "pre": 0, "post": 0, "section": 5}}, {"type": "Feature", "geometry": {"type": "Point", "coordinates": [401975.6608442074, 320315.1238867436]}, "properties": {"d": -30.0, "pre": 0, "post": 0, "section": 5}}, {"type": "Feature", "geometry": {"type": "Point", "coordinates": [401976.9365345912, 320305.20558981097]}, "properties": {"d": -20.0, "pre": 0, "post": 0, "section": 5}}, {"type": "Feature", "geometry": {"type": "Point", "coordinates": [401978.212224975, 320295.28729287826]}, "properties": {"d": -10.0, "pre": 0, "post": 0, "section": 5}}, {"type": "Feature", "geometry": {"type": "Point", "coordinates": [401979.4879153588, 320285.3689959456]}, "properties": {"d": 0.0, "pre": 1, "post": 0, "section": 5}}, {"type": "Feature", "geometry": {"type": "Point", "coordinates": [401980.7636057426, 320275.45069901296]}, "properties": {"d": 10.0, "pre": 1, "post": 0, "section": 5}}, {"type": "Feature", "geometry": {"type": "Point", "coordinates": [401982.0392961264, 320265.53240208025]}, "properties": {"d": 20.0, "pre": 1, "post": 0, "section": 5}}, {"type": "Feature", "geometry": {"type": "Point", "coordinates": [401983.3149865102, 320255.6141051476]}, "properties": {"d": 30.0, "pre": 1, "post": 1, "section": 5}}, {"type": "Feature", "geometry": {"type": "Point", "coordinates": [401984.590676894, 320245.6958082149]}, "properties": {"d": 40.0, "pre": 1, "post": 1, "section": 5}}, {"type": "Feature", "geometry": {"type": "Point", "coordinates": [401985.8663672778, 320235.77751128224]}, "properties": {"d": 50.0, "pre": 1, "post": 1, "section": 5}}, {"type": "Feature", "geometry": {"type": "Point", "coordinates": [401987.1420576616, 320225.8592143496]}, "properties": {"d": 60.0, "pre": 1, "post": 1, "section": 5}}, {"type": "Feature", "geometry": {"type": "Point", "coordinates": [401988.4177480454, 320215.9409174169]}, "properties": {"d": 70.0, "pre": 1, "post": 1, "section": 5}}, {"type": "Feature", "geometry": {"type": "Point", "coordinates": [401989.69343842927, 320206.02262048423]}, "properties": {"d": 80.0, "pre": 1, "post": 1, "section": 5}}, {"type": "Feature", "geometry": {"type": "Point", "coordinates": [401990.96912881307, 320196.1043235516]}, "properties": {"d": 90.0, "pre": 1, "post": 1, "section": 5}}, {"type": "Feature", "geometry": {"type": "Point", "coordinates": [401992.2448191969, 320186.1860266189]}, "properties": {"d": 100.0, "pre": 1, "post": 1, "section": 5}}, {"type": "Feature", "geometry": {"type": "Point", "coordinates": [401993.5205095807, 320176.2677296862]}, "properties": {"d": 110.0, "pre": 1, "post": 1, "section": 5}}, {"type": "Feature", "geometry": {"type": "Point", "coordinates": [401994.7961999645, 320166.3494327535]}, "properties": {"d": 120.0, "pre": 1, "post": 1, "section": 5}}, {"type": "Feature", "geometry": {"type": "Point", "coordinates": [401996.0718903483, 320156.43113582087]}, "properties": {"d": 130.0, "pre": 1, "post": 1, "section": 5}}, {"type": "Feature", "geometry": {"type": "Point", "coordinates": [401997.3475807321, 320146.5128388882]}, "properties": {"d": 140.0, "pre": 1, "post": 1, "section": 5}}, {"type": "Feature", "geometry": {"type": "Point", "coordinates": [401998.6232711159, 320136.5945419555]}, "properties": {"d": 150.0, "pre": 1, "post": 1, "section": 5}}, {"type": "Feature", "geometry": {"type": "Point", "coordinates": [402464.20733309, 320445.57132968935]}, "properties": {"d": -100.0, "pre": 0, "post": 0, "section": 6}}, {"type": "Feature", "geometry": {"type": "Point", "coordinates": [402465.36315458646, 320435.638350445]}, "properties": {"d": -90.0, "pre": 0, "post": 0, "section": 6}}, {"type": "Feature", "geometry": {"type": "Point", "coordinates": [402466.5189760829, 320425.7053712007]}, "properties": {"d": -80.0, "pre": 0, "post": 0, "section": 6}}, {"type": "Feature", "geometry": {"type": "Point", "coordinates": [402467.67479757936, 320415.77239195636]}, "properties": {"d": -70.0, "pre": 0, "post": 0, "section": 6}}, {"type": "Feature", "geometry": {"type": "Point", "coordinates": [402468.8306190758, 320405.839412712]}, "properties": {"d": -60.0, "pre": 0, "post": 0, "section": 6}}, {"type": "Feature", "geometry": {"type": "Point", "coordinates": [402469.98644057225, 320395.9064334677]}, "properties": {"d": -50.0, "pre": 0, "post": 0, "section": 6}}, {"type": "Feature", "geometry": {"type": "Point", "coordinates": [402471.14226206875, 320385.97345422336]}, "properties": {"d": -40.0, "pre": 0, "post": 0, "section": 6}}, {"type": "Feature", "geometry": {"type": "Point", "coordinates": [402472.2980835652, 320376.04047497903]}, "properties": {"d": -30.0, "pre": 0, "post": 0, "section": 6}}, {"type": "Feature", "geometry": {"type": "Point", "coordinates": [402473.45390506164, 320366.1074957347]}, "properties": {"d": -20.0, "pre": 0, "post": 0, "section": 6}}, {"type": "Feature", "geometry": {"type": "Point", "coordinates": [402474.6097265581, 320356.17451649037]}, "properties": {"d": -10.0, "pre": 0, "post": 0, "section": 6}}, {"type": "Feature", "geometry": {"type": "Point", "coordinates": [402475.76554805454, 320346.24153724604]}, "properties": {"d": 0.0, "pre": 1, "post": 0, "section": 6}}, {"type": "Feature", "geometry": {"type": "Point", "coordinates": [402476.921369551, 320336.3085580017]}, "properties": {"d": 10.0, "pre": 1, "post": 0, "section": 6}}, {"type": "Feature", "geometry": {"type": "Point", "coordinates": [402478.0771910474, 320326.3755787574]}, "properties": {"d": 20.0, "pre": 1, "post": 0, "section": 6}}, {"type": "Feature", "geometry": {"type": "Point", "coordinates": [402479.2330125439, 320316.44259951304]}, "properties": {"d": 30.0, "pre": 1, "post": 1, "section": 6}}, {"type": "Feature", "geometry": {"type": "Point", "coordinates": [402480.3888340403, 320306.5096202687]}, "properties": {"d": 40.0, "pre": 1, "post": 1, "section": 6}}, {"type": "Feature", "geometry": {"type": "Point", "coordinates": [402481.5446555368, 320296.5766410244]}, "properties": {"d": 50.0, "pre": 1, "post": 1, "section": 6}}, {"type": "Feature", "geometry": {"type": "Point", "coordinates": [402482.7004770333, 320286.64366178005]}, "properties": {"d": 60.0, "pre": 1, "post": 1, "section": 6}}, {"type": "Feature", "geometry": {"type": "Point", "coordinates": [402483.8562985297, 320276.7106825357]}, "properties": {"d": 70.0, "pre": 1, "post": 1, "section": 6}}, {"type": "Feature", "geometry": {"type": "Point", "coordinates": [402485.01212002616, 320266.7777032914]}, "properties": {"d": 80.0, "pre": 1, "post": 1, "section": 6}}, {"type": "Feature", "geometry": {"type": "Point", "coordinates": [402486.1679415226, 320256.84472404706]}, "properties": {"d": 90.0, "pre": 1, "post": 1, "section": 6}}, {"type": "Feature", "geometry": {"type": "Point", "coordinates": [402487.32376301906, 320246.9117448027]}, "properties": {"d": 100.0, "pre": 1, "post": 1, "section": 6}}, {"type": "Feature", "geometry": {"type": "Point", "coordinates": [402488.4795845155, 320236.9787655584]}, "properties": {"d": 110.0, "pre": 1, "post": 1, "section": 6}}, {"type": "Feature", "geometry": {"type": "Point", "coordinates": [402489.63540601195, 320227.04578631406]}, "properties": {"d": 120.0, "pre": 1, "post": 1, "section": 6}}, {"type": "Feature", "geometry": {"type": "Point", "coordinates": [402490.79122750845, 320217.11280706973]}, "properties": {"d": 130.0, "pre": 1, "post": 1, "section": 6}}, {"type": "Feature", "geometry": {"type": "Point", "coordinates": [402491.9470490049, 320207.1798278254]}, "properties": {"d": 140.0, "pre": 1, "post": 1, "section": 6}}, {"type": "Feature", "geometry": {"type": "Point", "coordinates": [402493.10287050135, 320197.24684858107]}, "properties": {"d": 150.0, "pre": 1, "post": 1, "section": 6}}, {"type": "Feature", "geometry": {"type": "Point", "coordinates": [402962.61514143343, 320500.1276722782]}, "properties": {"d": -100.0, "pre": 0, "post": 0, "section": 7}}, {"type": "Feature", "geometry": {"type": "Point", "coordinates": [402963.632900194, 320490.1795987408]}, "properties": {"d": -90.0, "pre": 0, "post": 0, "section": 7}}, {"type": "Feature", "geometry": {"type": "Point", "coordinates": [402964.6506589546, 320480.23152520345]}, "properties": {"d": -80.0, "pre": 0, "post": 0, "section": 7}}, {"type": "Feature", "geometry": {"type": "Point", "coordinates": [402965.6684177152, 320470.28345166607]}, "properties": {"d": -70.0, "pre": 0, "post": 0, "section": 7}}, {"type": "Feature", "geometry": {"type": "Point", "coordinates": [402966.6861764758, 320460.3353781287]}, "properties": {"d": -60.0, "pre": 0, "post": 0, "section": 7}}, {"type": "Feature", "geometry": {"type": "Point", "coordinates": [402967.7039352363, 320450.3873045913]}, "properties": {"d": -50.0, "pre": 0, "post": 0, "section": 7}}, {"type": "Feature", "geometry": {"type": "Point", "coordinates": [402968.7216939969, 320440.43923105387]}, "properties": {"d": -40.0, "pre": 0, "post": 0, "section": 7}}, {"type": "Feature", "geometry": {"type": "Point", "coordinates": [402969.7394527575, 320430.4911575165]}, "properties": {"d": -30.0, "pre": 0, "post": 0, "section": 7}}, {"type": "Feature", "geometry": {"type": "Point", "coordinates": [402970.7572115181, 320420.5430839791]}, "properties": {"d": -20.0, "pre": 0, "post": 0, "section": 7}}, {"type": "Feature", "geometry": {"type": "Point", "coordinates": [402971.77497027867, 320410.5950104417]}, "properties": {"d": -10.0, "pre": 0, "post": 0, "section": 7}}, {"type": "Feature", "geometry": {"type": "Point", "coordinates": [402972.79272903927, 320400.64693690435]}, "properties": {"d": 0.0, "pre": 1, "post": 0, "section": 7}}, {"type": "Feature", "geometry": {"type": "Point", "coordinates": [402973.81048779987, 320390.69886336697]}, "properties": {"d": 10.0, "pre": 1, "post": 0, "section": 7}}, {"type": "Feature", "geometry": {"type": "Point", "coordinates": [402974.8282465604, 320380.7507898296]}, "properties": {"d": 20.0, "pre": 1, "post": 0, "section": 7}}, {"type": "Feature", "geometry": {"type": "Point", "coordinates": [402975.846005321, 320370.8027162922]}, "properties": {"d": 30.0, "pre": 1, "post": 1, "section": 7}}, {"type": "Feature", "geometry": {"type": "Point", "coordinates": [402976.8637640816, 320360.8546427548]}, "properties": {"d": 40.0, "pre": 1, "post": 1, "section": 7}}, {"type": "Feature", "geometry": {"type": "Point", "coordinates": [402977.8815228422, 320350.9065692174]}, "properties": {"d": 50.0, "pre": 1, "post": 1, "section": 7}}, {"type": "Feature", "geometry": {"type": "Point", "coordinates": [402978.89928160276, 320340.95849568]}, "properties": {"d": 60.0, "pre": 1, "post": 1, "section": 7}}, {"type": "Feature", "geometry": {"type": "Point", "coordinates": [402979.91704036336, 320331.01042214263]}, "properties": {"d": 70.0, "pre": 1, "post": 1, "section": 7}}, {"type": "Feature", "geometry": {"type": "Point", "coordinates": [402980.93479912396, 320321.06234860525]}, "properties": {"d": 80.0, "pre": 1, "post": 1, "section": 7}}, {"type": "Feature", "geometry": {"type": "Point", "coordinates": [402981.95255788456, 320311.11427506787]}, "properties": {"d": 90.0, "pre": 1, "post": 1, "section": 7}}, {"type": "Feature", "geometry": {"type": "Point", "coordinates": [402982.9703166451, 320301.1662015305]}, "properties": {"d": 100.0, "pre": 1, "post": 1, "section": 7}}, {"type": "Feature", "geometry": {"type": "Point", "coordinates": [402983.9880754057, 320291.2181279931]}, "properties": {"d": 110.0, "pre": 1, "post": 1, "section": 7}}, {"type": "Feature", "geometry": {"type": "Point", "coordinates": [402985.0058341663, 320281.27005445573]}, "properties": {"d": 120.0, "pre": 1, "post": 1, "section": 7}}, {"type": "Feature", "geometry": {"type": "Point", "coordinates": [402986.02359292685, 320271.32198091835]}, "properties": {"d": 130.0, "pre": 1, "post": 1, "section": 7}}, {"type": "Feature", "geometry": {"type": "Point", "coordinates": [402987.04135168745, 320261.3739073809]}, "properties": {"d": 140.0, "pre": 1, "post": 1, "section": 7}}, {"type": "Feature", "geometry": {"type": "Point", "coordinates": [402988.05911044806, 320251.42583384353]}, "properties": {"d": 150.0, "pre": 1, "post": 1, "section": 7}}, {"type": "Feature", "geometry": {"type": "Point", "coordinates": [403461.8969895951, 320547.41730109986]}, "properties": {"d": -100.0, "pre": 0, "post": 0, "section": 8}}, {"type": "Feature", "geometry": {"type": "Point", "coordinates": [403462.7633033199, 320537.454896745]}, "properties": {"d": -90.0, "pre": 0, "post": 0, "section": 8}}, {"type": "Feature", "geometry": {"type": "Point", "coordinates": [403463.62961704476, 320527.4924923901]}, "properties": {"d": -80.0, "pre": 0, "post": 0, "section": 8}}, {"type": "Feature", "geometry": {"type": "Point", "coordinates": [403464.49593076954, 320517.5300880352]}, "properties": {"d": -70.0, "pre": 0, "post": 0, "section": 8}}, {"type": "Feature", "geometry": {"type": "Point", "coordinates": [403465.3622444944, 320507.56768368033]}, "properties": {"d": -60.0, "pre": 0, "post": 0, "section": 8}}, {"type": "Feature", "geometry": {"type": "Point", "coordinates": [403466.2285582192, 320497.60527932545]}, "properties": {"d": -50.0, "pre": 0, "post": 0, "section": 8}}, {"type": "Feature", "geometry": {"type": "Point", "coordinates": [403467.094871944, 320487.64287497057]}, "properties": {"d": -40.0, "pre": 0, "post": 0, "section": 8}}, {"type": "Feature", "geometry": {"type": "Point", "coordinates": [403467.9611856688, 320477.6804706157]}, "properties": {"d": -30.0, "pre": 0, "post": 0, "section": 8}}, {"type": "Feature", "geometry": {"type": "Point", "coordinates": [403468.82749939366, 320467.7180662608]}, "properties": {"d": -20.0, "pre": 0, "post": 0, "section": 8}}, {"type": "Feature", "geometry": {"type": "Point", "coordinates": [403469.69381311844, 320457.7556619059]}, "properties": {"d": -10.0, "pre": 0, "post": 0, "section": 8}}, {"type": "Feature", "geometry": {"type": "Point", "coordinates": [403470.5601268433, 320447.79325755103]}, "properties": {"d": 0.0, "pre": 1, "post": 0, "section": 8}}, {"type": "Feature", "geometry": {"type": "Point", "coordinates": [403471.4264405681, 320437.83085319615]}, "properties": {"d": 10.0, "pre": 1, "post": 0, "section": 8}}, {"type": "Feature", "geometry": {"type": "Point", "coordinates": [403472.2927542929, 320427.86844884127]}, "properties": {"d": 20.0, "pre": 1, "post": 0, "section": 8}}, {"type": "Feature", "geometry": {"type": "Point", "coordinates": [403473.15906801773, 320417.9060444864]}, "properties": {"d": 30.0, "pre": 1, "post": 1, "section": 8}}, {"type": "Feature", "geometry": {"type": "Point", "coordinates": [403474.02538174257, 320407.9436401315]}, "properties": {"d": 40.0, "pre": 1, "post": 1, "section": 8}}, {"type": "Feature", "geometry": {"type": "Point", "coordinates": [403474.89169546735, 320397.9812357766]}, "properties": {"d": 50.0, "pre": 1, "post": 1, "section": 8}}, {"type": "Feature", "geometry": {"type": "Point", "coordinates": [403475.7580091922, 320388.01883142174]}, "properties": {"d": 60.0, "pre": 1, "post": 1, "section": 8}}, {"type": "Feature", "geometry": {"type": "Point", "coordinates": [403476.624322917, 320378.05642706685]}, "properties": {"d": 70.0, "pre": 1, "post": 1, "section": 8}}, {"type": "Feature", "geometry": {"type": "Point", "coordinates": [403477.4906366418, 320368.094022712]}, "properties": {"d": 80.0, "pre": 1, "post": 1, "section": 8}}, {"type": "Feature", "geometry": {"type": "Point", "coordinates": [403478.35695036664, 320358.1316183571]}, "properties": {"d": 90.0, "pre": 1, "post": 1, "section": 8}}, {"type": "Feature", "geometry": {"type": "Point", "coordinates": [403479.2232640915, 320348.1692140022]}, "properties": {"d": 100.0, "pre": 1, "post": 1, "section": 8}}, {"type": "Feature", "geometry": {"type": "Point", "coordinates": [403480.08957781625, 320338.2068096473]}, "properties": {"d": 110.0, "pre": 1, "post": 1, "section": 8}}, {"type": "Feature", "geometry": {"type": "Point", "coordinates": [403480.9558915411, 320328.24440529244]}, "properties": {"d": 120.0, "pre": 1, "post": 1, "section": 8}}, {"type": "Feature", "geometry": {"type": "Point", "coordinates": [403481.82220526587, 320318.28200093756]}, "properties": {"d": 130.0, "pre": 1, "post": 1, "section": 8}}, {"type": "Feature", "geometry": {"type": "Point", "coordinates": [403482.6885189907, 320308.3195965827]}, "properties": {"d": 140.0, "pre": 1, "post": 1, "section": 8}}, {"type": "Feature", "geometry": {"type": "Point", "coordinates": [403483.55483271554, 320298.3571922278]}, "properties": {"d": 150.0, "pre": 1, "post": 1, "section": 8}}, {"type": "Feature", "geometry": {"type": "Point", "coordinates": [403961.9357400686, 320586.89329583186]}, "properties": {"d": -100.0, "pre": 0, "post": 0, "section": 9}}, {"type": "Feature", "geometry": {"type": "Point", "coordinates": [403962.64255764184, 320576.91830666305]}, "properties": {"d": -90.0, "pre": 0, "post": 0, "section": 9}}, {"type": "Feature", "geometry": {"type": "Point", "coordinates": [403963.349375215, 320566.94331749424]}, "properties": {"d": -80.0, "pre": 0, "post": 0, "section": 9}}, {"type": "Feature", "geometry": {"type": "Point", "coordinates": [403964.05619278824, 320556.9683283254]}, "properties": {"d": -70.0, "pre": 0, "post": 0, "section": 9}}, {"type": "Feature", "geometry": {"type": "Point", "coordinates": [403964.76301036146, 320546.99333915656]}, "properties": {"d": -60.0, "pre": 0, "post": 0, "section": 9}}, {"type": "Feature", "geometry": {"type": "Point", "coordinates": [403965.4698279347, 320537.01834998775]}, "properties": {"d": -50.0, "pre": 0, "post": 0, "section": 9}}, {"type": "Feature", "geometry": {"type": "Point", "coordinates": [403966.1766455079, 320527.04336081893]}, "properties": {"d": -40.0, "pre": 0, "post": 0, "section": 9}}, {"type": "Feature", "geometry": {"type": "Point", "coordinates": [403966.88346308115, 320517.0683716501]}, "properties": {"d": -30.0, "pre": 0, "post": 0, "section": 9}}, {"type": "Feature", "geometry": {"type": "Point", "coordinates": [403967.5902806543, 320507.09338248125]}, "properties": {"d": -20.0, "pre": 0, "post": 0, "section": 9}}, {"type": "Feature", "geometry": {"type": "Point", "coordinates": [403968.29709822754, 320497.11839331244]}, "properties": {"d": -10.0, "pre": 0, "post": 0, "section": 9}}, {"type": "Feature", "geometry": {"type": "Point", "coordinates": [403969.0039158008, 320487.14340414363]}, "properties": {"d": 0.0, "pre": 1, "post": 0, "section": 9}}, {"type": "Feature", "geometry": {"type": "Point", "coordinates": [403969.710733374, 320477.1684149748]}, "properties": {"d": 10.0, "pre": 1, "post": 0, "section": 9}}, {"type": "Feature", "geometry": {"type": "Point", "coordinates": [403970.4175509472, 320467.193425806]}, "properties": {"d": 20.0, "pre": 1, "post": 0, "section": 9}}, {"type": "Feature", "geometry": {"type": "Point", "coordinates": [403971.1243685204, 320457.21843663714]}, "properties": {"d": 30.0, "pre": 1, "post": 1, "section": 9}}, {"type": "Feature", "geometry": {"type": "Point", "coordinates": [403971.8311860936, 320447.2434474683]}, "properties": {"d": 40.0, "pre": 1, "post": 1, "section": 9}}, {"type": "Feature", "geometry": {"type": "Point", "coordinates": [403972.53800366685, 320437.2684582995]}, "properties": {"d": 50.0, "pre": 1, "post": 1, "section": 9}}, {"type": "Feature", "geometry": {"type": "Point", "coordinates": [403973.2448212401, 320427.2934691307]}, "properties": {"d": 60.0, "pre": 1, "post": 1, "section": 9}}, {"type": "Feature", "geometry": {"type": "Point", "coordinates": [403973.9516388133, 320417.31847996183]}, "properties": {"d": 70.0, "pre": 1, "post": 1, "section": 9}}, {"type": "Feature", "geometry": {"type": "Point", "coordinates": [403974.65845638653, 320407.343490793]}, "properties": {"d": 80.0, "pre": 1, "post": 1, "section": 9}}, {"type": "Feature", "geometry": {"type": "Point", "coordinates": [403975.3652739597, 320397.3685016242]}, "properties": {"d": 90.0, "pre": 1, "post": 1, "section": 9}}, {"type": "Feature", "geometry": {"type": "Point", "coordinates": [403976.07209153293, 320387.3935124554]}, "properties": {"d": 100.0, "pre": 1, "post": 1, "section": 9}}, {"type": "Feature", "geometry": {"type": "Point", "coordinates": [403976.77890910616, 320377.4185232865]}, "properties": {"d": 110.0, "pre": 1, "post": 1, "section": 9}}, {"type": "Feature", "geometry": {"type": "Point", "coordinates": [403977.4857266794, 320367.4435341177]}, "properties": {"d": 120.0, "pre": 1, "post": 1, "section": 9}}, {"type": "Feature", "geometry": {"type": "Point", "coordinates": [403978.1925442526, 320357.4685449489]}, "properties": {"d": 130.0, "pre": 1, "post": 1, "section": 9}}, {"type": "Feature", "geometry": {"type": "Point", "coordinates": [403978.89936182584, 320347.4935557801]}, "properties": {"d": 140.0, "pre": 1, "post": 1, "section": 9}}, {"type": "Feature", "geometry": {"type": "Point", "coordinates": [403979.606179399, 320337.5185666112]}, "properties": {"d": 150.0, "pre": 1, "post": 1, "section": 9}}, {"type": "Feature", "geometry": {"type": "Point", "coordinates": [404462.5687650687, 320618.287341681]}, "properties": {"d": -100.0, "pre": 0, "post": 0, "section": 10}}, {"type": "Feature", "geometry": {"type": "Point", "coordinates": [404463.11371031747, 320608.3022009872]}, "properties": {"d": -90.0, "pre": 0, "post": 0, "section": 10}}, {"type": "Feature", "geometry": {"type": "Point", "coordinates": [404463.6586555663, 320598.3170602933]}, "properties": {"d": -80.0, "pre": 0, "post": 0, "section": 10}}, {"type": "Feature", "geometry": {"type": "Point", "coordinates": [404464.20360081503, 320588.33191959944]}, "properties": {"d": -70.0, "pre": 0, "post": 0, "section": 10}}, {"type": "Feature", "geometry": {"type": "Point", "coordinates": [404464.7485460638, 320578.3467789056]}, "properties": {"d": -60.0, "pre": 0, "post": 0, "section": 10}}, {"type": "Feature", "geometry": {"type": "Point", "coordinates": [404465.2934913126, 320568.36163821176]}, "properties": {"d": -50.0, "pre": 0, "post": 0, "section": 10}}, {"type": "Feature", "geometry": {"type": "Point", "coordinates": [404465.83843656135, 320558.3764975179]}, "properties": {"d": -40.0, "pre": 0, "post": 0, "section": 10}}, {"type": "Feature", "geometry": {"type": "Point", "coordinates": [404466.3833818101, 320548.3913568241]}, "properties": {"d": -30.0, "pre": 0, "post": 0, "section": 10}}, {"type": "Feature", "geometry": {"type": "Point", "coordinates": [404466.92832705885, 320538.40621613024]}, "properties": {"d": -20.0, "pre": 0, "post": 0, "section": 10}}, {"type": "Feature", "geometry": {"type": "Point", "coordinates": [404467.47327230766, 320528.4210754364]}, "properties": {"d": -10.0, "pre": 0, "post": 0, "section": 10}}, {"type": "Feature", "geometry": {"type": "Point", "coordinates": [404468.0182175564, 320518.43593474256]}, "properties": {"d": 0.0, "pre": 1, "post": 0, "section": 10}}, {"type": "Feature", "geometry": {"type": "Point", "coordinates": [404468.56316280516, 320508.4507940487]}, "properties": {"d": 10.0, "pre": 1, "post": 0, "section": 10}}, {"type": "Feature", "geometry": {"type": "Point", "coordinates": [404469.108108054, 320498.4656533549]}, "properties": {"d": 20.0, "pre": 1, "post": 0, "section": 10}}, {"type": "Feature", "geometry": {"type": "Point", "coordinates": [404469.6530533027, 320488.48051266104]}, "properties": {"d": 30.0, "pre": 1, "post": 0, "section": 10}}, {"type": "Feature", "geometry": {"type": "Point", "coordinates": [404470.1979985515, 320478.4953719672]}, "properties": {"d": 40.0, "pre": 1, "post": 1, "section": 10}}, {"type": "Feature", "geometry": {"type": "Point", "coordinates": [404470.74294380023, 320468.51023127337]}, "properties": {"d": 50.0, "pre": 1, "post": 1, "section": 10}}, {"type": "Feature", "geometry": {"type": "Point", "coordinates": [404471.28788904904, 320458.5250905795]}, "properties": {"d": 60.0, "pre": 1, "post": 1, "section": 10}}, {"type": "Feature", "geometry": {"type": "Point", "coordinates": [404471.8328342978, 320448.5399498857]}, "properties": {"d": 70.0, "pre": 1, "post": 1, "section": 10}}, {"type": "Feature", "geometry": {"type": "Point", "coordinates": [404472.37777954654, 320438.55480919185]}, "properties": {"d": 80.0, "pre": 1, "post": 1, "section": 10}}, {"type": "Feature", "geometry": {"type": "Point", "coordinates": [404472.92272479535, 320428.56966849795]}, "properties": {"d": 90.0, "pre": 1, "post": 1, "section": 10}}, {"type": "Feature", "geometry": {"type": "Point", "coordinates": [404473.4676700441, 320418.5845278041]}, "properties": {"d": 100.0, "pre": 1, "post": 1, "section": 10}}, {"type": "Feature", "geometry": {"type": "Point", "coordinates": [404474.01261529286, 320408.59938711027]}, "properties": {"d": 110.0, "pre": 1, "post": 1, "section": 10}}, {"type": "Feature", "geometry": {"type": "Point", "coordinates": [404474.5575605416, 320398.61424641643]}, "properties": {"d": 120.0, "pre": 1, "post": 1, "section": 10}}, {"type": "Feature", "geometry": {"type": "Point", "coordinates": [404475.1025057904, 320388.6291057226]}, "properties": {"d": 130.0, "pre": 1, "post": 1, "section": 10}}, {"type": "Feature", "geometry": {"type": "Point", "coordinates": [404475.64745103917, 320378.64396502875]}, "properties": {"d": 140.0, "pre": 1, "post": 1, "section": 10}}, {"type": "Feature", "geometry": {"type": "Point", "coordinates": [404476.1923962879, 320368.6588243349]}, "properties": {"d": 150.0, "pre": 1, "post": 1, "section": 10}}, {"type": "Feature", "geometry": {"type": "Point", "coordinates": [404963.6087822638, 320641.6175875391]}, "properties": {"d": -100.0, "pre": 0, "post": 0, "section": 11}}, {"type": "Feature", "geometry": {"type": "Point", "coordinates": [404963.99508274155, 320631.6250517277]}, "properties": {"d": -90.0, "pre": 0, "post": 0, "section": 11}}, {"type": "Feature", "geometry": {"type": "Point", "coordinates": [404964.3813832192, 320621.63251591637]}, "properties": {"d": -80.0, "pre": 0, "post": 0, "section": 11}}, {"type": "Feature", "geometry": {"type": "Point", "coordinates": [404964.76768369693, 320611.63998010504]}, "properties": {"d": -70.0, "pre": 0, "post": 0, "section": 11}}, {"type": "Feature", "geometry": {"type": "Point", "coordinates": [404965.15398417466, 320601.6474442937]}, "properties": {"d": -60.0, "pre": 0, "post": 0, "section": 11}}, {"type": "Feature", "geometry": {"type": "Point", "coordinates": [404965.5402846523, 320591.65490848233]}, "properties": {"d": -50.0, "pre": 0, "post": 0, "section": 11}}, {"type": "Feature", "geometry": {"type": "Point", "coordinates": [404965.92658513004, 320581.662372671]}, "properties": {"d": -40.0, "pre": 0, "post": 0, "section": 11}}, {"type": "Feature", "geometry": {"type": "Point", "coordinates": [404966.31288560777, 320571.6698368597]}, "properties": {"d": -30.0, "pre": 0, "post": 0, "section": 11}}, {"type": "Feature", "geometry": {"type": "Point", "coordinates": [404966.6991860855, 320561.67730104836]}, "properties": {"d": -20.0, "pre": 0, "post": 0, "section": 11}}, {"type": "Feature", "geometry": {"type": "Point", "coordinates": [404967.08548656316, 320551.684765237]}, "properties": {"d": -10.0, "pre": 0, "post": 0, "section": 11}}, {"type": "Feature", "geometry": {"type": "Point", "coordinates": [404967.4717870409, 320541.69222942565]}, "properties": {"d": 0.0, "pre": 1, "post": 0, "section": 11}}, {"type": "Feature", "geometry": {"type": "Point", "coordinates": [404967.8580875186, 320531.6996936143]}, "properties": {"d": 10.0, "pre": 1, "post": 0, "section": 11}}, {"type": "Feature", "geometry": {"type": "Point", "coordinates": [404968.24438799627, 320521.70715780294]}, "properties": {"d": 20.0, "pre": 1, "post": 0, "section": 11}}, {"type": "Feature", "geometry": {"type": "Point", "coordinates": [404968.630688474, 320511.7146219916]}, "properties": {"d": 30.0, "pre": 1, "post": 0, "section": 11}}, {"type": "Feature", "geometry": {"type": "Point", "coordinates": [404969.0169889517, 320501.7220861803]}, "properties": {"d": 40.0, "pre": 1, "post": 1, "section": 11}}, {"type": "Feature", "geometry": {"type": "Point", "coordinates": [404969.40328942944, 320491.72955036897]}, "properties": {"d": 50.0, "pre": 1, "post": 1, "section": 11}}, {"type": "Feature", "geometry": {"type": "Point", "coordinates": [404969.7895899071, 320481.7370145576]}, "properties": {"d": 60.0, "pre": 1, "post": 1, "section": 11}}, {"type": "Feature", "geometry": {"type": "Point", "coordinates": [404970.1758903848, 320471.74447874626]}, "properties": {"d": 70.0, "pre": 1, "post": 1, "section": 11}}, {"type": "Feature", "geometry": {"type": "Point", "coordinates": [404970.56219086255, 320461.75194293493]}, "properties": {"d": 80.0, "pre": 1, "post": 1, "section": 11}}, {"type": "Feature", "geometry": {"type": "Point", "coordinates": [404970.9484913402, 320451.7594071236]}, "properties": {"d": 90.0, "pre": 1, "post": 1, "section": 11}}, {"type": "Feature", "geometry": {"type": "Point", "coordinates": [404971.33479181794, 320441.7668713122]}, "properties": {"d": 100.0, "pre": 1, "post": 1, "section": 11}}, {"type": "Feature", "geometry": {"type": "Point", "coordinates": [404971.72109229566, 320431.7743355009]}, "properties": {"d": 110.0, "pre": 1, "post": 1, "section": 11}}, {"type": "Feature", "geometry": {"type": "Point", "coordinates": [404972.1073927733, 320421.7817996896]}, "properties": {"d": 120.0, "pre": 1, "post": 1, "section": 11}}, {"type": "Feature", "geometry": {"type": "Point", "coordinates": [404972.49369325105, 320411.78926387825]}, "properties": {"d": 130.0, "pre": 1, "post": 1, "section": 11}}, {"type": "Feature", "geometry": {"type": "Point", "coordinates": [404972.87999372877, 320401.79672806687]}, "properties": {"d": 140.0, "pre": 1, "post": 1, "section": 11}}, {"type": "Feature", "geometry": {"type": "Point", "coordinates": [404973.2662942065, 320391.80419225554]}, "properties": {"d": 150.0, "pre": 1, "post": 1, "section": 11}}, {"type": "Feature", "geometry": {"type": "Point", "coordinates": [405464.86428580404, 320657.1805947306]}, "properties": {"d": -100.0, "pre": 0, "post": 0, "section": 12}}, {"type": "Feature", "geometry": {"type": "Point", "coordinates": [405465.100482696, 320647.1833845684]}, "properties": {"d": -90.0, "pre": 0, "post": 0, "section": 12}}, {"type": "Feature", "geometry": {"type": "Point", "coordinates": [405465.336679588, 320637.1861744061]}, "properties": {"d": -80.0, "pre": 0, "post": 0, "section": 12}}, {"type": "Feature", "geometry": {"type": "Point", "coordinates": [405465.57287647994, 320627.18896424386]}, "properties": {"d": -70.0, "pre": 0, "post": 0, "section": 12}}, {"type": "Feature", "geometry": {"type": "Point", "coordinates": [405465.80907337193, 320617.19175408164]}, "properties": {"d": -60.0, "pre": 0, "post": 0, "section": 12}}, {"type": "Feature", "geometry": {"type": "Point", "coordinates": [405466.0452702639, 320607.19454391935]}, "properties": {"d": -50.0, "pre": 0, "post": 0, "section": 12}}, {"type": "Feature", "geometry": {"type": "Point", "coordinates": [405466.28146715584, 320597.1973337571]}, "properties": {"d": -40.0, "pre": 0, "post": 0, "section": 12}}, {"type": "Feature", "geometry": {"type": "Point", "coordinates": [405466.51766404783, 320587.20012359484]}, "properties": {"d": -30.0, "pre": 0, "post": 0, "section": 12}}, {"type": "Feature", "geometry": {"type": "Point", "coordinates": [405466.7538609398, 320577.2029134326]}, "properties": {"d": -20.0, "pre": 0, "post": 0, "section": 12}}, {"type": "Feature", "geometry": {"type": "Point", "coordinates": [405466.99005783175, 320567.20570327033]}, "properties": {"d": -10.0, "pre": 0, "post": 0, "section": 12}}, {"type": "Feature", "geometry": {"type": "Point", "coordinates": [405467.22625472373, 320557.2084931081]}, "properties": {"d": 0.0, "pre": 1, "post": 0, "section": 12}}, {"type": "Feature", "geometry": {"type": "Point", "coordinates": [405467.4624516157, 320547.2112829459]}, "properties": {"d": 10.0, "pre": 1, "post": 0, "section": 12}}, {"type": "Feature", "geometry": {"type": "Point", "coordinates": [405467.69864850765, 320537.2140727836]}, "properties": {"d": 20.0, "pre": 1, "post": 0, "section": 12}}, {"type": "Feature", "geometry": {"type": "Point", "coordinates": [405467.93484539964, 320527.21686262137]}, "properties": {"d": 30.0, "pre": 1, "post": 0, "section": 12}}, {"type": "Feature", "geometry": {"type": "Point", "coordinates": [405468.1710422916, 320517.2196524591]}, "properties": {"d": 40.0, "pre": 1, "post": 1, "section": 12}}, {"type": "Feature", "geometry": {"type": "Point", "coordinates": [405468.40723918355, 320507.22244229686]}, "properties": {"d": 50.0, "pre": 1, "post": 1, "section": 12}}, {"type": "Feature", "geometry": {"type": "Point", "coordinates": [405468.64343607554, 320497.2252321346]}, "properties": {"d": 60.0, "pre": 1, "post": 1, "section": 12}}, {"type": "Feature", "geometry": {"type": "Point", "coordinates": [405468.8796329675, 320487.22802197235]}, "properties": {"d": 70.0, "pre": 1, "post": 1, "section": 12}}, {"type": "Feature", "geometry": {"type": "Point", "coordinates": [405469.11582985945, 320477.2308118101]}, "properties": {"d": 80.0, "pre": 1, "post": 1, "section": 12}}, {"type": "Feature", "geometry": {"type": "Point", "coordinates": [405469.35202675144, 320467.23360164784]}, "properties": {"d": 90.0, "pre": 1, "post": 1, "section": 12}}, {"type": "Feature", "geometry": {"type": "Point", "coordinates": [405469.5882236434, 320457.2363914856]}, "properties": {"d": 100.0, "pre": 1, "post": 1, "section": 12}}, {"type": "Feature", "geometry": {"type": "Point", "coordinates": [405469.82442053535, 320447.2391813233]}, "properties": {"d": 110.0, "pre": 1, "post": 1, "section": 12}}, {"type": "Feature", "geometry": {"type": "Point", "coordinates": [405470.06061742734, 320437.2419711611]}, "properties": {"d": 120.0, "pre": 1, "post": 1, "section": 12}}, {"type": "Feature", "geometry": {"type": "Point", "coordinates": [405470.2968143193, 320427.2447609988]}, "properties": {"d": 130.0, "pre": 1, "post": 1, "section": 12}}, {"type": "Feature", "geometry": {"type": "Point", "coordinates": [405470.53301121126, 320417.2475508366]}, "properties": {"d": 140.0, "pre": 1, "post": 1, "section": 12}}, {"type": "Feature", "geometry": {"type": "Point", "coordinates": [405470.76920810324, 320407.2503406743]}, "properties": {"d": 150.0, "pre": 1, "post": 1, "section": 12}}, {"type": "Feature", "geometry": {"type": "Point", "coordinates": [405966.15959181427, 320665.52773540304]}, "properties": {"d": -100.0, "pre": 0, "post": 0, "section": 13}}, {"type": "Feature", "geometry": {"type": "Point", "coordinates": [405966.2589365225, 320655.5282288838]}, "properties": {"d": -90.0, "pre": 0, "post": 0, "section": 13}}, {"type": "Feature", "geometry": {"type": "Point", "coordinates": [405966.35828123085, 320645.5287223645]}, "properties": {"d": -80.0, "pre": 0, "post": 0, "section": 13}}, {"type": "Feature", "geometry": {"type": "Point", "coordinates": [405966.45762593916, 320635.5292158452]}, "properties": {"d": -70.0, "pre": 0, "post": 0, "section": 13}}, {"type": "Feature", "geometry": {"type": "Point", "coordinates": [405966.5569706475, 320625.529709326]}, "properties": {"d": -60.0, "pre": 0, "post": 0, "section": 13}}, {"type": "Feature", "geometry": {"type": "Point", "coordinates": [405966.6563153558, 320615.5302028067]}, "properties": {"d": -50.0, "pre": 0, "post": 0, "section": 13}}, {"type": "Feature", "geometry": {"type": "Point", "coordinates": [405966.7556600641, 320605.5306962874]}, "properties": {"d": -40.0, "pre": 0, "post": 0, "section": 13}}, {"type": "Feature", "geometry": {"type": "Point", "coordinates": [405966.8550047724, 320595.53118976817]}, "properties": {"d": -30.0, "pre": 0, "post": 0, "section": 13}}, {"type": "Feature", "geometry": {"type": "Point", "coordinates": [405966.95434948074, 320585.5316832489]}, "properties": {"d": -20.0, "pre": 0, "post": 0, "section": 13}}, {"type": "Feature", "geometry": {"type": "Point", "coordinates": [405967.05369418906, 320575.53217672964]}, "properties": {"d": -10.0, "pre": 0, "post": 0, "section": 13}}, {"type": "Feature", "geometry": {"type": "Point", "coordinates": [405967.1530388974, 320565.53267021035]}, "properties": {"d": 0.0, "pre": 1, "post": 0, "section": 13}}, {"type": "Feature", "geometry": {"type": "Point", "coordinates": [405967.2523836057, 320555.53316369106]}, "properties": {"d": 10.0, "pre": 1, "post": 0, "section": 13}}, {"type": "Feature", "geometry": {"type": "Point", "coordinates": [405967.351728314, 320545.5336571718]}, "properties": {"d": 20.0, "pre": 1, "post": 0, "section": 13}}, {"type": "Feature", "geometry": {"type": "Point", "coordinates": [405967.4510730223, 320535.53415065253]}, "properties": {"d": 30.0, "pre": 1, "post": 0, "section": 13}}, {"type": "Feature", "geometry": {"type": "Point", "coordinates": [405967.55041773064, 320525.5346441333]}, "properties": {"d": 40.0, "pre": 1, "post": 1, "section": 13}}, {"type": "Feature", "geometry": {"type": "Point", "coordinates": [405967.64976243896, 320515.535137614]}, "properties": {"d": 50.0, "pre": 1, "post": 1, "section": 13}}, {"type": "Feature", "geometry": {"type": "Point", "coordinates": [405967.7491071473, 320505.5356310947]}, "properties": {"d": 60.0, "pre": 1, "post": 1, "section": 13}}, {"type": "Feature", "geometry": {"type": "Point", "coordinates": [405967.8484518556, 320495.5361245755]}, "properties": {"d": 70.0, "pre": 1, "post": 1, "section": 13}}, {"type": "Feature", "geometry": {"type": "Point", "coordinates": [405967.9477965639, 320485.5366180562]}, "properties": {"d": 80.0, "pre": 1, "post": 1, "section": 13}}, {"type": "Feature", "geometry": {"type": "Point", "coordinates": [405968.0471412722, 320475.5371115369]}, "properties": {"d": 90.0, "pre": 1, "post": 1, "section": 13}}, {"type": "Feature", "geometry": {"type": "Point", "coordinates": [405968.1464859805, 320465.53760501766]}, "properties": {"d": 100.0, "pre": 1, "post": 1, "section": 13}}, {"type": "Feature", "geometry": {"type": "Point", "coordinates": [405968.2458306888, 320455.53809849836]}, "properties": {"d": 110.0, "pre": 1, "post": 1, "section": 13}}, {"type": "Feature", "geometry": {"type": "Point", "coordinates": [405968.3451753971, 320445.53859197913]}, "properties": {"d": 120.0, "pre": 1, "post": 1, "section": 13}}, {"type": "Feature", "geometry": {"type": "Point", "coordinates": [405968.44452010543, 320435.53908545984]}, "properties": {"d": 130.0, "pre": 1, "post": 1, "section": 13}}, {"type": "Feature", "geometry": {"type": "Point", "coordinates": [405968.54386481375, 320425.53957894054]}, "properties": {"d": 140.0, "pre": 1, "post": 1, "section": 13}}, {"type": "Feature", "geometry": {"type": "Point", "coordinates": [405968.64320952207, 320415.5400724213]}, "properties": {"d": 150.0, "pre": 1, "post": 1, "section": 13}}, {"type": "Feature", "geometry": {"type": "Point", "coordinates": [406467.35036921664, 320667.42773227126]}, "properties": {"d": -100.0, "pre": 0, "post": 0, "section": 14}}, {"type": "Feature", "geometry": {"type": "Point", "coordinates": [406467.32997707895, 320657.42775306327]}, "properties": {"d": -90.0, "pre": 0, "post": 0, "section": 14}}, {"type": "Feature", "geometry": {"type": "Point", "coordinates": [406467.30958494125, 320647.4277738552]}, "properties": {"d": -80.0, "pre": 0, "post": 0, "section": 14}}, {"type": "Feature", "geometry": {"type": "Point", "coordinates": [406467.28919280355, 320637.4277946472]}, "properties": {"d": -70.0, "pre": 0, "post": 0, "section": 14}}, {"type": "Feature", "geometry": {"type": "Point", "coordinates": [406467.26880066586, 320627.4278154392]}, "properties": {"d": -60.0, "pre": 0, "post": 0, "section": 14}}, {"type": "Feature", "geometry": {"type": "Point", "coordinates": [406467.24840852816, 320617.4278362312]}, "properties": {"d": -50.0, "pre": 0, "post": 0, "section": 14}}, {"type": "Feature", "geometry": {"type": "Point", "coordinates": [406467.22801639047, 320607.4278570232]}, "properties": {"d": -40.0, "pre": 0, "post": 0, "section": 14}}, {"type": "Feature", "geometry": {"type": "Point", "coordinates": [406467.20762425277, 320597.42787781515]}, "properties": {"d": -30.0, "pre": 0, "post": 0, "section": 14}}, {"type": "Feature", "geometry": {"type": "Point", "coordinates": [406467.1872321151, 320587.42789860716]}, "properties": {"d": -20.0, "pre": 0, "post": 0, "section": 14}}, {"type": "Feature", "geometry": {"type": "Point", "coordinates": [406467.1668399774, 320577.4279193991]}, "properties": {"d": -10.0, "pre": 0, "post": 0, "section": 14}}, {"type": "Feature", "geometry": {"type": "Point", "coordinates": [406467.1464478397, 320567.4279401911]}, "properties": {"d": 0.0, "pre": 1, "post": 0, "section": 14}}, {"type": "Feature", "geometry": {"type": "Point", "coordinates": [406467.126055702, 320557.4279609831]}, "properties": {"d": 10.0, "pre": 1, "post": 0, "section": 14}}, {"type": "Feature", "geometry": {"type": "Point", "coordinates": [406467.1056635643, 320547.4279817751]}, "properties": {"d": 20.0, "pre": 1, "post": 0, "section": 14}}, {"type": "Feature", "geometry": {"type": "Point", "coordinates": [406467.0852714266, 320537.4280025671]}, "properties": {"d": 30.0, "pre": 1, "post": 0, "section": 14}}, {"type": "Feature", "geometry": {"type": "Point", "coordinates": [406467.0648792889, 320527.42802335904]}, "properties": {"d": 40.0, "pre": 1, "post": 1, "section": 14}}, {"type": "Feature", "geometry": {"type": "Point", "coordinates": [406467.0444871512, 320517.42804415105]}, "properties": {"d": 50.0, "pre": 1, "post": 1, "section": 14}}, {"type": "Feature", "geometry": {"type": "Point", "coordinates": [406467.0240950135, 320507.42806494306]}, "properties": {"d": 60.0, "pre": 1, "post": 1, "section": 14}}, {"type": "Feature", "geometry": {"type": "Point", "coordinates": [406467.0037028758, 320497.428085735]}, "properties": {"d": 70.0, "pre": 1, "post": 1, "section": 14}}, {"type": "Feature", "geometry": {"type": "Point", "coordinates": [406466.9833107381, 320487.428106527]}, "properties": {"d": 80.0, "pre": 1, "post": 1, "section": 14}}, {"type": "Feature", "geometry": {"type": "Point", "coordinates": [406466.9629186004, 320477.42812731897]}, "properties": {"d": 90.0, "pre": 1, "post": 1, "section": 14}}, {"type": "Feature", "geometry": {"type": "Point", "coordinates": [406466.9425264627, 320467.428148111]}, "properties": {"d": 100.0, "pre": 1, "post": 1, "section": 14}}, {"type": "Feature", "geometry": {"type": "Point", "coordinates": [406466.922134325, 320457.428168903]}, "properties": {"d": 110.0, "pre": 1, "post": 1, "section": 14}}, {"type": "Feature", "geometry": {"type": "Point", "coordinates": [406466.9017421873, 320447.42818969494]}, "properties": {"d": 120.0, "pre": 1, "post": 1, "section": 14}}, {"type": "Feature", "geometry": {"type": "Point", "coordinates": [406466.88135004963, 320437.42821048695]}, "properties": {"d": 130.0, "pre": 1, "post": 1, "section": 14}}, {"type": "Feature", "geometry": {"type": "Point", "coordinates": [406466.86095791194, 320427.4282312789]}, "properties": {"d": 140.0, "pre": 1, "post": 1, "section": 14}}, {"type": "Feature", "geometry": {"type": "Point", "coordinates": [406466.84056577424, 320417.4282520709]}, "properties": {"d": 150.0, "pre": 1, "post": 1, "section": 14}}, {"type": "Feature", "geometry": {"type": "Point", "coordinates": [406968.3331202607, 320663.818447229]}, "properties": {"d": -100.0, "pre": 0, "post": 0, "section": 15}}, {"type": "Feature", "geometry": {"type": "Point", "coordinates": [406968.21294706856, 320653.81916933483]}, "properties": {"d": -90.0, "pre": 0, "post": 0, "section": 15}}, {"type": "Feature", "geometry": {"type": "Point", "coordinates": [406968.09277387644, 320643.81989144074]}, "properties": {"d": -80.0, "pre": 0, "post": 0, "section": 15}}, {"type": "Feature", "geometry": {"type": "Point", "coordinates": [406967.9726006843, 320633.8206135466]}, "properties": {"d": -70.0, "pre": 0, "post": 0, "section": 15}}, {"type": "Feature", "geometry": {"type": "Point", "coordinates": [406967.8524274922, 320623.8213356525]}, "properties": {"d": -60.0, "pre": 0, "post": 0, "section": 15}}, {"type": "Feature", "geometry": {"type": "Point", "coordinates": [406967.73225430015, 320613.82205775834]}, "properties": {"d": -50.0, "pre": 0, "post": 0, "section": 15}}, {"type": "Feature", "geometry": {"type": "Point", "coordinates": [406967.61208110803, 320603.82277986425]}, "properties": {"d": -40.0, "pre": 0, "post": 0, "section": 15}}, {"type": "Feature", "geometry": {"type": "Point", "coordinates": [406967.4919079159, 320593.8235019701]}, "properties": {"d": -30.0, "pre": 0, "post": 0, "section": 15}}, {"type": "Feature", "geometry": {"type": "Point", "coordinates": [406967.3717347238, 320583.824224076]}, "properties": {"d": -20.0, "pre": 0, "post": 0, "section": 15}}, {"type": "Feature", "geometry": {"type": "Point", "coordinates": [406967.2515615317, 320573.82494618185]}, "properties": {"d": -10.0, "pre": 0, "post": 0, "section": 15}}, {"type": "Feature", "geometry": {"type": "Point", "coordinates": [406967.13138833956, 320563.82566828775]}, "properties": {"d": 0.0, "pre": 1, "post": 0, "section": 15}}, {"type": "Feature", "geometry": {"type": "Point", "coordinates": [406967.01121514745, 320553.82639039366]}, "properties": {"d": 10.0, "pre": 1, "post": 0, "section": 15}}, {"type": "Feature", "geometry": {"type": "Point", "coordinates": [406966.8910419553, 320543.8271124995]}, "properties": {"d": 20.0, "pre": 1, "post": 0, "section": 15}}, {"type": "Feature", "geometry": {"type": "Point", "coordinates": [406966.7708687632, 320533.8278346054]}, "properties": {"d": 30.0, "pre": 1, "post": 0, "section": 15}}, {"type": "Feature", "geometry": {"type": "Point", "coordinates": [406966.6506955711, 320523.82855671126]}, "properties": {"d": 40.0, "pre": 1, "post": 1, "section": 15}}, {"type": "Feature", "geometry": {"type": "Point", "coordinates": [406966.530522379, 320513.82927881717]}, "properties": {"d": 50.0, "pre": 1, "post": 1, "section": 15}}, {"type": "Feature", "geometry": {"type": "Point", "coordinates": [406966.4103491869, 320503.830000923]}, "properties": {"d": 60.0, "pre": 1, "post": 1, "section": 15}}, {"type": "Feature", "geometry": {"type": "Point", "coordinates": [406966.2901759948, 320493.8307230289]}, "properties": {"d": 70.0, "pre": 1, "post": 1, "section": 15}}, {"type": "Feature", "geometry": {"type": "Point", "coordinates": [406966.1700028027, 320483.83144513477]}, "properties": {"d": 80.0, "pre": 1, "post": 1, "section": 15}}, {"type": "Feature", "geometry": {"type": "Point", "coordinates": [406966.04982961057, 320473.8321672407]}, "properties": {"d": 90.0, "pre": 1, "post": 1, "section": 15}}, {"type": "Feature", "geometry": {"type": "Point", "coordinates": [406965.92965641845, 320463.8328893465]}, "properties": {"d": 100.0, "pre": 1, "post": 1, "section": 15}}, {"type": "Feature", "geometry": {"type": "Point", "coordinates": [406965.80948322633, 320453.8336114524]}, "properties": {"d": 110.0, "pre": 1, "post": 1, "section": 15}}, {"type": "Feature", "geometry": {"type": "Point", "coordinates": [406965.6893100342, 320443.8343335583]}, "properties": {"d": 120.0, "pre": 1, "post": 1, "section": 15}}, {"type": "Feature", "geometry": {"type": "Point", "coordinates": [406965.5691368421, 320433.8350556642]}, "properties": {"d": 130.0, "pre": 1, "post": 1, "section": 15}}, {"type": "Feature", "geometry": {"type": "Point", "coordinates": [406965.44896365, 320423.83577777003]}, "properties": {"d": 140.0, "pre": 1, "post": 1, "section": 15}}, {"type": "Feature", "geometry": {"type": "Point", "coordinates": [406965.32879045786, 320413.83649987594]}, "properties": {"d": 150.0, "pre": 1, "post": 1, "section": 15}}, {"type": "Feature", "geometry": {"type": "Point", "coordinates": [407469.0481029998, 320655.7516370886]}, "properties": {"d": -100.0, "pre": 0, "post": 0, "section": 16}}, {"type": "Feature", "geometry": {"type": "Point", "coordinates": [407468.84981609817, 320645.7536031666]}, "properties": {"d": -90.0, "pre": 0, "post": 0, "section": 16}}, {"type": "Feature", "geometry": {"type": "Point", "coordinates": [407468.6515291966, 320635.7555692447]}, "properties": {"d": -80.0, "pre": 0, "post": 0, "section": 16}}, {"type": "Feature", "geometry": {"type": "Point", "coordinates": [407468.45324229496, 320625.7575353227]}, "properties": {"d": -70.0, "pre": 0, "post": 0, "section": 16}}, {"type": "Feature", "geometry": {"type": "Point", "coordinates": [407468.2549553933, 320615.75950140075]}, "properties": {"d": -60.0, "pre": 0, "post": 0, "section": 16}}, {"type": "Feature", "geometry": {"type": "Point", "coordinates": [407468.05666849174, 320605.76146747876]}, "properties": {"d": -50.0, "pre": 0, "post": 0, "section": 16}}, {"type": "Feature", "geometry": {"type": "Point", "coordinates": [407467.8583815901, 320595.76343355683]}, "properties": {"d": -40.0, "pre": 0, "post": 0, "section": 16}}, {"type": "Feature", "geometry": {"type": "Point", "coordinates": [407467.66009468853, 320585.76539963484]}, "properties": {"d": -30.0, "pre": 0, "post": 0, "section": 16}}, {"type": "Feature", "geometry": {"type": "Point", "coordinates": [407467.4618077869, 320575.7673657129]}, "properties": {"d": -20.0, "pre": 0, "post": 0, "section": 16}}, {"type": "Feature", "geometry": {"type": "Point", "coordinates": [407467.2635208853, 320565.7693317909]}, "properties": {"d": -10.0, "pre": 0, "post": 0, "section": 16}}, {"type": "Feature", "geometry": {"type": "Point", "coordinates": [407467.0652339837, 320555.771297869]}, "properties": {"d": 0.0, "pre": 1, "post": 0, "section": 16}}, {"type": "Feature", "geometry": {"type": "Point", "coordinates": [407466.86694708205, 320545.77326394705]}, "properties": {"d": 10.0, "pre": 1, "post": 0, "section": 16}}, {"type": "Feature", "geometry": {"type": "Point", "coordinates": [407466.66866018047, 320535.77523002506]}, "properties": {"d": 20.0, "pre": 1, "post": 0, "section": 16}}, {"type": "Feature", "geometry": {"type": "Point", "coordinates": [407466.47037327883, 320525.7771961031]}, "properties": {"d": 30.0, "pre": 1, "post": 0, "section": 16}}, {"type": "Feature", "geometry": {"type": "Point", "coordinates": [407466.27208637726, 320515.77916218113]}, "properties": {"d": 40.0, "pre": 1, "post": 1, "section": 16}}, {"type": "Feature", "geometry": {"type": "Point", "coordinates": [407466.0737994756, 320505.7811282592]}, "properties": {"d": 50.0, "pre": 1, "post": 1, "section": 16}}, {"type": "Feature", "geometry": {"type": "Point", "coordinates": [407465.87551257404, 320495.7830943372]}, "properties": {"d": 60.0, "pre": 1, "post": 1, "section": 16}}, {"type": "Feature", "geometry": {"type": "Point", "coordinates": [407465.6772256724, 320485.7850604153]}, "properties": {"d": 70.0, "pre": 1, "post": 1, "section": 16}}, {"type": "Feature", "geometry": {"type": "Point", "coordinates": [407465.4789387708, 320475.7870264933]}, "properties": {"d": 80.0, "pre": 1, "post": 1, "section": 16}}, {"type": "Feature", "geometry": {"type": "Point", "coordinates": [407465.2806518692, 320465.78899257135]}, "properties": {"d": 90.0, "pre": 1, "post": 1, "section": 16}}, {"type": "Feature", "geometry": {"type": "Point", "coordinates": [407465.08236496756, 320455.79095864936]}, "properties": {"d": 100.0, "pre": 1, "post": 1, "section": 16}}, {"type": "Feature", "geometry": {"type": "Point", "coordinates": [407464.884078066, 320445.79292472743]}, "properties": {"d": 110.0, "pre": 1, "post": 1, "section": 16}}, {"type": "Feature", "geometry": {"type": "Point", "coordinates": [407464.68579116435, 320435.7948908055]}, "properties": {"d": 120.0, "pre": 1, "post": 1, "section": 16}}, {"type": "Feature", "geometry": {"type": "Point", "coordinates": [407464.48750426277, 320425.7968568835]}, "properties": {"d": 130.0, "pre": 1, "post": 1, "section": 16}}, {"type": "Feature", "geometry": {"type": "Point", "coordinates": [407464.28921736113, 320415.7988229616]}, "properties": {"d": 140.0, "pre": 1, "post": 1, "section": 16}}, {"type": "Feature", "geometry": {"type": "Point", "coordinates": [407464.09093045956, 320405.8007890396]}, "properties": {"d": 150.0, "pre": 1, "post": 1, "section": 16}}, {"type": "Feature", "geometry": {"type": "Point", "coordinates": [407969.4763806915, 320644.3343914925]}, "properties": {"d": -100.0, "pre": 0, "post": 0, "section": 17}}, {"type": "Feature", "geometry": {"type": "Point", "coordinates": [407969.2221923674, 320634.33762259973]}, "properties": {"d": -90.0, "pre": 0, "post": 0, "section": 17}}, {"type": "Feature", "geometry": {"type": "Point", "coordinates": [407968.96800404333, 320624.34085370693]}, "properties": {"d": -80.0, "pre": 0, "post": 0, "section": 17}}, {"type": "Feature", "geometry": {"type": "Point", "coordinates": [407968.71381571924, 320614.34408481413]}, "properties": {"d": -70.0, "pre": 0, "post": 0, "section": 17}}, {"type": "Feature", "geometry": {"type": "Point", "coordinates": [407968.45962739515, 320604.34731592133]}, "properties": {"d": -60.0, "pre": 0, "post": 0, "section": 17}}, {"type": "Feature", "geometry": {"type": "Point", "coordinates": [407968.205439071, 320594.35054702853]}, "properties": {"d": -50.0, "pre": 0, "post": 0, "section": 17}}, {"type": "Feature", "geometry": {"type": "Point", "coordinates": [407967.9512507469, 320584.35377813573]}, "properties": {"d": -40.0, "pre": 0, "post": 0, "section": 17}}, {"type": "Feature", "geometry": {"type": "Point", "coordinates": [407967.6970624228, 320574.357009243]}, "properties": {"d": -30.0, "pre": 0, "post": 0, "section": 17}}, {"type": "Feature", "geometry": {"type": "Point", "coordinates": [407967.4428740987, 320564.3602403502]}, "properties": {"d": -20.0, "pre": 0, "post": 0, "section": 17}}, {"type": "Feature", "geometry": {"type": "Point", "coordinates": [407967.1886857746, 320554.3634714574]}, "properties": {"d": -10.0, "pre": 0, "post": 0, "section": 17}}, {"type": "Feature", "geometry": {"type": "Point", "coordinates": [407966.93449745054, 320544.3667025646]}, "properties": {"d": 0.0, "pre": 1, "post": 0, "section": 17}}, {"type": "Feature", "geometry": {"type": "Point", "coordinates": [407966.68030912644, 320534.3699336718]}, "properties": {"d": 10.0, "pre": 1, "post": 0, "section": 17}}, {"type": "Feature", "geometry": {"type": "Point", "coordinates": [407966.42612080235, 320524.373164779]}, "properties": {"d": 20.0, "pre": 1, "post": 0, "section": 17}}, {"type": "Feature", "geometry": {"type": "Point", "coordinates": [407966.17193247826, 320514.3763958862]}, "properties": {"d": 30.0, "pre": 1, "post": 0, "section": 17}}, {"type": "Feature", "geometry": {"type": "Point", "coordinates": [407965.91774415417, 320504.37962699344]}, "properties": {"d": 40.0, "pre": 1, "post": 1, "section": 17}}, {"type": "Feature", "geometry": {"type": "Point", "coordinates": [407965.6635558301, 320494.38285810064]}, "properties": {"d": 50.0, "pre": 1, "post": 1, "section": 17}}, {"type": "Feature", "geometry": {"type": "Point", "coordinates": [407965.4093675059, 320484.38608920784]}, "properties": {"d": 60.0, "pre": 1, "post": 1, "section": 17}}, {"type": "Feature", "geometry": {"type": "Point", "coordinates": [407965.15517918183, 320474.38932031504]}, "properties": {"d": 70.0, "pre": 1, "post": 1, "section": 17}}, {"type": "Feature", "geometry": {"type": "Point", "coordinates": [407964.90099085774, 320464.39255142224]}, "properties": {"d": 80.0, "pre": 1, "post": 1, "section": 17}}, {"type": "Feature", "geometry": {"type": "Point", "coordinates": [407964.64680253365, 320454.39578252943]}, "properties": {"d": 90.0, "pre": 1, "post": 1, "section": 17}}, {"type": "Feature", "geometry": {"type": "Point", "coordinates": [407964.39261420956, 320444.3990136367]}, "properties": {"d": 100.0, "pre": 1, "post": 1, "section": 17}}, {"type": "Feature", "geometry": {"type": "Point", "coordinates": [407964.13842588547, 320434.4022447439]}, "properties": {"d": 110.0, "pre": 1, "post": 1, "section": 17}}, {"type": "Feature", "geometry": {"type": "Point", "coordinates": [407963.8842375614, 320424.4054758511]}, "properties": {"d": 120.0, "pre": 1, "post": 1, "section": 17}}, {"type": "Feature", "geometry": {"type": "Point", "coordinates": [407963.6300492373, 320414.4087069583]}, "properties": {"d": 130.0, "pre": 1, "post": 1, "section": 17}}, {"type": "Feature", "geometry": {"type": "Point", "coordinates": [407963.3758609132, 320404.4119380655]}, "properties": {"d": 140.0, "pre": 1, "post": 1, "section": 17}}, {"type": "Feature", "geometry": {"type": "Point", "coordinates": [407963.1216725891, 320394.4151691727]}, "properties": {"d": 150.0, "pre": 1, "post": 1, "section": 17}}, {"type": "Feature", "geometry": {"type": "Point", "coordinates": [408469.6325552033, 320630.67053540796]}, "properties": {"d": -100.0, "pre": 0, "post": 0, "section": 18}}, {"type": "Feature", "geometry": {"type": "Point", "coordinates": [408469.3440765774, 320620.6746972699]}, "properties": {"d": -90.0, "pre": 0, "post": 0, "section": 18}}, {"type": "Feature", "geometry": {"type": "Point", "coordinates": [408469.05559795146, 320610.6788591318]}, "properties": {"d": -80.0, "pre": 0, "post": 0, "section": 18}}, {"type": "Feature", "geometry": {"type": "Point", "coordinates": [408468.7671193256, 320600.6830209938]}, "properties": {"d": -70.0, "pre": 0, "post": 0, "section": 18}}, {"type": "Feature", "geometry": {"type": "Point", "coordinates": [408468.47864069964, 320590.6871828557]}, "properties": {"d": -60.0, "pre": 0, "post": 0, "section": 18}}, {"type": "Feature", "geometry": {"type": "Point", "coordinates": [408468.19016207376, 320580.69134471763]}, "properties": {"d": -50.0, "pre": 0, "post": 0, "section": 18}}, {"type": "Feature", "geometry": {"type": "Point", "coordinates": [408467.9016834478, 320570.6955065796]}, "properties": {"d": -40.0, "pre": 0, "post": 0, "section": 18}}, {"type": "Feature", "geometry": {"type": "Point", "coordinates": [408467.61320482194, 320560.6996684415]}, "properties": {"d": -30.0, "pre": 0, "post": 0, "section": 18}}, {"type": "Feature", "geometry": {"type": "Point", "coordinates": [408467.324726196, 320550.70383030345]}, "properties": {"d": -20.0, "pre": 0, "post": 0, "section": 18}}, {"type": "Feature", "geometry": {"type": "Point", "coordinates": [408467.0362475701, 320540.70799216535]}, "properties": {"d": -10.0, "pre": 0, "post": 0, "section": 18}}, {"type": "Feature", "geometry": {"type": "Point", "coordinates": [408466.7477689442, 320530.7121540273]}, "properties": {"d": 0.0, "pre": 1, "post": 0, "section": 18}}, {"type": "Feature", "geometry": {"type": "Point", "coordinates": [408466.45929031825, 320520.71631588927]}, "properties": {"d": 10.0, "pre": 1, "post": 0, "section": 18}}, {"type": "Feature", "geometry": {"type": "Point", "coordinates": [408466.17081169237, 320510.72047775117]}, "properties": {"d": 20.0, "pre": 1, "post": 0, "section": 18}}, {"type": "Feature", "geometry": {"type": "Point", "coordinates": [408465.88233306643, 320500.7246396131]}, "properties": {"d": 30.0, "pre": 1, "post": 1, "section": 18}}, {"type": "Feature", "geometry": {"type": "Point", "coordinates": [408465.59385444055, 320490.728801475]}, "properties": {"d": 40.0, "pre": 1, "post": 1, "section": 18}}, {"type": "Feature", "geometry": {"type": "Point", "coordinates": [408465.3053758146, 320480.732963337]}, "properties": {"d": 50.0, "pre": 1, "post": 1, "section": 18}}, {"type": "Feature", "geometry": {"type": "Point", "coordinates": [408465.01689718873, 320470.73712519894]}, "properties": {"d": 60.0, "pre": 1, "post": 1, "section": 18}}, {"type": "Feature", "geometry": {"type": "Point", "coordinates": [408464.7284185628, 320460.74128706084]}, "properties": {"d": 70.0, "pre": 1, "post": 1, "section": 18}}, {"type": "Feature", "geometry": {"type": "Point", "coordinates": [408464.4399399369, 320450.7454489228]}, "properties": {"d": 80.0, "pre": 1, "post": 1, "section": 18}}, {"type": "Feature", "geometry": {"type": "Point", "coordinates": [408464.151461311, 320440.7496107847]}, "properties": {"d": 90.0, "pre": 1, "post": 1, "section": 18}}, {"type": "Feature", "geometry": {"type": "Point", "coordinates": [408463.8629826851, 320430.75377264665]}, "properties": {"d": 100.0, "pre": 1, "post": 1, "section": 18}}, {"type": "Feature", "geometry": {"type": "Point", "coordinates": [408463.57450405916, 320420.7579345086]}, "properties": {"d": 110.0, "pre": 1, "post": 1, "section": 18}}, {"type": "Feature", "geometry": {"type": "Point", "coordinates": [408463.2860254333, 320410.7620963705]}, "properties": {"d": 120.0, "pre": 1, "post": 1, "section": 18}}, {"type": "Feature", "geometry": {"type": "Point", "coordinates": [408462.99754680734, 320400.76625823247]}, "properties": {"d": 130.0, "pre": 1, "post": 1, "section": 18}}, {"type": "Feature", "geometry": {"type": "Point", "coordinates": [408462.70906818146, 320390.77042009437]}, "properties": {"d": 140.0, "pre": 1, "post": 1, "section": 18}}, {"type": "Feature", "geometry": {"type": "Point", "coordinates": [408462.4205895555, 320380.7745819563]}, "properties": {"d": 150.0, "pre": 1, "post": 1, "section": 18}}, {"type": "Feature", "geometry": {"type": "Point", "coordinates": [408969.55517302407, 320615.80469006766]}, "properties": {"d": -100.0, "pre": 0, "post": 0, "section": 19}}, {"type": "Feature", "geometry": {"type": "Point", "coordinates": [408969.25233661605, 320605.809276614]}, "properties": {"d": -90.0, "pre": 0, "post": 0, "section": 19}}, {"type": "Feature", "geometry": {"type": "Point", "coordinates": [408968.949500208, 320595.8138631603]}, "properties": {"d": -80.0, "pre": 0, "post": 0, "section": 19}}, {"type": "Feature", "geometry": {"type": "Point", "coordinates": [408968.64666380006, 320585.8184497066]}, "properties": {"d": -70.0, "pre": 0, "post": 0, "section": 19}}, {"type": "Feature", "geometry": {"type": "Point", "coordinates": [408968.34382739203, 320575.8230362529]}, "properties": {"d": -60.0, "pre": 0, "post": 0, "section": 19}}, {"type": "Feature", "geometry": {"type": "Point", "coordinates": [408968.040990984, 320565.82762279926]}, "properties": {"d": -50.0, "pre": 0, "post": 0, "section": 19}}, {"type": "Feature", "geometry": {"type": "Point", "coordinates": [408967.738154576, 320555.8322093456]}, "properties": {"d": -40.0, "pre": 0, "post": 0, "section": 19}}, {"type": "Feature", "geometry": {"type": "Point", "coordinates": [408967.43531816796, 320545.8367958919]}, "properties": {"d": -30.0, "pre": 0, "post": 0, "section": 19}}, {"type": "Feature", "geometry": {"type": "Point", "coordinates": [408967.13248175994, 320535.8413824382]}, "properties": {"d": -20.0, "pre": 0, "post": 0, "section": 19}}, {"type": "Feature", "geometry": {"type": "Point", "coordinates": [408966.8296453519, 320525.84596898453]}, "properties": {"d": -10.0, "pre": 0, "post": 0, "section": 19}}, {"type": "Feature", "geometry": {"type": "Point", "coordinates": [408966.5268089439, 320515.85055553087]}, "properties": {"d": 0.0, "pre": 1, "post": 0, "section": 19}}, {"type": "Feature", "geometry": {"type": "Point", "coordinates": [408966.22397253587, 320505.8551420772]}, "properties": {"d": 10.0, "pre": 1, "post": 0, "section": 19}}, {"type": "Feature", "geometry": {"type": "Point", "coordinates": [408965.92113612784, 320495.85972862353]}, "properties": {"d": 20.0, "pre": 1, "post": 0, "section": 19}}, {"type": "Feature", "geometry": {"type": "Point", "coordinates": [408965.6182997198, 320485.8643151698]}, "properties": {"d": 30.0, "pre": 1, "post": 1, "section": 19}}, {"type": "Feature", "geometry": {"type": "Point", "coordinates": [408965.3154633118, 320475.86890171614]}, "properties": {"d": 40.0, "pre": 1, "post": 1, "section": 19}}, {"type": "Feature", "geometry": {"type": "Point", "coordinates": [408965.0126269038, 320465.87348826247]}, "properties": {"d": 50.0, "pre": 1, "post": 1, "section": 19}}, {"type": "Feature", "geometry": {"type": "Point", "coordinates": [408964.70979049575, 320455.8780748088]}, "properties": {"d": 60.0, "pre": 1, "post": 1, "section": 19}}, {"type": "Feature", "geometry": {"type": "Point", "coordinates": [408964.4069540877, 320445.88266135514]}, "properties": {"d": 70.0, "pre": 1, "post": 1, "section": 19}}, {"type": "Feature", "geometry": {"type": "Point", "coordinates": [408964.10411767976, 320435.8872479014]}, "properties": {"d": 80.0, "pre": 1, "post": 1, "section": 19}}, {"type": "Feature", "geometry": {"type": "Point", "coordinates": [408963.80128127174, 320425.89183444774]}, "properties": {"d": 90.0, "pre": 1, "post": 1, "section": 19}}, {"type": "Feature", "geometry": {"type": "Point", "coordinates": [408963.4984448637, 320415.8964209941]}, "properties": {"d": 100.0, "pre": 1, "post": 1, "section": 19}}, {"type": "Feature", "geometry": {"type": "Point", "coordinates": [408963.1956084557, 320405.9010075404]}, "properties": {"d": 110.0, "pre": 1, "post": 1, "section": 19}}, {"type": "Feature", "geometry": {"type": "Point", "coordinates": [408962.89277204766, 320395.90559408674]}, "properties": {"d": 120.0, "pre": 1, "post": 1, "section": 19}}, {"type": "Feature", "geometry": {"type": "Point", "coordinates": [408962.58993563964, 320385.9101806331]}, "properties": {"d": 130.0, "pre": 1, "post": 1, "section": 19}}, {"type": "Feature", "geometry": {"type": "Point", "coordinates": [408962.2870992316, 320375.91476717935]}, "properties": {"d": 140.0, "pre": 1, "post": 1, "section": 19}}, {"type": "Feature", "geometry": {"type": "Point", "coordinates": [408961.9842628236, 320365.9193537257]}, "properties": {"d": 150.0, "pre": 1, "post": 1, "section": 19}}, {"type": "Feature", "geometry": {"type": "Point", "coordinates": [409469.29678681644, 320600.6711647372]}, "properties": {"d": -100.0, "pre": 0, "post": 0, "section": 20}}, {"type": "Feature", "geometry": {"type": "Point", "coordinates": [409468.9968784758, 320590.67566299957]}, "properties": {"d": -90.0, "pre": 0, "post": 0, "section": 20}}, {"type": "Feature", "geometry": {"type": "Point", "coordinates": [409468.69697013515, 320580.68016126193]}, "properties": {"d": -80.0, "pre": 0, "post": 0, "section": 20}}, {"type": "Feature", "geometry": {"type": "Point", "coordinates": [409468.39706179453, 320570.6846595243]}, "properties": {"d": -70.0, "pre": 0, "post": 0, "section": 20}}, {"type": "Feature", "geometry": {"type": "Point", "coordinates": [409468.0971534539, 320560.68915778666]}, "properties": {"d": -60.0, "pre": 0, "post": 0, "section": 20}}, {"type": "Feature", "geometry": {"type": "Point", "coordinates": [409467.7972451133, 320550.693656049]}, "properties": {"d": -50.0, "pre": 0, "post": 0, "section": 20}}, {"type": "Feature", "geometry": {"type": "Point", "coordinates": [409467.4973367727, 320540.6981543114]}, "properties": {"d": -40.0, "pre": 0, "post": 0, "section": 20}}, {"type": "Feature", "geometry": {"type": "Point", "coordinates": [409467.19742843206, 320530.7026525737]}, "properties": {"d": -30.0, "pre": 0, "post": 0, "section": 20}}, {"type": "Feature", "geometry": {"type": "Point", "coordinates": [409466.8975200914, 320520.70715083607]}, "properties": {"d": -20.0, "pre": 0, "post": 0, "section": 20}}, {"type": "Feature", "geometry": {"type": "Point", "coordinates": [409466.59761175077, 320510.71164909843]}, "properties": {"d": -10.0, "pre": 0, "post": 0, "section": 20}}, {"type": "Feature", "geometry": {"type": "Point", "coordinates": [409466.29770341015, 320500.7161473608]}, "properties": {"d": 0.0, "pre": 0, "post": 0, "section": 20}}, {"type": "Feature", "geometry": {"type": "Point", "coordinates": [409465.99779506953, 320490.72064562317]}, "properties": {"d": 10.0, "pre": 1, "post": 0, "section": 20}}, {"type": "Feature", "geometry": {"type": "Point", "coordinates": [409465.6978867289, 320480.72514388553]}, "properties": {"d": 20.0, "pre": 1, "post": 0, "section": 20}}, {"type": "Feature", "geometry": {"type": "Point", "coordinates": [409465.39797838824, 320470.7296421479]}, "properties": {"d": 30.0, "pre": 1, "post": 1, "section": 20}}, {"type": "Feature", "geometry": {"type": "Point", "coordinates": [409465.0980700476, 320460.7341404102]}, "properties": {"d": 40.0, "pre": 1, "post": 1, "section": 20}}, {"type": "Feature", "geometry": {"type": "Point", "coordinates": [409464.798161707, 320450.73863867257]}, "properties": {"d": 50.0, "pre": 1, "post": 1, "section": 20}}, {"type": "Feature", "geometry": {"type": "Point", "coordinates": [409464.4982533664, 320440.74313693494]}, "properties": {"d": 60.0, "pre": 1, "post": 1, "section": 20}}, {"type": "Feature", "geometry": {"type": "Point", "coordinates": [409464.19834502577, 320430.7476351973]}, "properties": {"d": 70.0, "pre": 1, "post": 1, "section": 20}}, {"type": "Feature", "geometry": {"type": "Point", "coordinates": [409463.89843668515, 320420.75213345967]}, "properties": {"d": 80.0, "pre": 1, "post": 1, "section": 20}}, {"type": "Feature", "geometry": {"type": "Point", "coordinates": [409463.5985283445, 320410.75663172203]}, "properties": {"d": 90.0, "pre": 1, "post": 1, "section": 20}}, {"type": "Feature", "geometry": {"type": "Point", "coordinates": [409463.29862000386, 320400.7611299844]}, "properties": {"d": 100.0, "pre": 1, "post": 1, "section": 20}}, {"type": "Feature", "geometry": {"type": "Point", "coordinates": [409462.99871166324, 320390.7656282467]}, "properties": {"d": 110.0, "pre": 1, "post": 1, "section": 20}}, {"type": "Feature", "geometry": {"type": "Point", "coordinates": [409462.6988033226, 320380.7701265091]}, "properties": {"d": 120.0, "pre": 1, "post": 1, "section": 20}}, {"type": "Feature", "geometry": {"type": "Point", "coordinates": [409462.398894982, 320370.77462477144]}, "properties": {"d": 130.0, "pre": 1, "post": 1, "section": 20}}, {"type": "Feature", "geometry": {"type": "Point", "coordinates": [409462.09898664133, 320360.7791230338]}, "properties": {"d": 140.0, "pre": 1, "post": 1, "section": 20}}, {"type": "Feature", "geometry": {"type": "Point", "coordinates": [409461.7990783007, 320350.78362129617]}, "properties": {"d": 150.0, "pre": 1, "post": 1, "section": 20}}, {"type": "Feature", "geometry": {"type": "Point", "coordinates": [409968.915296419, 320586.0495004471]}, "properties": {"d": -100.0, "pre": 0, "post": 0, "section": 21}}, {"type": "Feature", "geometry": {"type": "Point", "coordinates": [409968.6321329852, 320576.0535103276]}, "properties": {"d": -90.0, "pre": 0, "post": 0, "section": 21}}, {"type": "Feature", "geometry": {"type": "Point", "coordinates": [409968.3489695514, 320566.05752020807]}, "properties": {"d": -80.0, "pre": 0, "post": 0, "section": 21}}, {"type": "Feature", "geometry": {"type": "Point", "coordinates": [409968.06580611755, 320556.06153008854]}, "properties": {"d": -70.0, "pre": 0, "post": 0, "section": 21}}, {"type": "Feature", "geometry": {"type": "Point", "coordinates": [409967.7826426838, 320546.065539969]}, "properties": {"d": -60.0, "pre": 0, "post": 0, "section": 21}}, {"type": "Feature", "geometry": {"type": "Point", "coordinates": [409967.49947924993, 320536.06954984943]}, "properties": {"d": -50.0, "pre": 0, "post": 0, "section": 21}}, {"type": "Feature", "geometry": {"type": "Point", "coordinates": [409967.21631581616, 320526.0735597299]}, "properties": {"d": -40.0, "pre": 0, "post": 0, "section": 21}}, {"type": "Feature", "geometry": {"type": "Point", "coordinates": [409966.9331523823, 320516.0775696104]}, "properties": {"d": -30.0, "pre": 0, "post": 0, "section": 21}}, {"type": "Feature", "geometry": {"type": "Point", "coordinates": [409966.6499889485, 320506.08157949086]}, "properties": {"d": -20.0, "pre": 0, "post": 0, "section": 21}}, {"type": "Feature", "geometry": {"type": "Point", "coordinates": [409966.3668255147, 320496.08558937133]}, "properties": {"d": -10.0, "pre": 0, "post": 0, "section": 21}}, {"type": "Feature", "geometry": {"type": "Point", "coordinates": [409966.08366208087, 320486.0895992518]}, "properties": {"d": 0.0, "pre": 0, "post": 0, "section": 21}}, {"type": "Feature", "geometry": {"type": "Point", "coordinates": [409965.80049864703, 320476.0936091323]}, "properties": {"d": 10.0, "pre": 1, "post": 0, "section": 21}}, {"type": "Feature", "geometry": {"type": "Point", "coordinates": [409965.51733521326, 320466.09761901275]}, "properties": {"d": 20.0, "pre": 1, "post": 0, "section": 21}}, {"type": "Feature", "geometry": {"type": "Point", "coordinates": [409965.2341717794, 320456.10162889323]}, "properties": {"d": 30.0, "pre": 1, "post": 1, "section": 21}}, {"type": "Feature", "geometry": {"type": "Point", "coordinates": [409964.9510083456, 320446.1056387737]}, "properties": {"d": 40.0, "pre": 1, "post": 1, "section": 21}}, {"type": "Feature", "geometry": {"type": "Point", "coordinates": [409964.6678449118, 320436.1096486542]}, "properties": {"d": 50.0, "pre": 1, "post": 1, "section": 21}}, {"type": "Feature", "geometry": {"type": "Point", "coordinates": [409964.38468147797, 320426.1136585346]}, "properties": {"d": 60.0, "pre": 1, "post": 1, "section": 21}}, {"type": "Feature", "geometry": {"type": "Point", "coordinates": [409964.1015180442, 320416.11766841507]}, "properties": {"d": 70.0, "pre": 1, "post": 1, "section": 21}}, {"type": "Feature", "geometry": {"type": "Point", "coordinates": [409963.81835461035, 320406.12167829555]}, "properties": {"d": 80.0, "pre": 1, "post": 1, "section": 21}}, {"type": "Feature", "geometry": {"type": "Point", "coordinates": [409963.5351911765, 320396.125688176]}, "properties": {"d": 90.0, "pre": 1, "post": 1, "section": 21}}, {"type": "Feature", "geometry": {"type": "Point", "coordinates": [409963.25202774274, 320386.1296980565]}, "properties": {"d": 100.0, "pre": 1, "post": 1, "section": 21}}, {"type": "Feature", "geometry": {"type": "Point", "coordinates": [409962.9688643089, 320376.13370793697]}, "properties": {"d": 110.0, "pre": 1, "post": 1, "section": 21}}, {"type": "Feature", "geometry": {"type": "Point", "coordinates": [409962.68570087507, 320366.13771781744]}, "properties": {"d": 120.0, "pre": 1, "post": 1, "section": 21}}, {"type": "Feature", "geometry": {"type": "Point", "coordinates": [409962.4025374413, 320356.1417276979]}, "properties": {"d": 130.0, "pre": 1, "post": 1, "section": 21}}, {"type": "Feature", "geometry": {"type": "Point", "coordinates": [409962.11937400745, 320346.1457375784]}, "properties": {"d": 140.0, "pre": 1, "post": 1, "section": 21}}, {"type": "Feature", "geometry": {"type": "Point", "coordinates": [409961.8362105736, 320336.14974745887]}, "properties": {"d": 150.0, "pre": 1, "post": 1, "section": 21}}, {"type": "Feature", "geometry": {"type": "Point", "coordinates": [410468.46760127525, 320572.52828360524]}, "properties": {"d": -100.0, "pre": 0, "post": 0, "section": 22}}, {"type": "Feature", "geometry": {"type": "Point", "coordinates": [410468.21088762145, 320562.5315792433]}, "properties": {"d": -90.0, "pre": 0, "post": 0, "section": 22}}, {"type": "Feature", "geometry": {"type": "Point", "coordinates": [410467.95417396765, 320552.5348748813]}, "properties": {"d": -80.0, "pre": 0, "post": 0, "section": 22}}, {"type": "Feature", "geometry": {"type": "Point", "coordinates": [410467.6974603138, 320542.5381705194]}, "properties": {"d": -70.0, "pre": 0, "post": 0, "section": 22}}, {"type": "Feature", "geometry": {"type": "Point", "coordinates": [410467.44074666, 320532.5414661575]}, "properties": {"d": -60.0, "pre": 0, "post": 0, "section": 22}}, {"type": "Feature", "geometry": {"type": "Point", "coordinates": [410467.1840330062, 320522.54476179555]}, "properties": {"d": -50.0, "pre": 0, "post": 0, "section": 22}}, {"type": "Feature", "geometry": {"type": "Point", "coordinates": [410466.92731935234, 320512.5480574336]}, "properties": {"d": -40.0, "pre": 0, "post": 0, "section": 22}}, {"type": "Feature", "geometry": {"type": "Point", "coordinates": [410466.67060569854, 320502.5513530717]}, "properties": {"d": -30.0, "pre": 0, "post": 0, "section": 22}}, {"type": "Feature", "geometry": {"type": "Point", "coordinates": [410466.41389204474, 320492.5546487097]}, "properties": {"d": -20.0, "pre": 0, "post": 0, "section": 22}}, {"type": "Feature", "geometry": {"type": "Point", "coordinates": [410466.1571783909, 320482.5579443478]}, "properties": {"d": -10.0, "pre": 0, "post": 0, "section": 22}}, {"type": "Feature", "geometry": {"type": "Point", "coordinates": [410465.9004647371, 320472.56123998587]}, "properties": {"d": 0.0, "pre": 0, "post": 0, "section": 22}}, {"type": "Feature", "geometry": {"type": "Point", "coordinates": [410465.6437510833, 320462.56453562394]}, "properties": {"d": 10.0, "pre": 1, "post": 0, "section": 22}}, {"type": "Feature", "geometry": {"type": "Point", "coordinates": [410465.38703742943, 320452.567831262]}, "properties": {"d": 20.0, "pre": 1, "post": 0, "section": 22}}, {"type": "Feature", "geometry": {"type": "Point", "coordinates": [410465.13032377564, 320442.57112690003]}, "properties": {"d": 30.0, "pre": 1, "post": 1, "section": 22}}, {"type": "Feature", "geometry": {"type": "Point", "coordinates": [410464.87361012184, 320432.5744225381]}, "properties": {"d": 40.0, "pre": 1, "post": 1, "section": 22}}, {"type": "Feature", "geometry": {"type": "Point", "coordinates": [410464.616896468, 320422.5777181762]}, "properties": {"d": 50.0, "pre": 1, "post": 1, "section": 22}}, {"type": "Feature", "geometry": {"type": "Point", "coordinates": [410464.3601828142, 320412.58101381426]}, "properties": {"d": 60.0, "pre": 1, "post": 1, "section": 22}}, {"type": "Feature", "geometry": {"type": "Point", "coordinates": [410464.1034691604, 320402.58430945233]}, "properties": {"d": 70.0, "pre": 1, "post": 1, "section": 22}}, {"type": "Feature", "geometry": {"type": "Point", "coordinates": [410463.8467555065, 320392.5876050904]}, "properties": {"d": 80.0, "pre": 1, "post": 1, "section": 22}}, {"type": "Feature", "geometry": {"type": "Point", "coordinates": [410463.59004185273, 320382.5909007284]}, "properties": {"d": 90.0, "pre": 1, "post": 1, "section": 22}}, {"type": "Feature", "geometry": {"type": "Point", "coordinates": [410463.33332819893, 320372.5941963665]}, "properties": {"d": 100.0, "pre": 1, "post": 1, "section": 22}}, {"type": "Feature", "geometry": {"type": "Point", "coordinates": [410463.0766145451, 320362.59749200457]}, "properties": {"d": 110.0, "pre": 1, "post": 1, "section": 22}}, {"type": "Feature", "geometry": {"type": "Point", "coordinates": [410462.8199008913, 320352.60078764264]}, "properties": {"d": 120.0, "pre": 1, "post": 1, "section": 22}}, {"type": "Feature", "geometry": {"type": "Point", "coordinates": [410462.5631872374, 320342.6040832807]}, "properties": {"d": 130.0, "pre": 1, "post": 1, "section": 22}}, {"type": "Feature", "geometry": {"type": "Point", "coordinates": [410462.3064735836, 320332.6073789188]}, "properties": {"d": 140.0, "pre": 1, "post": 1, "section": 22}}, {"type": "Feature", "geometry": {"type": "Point", "coordinates": [410462.0497599298, 320322.6106745568]}, "properties": {"d": 150.0, "pre": 1, "post": 1, "section": 22}}, {"type": "Feature", "geometry": {"type": "Point", "coordinates": [410968.0059021343, 320560.4786883429]}, "properties": {"d": -100.0, "pre": 0, "post": 0, "section": 23}}, {"type": "Feature", "geometry": {"type": "Point", "coordinates": [410967.78079764906, 320550.4812222654]}, "properties": {"d": -90.0, "pre": 0, "post": 0, "section": 23}}, {"type": "Feature", "geometry": {"type": "Point", "coordinates": [410967.55569316377, 320540.4837561879]}, "properties": {"d": -80.0, "pre": 0, "post": 0, "section": 23}}, {"type": "Feature", "geometry": {"type": "Point", "coordinates": [410967.33058867854, 320530.4862901104]}, "properties": {"d": -70.0, "pre": 0, "post": 0, "section": 23}}, {"type": "Feature", "geometry": {"type": "Point", "coordinates": [410967.1054841933, 320520.4888240329]}, "properties": {"d": -60.0, "pre": 0, "post": 0, "section": 23}}, {"type": "Feature", "geometry": {"type": "Point", "coordinates": [410966.880379708, 320510.4913579554]}, "properties": {"d": -50.0, "pre": 0, "post": 0, "section": 23}}, {"type": "Feature", "geometry": {"type": "Point", "coordinates": [410966.6552752228, 320500.49389187794]}, "properties": {"d": -40.0, "pre": 0, "post": 0, "section": 23}}, {"type": "Feature", "geometry": {"type": "Point", "coordinates": [410966.43017073756, 320490.49642580043]}, "properties": {"d": -30.0, "pre": 0, "post": 0, "section": 23}}, {"type": "Feature", "geometry": {"type": "Point", "coordinates": [410966.2050662523, 320480.4989597229]}, "properties": {"d": -20.0, "pre": 0, "post": 0, "section": 23}}, {"type": "Feature", "geometry": {"type": "Point", "coordinates": [410965.97996176704, 320470.5014936454]}, "properties": {"d": -10.0, "pre": 0, "post": 0, "section": 23}}, {"type": "Feature", "geometry": {"type": "Point", "coordinates": [410965.7548572818, 320460.5040275679]}, "properties": {"d": 0.0, "pre": 0, "post": 0, "section": 23}}, {"type": "Feature", "geometry": {"type": "Point", "coordinates": [410965.5297527966, 320450.5065614904]}, "properties": {"d": 10.0, "pre": 1, "post": 0, "section": 23}}, {"type": "Feature", "geometry": {"type": "Point", "coordinates": [410965.3046483113, 320440.5090954129]}, "properties": {"d": 20.0, "pre": 1, "post": 0, "section": 23}}, {"type": "Feature", "geometry": {"type": "Point", "coordinates": [410965.07954382605, 320430.5116293354]}, "properties": {"d": 30.0, "pre": 1, "post": 1, "section": 23}}, {"type": "Feature", "geometry": {"type": "Point", "coordinates": [410964.8544393408, 320420.5141632579]}, "properties": {"d": 40.0, "pre": 1, "post": 1, "section": 23}}, {"type": "Feature", "geometry": {"type": "Point", "coordinates": [410964.6293348556, 320410.51669718046]}, "properties": {"d": 50.0, "pre": 1, "post": 1, "section": 23}}, {"type": "Feature", "geometry": {"type": "Point", "coordinates": [410964.4042303703, 320400.51923110295]}, "properties": {"d": 60.0, "pre": 1, "post": 1, "section": 23}}, {"type": "Feature", "geometry": {"type": "Point", "coordinates": [410964.1791258851, 320390.52176502545]}, "properties": {"d": 70.0, "pre": 1, "post": 1, "section": 23}}, {"type": "Feature", "geometry": {"type": "Point", "coordinates": [410963.95402139984, 320380.52429894794]}, "properties": {"d": 80.0, "pre": 1, "post": 1, "section": 23}}, {"type": "Feature", "geometry": {"type": "Point", "coordinates": [410963.72891691455, 320370.52683287044]}, "properties": {"d": 90.0, "pre": 1, "post": 1, "section": 23}}, {"type": "Feature", "geometry": {"type": "Point", "coordinates": [410963.5038124293, 320360.52936679294]}, "properties": {"d": 100.0, "pre": 1, "post": 1, "section": 23}}, {"type": "Feature", "geometry": {"type": "Point", "coordinates": [410963.2787079441, 320350.53190071543]}, "properties": {"d": 110.0, "pre": 1, "post": 1, "section": 23}}, {"type": "Feature", "geometry": {"type": "Point", "coordinates": [410963.05360345886, 320340.5344346379]}, "properties": {"d": 120.0, "pre": 1, "post": 1, "section": 23}}, {"type": "Feature", "geometry": {"type": "Point", "coordinates": [410962.82849897357, 320330.5369685604]}, "properties": {"d": 130.0, "pre": 1, "post": 1, "section": 23}}, {"type": "Feature", "geometry": {"type": "Point", "coordinates": [410962.60339448834, 320320.539502483]}, "properties": {"d": 140.0, "pre": 1, "post": 1, "section": 23}}, {"type": "Feature", "geometry": {"type": "Point", "coordinates": [410962.3782900031, 320310.5420364055]}, "properties": {"d": 150.0, "pre": 1, "post": 1, "section": 23}}, {"type": "Feature", "geometry": {"type": "Point", "coordinates": [411467.5763229838, 320550.0389719787]}, "properties": {"d": -100.0, "pre": 0, "post": 0, "section": 24}}, {"type": "Feature", "geometry": {"type": "Point", "coordinates": [411467.38324092986, 320540.04083618644]}, "properties": {"d": -90.0, "pre": 0, "post": 0, "section": 24}}, {"type": "Feature", "geometry": {"type": "Point", "coordinates": [411467.1901588759, 320530.0427003942]}, "properties": {"d": -80.0, "pre": 0, "post": 0, "section": 24}}, {"type": "Feature", "geometry": {"type": "Point", "coordinates": [411466.997076822, 320520.0445646019]}, "properties": {"d": -70.0, "pre": 0, "post": 0, "section": 24}}, {"type": "Feature", "geometry": {"type": "Point", "coordinates": [411466.803994768, 320510.04642880964]}, "properties": {"d": -60.0, "pre": 0, "post": 0, "section": 24}}, {"type": "Feature", "geometry": {"type": "Point", "coordinates": [411466.6109127141, 320500.0482930174]}, "properties": {"d": -50.0, "pre": 0, "post": 0, "section": 24}}, {"type": "Feature", "geometry": {"type": "Point", "coordinates": [411466.4178306601, 320490.0501572251]}, "properties": {"d": -40.0, "pre": 0, "post": 0, "section": 24}}, {"type": "Feature", "geometry": {"type": "Point", "coordinates": [411466.2247486062, 320480.0520214329]}, "properties": {"d": -30.0, "pre": 0, "post": 0, "section": 24}}, {"type": "Feature", "geometry": {"type": "Point", "coordinates": [411466.03166655224, 320470.05388564063]}, "properties": {"d": -20.0, "pre": 0, "post": 0, "section": 24}}, {"type": "Feature", "geometry": {"type": "Point", "coordinates": [411465.8385844983, 320460.05574984837]}, "properties": {"d": -10.0, "pre": 0, "post": 0, "section": 24}}, {"type": "Feature", "geometry": {"type": "Point", "coordinates": [411465.64550244436, 320450.0576140561]}, "properties": {"d": 0.0, "pre": 0, "post": 0, "section": 24}}, {"type": "Feature", "geometry": {"type": "Point", "coordinates": [411465.4524203904, 320440.05947826384]}, "properties": {"d": 10.0, "pre": 1, "post": 0, "section": 24}}, {"type": "Feature", "geometry": {"type": "Point", "coordinates": [411465.2593383365, 320430.06134247157]}, "properties": {"d": 20.0, "pre": 1, "post": 0, "section": 24}}, {"type": "Feature", "geometry": {"type": "Point", "coordinates": [411465.0662562825, 320420.0632066793]}, "properties": {"d": 30.0, "pre": 1, "post": 1, "section": 24}}, {"type": "Feature", "geometry": {"type": "Point", "coordinates": [411464.8731742286, 320410.0650708871]}, "properties": {"d": 40.0, "pre": 1, "post": 1, "section": 24}}, {"type": "Feature", "geometry": {"type": "Point", "coordinates": [411464.6800921746, 320400.06693509483]}, "properties": {"d": 50.0, "pre": 1, "post": 1, "section": 24}}, {"type": "Feature", "geometry": {"type": "Point", "coordinates": [411464.4870101207, 320390.06879930256]}, "properties": {"d": 60.0, "pre": 1, "post": 1, "section": 24}}, {"type": "Feature", "geometry": {"type": "Point", "coordinates": [411464.29392806673, 320380.0706635103]}, "properties": {"d": 70.0, "pre": 1, "post": 1, "section": 24}}, {"type": "Feature", "geometry": {"type": "Point", "coordinates": [411464.1008460128, 320370.07252771803]}, "properties": {"d": 80.0, "pre": 1, "post": 1, "section": 24}}, {"type": "Feature", "geometry": {"type": "Point", "coordinates": [411463.90776395885, 320360.07439192577]}, "properties": {"d": 90.0, "pre": 1, "post": 1, "section": 24}}, {"type": "Feature", "geometry": {"type": "Point", "coordinates": [411463.71468190494, 320350.0762561335]}, "properties": {"d": 100.0, "pre": 1, "post": 1, "section": 24}}, {"type": "Feature", "geometry": {"type": "Point", "coordinates": [411463.52159985097, 320340.07812034123]}, "properties": {"d": 110.0, "pre": 1, "post": 1, "section": 24}}, {"type": "Feature", "geometry": {"type": "Point", "coordinates": [411463.328517797, 320330.079984549]}, "properties": {"d": 120.0, "pre": 1, "post": 1, "section": 24}}, {"type": "Feature", "geometry": {"type": "Point", "coordinates": [411463.1354357431, 320320.08184875676]}, "properties": {"d": 130.0, "pre": 1, "post": 1, "section": 24}}, {"type": "Feature", "geometry": {"type": "Point", "coordinates": [411462.9423536891, 320310.0837129645]}, "properties": {"d": 140.0, "pre": 1, "post": 1, "section": 24}}, {"type": "Feature", "geometry": {"type": "Point", "coordinates": [411462.7492716352, 320300.0855771722]}, "properties": {"d": 150.0, "pre": 1, "post": 1, "section": 24}}, {"type": "Feature", "geometry": {"type": "Point", "coordinates": [411967.21900425263, 320541.1107626598]}, "properties": {"d": -100.0, "pre": 0, "post": 0, "section": 25}}, {"type": "Feature", "geometry": {"type": "Point", "coordinates": [411967.05365709, 320531.1121297375]}, "properties": {"d": -90.0, "pre": 0, "post": 0, "section": 25}}, {"type": "Feature", "geometry": {"type": "Point", "coordinates": [411966.8883099274, 320521.11349681515]}, "properties": {"d": -80.0, "pre": 0, "post": 0, "section": 25}}, {"type": "Feature", "geometry": {"type": "Point", "coordinates": [411966.7229627648, 320511.1148638928]}, "properties": {"d": -70.0, "pre": 0, "post": 0, "section": 25}}, {"type": "Feature", "geometry": {"type": "Point", "coordinates": [411966.5576156022, 320501.1162309704]}, "properties": {"d": -60.0, "pre": 0, "post": 0, "section": 25}}, {"type": "Feature", "geometry": {"type": "Point", "coordinates": [411966.3922684396, 320491.1175980481]}, "properties": {"d": -50.0, "pre": 0, "post": 0, "section": 25}}, {"type": "Feature", "geometry": {"type": "Point", "coordinates": [411966.22692127695, 320481.11896512576]}, "properties": {"d": -40.0, "pre": 0, "post": 0, "section": 25}}, {"type": "Feature", "geometry": {"type": "Point", "coordinates": [411966.06157411437, 320471.1203322034]}, "properties": {"d": -30.0, "pre": 0, "post": 0, "section": 25}}, {"type": "Feature", "geometry": {"type": "Point", "coordinates": [411965.89622695174, 320461.12169928104]}, "properties": {"d": -20.0, "pre": 0, "post": 0, "section": 25}}, {"type": "Feature", "geometry": {"type": "Point", "coordinates": [411965.73087978916, 320451.12306635873]}, "properties": {"d": -10.0, "pre": 0, "post": 0, "section": 25}}, {"type": "Feature", "geometry": {"type": "Point", "coordinates": [411965.5655326265, 320441.1244334364]}, "properties": {"d": 0.0, "pre": 0, "post": 0, "section": 25}}, {"type": "Feature", "geometry": {"type": "Point", "coordinates": [411965.4001854639, 320431.125800514]}, "properties": {"d": 10.0, "pre": 1, "post": 0, "section": 25}}, {"type": "Feature", "geometry": {"type": "Point", "coordinates": [411965.2348383013, 320421.1271675917]}, "properties": {"d": 20.0, "pre": 1, "post": 0, "section": 25}}, {"type": "Feature", "geometry": {"type": "Point", "coordinates": [411965.0694911387, 320411.12853466935]}, "properties": {"d": 30.0, "pre": 1, "post": 1, "section": 25}}, {"type": "Feature", "geometry": {"type": "Point", "coordinates": [411964.9041439761, 320401.129901747]}, "properties": {"d": 40.0, "pre": 1, "post": 1, "section": 25}}, {"type": "Feature", "geometry": {"type": "Point", "coordinates": [411964.7387968135, 320391.1312688246]}, "properties": {"d": 50.0, "pre": 1, "post": 1, "section": 25}}, {"type": "Feature", "geometry": {"type": "Point", "coordinates": [411964.57344965084, 320381.1326359023]}, "properties": {"d": 60.0, "pre": 1, "post": 1, "section": 25}}, {"type": "Feature", "geometry": {"type": "Point", "coordinates": [411964.40810248826, 320371.13400297996]}, "properties": {"d": 70.0, "pre": 1, "post": 1, "section": 25}}, {"type": "Feature", "geometry": {"type": "Point", "coordinates": [411964.2427553256, 320361.1353700576]}, "properties": {"d": 80.0, "pre": 1, "post": 1, "section": 25}}, {"type": "Feature", "geometry": {"type": "Point", "coordinates": [411964.07740816305, 320351.13673713524]}, "properties": {"d": 90.0, "pre": 1, "post": 1, "section": 25}}, {"type": "Feature", "geometry": {"type": "Point", "coordinates": [411963.9120610004, 320341.13810421294]}, "properties": {"d": 100.0, "pre": 1, "post": 1, "section": 25}}, {"type": "Feature", "geometry": {"type": "Point", "coordinates": [411963.74671383784, 320331.1394712906]}, "properties": {"d": 110.0, "pre": 1, "post": 1, "section": 25}}, {"type": "Feature", "geometry": {"type": "Point", "coordinates": [411963.5813666752, 320321.1408383682]}, "properties": {"d": 120.0, "pre": 1, "post": 1, "section": 25}}, {"type": "Feature", "geometry": {"type": "Point", "coordinates": [411963.4160195126, 320311.14220544585]}, "properties": {"d": 130.0, "pre": 1, "post": 1, "section": 25}}, {"type": "Feature", "geometry": {"type": "Point", "coordinates": [411963.25067235, 320301.14357252355]}, "properties": {"d": 140.0, "pre": 1, "post": 1, "section": 25}}, {"type": "Feature", "geometry": {"type": "Point", "coordinates": [411963.08532518736, 320291.1449396012]}, "properties": {"d": 150.0, "pre": 1, "post": 1, "section": 25}}, {"type": "Feature", "geometry": {"type": "Point", "coordinates": [412466.96854101244, 320533.3674423623]}, "properties": {"d": -100.0, "pre": 0, "post": 0, "section": 26}}, {"type": "Feature", "geometry": {"type": "Point", "coordinates": [412466.8222316525, 320523.36851274106]}, "properties": {"d": -90.0, "pre": 0, "post": 0, "section": 26}}, {"type": "Feature", "geometry": {"type": "Point", "coordinates": [412466.67592229263, 320513.36958311975]}, "properties": {"d": -80.0, "pre": 0, "post": 0, "section": 26}}, {"type": "Feature", "geometry": {"type": "Point", "coordinates": [412466.5296129327, 320503.3706534985]}, "properties": {"d": -70.0, "pre": 0, "post": 0, "section": 26}}, {"type": "Feature", "geometry": {"type": "Point", "coordinates": [412466.3833035728, 320493.3717238772]}, "properties": {"d": -60.0, "pre": 0, "post": 0, "section": 26}}, {"type": "Feature", "geometry": {"type": "Point", "coordinates": [412466.23699421284, 320483.37279425596]}, "properties": {"d": -50.0, "pre": 0, "post": 0, "section": 26}}, {"type": "Feature", "geometry": {"type": "Point", "coordinates": [412466.09068485297, 320473.37386463466]}, "properties": {"d": -40.0, "pre": 0, "post": 0, "section": 26}}, {"type": "Feature", "geometry": {"type": "Point", "coordinates": [412465.94437549304, 320463.3749350134]}, "properties": {"d": -30.0, "pre": 0, "post": 0, "section": 26}}, {"type": "Feature", "geometry": {"type": "Point", "coordinates": [412465.7980661331, 320453.3760053921]}, "properties": {"d": -20.0, "pre": 0, "post": 0, "section": 26}}, {"type": "Feature", "geometry": {"type": "Point", "coordinates": [412465.65175677324, 320443.37707577087]}, "properties": {"d": -10.0, "pre": 0, "post": 0, "section": 26}}, {"type": "Feature", "geometry": {"type": "Point", "coordinates": [412465.5054474133, 320433.37814614957]}, "properties": {"d": 0.0, "pre": 0, "post": 0, "section": 26}}, {"type": "Feature", "geometry": {"type": "Point", "coordinates": [412465.3591380534, 320423.37921652826]}, "properties": {"d": 10.0, "pre": 1, "post": 0, "section": 26}}, {"type": "Feature", "geometry": {"type": "Point", "coordinates": [412465.2128286935, 320413.380286907]}, "properties": {"d": 20.0, "pre": 1, "post": 1, "section": 26}}, {"type": "Feature", "geometry": {"type": "Point", "coordinates": [412465.0665193336, 320403.3813572857]}, "properties": {"d": 30.0, "pre": 1, "post": 1, "section": 26}}, {"type": "Feature", "geometry": {"type": "Point", "coordinates": [412464.92020997364, 320393.3824276645]}, "properties": {"d": 40.0, "pre": 1, "post": 1, "section": 26}}, {"type": "Feature", "geometry": {"type": "Point", "coordinates": [412464.77390061377, 320383.3834980432]}, "properties": {"d": 50.0, "pre": 1, "post": 1, "section": 26}}, {"type": "Feature", "geometry": {"type": "Point", "coordinates": [412464.62759125384, 320373.3845684219]}, "properties": {"d": 60.0, "pre": 1, "post": 1, "section": 26}}, {"type": "Feature", "geometry": {"type": "Point", "coordinates": [412464.4812818939, 320363.3856388006]}, "properties": {"d": 70.0, "pre": 1, "post": 1, "section": 26}}, {"type": "Feature", "geometry": {"type": "Point", "coordinates": [412464.334972534, 320353.3867091794]}, "properties": {"d": 80.0, "pre": 1, "post": 1, "section": 26}}, {"type": "Feature", "geometry": {"type": "Point", "coordinates": [412464.1886631741, 320343.3877795581]}, "properties": {"d": 90.0, "pre": 1, "post": 1, "section": 26}}, {"type": "Feature", "geometry": {"type": "Point", "coordinates": [412464.0423538142, 320333.38884993683]}, "properties": {"d": 100.0, "pre": 1, "post": 1, "section": 26}}, {"type": "Feature", "geometry": {"type": "Point", "coordinates": [412463.89604445425, 320323.38992031553]}, "properties": {"d": 110.0, "pre": 1, "post": 1, "section": 26}}, {"type": "Feature", "geometry": {"type": "Point", "coordinates": [412463.7497350944, 320313.3909906943]}, "properties": {"d": 120.0, "pre": 1, "post": 1, "section": 26}}, {"type": "Feature", "geometry": {"type": "Point", "coordinates": [412463.60342573444, 320303.392061073]}, "properties": {"d": 130.0, "pre": 1, "post": 1, "section": 26}}, {"type": "Feature", "geometry": {"type": "Point", "coordinates": [412463.4571163745, 320293.39313145174]}, "properties": {"d": 140.0, "pre": 1, "post": 1, "section": 26}}, {"type": "Feature", "geometry": {"type": "Point", "coordinates": [412463.31080701464, 320283.39420183044]}, "properties": {"d": 150.0, "pre": 1, "post": 1, "section": 26}}, {"type": "Feature", "geometry": {"type": "Point", "coordinates": [412966.8536577074, 320526.2743114177]}, "properties": {"d": -100.0, "pre": 0, "post": 0, "section": 27}}, {"type": "Feature", "geometry": {"type": "Point", "coordinates": [412966.7138029068, 320516.27528943383]}, "properties": {"d": -90.0, "pre": 0, "post": 0, "section": 27}}, {"type": "Feature", "geometry": {"type": "Point", "coordinates": [412966.5739481062, 320506.2762674499]}, "properties": {"d": -80.0, "pre": 0, "post": 0, "section": 27}}, {"type": "Feature", "geometry": {"type": "Point", "coordinates": [412966.43409330567, 320496.277245466]}, "properties": {"d": -70.0, "pre": 0, "post": 0, "section": 27}}, {"type": "Feature", "geometry": {"type": "Point", "coordinates": [412966.29423850507, 320486.2782234821]}, "properties": {"d": -60.0, "pre": 0, "post": 0, "section": 27}}, {"type": "Feature", "geometry": {"type": "Point", "coordinates": [412966.1543837045, 320476.2792014982]}, "properties": {"d": -50.0, "pre": 0, "post": 0, "section": 27}}, {"type": "Feature", "geometry": {"type": "Point", "coordinates": [412966.01452890394, 320466.28017951426]}, "properties": {"d": -40.0, "pre": 0, "post": 0, "section": 27}}, {"type": "Feature", "geometry": {"type": "Point", "coordinates": [412965.87467410334, 320456.2811575304]}, "properties": {"d": -30.0, "pre": 0, "post": 0, "section": 27}}, {"type": "Feature", "geometry": {"type": "Point", "coordinates": [412965.73481930274, 320446.28213554644]}, "properties": {"d": -20.0, "pre": 0, "post": 0, "section": 27}}, {"type": "Feature", "geometry": {"type": "Point", "coordinates": [412965.5949645022, 320436.28311356256]}, "properties": {"d": -10.0, "pre": 0, "post": 0, "section": 27}}, {"type": "Feature", "geometry": {"type": "Point", "coordinates": [412965.4551097016, 320426.2840915786]}, "properties": {"d": 0.0, "pre": 1, "post": 0, "section": 27}}, {"type": "Feature", "geometry": {"type": "Point", "coordinates": [412965.315254901, 320416.2850695947]}, "properties": {"d": 10.0, "pre": 1, "post": 0, "section": 27}}, {"type": "Feature", "geometry": {"type": "Point", "coordinates": [412965.1754001005, 320406.2860476108]}, "properties": {"d": 20.0, "pre": 1, "post": 1, "section": 27}}, {"type": "Feature", "geometry": {"type": "Point", "coordinates": [412965.0355452999, 320396.28702562687]}, "properties": {"d": 30.0, "pre": 1, "post": 1, "section": 27}}, {"type": "Feature", "geometry": {"type": "Point", "coordinates": [412964.8956904993, 320386.288003643]}, "properties": {"d": 40.0, "pre": 1, "post": 1, "section": 27}}, {"type": "Feature", "geometry": {"type": "Point", "coordinates": [412964.75583569874, 320376.28898165905]}, "properties": {"d": 50.0, "pre": 1, "post": 1, "section": 27}}, {"type": "Feature", "geometry": {"type": "Point", "coordinates": [412964.61598089815, 320366.28995967517]}, "properties": {"d": 60.0, "pre": 1, "post": 1, "section": 27}}, {"type": "Feature", "geometry": {"type": "Point", "coordinates": [412964.47612609755, 320356.2909376912]}, "properties": {"d": 70.0, "pre": 1, "post": 1, "section": 27}}, {"type": "Feature", "geometry": {"type": "Point", "coordinates": [412964.336271297, 320346.29191570735]}, "properties": {"d": 80.0, "pre": 1, "post": 1, "section": 27}}, {"type": "Feature", "geometry": {"type": "Point", "coordinates": [412964.1964164964, 320336.2928937234]}, "properties": {"d": 90.0, "pre": 1, "post": 1, "section": 27}}, {"type": "Feature", "geometry": {"type": "Point", "coordinates": [412964.0565616958, 320326.29387173953]}, "properties": {"d": 100.0, "pre": 1, "post": 1, "section": 27}}, {"type": "Feature", "geometry": {"type": "Point", "coordinates": [412963.9167068952, 320316.2948497556]}, "properties": {"d": 110.0, "pre": 1, "post": 1, "section": 27}}, {"type": "Feature", "geometry": {"type": "Point", "coordinates": [412963.7768520947, 320306.29582777165]}, "properties": {"d": 120.0, "pre": 1, "post": 1, "section": 27}}, {"type": "Feature", "geometry": {"type": "Point", "coordinates": [412963.6369972941, 320296.2968057878]}, "properties": {"d": 130.0, "pre": 1, "post": 1, "section": 27}}, {"type": "Feature", "geometry": {"type": "Point", "coordinates": [412963.4971424935, 320286.29778380384]}, "properties": {"d": 140.0, "pre": 1, "post": 1, "section": 27}}, {"type": "Feature", "geometry": {"type": "Point", "coordinates": [412963.35728769295, 320276.29876181995]}, "properties": {"d": 150.0, "pre": 1, "post": 1, "section": 27}}, {"type": "Feature", "geometry": {"type": "Point", "coordinates": [413466.89531836513, 320519.1196221185]}, "properties": {"d": -100.0, "pre": 0, "post": 0, "section": 28}}, {"type": "Feature", "geometry": {"type": "Point", "coordinates": [413466.74617831106, 320509.12073431816]}, "properties": {"d": -90.0, "pre": 0, "post": 0, "section": 28}}, {"type": "Feature", "geometry": {"type": "Point", "coordinates": [413466.59703825694, 320499.1218465178]}, "properties": {"d": -80.0, "pre": 0, "post": 0, "section": 28}}, {"type": "Feature", "geometry": {"type": "Point", "coordinates": [413466.44789820287, 320489.1229587174]}, "properties": {"d": -70.0, "pre": 0, "post": 0, "section": 28}}, {"type": "Feature", "geometry": {"type": "Point", "coordinates": [413466.29875814874, 320479.124070917]}, "properties": {"d": -60.0, "pre": 0, "post": 0, "section": 28}}, {"type": "Feature", "geometry": {"type": "Point", "coordinates": [413466.14961809467, 320469.1251831167]}, "properties": {"d": -50.0, "pre": 0, "post": 0, "section": 28}}, {"type": "Feature", "geometry": {"type": "Point", "coordinates": [413466.0004780406, 320459.1262953163]}, "properties": {"d": -40.0, "pre": 0, "post": 0, "section": 28}}, {"type": "Feature", "geometry": {"type": "Point", "coordinates": [413465.8513379865, 320449.12740751595]}, "properties": {"d": -30.0, "pre": 0, "post": 0, "section": 28}}, {"type": "Feature", "geometry": {"type": "Point", "coordinates": [413465.7021979324, 320439.12851971557]}, "properties": {"d": -20.0, "pre": 0, "post": 0, "section": 28}}, {"type": "Feature", "geometry": {"type": "Point", "coordinates": [413465.5530578783, 320429.12963191525]}, "properties": {"d": -10.0, "pre": 0, "post": 0, "section": 28}}, {"type": "Feature", "geometry": {"type": "Point", "coordinates": [413465.4039178242, 320419.13074411487]}, "properties": {"d": 0.0, "pre": 1, "post": 0, "section": 28}}, {"type": "Feature", "geometry": {"type": "Point", "coordinates": [413465.25477777014, 320409.1318563145]}, "properties": {"d": 10.0, "pre": 1, "post": 0, "section": 28}}, {"type": "Feature", "geometry": {"type": "Point", "coordinates": [413465.105637716, 320399.13296851417]}, "properties": {"d": 20.0, "pre": 1, "post": 1, "section": 28}}, {"type": "Feature", "geometry": {"type": "Point", "coordinates": [413464.95649766194, 320389.1340807138]}, "properties": {"d": 30.0, "pre": 1, "post": 1, "section": 28}}, {"type": "Feature", "geometry": {"type": "Point", "coordinates": [413464.8073576078, 320379.1351929134]}, "properties": {"d": 40.0, "pre": 1, "post": 1, "section": 28}}, {"type": "Feature", "geometry": {"type": "Point", "coordinates": [413464.65821755375, 320369.13630511303]}, "properties": {"d": 50.0, "pre": 1, "post": 1, "section": 28}}, {"type": "Feature", "geometry": {"type": "Point", "coordinates": [413464.5090774997, 320359.1374173127]}, "properties": {"d": 60.0, "pre": 1, "post": 1, "section": 28}}, {"type": "Feature", "geometry": {"type": "Point", "coordinates": [413464.35993744555, 320349.13852951233]}, "properties": {"d": 70.0, "pre": 1, "post": 1, "section": 28}}, {"type": "Feature", "geometry": {"type": "Point", "coordinates": [413464.2107973915, 320339.13964171195]}, "properties": {"d": 80.0, "pre": 1, "post": 1, "section": 28}}, {"type": "Feature", "geometry": {"type": "Point", "coordinates": [413464.06165733736, 320329.1407539116]}, "properties": {"d": 90.0, "pre": 1, "post": 1, "section": 28}}, {"type": "Feature", "geometry": {"type": "Point", "coordinates": [413463.9125172833, 320319.14186611125]}, "properties": {"d": 100.0, "pre": 1, "post": 1, "section": 28}}, {"type": "Feature", "geometry": {"type": "Point", "coordinates": [413463.7633772292, 320309.1429783109]}, "properties": {"d": 110.0, "pre": 1, "post": 1, "section": 28}}, {"type": "Feature", "geometry": {"type": "Point", "coordinates": [413463.6142371751, 320299.1440905105]}, "properties": {"d": 120.0, "pre": 1, "post": 1, "section": 28}}, {"type": "Feature", "geometry": {"type": "Point", "coordinates": [413463.465097121, 320289.1452027101]}, "properties": {"d": 130.0, "pre": 1, "post": 1, "section": 28}}, {"type": "Feature", "geometry": {"type": "Point", "coordinates": [413463.3159570669, 320279.1463149098]}, "properties": {"d": 140.0, "pre": 1, "post": 1, "section": 28}}, {"type": "Feature", "geometry": {"type": "Point", "coordinates": [413463.1668170128, 320269.1474271094]}, "properties": {"d": 150.0, "pre": 1, "post": 1, "section": 28}}, {"type": "Feature", "geometry": {"type": "Point", "coordinates": [413967.1030029758, 320511.0550674774]}, "properties": {"d": -100.0, "pre": 0, "post": 0, "section": 29}}, {"type": "Feature", "geometry": {"type": "Point", "coordinates": [413966.9265818503, 320501.05662381917]}, "properties": {"d": -90.0, "pre": 0, "post": 0, "section": 29}}, {"type": "Feature", "geometry": {"type": "Point", "coordinates": [413966.7501607247, 320491.05818016094]}, "properties": {"d": -80.0, "pre": 0, "post": 0, "section": 29}}, {"type": "Feature", "geometry": {"type": "Point", "coordinates": [413966.5737395991, 320481.05973650276]}, "properties": {"d": -70.0, "pre": 0, "post": 0, "section": 29}}, {"type": "Feature", "geometry": {"type": "Point", "coordinates": [413966.3973184735, 320471.06129284453]}, "properties": {"d": -60.0, "pre": 0, "post": 0, "section": 29}}, {"type": "Feature", "geometry": {"type": "Point", "coordinates": [413966.2208973479, 320461.0628491863]}, "properties": {"d": -50.0, "pre": 0, "post": 0, "section": 29}}, {"type": "Feature", "geometry": {"type": "Point", "coordinates": [413966.0444762223, 320451.06440552813]}, "properties": {"d": -40.0, "pre": 0, "post": 0, "section": 29}}, {"type": "Feature", "geometry": {"type": "Point", "coordinates": [413965.86805509677, 320441.0659618699]}, "properties": {"d": -30.0, "pre": 0, "post": 0, "section": 29}}, {"type": "Feature", "geometry": {"type": "Point", "coordinates": [413965.6916339712, 320431.06751821167]}, "properties": {"d": -20.0, "pre": 0, "post": 0, "section": 29}}, {"type": "Feature", "geometry": {"type": "Point", "coordinates": [413965.5152128456, 320421.0690745535]}, "properties": {"d": -10.0, "pre": 0, "post": 0, "section": 29}}, {"type": "Feature", "geometry": {"type": "Point", "coordinates": [413965.33879172, 320411.07063089526]}, "properties": {"d": 0.0, "pre": 1, "post": 0, "section": 29}}, {"type": "Feature", "geometry": {"type": "Point", "coordinates": [413965.1623705944, 320401.07218723703]}, "properties": {"d": 10.0, "pre": 1, "post": 0, "section": 29}}, {"type": "Feature", "geometry": {"type": "Point", "coordinates": [413964.9859494688, 320391.07374357886]}, "properties": {"d": 20.0, "pre": 1, "post": 1, "section": 29}}, {"type": "Feature", "geometry": {"type": "Point", "coordinates": [413964.8095283432, 320381.07529992063]}, "properties": {"d": 30.0, "pre": 1, "post": 1, "section": 29}}, {"type": "Feature", "geometry": {"type": "Point", "coordinates": [413964.63310721767, 320371.0768562624]}, "properties": {"d": 40.0, "pre": 1, "post": 1, "section": 29}}, {"type": "Feature", "geometry": {"type": "Point", "coordinates": [413964.4566860921, 320361.0784126042]}, "properties": {"d": 50.0, "pre": 1, "post": 1, "section": 29}}, {"type": "Feature", "geometry": {"type": "Point", "coordinates": [413964.2802649665, 320351.079968946]}, "properties": {"d": 60.0, "pre": 1, "post": 1, "section": 29}}, {"type": "Feature", "geometry": {"type": "Point", "coordinates": [413964.1038438409, 320341.08152528777]}, "properties": {"d": 70.0, "pre": 1, "post": 1, "section": 29}}, {"type": "Feature", "geometry": {"type": "Point", "coordinates": [413963.9274227153, 320331.0830816296]}, "properties": {"d": 80.0, "pre": 1, "post": 1, "section": 29}}, {"type": "Feature", "geometry": {"type": "Point", "coordinates": [413963.7510015897, 320321.08463797136]}, "properties": {"d": 90.0, "pre": 1, "post": 1, "section": 29}}, {"type": "Feature", "geometry": {"type": "Point", "coordinates": [413963.57458046416, 320311.08619431313]}, "properties": {"d": 100.0, "pre": 1, "post": 1, "section": 29}}, {"type": "Feature", "geometry": {"type": "Point", "coordinates": [413963.39815933857, 320301.0877506549]}, "properties": {"d": 110.0, "pre": 1, "post": 1, "section": 29}}, {"type": "Feature", "geometry": {"type": "Point", "coordinates": [413963.221738213, 320291.0893069967]}, "properties": {"d": 120.0, "pre": 1, "post": 1, "section": 29}}, {"type": "Feature", "geometry": {"type": "Point", "coordinates": [413963.0453170874, 320281.0908633385]}, "properties": {"d": 130.0, "pre": 1, "post": 1, "section": 29}}, {"type": "Feature", "geometry": {"type": "Point", "coordinates": [413962.8688959618, 320271.09241968027]}, "properties": {"d": 140.0, "pre": 1, "post": 1, "section": 29}}, {"type": "Feature", "geometry": {"type": "Point", "coordinates": [413962.6924748362, 320261.0939760221]}, "properties": {"d": 150.0, "pre": 1, "post": 1, "section": 29}}, {"type": "Feature", "geometry": {"type": "Point", "coordinates": [414467.4695243611, 320501.1439280904]}, "properties": {"d": -100.0, "pre": 0, "post": 0, "section": 30}}, {"type": "Feature", "geometry": {"type": "Point", "coordinates": [414467.2466001618, 320491.14641315915]}, "properties": {"d": -90.0, "pre": 0, "post": 0, "section": 30}}, {"type": "Feature", "geometry": {"type": "Point", "coordinates": [414467.0236759624, 320481.14889822784]}, "properties": {"d": -80.0, "pre": 0, "post": 0, "section": 30}}, {"type": "Feature", "geometry": {"type": "Point", "coordinates": [414466.80075176305, 320471.1513832965]}, "properties": {"d": -70.0, "pre": 0, "post": 0, "section": 30}}, {"type": "Feature", "geometry": {"type": "Point", "coordinates": [414466.57782756374, 320461.1538683653]}, "properties": {"d": -60.0, "pre": 0, "post": 0, "section": 30}}, {"type": "Feature", "geometry": {"type": "Point", "coordinates": [414466.3549033644, 320451.15635343397]}, "properties": {"d": -50.0, "pre": 0, "post": 0, "section": 30}}, {"type": "Feature", "geometry": {"type": "Point", "coordinates": [414466.131979165, 320441.1588385027]}, "properties": {"d": -40.0, "pre": 0, "post": 0, "section": 30}}, {"type": "Feature", "geometry": {"type": "Point", "coordinates": [414465.9090549657, 320431.1613235714]}, "properties": {"d": -30.0, "pre": 0, "post": 0, "section": 30}}, {"type": "Feature", "geometry": {"type": "Point", "coordinates": [414465.68613076635, 320421.1638086401]}, "properties": {"d": -20.0, "pre": 0, "post": 0, "section": 30}}, {"type": "Feature", "geometry": {"type": "Point", "coordinates": [414465.46320656704, 320411.16629370884]}, "properties": {"d": -10.0, "pre": 0, "post": 0, "section": 30}}, {"type": "Feature", "geometry": {"type": "Point", "coordinates": [414465.2402823677, 320401.16877877753]}, "properties": {"d": 0.0, "pre": 1, "post": 0, "section": 30}}, {"type": "Feature", "geometry": {"type": "Point", "coordinates": [414465.0173581683, 320391.1712638462]}, "properties": {"d": 10.0, "pre": 1, "post": 0, "section": 30}}, {"type": "Feature", "geometry": {"type": "Point", "coordinates": [414464.794433969, 320381.17374891497]}, "properties": {"d": 20.0, "pre": 1, "post": 1, "section": 30}}, {"type": "Feature", "geometry": {"type": "Point", "coordinates": [414464.57150976965, 320371.17623398366]}, "properties": {"d": 30.0, "pre": 1, "post": 1, "section": 30}}, {"type": "Feature", "geometry": {"type": "Point", "coordinates": [414464.34858557035, 320361.17871905235]}, "properties": {"d": 40.0, "pre": 1, "post": 1, "section": 30}}, {"type": "Feature", "geometry": {"type": "Point", "coordinates": [414464.125661371, 320351.1812041211]}, "properties": {"d": 50.0, "pre": 1, "post": 1, "section": 30}}, {"type": "Feature", "geometry": {"type": "Point", "coordinates": [414463.9027371716, 320341.1836891898]}, "properties": {"d": 60.0, "pre": 1, "post": 1, "section": 30}}, {"type": "Feature", "geometry": {"type": "Point", "coordinates": [414463.6798129723, 320331.18617425853]}, "properties": {"d": 70.0, "pre": 1, "post": 1, "section": 30}}, {"type": "Feature", "geometry": {"type": "Point", "coordinates": [414463.45688877295, 320321.1886593272]}, "properties": {"d": 80.0, "pre": 1, "post": 1, "section": 30}}, {"type": "Feature", "geometry": {"type": "Point", "coordinates": [414463.2339645736, 320311.1911443959]}, "properties": {"d": 90.0, "pre": 1, "post": 1, "section": 30}}, {"type": "Feature", "geometry": {"type": "Point", "coordinates": [414463.0110403743, 320301.19362946466]}, "properties": {"d": 100.0, "pre": 1, "post": 1, "section": 30}}, {"type": "Feature", "geometry": {"type": "Point", "coordinates": [414462.7881161749, 320291.19611453335]}, "properties": {"d": 110.0, "pre": 1, "post": 1, "section": 30}}, {"type": "Feature", "geometry": {"type": "Point", "coordinates": [414462.5651919756, 320281.19859960204]}, "properties": {"d": 120.0, "pre": 1, "post": 1, "section": 30}}, {"type": "Feature", "geometry": {"type": "Point", "coordinates": [414462.34226777626, 320271.2010846708]}, "properties": {"d": 130.0, "pre": 1, "post": 1, "section": 30}}, {"type": "Feature", "geometry": {"type": "Point", "coordinates": [414462.1193435769, 320261.2035697395]}, "properties": {"d": 140.0, "pre": 1, "post": 1, "section": 30}}, {"type": "Feature", "geometry": {"type": "Point", "coordinates": [414461.8964193776, 320251.2060548082]}, "properties": {"d": 150.0, "pre": 1, "post": 1, "section": 30}}, {"type": "Feature", "geometry": {"type": "Point", "coordinates": [414967.9653773356, 320488.41477527656]}, "properties": {"d": -100.0, "pre": 0, "post": 0, "section": 31}}, {"type": "Feature", "geometry": {"type": "Point", "coordinates": [414967.6766142021, 320478.41894535336]}, "properties": {"d": -90.0, "pre": 0, "post": 0, "section": 31}}, {"type": "Feature", "geometry": {"type": "Point", "coordinates": [414967.3878510685, 320468.4231154302]}, "properties": {"d": -80.0, "pre": 0, "post": 0, "section": 31}}, {"type": "Feature", "geometry": {"type": "Point", "coordinates": [414967.099087935, 320458.4272855071]}, "properties": {"d": -70.0, "pre": 0, "post": 0, "section": 31}}, {"type": "Feature", "geometry": {"type": "Point", "coordinates": [414966.8103248014, 320448.4314555839]}, "properties": {"d": -60.0, "pre": 0, "post": 0, "section": 31}}, {"type": "Feature", "geometry": {"type": "Point", "coordinates": [414966.5215616679, 320438.43562566076]}, "properties": {"d": -50.0, "pre": 0, "post": 0, "section": 31}}, {"type": "Feature", "geometry": {"type": "Point", "coordinates": [414966.2327985343, 320428.43979573756]}, "properties": {"d": -40.0, "pre": 0, "post": 0, "section": 31}}, {"type": "Feature", "geometry": {"type": "Point", "coordinates": [414965.9440354008, 320418.4439658144]}, "properties": {"d": -30.0, "pre": 0, "post": 0, "section": 31}}, {"type": "Feature", "geometry": {"type": "Point", "coordinates": [414965.65527226723, 320408.4481358913]}, "properties": {"d": -20.0, "pre": 0, "post": 0, "section": 31}}, {"type": "Feature", "geometry": {"type": "Point", "coordinates": [414965.3665091337, 320398.4523059681]}, "properties": {"d": -10.0, "pre": 0, "post": 0, "section": 31}}, {"type": "Feature", "geometry": {"type": "Point", "coordinates": [414965.07774600014, 320388.45647604496]}, "properties": {"d": 0.0, "pre": 1, "post": 0, "section": 31}}, {"type": "Feature", "geometry": {"type": "Point", "coordinates": [414964.78898286656, 320378.4606461218]}, "properties": {"d": 10.0, "pre": 1, "post": 0, "section": 31}}, {"type": "Feature", "geometry": {"type": "Point", "coordinates": [414964.50021973305, 320368.4648161986]}, "properties": {"d": 20.0, "pre": 1, "post": 1, "section": 31}}, {"type": "Feature", "geometry": {"type": "Point", "coordinates": [414964.21145659947, 320358.4689862755]}, "properties": {"d": 30.0, "pre": 1, "post": 1, "section": 31}}, {"type": "Feature", "geometry": {"type": "Point", "coordinates": [414963.92269346595, 320348.47315635235]}, "properties": {"d": 40.0, "pre": 1, "post": 1, "section": 31}}, {"type": "Feature", "geometry": {"type": "Point", "coordinates": [414963.6339303324, 320338.47732642916]}, "properties": {"d": 50.0, "pre": 1, "post": 1, "section": 31}}, {"type": "Feature", "geometry": {"type": "Point", "coordinates": [414963.34516719886, 320328.481496506]}, "properties": {"d": 60.0, "pre": 1, "post": 1, "section": 31}}, {"type": "Feature", "geometry": {"type": "Point", "coordinates": [414963.0564040653, 320318.4856665828]}, "properties": {"d": 70.0, "pre": 1, "post": 1, "section": 31}}, {"type": "Feature", "geometry": {"type": "Point", "coordinates": [414962.76764093176, 320308.4898366597]}, "properties": {"d": 80.0, "pre": 1, "post": 1, "section": 31}}, {"type": "Feature", "geometry": {"type": "Point", "coordinates": [414962.4788777982, 320298.49400673655]}, "properties": {"d": 90.0, "pre": 1, "post": 1, "section": 31}}, {"type": "Feature", "geometry": {"type": "Point", "coordinates": [414962.19011466467, 320288.49817681336]}, "properties": {"d": 100.0, "pre": 1, "post": 1, "section": 31}}, {"type": "Feature", "geometry": {"type": "Point", "coordinates": [414961.9013515311, 320278.5023468902]}, "properties": {"d": 110.0, "pre": 1, "post": 1, "section": 31}}, {"type": "Feature", "geometry": {"type": "Point", "coordinates": [414961.6125883975, 320268.5065169671]}, "properties": {"d": 120.0, "pre": 1, "post": 1, "section": 31}}, {"type": "Feature", "geometry": {"type": "Point", "coordinates": [414961.323825264, 320258.5106870439]}, "properties": {"d": 130.0, "pre": 1, "post": 1, "section": 31}}, {"type": "Feature", "geometry": {"type": "Point", "coordinates": [414961.0350621304, 320248.51485712075]}, "properties": {"d": 140.0, "pre": 1, "post": 1, "section": 31}}, {"type": "Feature", "geometry": {"type": "Point", "coordinates": [414960.7462989969, 320238.51902719756]}, "properties": {"d": 150.0, "pre": 1, "post": 1, "section": 31}}, {"type": "Feature", "geometry": {"type": "Point", "coordinates": [415468.5340621923, 320471.9183333308]}, "properties": {"d": -100.0, "pre": 0, "post": 0, "section": 32}}, {"type": "Feature", "geometry": {"type": "Point", "coordinates": [415468.1611534939, 320461.92528879456]}, "properties": {"d": -90.0, "pre": 0, "post": 0, "section": 32}}, {"type": "Feature", "geometry": {"type": "Point", "coordinates": [415467.7882447955, 320451.93224425835]}, "properties": {"d": -80.0, "pre": 0, "post": 0, "section": 32}}, {"type": "Feature", "geometry": {"type": "Point", "coordinates": [415467.4153360971, 320441.93919972214]}, "properties": {"d": -70.0, "pre": 0, "post": 0, "section": 32}}, {"type": "Feature", "geometry": {"type": "Point", "coordinates": [415467.04242739873, 320431.9461551859]}, "properties": {"d": -60.0, "pre": 0, "post": 0, "section": 32}}, {"type": "Feature", "geometry": {"type": "Point", "coordinates": [415466.6695187004, 320421.9531106497]}, "properties": {"d": -50.0, "pre": 0, "post": 0, "section": 32}}, {"type": "Feature", "geometry": {"type": "Point", "coordinates": [415466.296610002, 320411.9600661135]}, "properties": {"d": -40.0, "pre": 0, "post": 0, "section": 32}}, {"type": "Feature", "geometry": {"type": "Point", "coordinates": [415465.9237013036, 320401.9670215773]}, "properties": {"d": -30.0, "pre": 0, "post": 0, "section": 32}}, {"type": "Feature", "geometry": {"type": "Point", "coordinates": [415465.5507926052, 320391.9739770411]}, "properties": {"d": -20.0, "pre": 0, "post": 0, "section": 32}}, {"type": "Feature", "geometry": {"type": "Point", "coordinates": [415465.1778839068, 320381.98093250487]}, "properties": {"d": -10.0, "pre": 0, "post": 0, "section": 32}}, {"type": "Feature", "geometry": {"type": "Point", "coordinates": [415464.8049752084, 320371.98788796866]}, "properties": {"d": 0.0, "pre": 1, "post": 0, "section": 32}}, {"type": "Feature", "geometry": {"type": "Point", "coordinates": [415464.43206651, 320361.99484343245]}, "properties": {"d": 10.0, "pre": 1, "post": 1, "section": 32}}, {"type": "Feature", "geometry": {"type": "Point", "coordinates": [415464.05915781163, 320352.00179889624]}, "properties": {"d": 20.0, "pre": 1, "post": 1, "section": 32}}, {"type": "Feature", "geometry": {"type": "Point", "coordinates": [415463.68624911323, 320342.00875436]}, "properties": {"d": 30.0, "pre": 1, "post": 1, "section": 32}}, {"type": "Feature", "geometry": {"type": "Point", "coordinates": [415463.31334041484, 320332.0157098238]}, "properties": {"d": 40.0, "pre": 1, "post": 1, "section": 32}}, {"type": "Feature", "geometry": {"type": "Point", "coordinates": [415462.94043171644, 320322.0226652876]}, "properties": {"d": 50.0, "pre": 1, "post": 1, "section": 32}}, {"type": "Feature", "geometry": {"type": "Point", "coordinates": [415462.5675230181, 320312.0296207514]}, "properties": {"d": 60.0, "pre": 1, "post": 1, "section": 32}}, {"type": "Feature", "geometry": {"type": "Point", "coordinates": [415462.1946143197, 320302.0365762152]}, "properties": {"d": 70.0, "pre": 1, "post": 1, "section": 32}}, {"type": "Feature", "geometry": {"type": "Point", "coordinates": [415461.8217056213, 320292.04353167897]}, "properties": {"d": 80.0, "pre": 1, "post": 1, "section": 32}}, {"type": "Feature", "geometry": {"type": "Point", "coordinates": [415461.4487969229, 320282.05048714275]}, "properties": {"d": 90.0, "pre": 1, "post": 1, "section": 32}}, {"type": "Feature", "geometry": {"type": "Point", "coordinates": [415461.0758882245, 320272.05744260654]}, "properties": {"d": 100.0, "pre": 1, "post": 1, "section": 32}}, {"type": "Feature", "geometry": {"type": "Point", "coordinates": [415460.70297952613, 320262.06439807033]}, "properties": {"d": 110.0, "pre": 1, "post": 1, "section": 32}}, {"type": "Feature", "geometry": {"type": "Point", "coordinates": [415460.33007082774, 320252.0713535341]}, "properties": {"d": 120.0, "pre": 1, "post": 1, "section": 32}}, {"type": "Feature", "geometry": {"type": "Point", "coordinates": [415459.95716212934, 320242.0783089979]}, "properties": {"d": 130.0, "pre": 1, "post": 1, "section": 32}}, {"type": "Feature", "geometry": {"type": "Point", "coordinates": [415459.58425343095, 320232.08526446176]}, "properties": {"d": 140.0, "pre": 1, "post": 1, "section": 32}}, {"type": "Feature", "geometry": {"type": "Point", "coordinates": [415459.21134473255, 320222.09221992554]}, "properties": {"d": 150.0, "pre": 1, "post": 1, "section": 32}}, {"type": "Feature", "geometry": {"type": "Point", "coordinates": [415969.08998477046, 320450.78477326117]}, "properties": {"d": -100.0, "pre": 0, "post": 0, "section": 33}}, {"type": "Feature", "geometry": {"type": "Point", "coordinates": [415968.616769763, 320440.7959761586]}, "properties": {"d": -90.0, "pre": 0, "post": 0, "section": 33}}, {"type": "Feature", "geometry": {"type": "Point", "coordinates": [415968.14355475554, 320430.807179056]}, "properties": {"d": -80.0, "pre": 0, "post": 0, "section": 33}}, {"type": "Feature", "geometry": {"type": "Point", "coordinates": [415967.6703397481, 320420.8183819534]}, "properties": {"d": -70.0, "pre": 0, "post": 0, "section": 33}}, {"type": "Feature", "geometry": {"type": "Point", "coordinates": [415967.19712474063, 320410.8295848508]}, "properties": {"d": -60.0, "pre": 0, "post": 0, "section": 33}}, {"type": "Feature", "geometry": {"type": "Point", "coordinates": [415966.72390973323, 320400.8407877482]}, "properties": {"d": -50.0, "pre": 0, "post": 0, "section": 33}}, {"type": "Feature", "geometry": {"type": "Point", "coordinates": [415966.2506947258, 320390.85199064563]}, "properties": {"d": -40.0, "pre": 0, "post": 0, "section": 33}}, {"type": "Feature", "geometry": {"type": "Point", "coordinates": [415965.7774797183, 320380.86319354305]}, "properties": {"d": -30.0, "pre": 0, "post": 0, "section": 33}}, {"type": "Feature", "geometry": {"type": "Point", "coordinates": [415965.30426471087, 320370.87439644046]}, "properties": {"d": -20.0, "pre": 0, "post": 0, "section": 33}}, {"type": "Feature", "geometry": {"type": "Point", "coordinates": [415964.8310497034, 320360.88559933787]}, "properties": {"d": -10.0, "pre": 0, "post": 0, "section": 33}}, {"type": "Feature", "geometry": {"type": "Point", "coordinates": [415964.35783469595, 320350.8968022353]}, "properties": {"d": 0.0, "pre": 1, "post": 0, "section": 33}}, {"type": "Feature", "geometry": {"type": "Point", "coordinates": [415963.8846196885, 320340.9080051327]}, "properties": {"d": 10.0, "pre": 1, "post": 1, "section": 33}}, {"type": "Feature", "geometry": {"type": "Point", "coordinates": [415963.41140468104, 320330.9192080301]}, "properties": {"d": 20.0, "pre": 1, "post": 1, "section": 33}}, {"type": "Feature", "geometry": {"type": "Point", "coordinates": [415962.9381896736, 320320.9304109275]}, "properties": {"d": 30.0, "pre": 1, "post": 1, "section": 33}}, {"type": "Feature", "geometry": {"type": "Point", "coordinates": [415962.46497466613, 320310.9416138249]}, "properties": {"d": 40.0, "pre": 1, "post": 1, "section": 33}}, {"type": "Feature", "geometry": {"type": "Point", "coordinates": [415961.9917596587, 320300.95281672233]}, "properties": {"d": 50.0, "pre": 1, "post": 1, "section": 33}}, {"type": "Feature", "geometry": {"type": "Point", "coordinates": [415961.5185446513, 320290.96401961974]}, "properties": {"d": 60.0, "pre": 1, "post": 1, "section": 33}}, {"type": "Feature", "geometry": {"type": "Point", "coordinates": [415961.0453296438, 320280.97522251715]}, "properties": {"d": 70.0, "pre": 1, "post": 1, "section": 33}}, {"type": "Feature", "geometry": {"type": "Point", "coordinates": [415960.57211463636, 320270.98642541457]}, "properties": {"d": 80.0, "pre": 1, "post": 1, "section": 33}}, {"type": "Feature", "geometry": {"type": "Point", "coordinates": [415960.0988996289, 320260.997628312]}, "properties": {"d": 90.0, "pre": 1, "post": 1, "section": 33}}, {"type": "Feature", "geometry": {"type": "Point", "coordinates": [415959.62568462145, 320251.0088312094]}, "properties": {"d": 100.0, "pre": 1, "post": 1, "section": 33}}, {"type": "Feature", "geometry": {"type": "Point", "coordinates": [415959.152469614, 320241.0200341068]}, "properties": {"d": 110.0, "pre": 1, "post": 1, "section": 33}}, {"type": "Feature", "geometry": {"type": "Point", "coordinates": [415958.67925460654, 320231.0312370042]}, "properties": {"d": 120.0, "pre": 1, "post": 1, "section": 33}}, {"type": "Feature", "geometry": {"type": "Point", "coordinates": [415958.2060395991, 320221.0424399016]}, "properties": {"d": 130.0, "pre": 1, "post": 1, "section": 33}}, {"type": "Feature", "geometry": {"type": "Point", "coordinates": [415957.7328245916, 320211.05364279903]}, "properties": {"d": 140.0, "pre": 1, "post": 1, "section": 33}}, {"type": "Feature", "geometry": {"type": "Point", "coordinates": [415957.2596095842, 320201.06484569644]}, "properties": {"d": 150.0, "pre": 1, "post": 1, "section": 33}}, {"type": "Feature", "geometry": {"type": "Point", "coordinates": [416469.52032443084, 320424.27837297873]}, "properties": {"d": -100.0, "pre": 0, "post": 0, "section": 34}}, {"type": "Feature", "geometry": {"type": "Point", "coordinates": [416468.9338165716, 320414.2955873689]}, "properties": {"d": -90.0, "pre": 0, "post": 0, "section": 34}}, {"type": "Feature", "geometry": {"type": "Point", "coordinates": [416468.34730871243, 320404.3128017591]}, "properties": {"d": -80.0, "pre": 0, "post": 0, "section": 34}}, {"type": "Feature", "geometry": {"type": "Point", "coordinates": [416467.7608008532, 320394.3300161493]}, "properties": {"d": -70.0, "pre": 0, "post": 0, "section": 34}}, {"type": "Feature", "geometry": {"type": "Point", "coordinates": [416467.17429299396, 320384.34723053954]}, "properties": {"d": -60.0, "pre": 0, "post": 0, "section": 34}}, {"type": "Feature", "geometry": {"type": "Point", "coordinates": [416466.58778513473, 320374.36444492976]}, "properties": {"d": -50.0, "pre": 0, "post": 0, "section": 34}}, {"type": "Feature", "geometry": {"type": "Point", "coordinates": [416466.00127727556, 320364.38165932]}, "properties": {"d": -40.0, "pre": 0, "post": 0, "section": 34}}, {"type": "Feature", "geometry": {"type": "Point", "coordinates": [416465.4147694163, 320354.39887371013]}, "properties": {"d": -30.0, "pre": 0, "post": 0, "section": 34}}, {"type": "Feature", "geometry": {"type": "Point", "coordinates": [416464.8282615571, 320344.41608810035]}, "properties": {"d": -20.0, "pre": 0, "post": 0, "section": 34}}, {"type": "Feature", "geometry": {"type": "Point", "coordinates": [416464.2417536979, 320334.43330249056]}, "properties": {"d": -10.0, "pre": 0, "post": 0, "section": 34}}, {"type": "Feature", "geometry": {"type": "Point", "coordinates": [416463.6552458387, 320324.4505168808]}, "properties": {"d": 0.0, "pre": 1, "post": 0, "section": 34}}, {"type": "Feature", "geometry": {"type": "Point", "coordinates": [416463.06873797945, 320314.467731271]}, "properties": {"d": 10.0, "pre": 1, "post": 1, "section": 34}}, {"type": "Feature", "geometry": {"type": "Point", "coordinates": [416462.4822301203, 320304.4849456612]}, "properties": {"d": 20.0, "pre": 1, "post": 1, "section": 34}}, {"type": "Feature", "geometry": {"type": "Point", "coordinates": [416461.89572226105, 320294.50216005143]}, "properties": {"d": 30.0, "pre": 1, "post": 1, "section": 34}}, {"type": "Feature", "geometry": {"type": "Point", "coordinates": [416461.3092144018, 320284.5193744416]}, "properties": {"d": 40.0, "pre": 1, "post": 1, "section": 34}}, {"type": "Feature", "geometry": {"type": "Point", "coordinates": [416460.72270654264, 320274.5365888318]}, "properties": {"d": 50.0, "pre": 1, "post": 1, "section": 34}}, {"type": "Feature", "geometry": {"type": "Point", "coordinates": [416460.1361986834, 320264.553803222]}, "properties": {"d": 60.0, "pre": 1, "post": 1, "section": 34}}, {"type": "Feature", "geometry": {"type": "Point", "coordinates": [416459.5496908242, 320254.57101761224]}, "properties": {"d": 70.0, "pre": 1, "post": 1, "section": 34}}, {"type": "Feature", "geometry": {"type": "Point", "coordinates": [416458.96318296494, 320244.58823200245]}, "properties": {"d": 80.0, "pre": 1, "post": 1, "section": 34}}, {"type": "Feature", "geometry": {"type": "Point", "coordinates": [416458.37667510577, 320234.60544639267]}, "properties": {"d": 90.0, "pre": 1, "post": 1, "section": 34}}, {"type": "Feature", "geometry": {"type": "Point", "coordinates": [416457.79016724654, 320224.6226607828]}, "properties": {"d": 100.0, "pre": 1, "post": 1, "section": 34}}, {"type": "Feature", "geometry": {"type": "Point", "coordinates": [416457.2036593873, 320214.63987517304]}, "properties": {"d": 110.0, "pre": 1, "post": 1, "section": 34}}, {"type": "Feature", "geometry": {"type": "Point", "coordinates": [416456.61715152813, 320204.65708956326]}, "properties": {"d": 120.0, "pre": 1, "post": 1, "section": 34}}, {"type": "Feature", "geometry": {"type": "Point", "coordinates": [416456.0306436689, 320194.6743039535]}, "properties": {"d": 130.0, "pre": 1, "post": 1, "section": 34}}, {"type": "Feature", "geometry": {"type": "Point", "coordinates": [416455.44413580967, 320184.6915183437]}, "properties": {"d": 140.0, "pre": 1, "post": 1, "section": 34}}, {"type": "Feature", "geometry": {"type": "Point", "coordinates": [416454.8576279505, 320174.7087327339]}, "properties": {"d": 150.0, "pre": 1, "post": 1, "section": 34}}, {"type": "Feature", "geometry": {"type": "Point", "coordinates": [416969.6916674998, 320391.8462515538]}, "properties": {"d": -100.0, "pre": 0, "post": 0, "section": 35}}, {"type": "Feature", "geometry": {"type": "Point", "coordinates": [416968.9829312708, 320381.87139852444]}, "properties": {"d": -90.0, "pre": 0, "post": 0, "section": 35}}, {"type": "Feature", "geometry": {"type": "Point", "coordinates": [416968.2741950418, 320371.8965454951]}, "properties": {"d": -80.0, "pre": 0, "post": 0, "section": 35}}, {"type": "Feature", "geometry": {"type": "Point", "coordinates": [416967.56545881275, 320361.92169246566]}, "properties": {"d": -70.0, "pre": 0, "post": 0, "section": 35}}, {"type": "Feature", "geometry": {"type": "Point", "coordinates": [416966.85672258376, 320351.9468394363]}, "properties": {"d": -60.0, "pre": 0, "post": 0, "section": 35}}, {"type": "Feature", "geometry": {"type": "Point", "coordinates": [416966.1479863548, 320341.97198640695]}, "properties": {"d": -50.0, "pre": 0, "post": 0, "section": 35}}, {"type": "Feature", "geometry": {"type": "Point", "coordinates": [416965.4392501257, 320331.99713337753]}, "properties": {"d": -40.0, "pre": 0, "post": 0, "section": 35}}, {"type": "Feature", "geometry": {"type": "Point", "coordinates": [416964.73051389673, 320322.0222803482]}, "properties": {"d": -30.0, "pre": 0, "post": 0, "section": 35}}, {"type": "Feature", "geometry": {"type": "Point", "coordinates": [416964.02177766775, 320312.0474273188]}, "properties": {"d": -20.0, "pre": 0, "post": 0, "section": 35}}, {"type": "Feature", "geometry": {"type": "Point", "coordinates": [416963.3130414387, 320302.0725742894]}, "properties": {"d": -10.0, "pre": 0, "post": 0, "section": 35}}, {"type": "Feature", "geometry": {"type": "Point", "coordinates": [416962.6043052097, 320292.09772126004]}, "properties": {"d": 0.0, "pre": 1, "post": 0, "section": 35}}, {"type": "Feature", "geometry": {"type": "Point", "coordinates": [416961.8955689807, 320282.1228682307]}, "properties": {"d": 10.0, "pre": 1, "post": 1, "section": 35}}, {"type": "Feature", "geometry": {"type": "Point", "coordinates": [416961.1868327517, 320272.14801520127]}, "properties": {"d": 20.0, "pre": 1, "post": 1, "section": 35}}, {"type": "Feature", "geometry": {"type": "Point", "coordinates": [416960.4780965227, 320262.1731621719]}, "properties": {"d": 30.0, "pre": 1, "post": 1, "section": 35}}, {"type": "Feature", "geometry": {"type": "Point", "coordinates": [416959.7693602937, 320252.19830914255]}, "properties": {"d": 40.0, "pre": 1, "post": 1, "section": 35}}, {"type": "Feature", "geometry": {"type": "Point", "coordinates": [416959.06062406464, 320242.22345611313]}, "properties": {"d": 50.0, "pre": 1, "post": 1, "section": 35}}, {"type": "Feature", "geometry": {"type": "Point", "coordinates": [416958.35188783566, 320232.2486030838]}, "properties": {"d": 60.0, "pre": 1, "post": 1, "section": 35}}, {"type": "Feature", "geometry": {"type": "Point", "coordinates": [416957.64315160667, 320222.2737500544]}, "properties": {"d": 70.0, "pre": 1, "post": 1, "section": 35}}, {"type": "Feature", "geometry": {"type": "Point", "coordinates": [416956.9344153776, 320212.298897025]}, "properties": {"d": 80.0, "pre": 1, "post": 1, "section": 35}}, {"type": "Feature", "geometry": {"type": "Point", "coordinates": [416956.2256791486, 320202.32404399564]}, "properties": {"d": 90.0, "pre": 1, "post": 1, "section": 35}}, {"type": "Feature", "geometry": {"type": "Point", "coordinates": [416955.51694291964, 320192.3491909663]}, "properties": {"d": 100.0, "pre": 1, "post": 1, "section": 35}}, {"type": "Feature", "geometry": {"type": "Point", "coordinates": [416954.8082066906, 320182.37433793687]}, "properties": {"d": 110.0, "pre": 1, "post": 1, "section": 35}}, {"type": "Feature", "geometry": {"type": "Point", "coordinates": [416954.0994704616, 320172.3994849075]}, "properties": {"d": 120.0, "pre": 1, "post": 1, "section": 35}}, {"type": "Feature", "geometry": {"type": "Point", "coordinates": [416953.3907342326, 320162.42463187815]}, "properties": {"d": 130.0, "pre": 1, "post": 1, "section": 35}}, {"type": "Feature", "geometry": {"type": "Point", "coordinates": [416952.68199800357, 320152.44977884874]}, "properties": {"d": 140.0, "pre": 1, "post": 1, "section": 35}}, {"type": "Feature", "geometry": {"type": "Point", "coordinates": [416951.9732617746, 320142.4749258194]}, "properties": {"d": 150.0, "pre": 1, "post": 1, "section": 35}}, {"type": "Feature", "geometry": {"type": "Point", "coordinates": [417469.46131033957, 320353.1579406799]}, "properties": {"d": -100.0, "pre": 0, "post": 0, "section": 36}}, {"type": "Feature", "geometry": {"type": "Point", "coordinates": [417468.6261288744, 320343.1928781151]}, "properties": {"d": -90.0, "pre": 0, "post": 0, "section": 36}}, {"type": "Feature", "geometry": {"type": "Point", "coordinates": [417467.7909474093, 320333.22781555034]}, "properties": {"d": -80.0, "pre": 0, "post": 0, "section": 36}}, {"type": "Feature", "geometry": {"type": "Point", "coordinates": [417466.9557659442, 320323.2627529855]}, "properties": {"d": -70.0, "pre": 0, "post": 0, "section": 36}}, {"type": "Feature", "geometry": {"type": "Point", "coordinates": [417466.12058447907, 320313.29769042076]}, "properties": {"d": -60.0, "pre": 0, "post": 0, "section": 36}}, {"type": "Feature", "geometry": {"type": "Point", "coordinates": [417465.2854030139, 320303.33262785594]}, "properties": {"d": -50.0, "pre": 0, "post": 0, "section": 36}}, {"type": "Feature", "geometry": {"type": "Point", "coordinates": [417464.45022154885, 320293.3675652911]}, "properties": {"d": -40.0, "pre": 0, "post": 0, "section": 36}}, {"type": "Feature", "geometry": {"type": "Point", "coordinates": [417463.6150400837, 320283.40250272636]}, "properties": {"d": -30.0, "pre": 0, "post": 0, "section": 36}}, {"type": "Feature", "geometry": {"type": "Point", "coordinates": [417462.77985861857, 320273.43744016154]}, "properties": {"d": -20.0, "pre": 0, "post": 0, "section": 36}}, {"type": "Feature", "geometry": {"type": "Point", "coordinates": [417461.9446771535, 320263.4723775968]}, "properties": {"d": -10.0, "pre": 0, "post": 0, "section": 36}}, {"type": "Feature", "geometry": {"type": "Point", "coordinates": [417461.10949568835, 320253.50731503195]}, "properties": {"d": 0.0, "pre": 1, "post": 0, "section": 36}}, {"type": "Feature", "geometry": {"type": "Point", "coordinates": [417460.2743142232, 320243.54225246713]}, "properties": {"d": 10.0, "pre": 1, "post": 1, "section": 36}}, {"type": "Feature", "geometry": {"type": "Point", "coordinates": [417459.4391327581, 320233.57718990237]}, "properties": {"d": 20.0, "pre": 1, "post": 1, "section": 36}}, {"type": "Feature", "geometry": {"type": "Point", "coordinates": [417458.603951293, 320223.61212733755]}, "properties": {"d": 30.0, "pre": 1, "post": 1, "section": 36}}, {"type": "Feature", "geometry": {"type": "Point", "coordinates": [417457.76876982785, 320213.6470647728]}, "properties": {"d": 40.0, "pre": 1, "post": 1, "section": 36}}, {"type": "Feature", "geometry": {"type": "Point", "coordinates": [417456.93358836276, 320203.68200220796]}, "properties": {"d": 50.0, "pre": 1, "post": 1, "section": 36}}, {"type": "Feature", "geometry": {"type": "Point", "coordinates": [417456.0984068976, 320193.71693964314]}, "properties": {"d": 60.0, "pre": 1, "post": 1, "section": 36}}, {"type": "Feature", "geometry": {"type": "Point", "coordinates": [417455.2632254325, 320183.7518770784]}, "properties": {"d": 70.0, "pre": 1, "post": 1, "section": 36}}, {"type": "Feature", "geometry": {"type": "Point", "coordinates": [417454.4280439674, 320173.78681451356]}, "properties": {"d": 80.0, "pre": 1, "post": 1, "section": 36}}, {"type": "Feature", "geometry": {"type": "Point", "coordinates": [417453.59286250226, 320163.8217519488]}, "properties": {"d": 90.0, "pre": 1, "post": 1, "section": 36}}, {"type": "Feature", "geometry": {"type": "Point", "coordinates": [417452.7576810371, 320153.856689384]}, "properties": {"d": 100.0, "pre": 1, "post": 1, "section": 36}}, {"type": "Feature", "geometry": {"type": "Point", "coordinates": [417451.922499572, 320143.8916268192]}, "properties": {"d": 110.0, "pre": 1, "post": 1, "section": 36}}, {"type": "Feature", "geometry": {"type": "Point", "coordinates": [417451.0873181069, 320133.9265642544]}, "properties": {"d": 120.0, "pre": 1, "post": 1, "section": 36}}, {"type": "Feature", "geometry": {"type": "Point", "coordinates": [417450.25213664176, 320123.96150168957]}, "properties": {"d": 130.0, "pre": 1, "post": 1, "section": 36}}, {"type": "Feature", "geometry": {"type": "Point", "coordinates": [417449.4169551766, 320113.9964391248]}, "properties": {"d": 140.0, "pre": 1, "post": 1, "section": 36}}, {"type": "Feature", "geometry": {"type": "Point", "coordinates": [417448.58177371154, 320104.03137656]}, "properties": {"d": 150.0, "pre": 1, "post": 1, "section": 36}}, {"type": "Feature", "geometry": {"type": "Point", "coordinates": [417968.69208228664, 320308.1325908275]}, "properties": {"d": -100.0, "pre": 0, "post": 0, "section": 37}}, {"type": "Feature", "geometry": {"type": "Point", "coordinates": [417967.7313722174, 320298.1788459964]}, "properties": {"d": -90.0, "pre": 0, "post": 0, "section": 37}}, {"type": "Feature", "geometry": {"type": "Point", "coordinates": [417966.7706621482, 320288.22510116524]}, "properties": {"d": -80.0, "pre": 0, "post": 0, "section": 37}}, {"type": "Feature", "geometry": {"type": "Point", "coordinates": [417965.80995207897, 320278.27135633415]}, "properties": {"d": -70.0, "pre": 0, "post": 0, "section": 37}}, {"type": "Feature", "geometry": {"type": "Point", "coordinates": [417964.8492420097, 320268.317611503]}, "properties": {"d": -60.0, "pre": 0, "post": 0, "section": 37}}, {"type": "Feature", "geometry": {"type": "Point", "coordinates": [417963.88853194047, 320258.3638666719]}, "properties": {"d": -50.0, "pre": 0, "post": 0, "section": 37}}, {"type": "Feature", "geometry": {"type": "Point", "coordinates": [417962.92782187124, 320248.41012184083]}, "properties": {"d": -40.0, "pre": 0, "post": 0, "section": 37}}, {"type": "Feature", "geometry": {"type": "Point", "coordinates": [417961.967111802, 320238.4563770097]}, "properties": {"d": -30.0, "pre": 0, "post": 0, "section": 37}}, {"type": "Feature", "geometry": {"type": "Point", "coordinates": [417961.00640173274, 320228.5026321786]}, "properties": {"d": -20.0, "pre": 0, "post": 0, "section": 37}}, {"type": "Feature", "geometry": {"type": "Point", "coordinates": [417960.0456916635, 320218.54888734745]}, "properties": {"d": -10.0, "pre": 0, "post": 0, "section": 37}}, {"type": "Feature", "geometry": {"type": "Point", "coordinates": [417959.0849815943, 320208.59514251637]}, "properties": {"d": 0.0, "pre": 1, "post": 0, "section": 37}}, {"type": "Feature", "geometry": {"type": "Point", "coordinates": [417958.12427152507, 320198.6413976853]}, "properties": {"d": 10.0, "pre": 1, "post": 1, "section": 37}}, {"type": "Feature", "geometry": {"type": "Point", "coordinates": [417957.16356145585, 320188.68765285413]}, "properties": {"d": 20.0, "pre": 1, "post": 1, "section": 37}}, {"type": "Feature", "geometry": {"type": "Point", "coordinates": [417956.20285138657, 320178.73390802304]}, "properties": {"d": 30.0, "pre": 1, "post": 1, "section": 37}}, {"type": "Feature", "geometry": {"type": "Point", "coordinates": [417955.24214131734, 320168.7801631919]}, "properties": {"d": 40.0, "pre": 1, "post": 1, "section": 37}}, {"type": "Feature", "geometry": {"type": "Point", "coordinates": [417954.2814312481, 320158.8264183608]}, "properties": {"d": 50.0, "pre": 1, "post": 1, "section": 37}}, {"type": "Feature", "geometry": {"type": "Point", "coordinates": [417953.3207211789, 320148.8726735297]}, "properties": {"d": 60.0, "pre": 1, "post": 1, "section": 37}}, {"type": "Feature", "geometry": {"type": "Point", "coordinates": [417952.3600111096, 320138.9189286986]}, "properties": {"d": 70.0, "pre": 1, "post": 1, "section": 37}}, {"type": "Feature", "geometry": {"type": "Point", "coordinates": [417951.3993010404, 320128.9651838675]}, "properties": {"d": 80.0, "pre": 1, "post": 1, "section": 37}}, {"type": "Feature", "geometry": {"type": "Point", "coordinates": [417950.4385909712, 320119.01143903635]}, "properties": {"d": 90.0, "pre": 1, "post": 1, "section": 37}}, {"type": "Feature", "geometry": {"type": "Point", "coordinates": [417949.47788090195, 320109.05769420526]}, "properties": {"d": 100.0, "pre": 1, "post": 1, "section": 37}}, {"type": "Feature", "geometry": {"type": "Point", "coordinates": [417948.5171708327, 320099.10394937417]}, "properties": {"d": 110.0, "pre": 1, "post": 1, "section": 37}}, {"type": "Feature", "geometry": {"type": "Point", "coordinates": [417947.55646076344, 320089.150204543]}, "properties": {"d": 120.0, "pre": 1, "post": 1, "section": 37}}, {"type": "Feature", "geometry": {"type": "Point", "coordinates": [417946.5957506942, 320079.19645971194]}, "properties": {"d": 130.0, "pre": 1, "post": 1, "section": 37}}, {"type": "Feature", "geometry": {"type": "Point", "coordinates": [417945.635040625, 320069.2427148808]}, "properties": {"d": 140.0, "pre": 1, "post": 1, "section": 37}}, {"type": "Feature", "geometry": {"type": "Point", "coordinates": [417944.6743305558, 320059.2889700497]}, "properties": {"d": 150.0, "pre": 1, "post": 1, "section": 37}}, {"type": "Feature", "geometry": {"type": "Point", "coordinates": [418467.2688349424, 320256.953581958]}, "properties": {"d": -100.0, "pre": 0, "post": 0, "section": 38}}, {"type": "Feature", "geometry": {"type": "Point", "coordinates": [418466.1887869479, 320247.01207823225]}, "properties": {"d": -90.0, "pre": 0, "post": 0, "section": 38}}, {"type": "Feature", "geometry": {"type": "Point", "coordinates": [418465.1087389534, 320237.0705745065]}, "properties": {"d": -80.0, "pre": 0, "post": 0, "section": 38}}, {"type": "Feature", "geometry": {"type": "Point", "coordinates": [418464.0286909589, 320227.1290707807]}, "properties": {"d": -70.0, "pre": 0, "post": 0, "section": 38}}, {"type": "Feature", "geometry": {"type": "Point", "coordinates": [418462.9486429644, 320217.18756705493]}, "properties": {"d": -60.0, "pre": 0, "post": 0, "section": 38}}, {"type": "Feature", "geometry": {"type": "Point", "coordinates": [418461.8685949699, 320207.24606332916]}, "properties": {"d": -50.0, "pre": 0, "post": 0, "section": 38}}, {"type": "Feature", "geometry": {"type": "Point", "coordinates": [418460.7885469754, 320197.3045596034]}, "properties": {"d": -40.0, "pre": 0, "post": 0, "section": 38}}, {"type": "Feature", "geometry": {"type": "Point", "coordinates": [418459.7084989809, 320187.3630558776]}, "properties": {"d": -30.0, "pre": 0, "post": 0, "section": 38}}, {"type": "Feature", "geometry": {"type": "Point", "coordinates": [418458.6284509864, 320177.42155215185]}, "properties": {"d": -20.0, "pre": 0, "post": 0, "section": 38}}, {"type": "Feature", "geometry": {"type": "Point", "coordinates": [418457.5484029919, 320167.4800484261]}, "properties": {"d": -10.0, "pre": 0, "post": 0, "section": 38}}, {"type": "Feature", "geometry": {"type": "Point", "coordinates": [418456.4683549974, 320157.5385447003]}, "properties": {"d": 0.0, "pre": 1, "post": 0, "section": 38}}, {"type": "Feature", "geometry": {"type": "Point", "coordinates": [418455.3883070029, 320147.59704097454]}, "properties": {"d": 10.0, "pre": 1, "post": 1, "section": 38}}, {"type": "Feature", "geometry": {"type": "Point", "coordinates": [418454.3082590084, 320137.65553724876]}, "properties": {"d": 20.0, "pre": 1, "post": 1, "section": 38}}, {"type": "Feature", "geometry": {"type": "Point", "coordinates": [418453.2282110139, 320127.714033523]}, "properties": {"d": 30.0, "pre": 1, "post": 1, "section": 38}}, {"type": "Feature", "geometry": {"type": "Point", "coordinates": [418452.1481630194, 320117.7725297972]}, "properties": {"d": 40.0, "pre": 1, "post": 1, "section": 38}}, {"type": "Feature", "geometry": {"type": "Point", "coordinates": [418451.0681150249, 320107.83102607145]}, "properties": {"d": 50.0, "pre": 1, "post": 1, "section": 38}}, {"type": "Feature", "geometry": {"type": "Point", "coordinates": [418449.9880670304, 320097.8895223457]}, "properties": {"d": 60.0, "pre": 1, "post": 1, "section": 38}}, {"type": "Feature", "geometry": {"type": "Point", "coordinates": [418448.9080190359, 320087.9480186199]}, "properties": {"d": 70.0, "pre": 1, "post": 1, "section": 38}}, {"type": "Feature", "geometry": {"type": "Point", "coordinates": [418447.8279710414, 320078.00651489414]}, "properties": {"d": 80.0, "pre": 1, "post": 1, "section": 38}}, {"type": "Feature", "geometry": {"type": "Point", "coordinates": [418446.7479230469, 320068.06501116836]}, "properties": {"d": 90.0, "pre": 1, "post": 1, "section": 38}}, {"type": "Feature", "geometry": {"type": "Point", "coordinates": [418445.6678750524, 320058.1235074426]}, "properties": {"d": 100.0, "pre": 1, "post": 1, "section": 38}}, {"type": "Feature", "geometry": {"type": "Point", "coordinates": [418444.58782705787, 320048.1820037168]}, "properties": {"d": 110.0, "pre": 1, "post": 1, "section": 38}}, {"type": "Feature", "geometry": {"type": "Point", "coordinates": [418443.50777906337, 320038.24049999105]}, "properties": {"d": 120.0, "pre": 1, "post": 1, "section": 38}}, {"type": "Feature", "geometry": {"type": "Point", "coordinates": [418442.42773106886, 320028.2989962652]}, "properties": {"d": 130.0, "pre": 1, "post": 1, "section": 38}}, {"type": "Feature", "geometry": {"type": "Point", "coordinates": [418441.34768307436, 320018.35749253945]}, "properties": {"d": 140.0, "pre": 1, "post": 1, "section": 38}}, {"type": "Feature", "geometry": {"type": "Point", "coordinates": [418440.26763507986, 320008.4159888137]}, "properties": {"d": 150.0, "pre": 1, "post": 1, "section": 38}}, {"type": "Feature", "geometry": {"type": "Point", "coordinates": [418965.11409919494, 320200.0691914547]}, "properties": {"d": -100.0, "pre": 0, "post": 0, "section": 39}}, {"type": "Feature", "geometry": {"type": "Point", "coordinates": [418963.9260488918, 320190.1400154326]}, "properties": {"d": -90.0, "pre": 0, "post": 0, "section": 39}}, {"type": "Feature", "geometry": {"type": "Point", "coordinates": [418962.7379985886, 320180.21083941055]}, "properties": {"d": -80.0, "pre": 0, "post": 0, "section": 39}}, {"type": "Feature", "geometry": {"type": "Point", "coordinates": [418961.54994828545, 320170.2816633885]}, "properties": {"d": -70.0, "pre": 0, "post": 0, "section": 39}}, {"type": "Feature", "geometry": {"type": "Point", "coordinates": [418960.36189798225, 320160.3524873664]}, "properties": {"d": -60.0, "pre": 0, "post": 0, "section": 39}}, {"type": "Feature", "geometry": {"type": "Point", "coordinates": [418959.1738476791, 320150.42331134435]}, "properties": {"d": -50.0, "pre": 0, "post": 0, "section": 39}}, {"type": "Feature", "geometry": {"type": "Point", "coordinates": [418957.9857973759, 320140.4941353223]}, "properties": {"d": -40.0, "pre": 0, "post": 0, "section": 39}}, {"type": "Feature", "geometry": {"type": "Point", "coordinates": [418956.79774707276, 320130.5649593002]}, "properties": {"d": -30.0, "pre": 0, "post": 0, "section": 39}}, {"type": "Feature", "geometry": {"type": "Point", "coordinates": [418955.60969676956, 320120.63578327815]}, "properties": {"d": -20.0, "pre": 0, "post": 0, "section": 39}}, {"type": "Feature", "geometry": {"type": "Point", "coordinates": [418954.4216464664, 320110.7066072561]}, "properties": {"d": -10.0, "pre": 0, "post": 0, "section": 39}}, {"type": "Feature", "geometry": {"type": "Point", "coordinates": [418953.2335961632, 320100.777431234]}, "properties": {"d": 0.0, "pre": 1, "post": 0, "section": 39}}, {"type": "Feature", "geometry": {"type": "Point", "coordinates": [418952.04554586, 320090.84825521195]}, "properties": {"d": 10.0, "pre": 1, "post": 1, "section": 39}}, {"type": "Feature", "geometry": {"type": "Point", "coordinates": [418950.8574955569, 320080.9190791899]}, "properties": {"d": 20.0, "pre": 1, "post": 1, "section": 39}}, {"type": "Feature", "geometry": {"type": "Point", "coordinates": [418949.6694452537, 320070.9899031678]}, "properties": {"d": 30.0, "pre": 1, "post": 1, "section": 39}}, {"type": "Feature", "geometry": {"type": "Point", "coordinates": [418948.48139495053, 320061.06072714576]}, "properties": {"d": 40.0, "pre": 1, "post": 1, "section": 39}}, {"type": "Feature", "geometry": {"type": "Point", "coordinates": [418947.29334464733, 320051.1315511237]}, "properties": {"d": 50.0, "pre": 1, "post": 1, "section": 39}}, {"type": "Feature", "geometry": {"type": "Point", "coordinates": [418946.1052943442, 320041.2023751016]}, "properties": {"d": 60.0, "pre": 1, "post": 1, "section": 39}}, {"type": "Feature", "geometry": {"type": "Point", "coordinates": [418944.917244041, 320031.27319907956]}, "properties": {"d": 70.0, "pre": 1, "post": 1, "section": 39}}, {"type": "Feature", "geometry": {"type": "Point", "coordinates": [418943.72919373785, 320021.3440230575]}, "properties": {"d": 80.0, "pre": 1, "post": 1, "section": 39}}, {"type": "Feature", "geometry": {"type": "Point", "coordinates": [418942.54114343465, 320011.4148470354]}, "properties": {"d": 90.0, "pre": 1, "post": 1, "section": 39}}, {"type": "Feature", "geometry": {"type": "Point", "coordinates": [418941.3530931315, 320001.48567101336]}, "properties": {"d": 100.0, "pre": 1, "post": 1, "section": 39}}, {"type": "Feature", "geometry": {"type": "Point", "coordinates": [418940.1650428283, 319991.5564949913]}, "properties": {"d": 110.0, "pre": 1, "post": 1, "section": 39}}, {"type": "Feature", "geometry": {"type": "Point", "coordinates": [418938.97699252516, 319981.62731896923]}, "properties": {"d": 120.0, "pre": 1, "post": 1, "section": 39}}, {"type": "Feature", "geometry": {"type": "Point", "coordinates": [418937.78894222196, 319971.69814294716]}, "properties": {"d": 130.0, "pre": 1, "post": 1, "section": 39}}, {"type": "Feature", "geometry": {"type": "Point", "coordinates": [418936.6008919188, 319961.7689669251]}, "properties": {"d": 140.0, "pre": 1, "post": 1, "section": 39}}, {"type": "Feature", "geometry": {"type": "Point", "coordinates": [418935.4128416156, 319951.83979090303]}, "properties": {"d": 150.0, "pre": 1, "post": 1, "section": 39}}, {"type": "Feature", "geometry": {"type": "Point", "coordinates": [419462.20035581803, 320138.1775691903]}, "properties": {"d": -100.0, "pre": 0, "post": 0, "section": 40}}, {"type": "Feature", "geometry": {"type": "Point", "coordinates": [419460.9203874151, 320128.25982343394]}, "properties": {"d": -90.0, "pre": 0, "post": 0, "section": 40}}, {"type": "Feature", "geometry": {"type": "Point", "coordinates": [419459.6404190121, 320118.3420776776]}, "properties": {"d": -80.0, "pre": 0, "post": 0, "section": 40}}, {"type": "Feature", "geometry": {"type": "Point", "coordinates": [419458.3604506091, 320108.42433192127]}, "properties": {"d": -70.0, "pre": 0, "post": 0, "section": 40}}, {"type": "Feature", "geometry": {"type": "Point", "coordinates": [419457.08048220613, 320098.50658616493]}, "properties": {"d": -60.0, "pre": 0, "post": 0, "section": 40}}, {"type": "Feature", "geometry": {"type": "Point", "coordinates": [419455.8005138032, 320088.58884040854]}, "properties": {"d": -50.0, "pre": 0, "post": 0, "section": 40}}, {"type": "Feature", "geometry": {"type": "Point", "coordinates": [419454.5205454002, 320078.6710946522]}, "properties": {"d": -40.0, "pre": 0, "post": 0, "section": 40}}, {"type": "Feature", "geometry": {"type": "Point", "coordinates": [419453.2405769972, 320068.7533488959]}, "properties": {"d": -30.0, "pre": 0, "post": 0, "section": 40}}, {"type": "Feature", "geometry": {"type": "Point", "coordinates": [419451.96060859424, 320058.83560313954]}, "properties": {"d": -20.0, "pre": 0, "post": 0, "section": 40}}, {"type": "Feature", "geometry": {"type": "Point", "coordinates": [419450.6806401913, 320048.9178573832]}, "properties": {"d": -10.0, "pre": 0, "post": 0, "section": 40}}, {"type": "Feature", "geometry": {"type": "Point", "coordinates": [419449.4006717883, 320039.00011162687]}, "properties": {"d": 0.0, "pre": 1, "post": 0, "section": 40}}, {"type": "Feature", "geometry": {"type": "Point", "coordinates": [419448.1207033853, 320029.08236587053]}, "properties": {"d": 10.0, "pre": 1, "post": 1, "section": 40}}, {"type": "Feature", "geometry": {"type": "Point", "coordinates": [419446.8407349824, 320019.1646201142]}, "properties": {"d": 20.0, "pre": 1, "post": 1, "section": 40}}, {"type": "Feature", "geometry": {"type": "Point", "coordinates": [419445.5607665794, 320009.24687435786]}, "properties": {"d": 30.0, "pre": 1, "post": 1, "section": 40}}, {"type": "Feature", "geometry": {"type": "Point", "coordinates": [419444.2807981764, 319999.32912860153]}, "properties": {"d": 40.0, "pre": 1, "post": 1, "section": 40}}, {"type": "Feature", "geometry": {"type": "Point", "coordinates": [419443.00082977343, 319989.4113828452]}, "properties": {"d": 50.0, "pre": 1, "post": 1, "section": 40}}, {"type": "Feature", "geometry": {"type": "Point", "coordinates": [419441.7208613705, 319979.4936370888]}, "properties": {"d": 60.0, "pre": 1, "post": 1, "section": 40}}, {"type": "Feature", "geometry": {"type": "Point", "coordinates": [419440.4408929675, 319969.57589133247]}, "properties": {"d": 70.0, "pre": 1, "post": 1, "section": 40}}, {"type": "Feature", "geometry": {"type": "Point", "coordinates": [419439.1609245645, 319959.65814557613]}, "properties": {"d": 80.0, "pre": 1, "post": 1, "section": 40}}, {"type": "Feature", "geometry": {"type": "Point", "coordinates": [419437.88095616153, 319949.7403998198]}, "properties": {"d": 90.0, "pre": 1, "post": 1, "section": 40}}, {"type": "Feature", "geometry": {"type": "Point", "coordinates": [419436.6009877586, 319939.82265406346]}, "properties": {"d": 100.0, "pre": 1, "post": 1, "section": 40}}, {"type": "Feature", "geometry": {"type": "Point", "coordinates": [419435.3210193556, 319929.90490830713]}, "properties": {"d": 110.0, "pre": 1, "post": 1, "section": 40}}, {"type": "Feature", "geometry": {"type": "Point", "coordinates": [419434.0410509526, 319919.9871625508]}, "properties": {"d": 120.0, "pre": 1, "post": 1, "section": 40}}, {"type": "Feature", "geometry": {"type": "Point", "coordinates": [419432.7610825497, 319910.06941679446]}, "properties": {"d": 130.0, "pre": 1, "post": 1, "section": 40}}, {"type": "Feature", "geometry": {"type": "Point", "coordinates": [419431.4811141467, 319900.1516710381]}, "properties": {"d": 140.0, "pre": 1, "post": 1, "section": 40}}, {"type": "Feature", "geometry": {"type": "Point", "coordinates": [419430.2011457437, 319890.2339252818]}, "properties": {"d": 150.0, "pre": 1, "post": 1, "section": 40}}, {"type": "Feature", "geometry": {"type": "Point", "coordinates": [419958.5556630809, 320072.2027468882]}, "properties": {"d": -100.0, "pre": 0, "post": 0, "section": 41}}, {"type": "Feature", "geometry": {"type": "Point", "coordinates": [419957.20413811214, 320062.29449879593]}, "properties": {"d": -90.0, "pre": 0, "post": 0, "section": 41}}, {"type": "Feature", "geometry": {"type": "Point", "coordinates": [419955.8526131434, 320052.3862507036]}, "properties": {"d": -80.0, "pre": 0, "post": 0, "section": 41}}, {"type": "Feature", "geometry": {"type": "Point", "coordinates": [419954.5010881746, 320042.4780026113]}, "properties": {"d": -70.0, "pre": 0, "post": 0, "section": 41}}, {"type": "Feature", "geometry": {"type": "Point", "coordinates": [419953.14956320584, 320032.569754519]}, "properties": {"d": -60.0, "pre": 0, "post": 0, "section": 41}}, {"type": "Feature", "geometry": {"type": "Point", "coordinates": [419951.7980382371, 320022.6615064267]}, "properties": {"d": -50.0, "pre": 0, "post": 0, "section": 41}}, {"type": "Feature", "geometry": {"type": "Point", "coordinates": [419950.4465132683, 320012.75325833436]}, "properties": {"d": -40.0, "pre": 0, "post": 0, "section": 41}}, {"type": "Feature", "geometry": {"type": "Point", "coordinates": [419949.09498829953, 320002.8450102421]}, "properties": {"d": -30.0, "pre": 0, "post": 0, "section": 41}}, {"type": "Feature", "geometry": {"type": "Point", "coordinates": [419947.7434633308, 319992.93676214974]}, "properties": {"d": -20.0, "pre": 0, "post": 0, "section": 41}}, {"type": "Feature", "geometry": {"type": "Point", "coordinates": [419946.391938362, 319983.02851405746]}, "properties": {"d": -10.0, "pre": 0, "post": 0, "section": 41}}, {"type": "Feature", "geometry": {"type": "Point", "coordinates": [419945.04041339323, 319973.1202659651]}, "properties": {"d": 0.0, "pre": 1, "post": 0, "section": 41}}, {"type": "Feature", "geometry": {"type": "Point", "coordinates": [419943.6888884245, 319963.2120178728]}, "properties": {"d": 10.0, "pre": 1, "post": 1, "section": 41}}, {"type": "Feature", "geometry": {"type": "Point", "coordinates": [419942.3373634557, 319953.3037697805]}, "properties": {"d": 20.0, "pre": 1, "post": 1, "section": 41}}, {"type": "Feature", "geometry": {"type": "Point", "coordinates": [419940.98583848693, 319943.39552168816]}, "properties": {"d": 30.0, "pre": 1, "post": 1, "section": 41}}, {"type": "Feature", "geometry": {"type": "Point", "coordinates": [419939.6343135182, 319933.4872735959]}, "properties": {"d": 40.0, "pre": 1, "post": 1, "section": 41}}, {"type": "Feature", "geometry": {"type": "Point", "coordinates": [419938.2827885494, 319923.57902550354]}, "properties": {"d": 50.0, "pre": 1, "post": 1, "section": 41}}, {"type": "Feature", "geometry": {"type": "Point", "coordinates": [419936.9312635806, 319913.67077741126]}, "properties": {"d": 60.0, "pre": 1, "post": 1, "section": 41}}, {"type": "Feature", "geometry": {"type": "Point", "coordinates": [419935.5797386119, 319903.7625293189]}, "properties": {"d": 70.0, "pre": 1, "post": 1, "section": 41}}, {"type": "Feature", "geometry": {"type": "Point", "coordinates": [419934.2282136431, 319893.85428122664]}, "properties": {"d": 80.0, "pre": 1, "post": 1, "section": 41}}, {"type": "Feature", "geometry": {"type": "Point", "coordinates": [419932.8766886743, 319883.9460331343]}, "properties": {"d": 90.0, "pre": 1, "post": 1, "section": 41}}, {"type": "Feature", "geometry": {"type": "Point", "coordinates": [419931.5251637056, 319874.037785042]}, "properties": {"d": 100.0, "pre": 1, "post": 1, "section": 41}}, {"type": "Feature", "geometry": {"type": "Point", "coordinates": [419930.17363873683, 319864.1295369497]}, "properties": {"d": 110.0, "pre": 1, "post": 1, "section": 41}}, {"type": "Feature", "geometry": {"type": "Point", "coordinates": [419928.822113768, 319854.2212888574]}, "properties": {"d": 120.0, "pre": 1, "post": 1, "section": 41}}, {"type": "Feature", "geometry": {"type": "Point", "coordinates": [419927.4705887993, 319844.31304076506]}, "properties": {"d": 130.0, "pre": 1, "post": 1, "section": 41}}, {"type": "Feature", "geometry": {"type": "Point", "coordinates": [419926.1190638305, 319834.4047926728]}, "properties": {"d": 140.0, "pre": 1, "post": 1, "section": 41}}, {"type": "Feature", "geometry": {"type": "Point", "coordinates": [419924.7675388617, 319824.49654458044]}, "properties": {"d": 150.0, "pre": 1, "post": 1, "section": 41}}, {"type": "Feature", "geometry": {"type": "Point", "coordinates": [420454.26590254647, 320003.2610809694]}, "properties": {"d": -100.0, "pre": 0, "post": 0, "section": 42}}, {"type": "Feature", "geometry": {"type": "Point", "coordinates": [420452.8666504495, 319993.35946021474]}, "properties": {"d": -90.0, "pre": 0, "post": 0, "section": 42}}, {"type": "Feature", "geometry": {"type": "Point", "coordinates": [420451.4673983526, 319983.4578394601]}, "properties": {"d": -80.0, "pre": 0, "post": 0, "section": 42}}, {"type": "Feature", "geometry": {"type": "Point", "coordinates": [420450.0681462556, 319973.55621870543]}, "properties": {"d": -70.0, "pre": 0, "post": 0, "section": 42}}, {"type": "Feature", "geometry": {"type": "Point", "coordinates": [420448.6688941587, 319963.65459795075]}, "properties": {"d": -60.0, "pre": 0, "post": 0, "section": 42}}, {"type": "Feature", "geometry": {"type": "Point", "coordinates": [420447.2696420617, 319953.7529771961]}, "properties": {"d": -50.0, "pre": 0, "post": 0, "section": 42}}, {"type": "Feature", "geometry": {"type": "Point", "coordinates": [420445.8703899648, 319943.85135644145]}, "properties": {"d": -40.0, "pre": 0, "post": 0, "section": 42}}, {"type": "Feature", "geometry": {"type": "Point", "coordinates": [420444.4711378679, 319933.94973568677]}, "properties": {"d": -30.0, "pre": 0, "post": 0, "section": 42}}, {"type": "Feature", "geometry": {"type": "Point", "coordinates": [420443.07188577094, 319924.0481149321]}, "properties": {"d": -20.0, "pre": 0, "post": 0, "section": 42}}, {"type": "Feature", "geometry": {"type": "Point", "coordinates": [420441.672633674, 319914.14649417746]}, "properties": {"d": -10.0, "pre": 0, "post": 0, "section": 42}}, {"type": "Feature", "geometry": {"type": "Point", "coordinates": [420440.27338157705, 319904.2448734228]}, "properties": {"d": 0.0, "pre": 1, "post": 0, "section": 42}}, {"type": "Feature", "geometry": {"type": "Point", "coordinates": [420438.8741294801, 319894.3432526681]}, "properties": {"d": 10.0, "pre": 1, "post": 1, "section": 42}}, {"type": "Feature", "geometry": {"type": "Point", "coordinates": [420437.47487738315, 319884.4416319135]}, "properties": {"d": 20.0, "pre": 1, "post": 1, "section": 42}}, {"type": "Feature", "geometry": {"type": "Point", "coordinates": [420436.0756252862, 319874.5400111588]}, "properties": {"d": 30.0, "pre": 1, "post": 1, "section": 42}}, {"type": "Feature", "geometry": {"type": "Point", "coordinates": [420434.6763731893, 319864.6383904041]}, "properties": {"d": 40.0, "pre": 1, "post": 1, "section": 42}}, {"type": "Feature", "geometry": {"type": "Point", "coordinates": [420433.27712109237, 319854.73676964943]}, "properties": {"d": 50.0, "pre": 1, "post": 1, "section": 42}}, {"type": "Feature", "geometry": {"type": "Point", "coordinates": [420431.8778689954, 319844.8351488948]}, "properties": {"d": 60.0, "pre": 1, "post": 1, "section": 42}}, {"type": "Feature", "geometry": {"type": "Point", "coordinates": [420430.4786168985, 319834.9335281401]}, "properties": {"d": 70.0, "pre": 1, "post": 1, "section": 42}}, {"type": "Feature", "geometry": {"type": "Point", "coordinates": [420429.0793648015, 319825.03190738545]}, "properties": {"d": 80.0, "pre": 1, "post": 1, "section": 42}}, {"type": "Feature", "geometry": {"type": "Point", "coordinates": [420427.6801127046, 319815.1302866308]}, "properties": {"d": 90.0, "pre": 1, "post": 1, "section": 42}}, {"type": "Feature", "geometry": {"type": "Point", "coordinates": [420426.2808606076, 319805.22866587614]}, "properties": {"d": 100.0, "pre": 1, "post": 1, "section": 42}}, {"type": "Feature", "geometry": {"type": "Point", "coordinates": [420424.8816085107, 319795.32704512146]}, "properties": {"d": 110.0, "pre": 1, "post": 1, "section": 42}}, {"type": "Feature", "geometry": {"type": "Point", "coordinates": [420423.4823564138, 319785.4254243668]}, "properties": {"d": 120.0, "pre": 1, "post": 1, "section": 42}}, {"type": "Feature", "geometry": {"type": "Point", "coordinates": [420422.08310431684, 319775.52380361216]}, "properties": {"d": 130.0, "pre": 1, "post": 1, "section": 42}}, {"type": "Feature", "geometry": {"type": "Point", "coordinates": [420420.6838522199, 319765.6221828575]}, "properties": {"d": 140.0, "pre": 1, "post": 1, "section": 42}}, {"type": "Feature", "geometry": {"type": "Point", "coordinates": [420419.28460012295, 319755.7205621028]}, "properties": {"d": 150.0, "pre": 1, "post": 1, "section": 42}}, {"type": "Feature", "geometry": {"type": "Point", "coordinates": [420949.46712529805, 319932.62202112627]}, "properties": {"d": -100.0, "pre": 0, "post": 0, "section": 43}}, {"type": "Feature", "geometry": {"type": "Point", "coordinates": [420948.04666909017, 319922.7234200048]}, "properties": {"d": -90.0, "pre": 0, "post": 0, "section": 43}}, {"type": "Feature", "geometry": {"type": "Point", "coordinates": [420946.62621288234, 319912.8248188834]}, "properties": {"d": -80.0, "pre": 0, "post": 0, "section": 43}}, {"type": "Feature", "geometry": {"type": "Point", "coordinates": [420945.20575667446, 319902.92621776194]}, "properties": {"d": -70.0, "pre": 0, "post": 0, "section": 43}}, {"type": "Feature", "geometry": {"type": "Point", "coordinates": [420943.78530046664, 319893.0276166405]}, "properties": {"d": -60.0, "pre": 0, "post": 0, "section": 43}}, {"type": "Feature", "geometry": {"type": "Point", "coordinates": [420942.36484425876, 319883.12901551905]}, "properties": {"d": -50.0, "pre": 0, "post": 0, "section": 43}}, {"type": "Feature", "geometry": {"type": "Point", "coordinates": [420940.94438805094, 319873.23041439755]}, "properties": {"d": -40.0, "pre": 0, "post": 0, "section": 43}}, {"type": "Feature", "geometry": {"type": "Point", "coordinates": [420939.52393184305, 319863.3318132761]}, "properties": {"d": -30.0, "pre": 0, "post": 0, "section": 43}}, {"type": "Feature", "geometry": {"type": "Point", "coordinates": [420938.10347563523, 319853.43321215466]}, "properties": {"d": -20.0, "pre": 0, "post": 0, "section": 43}}, {"type": "Feature", "geometry": {"type": "Point", "coordinates": [420936.68301942735, 319843.5346110332]}, "properties": {"d": -10.0, "pre": 0, "post": 0, "section": 43}}, {"type": "Feature", "geometry": {"type": "Point", "coordinates": [420935.2625632195, 319833.6360099118]}, "properties": {"d": 0.0, "pre": 1, "post": 0, "section": 43}}, {"type": "Feature", "geometry": {"type": "Point", "coordinates": [420933.8421070117, 319823.73740879033]}, "properties": {"d": 10.0, "pre": 1, "post": 1, "section": 43}}, {"type": "Feature", "geometry": {"type": "Point", "coordinates": [420932.4216508038, 319813.8388076689]}, "properties": {"d": 20.0, "pre": 1, "post": 1, "section": 43}}, {"type": "Feature", "geometry": {"type": "Point", "coordinates": [420931.001194596, 319803.94020654744]}, "properties": {"d": 30.0, "pre": 1, "post": 1, "section": 43}}, {"type": "Feature", "geometry": {"type": "Point", "coordinates": [420929.5807383881, 319794.041605426]}, "properties": {"d": 40.0, "pre": 1, "post": 1, "section": 43}}, {"type": "Feature", "geometry": {"type": "Point", "coordinates": [420928.1602821803, 319784.1430043045]}, "properties": {"d": 50.0, "pre": 1, "post": 1, "section": 43}}, {"type": "Feature", "geometry": {"type": "Point", "coordinates": [420926.7398259724, 319774.24440318305]}, "properties": {"d": 60.0, "pre": 1, "post": 1, "section": 43}}, {"type": "Feature", "geometry": {"type": "Point", "coordinates": [420925.3193697646, 319764.3458020616]}, "properties": {"d": 70.0, "pre": 1, "post": 1, "section": 43}}, {"type": "Feature", "geometry": {"type": "Point", "coordinates": [420923.8989135567, 319754.44720094017]}, "properties": {"d": 80.0, "pre": 1, "post": 1, "section": 43}}, {"type": "Feature", "geometry": {"type": "Point", "coordinates": [420922.4784573489, 319744.5485998187]}, "properties": {"d": 90.0, "pre": 1, "post": 1, "section": 43}}, {"type": "Feature", "geometry": {"type": "Point", "coordinates": [420921.058001141, 319734.6499986973]}, "properties": {"d": 100.0, "pre": 1, "post": 1, "section": 43}}, {"type": "Feature", "geometry": {"type": "Point", "coordinates": [420919.6375449332, 319724.75139757583]}, "properties": {"d": 110.0, "pre": 1, "post": 1, "section": 43}}, {"type": "Feature", "geometry": {"type": "Point", "coordinates": [420918.2170887253, 319714.8527964544]}, "properties": {"d": 120.0, "pre": 1, "post": 1, "section": 43}}, {"type": "Feature", "geometry": {"type": "Point", "coordinates": [420916.7966325175, 319704.95419533295]}, "properties": {"d": 130.0, "pre": 1, "post": 1, "section": 43}}, {"type": "Feature", "geometry": {"type": "Point", "coordinates": [420915.3761763096, 319695.05559421144]}, "properties": {"d": 140.0, "pre": 1, "post": 1, "section": 43}}, {"type": "Feature", "geometry": {"type": "Point", "coordinates": [420913.9557201018, 319685.15699309]}, "properties": {"d": 150.0, "pre": 1, "post": 1, "section": 43}}, {"type": "Feature", "geometry": {"type": "Point", "coordinates": [421444.3339427072, 319861.6665916236]}, "properties": {"d": -100.0, "pre": 0, "post": 0, "section": 44}}, {"type": "Feature", "geometry": {"type": "Point", "coordinates": [421442.92062884546, 319851.76696820004]}, "properties": {"d": -90.0, "pre": 0, "post": 0, "section": 44}}, {"type": "Feature", "geometry": {"type": "Point", "coordinates": [421441.50731498376, 319841.8673447765]}, "properties": {"d": -80.0, "pre": 0, "post": 0, "section": 44}}, {"type": "Feature", "geometry": {"type": "Point", "coordinates": [421440.094001122, 319831.96772135294]}, "properties": {"d": -70.0, "pre": 0, "post": 0, "section": 44}}, {"type": "Feature", "geometry": {"type": "Point", "coordinates": [421438.6806872603, 319822.06809792935]}, "properties": {"d": -60.0, "pre": 0, "post": 0, "section": 44}}, {"type": "Feature", "geometry": {"type": "Point", "coordinates": [421437.2673733985, 319812.16847450583]}, "properties": {"d": -50.0, "pre": 0, "post": 0, "section": 44}}, {"type": "Feature", "geometry": {"type": "Point", "coordinates": [421435.8540595368, 319802.26885108225]}, "properties": {"d": -40.0, "pre": 0, "post": 0, "section": 44}}, {"type": "Feature", "geometry": {"type": "Point", "coordinates": [421434.44074567506, 319792.3692276587]}, "properties": {"d": -30.0, "pre": 0, "post": 0, "section": 44}}, {"type": "Feature", "geometry": {"type": "Point", "coordinates": [421433.02743181336, 319782.46960423514]}, "properties": {"d": -20.0, "pre": 0, "post": 0, "section": 44}}, {"type": "Feature", "geometry": {"type": "Point", "coordinates": [421431.6141179516, 319772.5699808116]}, "properties": {"d": -10.0, "pre": 0, "post": 0, "section": 44}}, {"type": "Feature", "geometry": {"type": "Point", "coordinates": [421430.2008040899, 319762.67035738804]}, "properties": {"d": 0.0, "pre": 0, "post": 0, "section": 44}}, {"type": "Feature", "geometry": {"type": "Point", "coordinates": [421428.7874902282, 319752.77073396445]}, "properties": {"d": 10.0, "pre": 1, "post": 1, "section": 44}}, {"type": "Feature", "geometry": {"type": "Point", "coordinates": [421427.37417636643, 319742.87111054093]}, "properties": {"d": 20.0, "pre": 1, "post": 1, "section": 44}}, {"type": "Feature", "geometry": {"type": "Point", "coordinates": [421425.9608625047, 319732.97148711735]}, "properties": {"d": 30.0, "pre": 1, "post": 1, "section": 44}}, {"type": "Feature", "geometry": {"type": "Point", "coordinates": [421424.54754864296, 319723.0718636938]}, "properties": {"d": 40.0, "pre": 1, "post": 1, "section": 44}}, {"type": "Feature", "geometry": {"type": "Point", "coordinates": [421423.13423478126, 319713.17224027024]}, "properties": {"d": 50.0, "pre": 1, "post": 1, "section": 44}}, {"type": "Feature", "geometry": {"type": "Point", "coordinates": [421421.7209209195, 319703.2726168467]}, "properties": {"d": 60.0, "pre": 1, "post": 1, "section": 44}}, {"type": "Feature", "geometry": {"type": "Point", "coordinates": [421420.3076070578, 319693.37299342314]}, "properties": {"d": 70.0, "pre": 1, "post": 1, "section": 44}}, {"type": "Feature", "geometry": {"type": "Point", "coordinates": [421418.89429319603, 319683.47336999956]}, "properties": {"d": 80.0, "pre": 1, "post": 1, "section": 44}}, {"type": "Feature", "geometry": {"type": "Point", "coordinates": [421417.48097933433, 319673.57374657603]}, "properties": {"d": 90.0, "pre": 1, "post": 1, "section": 44}}, {"type": "Feature", "geometry": {"type": "Point", "coordinates": [421416.06766547257, 319663.67412315245]}, "properties": {"d": 100.0, "pre": 1, "post": 1, "section": 44}}, {"type": "Feature", "geometry": {"type": "Point", "coordinates": [421414.65435161086, 319653.7744997289]}, "properties": {"d": 110.0, "pre": 1, "post": 1, "section": 44}}, {"type": "Feature", "geometry": {"type": "Point", "coordinates": [421413.2410377491, 319643.87487630534]}, "properties": {"d": 120.0, "pre": 1, "post": 1, "section": 44}}, {"type": "Feature", "geometry": {"type": "Point", "coordinates": [421411.8277238874, 319633.9752528818]}, "properties": {"d": 130.0, "pre": 1, "post": 1, "section": 44}}, {"type": "Feature", "geometry": {"type": "Point", "coordinates": [421410.41441002564, 319624.07562945824]}, "properties": {"d": 140.0, "pre": 1, "post": 1, "section": 44}}, {"type": "Feature", "geometry": {"type": "Point", "coordinates": [421409.00109616393, 319614.17600603466]}, "properties": {"d": 150.0, "pre": 1, "post": 1, "section": 44}}, {"type": "Feature", "geometry": {"type": "Point", "coordinates": [421939.06236048386, 319791.8392931747]}, "properties": {"d": -100.0, "pre": 0, "post": 0, "section": 45}}, {"type": "Feature", "geometry": {"type": "Point", "coordinates": [421937.68546605075, 319781.93453867396]}, "properties": {"d": -90.0, "pre": 0, "post": 0, "section": 45}}, {"type": "Feature", "geometry": {"type": "Point", "coordinates": [421936.3085716177, 319772.0297841732]}, "properties": {"d": -80.0, "pre": 0, "post": 0, "section": 45}}, {"type": "Feature", "geometry": {"type": "Point", "coordinates": [421934.9316771846, 319762.12502967246]}, "properties": {"d": -70.0, "pre": 0, "post": 0, "section": 45}}, {"type": "Feature", "geometry": {"type": "Point", "coordinates": [421933.55478275154, 319752.2202751717]}, "properties": {"d": -60.0, "pre": 0, "post": 0, "section": 45}}, {"type": "Feature", "geometry": {"type": "Point", "coordinates": [421932.17788831843, 319742.31552067096]}, "properties": {"d": -50.0, "pre": 0, "post": 0, "section": 45}}, {"type": "Feature", "geometry": {"type": "Point", "coordinates": [421930.8009938854, 319732.4107661702]}, "properties": {"d": -40.0, "pre": 0, "post": 0, "section": 45}}, {"type": "Feature", "geometry": {"type": "Point", "coordinates": [421929.42409945227, 319722.50601166947]}, "properties": {"d": -30.0, "pre": 0, "post": 0, "section": 45}}, {"type": "Feature", "geometry": {"type": "Point", "coordinates": [421928.0472050192, 319712.6012571687]}, "properties": {"d": -20.0, "pre": 0, "post": 0, "section": 45}}, {"type": "Feature", "geometry": {"type": "Point", "coordinates": [421926.6703105861, 319702.69650266797]}, "properties": {"d": -10.0, "pre": 0, "post": 0, "section": 45}}, {"type": "Feature", "geometry": {"type": "Point", "coordinates": [421925.29341615306, 319692.7917481672]}, "properties": {"d": 0.0, "pre": 0, "post": 0, "section": 45}}, {"type": "Feature", "geometry": {"type": "Point", "coordinates": [421923.91652172, 319682.8869936664]}, "properties": {"d": 10.0, "pre": 1, "post": 1, "section": 45}}, {"type": "Feature", "geometry": {"type": "Point", "coordinates": [421922.5396272869, 319672.9822391657]}, "properties": {"d": 20.0, "pre": 1, "post": 1, "section": 45}}, {"type": "Feature", "geometry": {"type": "Point", "coordinates": [421921.16273285385, 319663.0774846649]}, "properties": {"d": 30.0, "pre": 1, "post": 1, "section": 45}}, {"type": "Feature", "geometry": {"type": "Point", "coordinates": [421919.78583842074, 319653.1727301642]}, "properties": {"d": 40.0, "pre": 1, "post": 1, "section": 45}}, {"type": "Feature", "geometry": {"type": "Point", "coordinates": [421918.4089439877, 319643.2679756634]}, "properties": {"d": 50.0, "pre": 1, "post": 1, "section": 45}}, {"type": "Feature", "geometry": {"type": "Point", "coordinates": [421917.0320495546, 319633.3632211627]}, "properties": {"d": 60.0, "pre": 1, "post": 1, "section": 45}}, {"type": "Feature", "geometry": {"type": "Point", "coordinates": [421915.6551551215, 319623.4584666619]}, "properties": {"d": 70.0, "pre": 1, "post": 1, "section": 45}}, {"type": "Feature", "geometry": {"type": "Point", "coordinates": [421914.2782606884, 319613.5537121612]}, "properties": {"d": 80.0, "pre": 1, "post": 1, "section": 45}}, {"type": "Feature", "geometry": {"type": "Point", "coordinates": [421912.90136625536, 319603.6489576604]}, "properties": {"d": 90.0, "pre": 1, "post": 1, "section": 45}}, {"type": "Feature", "geometry": {"type": "Point", "coordinates": [421911.52447182225, 319593.7442031597]}, "properties": {"d": 100.0, "pre": 1, "post": 1, "section": 45}}, {"type": "Feature", "geometry": {"type": "Point", "coordinates": [421910.1475773892, 319583.8394486589]}, "properties": {"d": 110.0, "pre": 1, "post": 1, "section": 45}}, {"type": "Feature", "geometry": {"type": "Point", "coordinates": [421908.77068295615, 319573.93469415815]}, "properties": {"d": 120.0, "pre": 1, "post": 1, "section": 45}}, {"type": "Feature", "geometry": {"type": "Point", "coordinates": [421907.39378852304, 319564.0299396574]}, "properties": {"d": 130.0, "pre": 1, "post": 1, "section": 45}}, {"type": "Feature", "geometry": {"type": "Point", "coordinates": [421906.01689409, 319554.12518515665]}, "properties": {"d": 140.0, "pre": 1, "post": 1, "section": 45}}, {"type": "Feature", "geometry": {"type": "Point", "coordinates": [421904.6399996569, 319544.2204306559]}, "properties": {"d": 150.0, "pre": 1, "post": 1, "section": 45}}, {"type": "Feature", "geometry": {"type": "Point", "coordinates": [422433.8518090535, 319724.60186087753]}, "properties": {"d": -100.0, "pre": 0, "post": 0, "section": 46}}, {"type": "Feature", "geometry": {"type": "Point", "coordinates": [422432.5405190578, 319714.6882077392]}, "properties": {"d": -90.0, "pre": 0, "post": 0, "section": 46}}, {"type": "Feature", "geometry": {"type": "Point", "coordinates": [422431.2292290621, 319704.7745546009]}, "properties": {"d": -80.0, "pre": 0, "post": 0, "section": 46}}, {"type": "Feature", "geometry": {"type": "Point", "coordinates": [422429.9179390664, 319694.86090146255]}, "properties": {"d": -70.0, "pre": 0, "post": 0, "section": 46}}, {"type": "Feature", "geometry": {"type": "Point", "coordinates": [422428.60664907075, 319684.9472483242]}, "properties": {"d": -60.0, "pre": 0, "post": 0, "section": 46}}, {"type": "Feature", "geometry": {"type": "Point", "coordinates": [422427.295359075, 319675.0335951859]}, "properties": {"d": -50.0, "pre": 0, "post": 0, "section": 46}}, {"type": "Feature", "geometry": {"type": "Point", "coordinates": [422425.98406907934, 319665.1199420476]}, "properties": {"d": -40.0, "pre": 0, "post": 0, "section": 46}}, {"type": "Feature", "geometry": {"type": "Point", "coordinates": [422424.67277908366, 319655.2062889092]}, "properties": {"d": -30.0, "pre": 0, "post": 0, "section": 46}}, {"type": "Feature", "geometry": {"type": "Point", "coordinates": [422423.361489088, 319645.29263577086]}, "properties": {"d": -20.0, "pre": 0, "post": 0, "section": 46}}, {"type": "Feature", "geometry": {"type": "Point", "coordinates": [422422.05019909225, 319635.37898263254]}, "properties": {"d": -10.0, "pre": 0, "post": 0, "section": 46}}, {"type": "Feature", "geometry": {"type": "Point", "coordinates": [422420.7389090966, 319625.4653294942]}, "properties": {"d": 0.0, "pre": 0, "post": 0, "section": 46}}, {"type": "Feature", "geometry": {"type": "Point", "coordinates": [422419.4276191009, 319615.5516763559]}, "properties": {"d": 10.0, "pre": 1, "post": 1, "section": 46}}, {"type": "Feature", "geometry": {"type": "Point", "coordinates": [422418.11632910516, 319605.63802321756]}, "properties": {"d": 20.0, "pre": 1, "post": 1, "section": 46}}, {"type": "Feature", "geometry": {"type": "Point", "coordinates": [422416.8050391095, 319595.72437007923]}, "properties": {"d": 30.0, "pre": 1, "post": 1, "section": 46}}, {"type": "Feature", "geometry": {"type": "Point", "coordinates": [422415.4937491138, 319585.81071694085]}, "properties": {"d": 40.0, "pre": 1, "post": 1, "section": 46}}, {"type": "Feature", "geometry": {"type": "Point", "coordinates": [422414.18245911814, 319575.8970638025]}, "properties": {"d": 50.0, "pre": 1, "post": 1, "section": 46}}, {"type": "Feature", "geometry": {"type": "Point", "coordinates": [422412.8711691224, 319565.9834106642]}, "properties": {"d": 60.0, "pre": 1, "post": 1, "section": 46}}, {"type": "Feature", "geometry": {"type": "Point", "coordinates": [422411.5598791267, 319556.06975752587]}, "properties": {"d": 70.0, "pre": 1, "post": 1, "section": 46}}, {"type": "Feature", "geometry": {"type": "Point", "coordinates": [422410.24858913105, 319546.15610438754]}, "properties": {"d": 80.0, "pre": 1, "post": 1, "section": 46}}, {"type": "Feature", "geometry": {"type": "Point", "coordinates": [422408.9372991354, 319536.2424512492]}, "properties": {"d": 90.0, "pre": 1, "post": 1, "section": 46}}, {"type": "Feature", "geometry": {"type": "Point", "coordinates": [422407.62600913964, 319526.3287981109]}, "properties": {"d": 100.0, "pre": 1, "post": 1, "section": 46}}, {"type": "Feature", "geometry": {"type": "Point", "coordinates": [422406.31471914396, 319516.41514497256]}, "properties": {"d": 110.0, "pre": 1, "post": 1, "section": 46}}, {"type": "Feature", "geometry": {"type": "Point", "coordinates": [422405.0034291483, 319506.5014918342]}, "properties": {"d": 120.0, "pre": 1, "post": 1, "section": 46}}, {"type": "Feature", "geometry": {"type": "Point", "coordinates": [422403.69213915255, 319496.58783869585]}, "properties": {"d": 130.0, "pre": 1, "post": 1, "section": 46}}, {"type": "Feature", "geometry": {"type": "Point", "coordinates": [422402.3808491569, 319486.6741855575]}, "properties": {"d": 140.0, "pre": 1, "post": 1, "section": 46}}, {"type": "Feature", "geometry": {"type": "Point", "coordinates": [422401.0695591612, 319476.7605324192]}, "properties": {"d": 150.0, "pre": 1, "post": 1, "section": 46}}, {"type": "Feature", "geometry": {"type": "Point", "coordinates": [422928.88489793555, 319661.38632219925]}, "properties": {"d": -100.0, "pre": 0, "post": 0, "section": 47}}, {"type": "Feature", "geometry": {"type": "Point", "coordinates": [422927.66735619336, 319651.46071934066]}, "properties": {"d": -90.0, "pre": 0, "post": 0, "section": 47}}, {"type": "Feature", "geometry": {"type": "Point", "coordinates": [422926.4498144512, 319641.53511648206]}, "properties": {"d": -80.0, "pre": 0, "post": 0, "section": 47}}, {"type": "Feature", "geometry": {"type": "Point", "coordinates": [422925.232272709, 319631.6095136235]}, "properties": {"d": -70.0, "pre": 0, "post": 0, "section": 47}}, {"type": "Feature", "geometry": {"type": "Point", "coordinates": [422924.0147309668, 319621.6839107649]}, "properties": {"d": -60.0, "pre": 0, "post": 0, "section": 47}}, {"type": "Feature", "geometry": {"type": "Point", "coordinates": [422922.7971892246, 319611.7583079064]}, "properties": {"d": -50.0, "pre": 0, "post": 0, "section": 47}}, {"type": "Feature", "geometry": {"type": "Point", "coordinates": [422921.57964748243, 319601.8327050478]}, "properties": {"d": -40.0, "pre": 0, "post": 0, "section": 47}}, {"type": "Feature", "geometry": {"type": "Point", "coordinates": [422920.36210574023, 319591.90710218926]}, "properties": {"d": -30.0, "pre": 0, "post": 0, "section": 47}}, {"type": "Feature", "geometry": {"type": "Point", "coordinates": [422919.1445639981, 319581.98149933066]}, "properties": {"d": -20.0, "pre": 0, "post": 0, "section": 47}}, {"type": "Feature", "geometry": {"type": "Point", "coordinates": [422917.9270222559, 319572.0558964721]}, "properties": {"d": -10.0, "pre": 0, "post": 0, "section": 47}}, {"type": "Feature", "geometry": {"type": "Point", "coordinates": [422916.7094805137, 319562.13029361353]}, "properties": {"d": 0.0, "pre": 0, "post": 0, "section": 47}}, {"type": "Feature", "geometry": {"type": "Point", "coordinates": [422915.4919387715, 319552.20469075494]}, "properties": {"d": 10.0, "pre": 1, "post": 0, "section": 47}}, {"type": "Feature", "geometry": {"type": "Point", "coordinates": [422914.2743970293, 319542.2790878964]}, "properties": {"d": 20.0, "pre": 1, "post": 1, "section": 47}}, {"type": "Feature", "geometry": {"type": "Point", "coordinates": [422913.05685528717, 319532.3534850378]}, "properties": {"d": 30.0, "pre": 1, "post": 1, "section": 47}}, {"type": "Feature", "geometry": {"type": "Point", "coordinates": [422911.839313545, 319522.42788217927]}, "properties": {"d": 40.0, "pre": 1, "post": 1, "section": 47}}, {"type": "Feature", "geometry": {"type": "Point", "coordinates": [422910.6217718028, 319512.5022793207]}, "properties": {"d": 50.0, "pre": 1, "post": 1, "section": 47}}, {"type": "Feature", "geometry": {"type": "Point", "coordinates": [422909.4042300606, 319502.57667646214]}, "properties": {"d": 60.0, "pre": 1, "post": 1, "section": 47}}, {"type": "Feature", "geometry": {"type": "Point", "coordinates": [422908.1866883184, 319492.65107360354]}, "properties": {"d": 70.0, "pre": 1, "post": 1, "section": 47}}, {"type": "Feature", "geometry": {"type": "Point", "coordinates": [422906.9691465762, 319482.725470745]}, "properties": {"d": 80.0, "pre": 1, "post": 1, "section": 47}}, {"type": "Feature", "geometry": {"type": "Point", "coordinates": [422905.75160483405, 319472.7998678864]}, "properties": {"d": 90.0, "pre": 1, "post": 1, "section": 47}}, {"type": "Feature", "geometry": {"type": "Point", "coordinates": [422904.53406309185, 319462.8742650278]}, "properties": {"d": 100.0, "pre": 1, "post": 1, "section": 47}}, {"type": "Feature", "geometry": {"type": "Point", "coordinates": [422903.31652134965, 319452.9486621693]}, "properties": {"d": 110.0, "pre": 1, "post": 1, "section": 47}}, {"type": "Feature", "geometry": {"type": "Point", "coordinates": [422902.09897960746, 319443.0230593107]}, "properties": {"d": 120.0, "pre": 1, "post": 1, "section": 47}}, {"type": "Feature", "geometry": {"type": "Point", "coordinates": [422900.88143786526, 319433.09745645215]}, "properties": {"d": 130.0, "pre": 1, "post": 1, "section": 47}}, {"type": "Feature", "geometry": {"type": "Point", "coordinates": [422899.66389612306, 319423.17185359355]}, "properties": {"d": 140.0, "pre": 1, "post": 1, "section": 47}}, {"type": "Feature", "geometry": {"type": "Point", "coordinates": [422898.4463543809, 319413.246250735]}, "properties": {"d": 150.0, "pre": 1, "post": 1, "section": 47}}, {"type": "Feature", "geometry": {"type": "Point", "coordinates": [423424.30999946845, 319603.5416399912]}, "properties": {"d": -100.0, "pre": 0, "post": 0, "section": 48}}, {"type": "Feature", "geometry": {"type": "Point", "coordinates": [423423.21228472656, 319593.60207147215]}, "properties": {"d": -90.0, "pre": 0, "post": 0, "section": 48}}, {"type": "Feature", "geometry": {"type": "Point", "coordinates": [423422.11456998467, 319583.662502953]}, "properties": {"d": -80.0, "pre": 0, "post": 0, "section": 48}}, {"type": "Feature", "geometry": {"type": "Point", "coordinates": [423421.0168552428, 319573.72293443396]}, "properties": {"d": -70.0, "pre": 0, "post": 0, "section": 48}}, {"type": "Feature", "geometry": {"type": "Point", "coordinates": [423419.9191405009, 319563.7833659149]}, "properties": {"d": -60.0, "pre": 0, "post": 0, "section": 48}}, {"type": "Feature", "geometry": {"type": "Point", "coordinates": [423418.821425759, 319553.8437973958]}, "properties": {"d": -50.0, "pre": 0, "post": 0, "section": 48}}, {"type": "Feature", "geometry": {"type": "Point", "coordinates": [423417.7237110171, 319543.90422887675]}, "properties": {"d": -40.0, "pre": 0, "post": 0, "section": 48}}, {"type": "Feature", "geometry": {"type": "Point", "coordinates": [423416.6259962753, 319533.9646603577]}, "properties": {"d": -30.0, "pre": 0, "post": 0, "section": 48}}, {"type": "Feature", "geometry": {"type": "Point", "coordinates": [423415.5282815334, 319524.02509183856]}, "properties": {"d": -20.0, "pre": 0, "post": 0, "section": 48}}, {"type": "Feature", "geometry": {"type": "Point", "coordinates": [423414.4305667915, 319514.0855233195]}, "properties": {"d": -10.0, "pre": 0, "post": 0, "section": 48}}, {"type": "Feature", "geometry": {"type": "Point", "coordinates": [423413.3328520496, 319504.1459548004]}, "properties": {"d": 0.0, "pre": 0, "post": 0, "section": 48}}, {"type": "Feature", "geometry": {"type": "Point", "coordinates": [423412.2351373077, 319494.20638628135]}, "properties": {"d": 10.0, "pre": 1, "post": 0, "section": 48}}, {"type": "Feature", "geometry": {"type": "Point", "coordinates": [423411.13742256584, 319484.2668177623]}, "properties": {"d": 20.0, "pre": 1, "post": 1, "section": 48}}, {"type": "Feature", "geometry": {"type": "Point", "coordinates": [423410.03970782395, 319474.32724924316]}, "properties": {"d": 30.0, "pre": 1, "post": 1, "section": 48}}, {"type": "Feature", "geometry": {"type": "Point", "coordinates": [423408.9419930821, 319464.3876807241]}, "properties": {"d": 40.0, "pre": 1, "post": 1, "section": 48}}, {"type": "Feature", "geometry": {"type": "Point", "coordinates": [423407.8442783402, 319454.448112205]}, "properties": {"d": 50.0, "pre": 1, "post": 1, "section": 48}}, {"type": "Feature", "geometry": {"type": "Point", "coordinates": [423406.74656359834, 319444.50854368595]}, "properties": {"d": 60.0, "pre": 1, "post": 1, "section": 48}}, {"type": "Feature", "geometry": {"type": "Point", "coordinates": [423405.64884885645, 319434.5689751669]}, "properties": {"d": 70.0, "pre": 1, "post": 1, "section": 48}}, {"type": "Feature", "geometry": {"type": "Point", "coordinates": [423404.55113411456, 319424.6294066478]}, "properties": {"d": 80.0, "pre": 1, "post": 1, "section": 48}}, {"type": "Feature", "geometry": {"type": "Point", "coordinates": [423403.4534193727, 319414.6898381287]}, "properties": {"d": 90.0, "pre": 1, "post": 1, "section": 48}}, {"type": "Feature", "geometry": {"type": "Point", "coordinates": [423402.3557046308, 319404.7502696096]}, "properties": {"d": 100.0, "pre": 1, "post": 1, "section": 48}}, {"type": "Feature", "geometry": {"type": "Point", "coordinates": [423401.25798988895, 319394.81070109055]}, "properties": {"d": 110.0, "pre": 1, "post": 1, "section": 48}}, {"type": "Feature", "geometry": {"type": "Point", "coordinates": [423400.16027514706, 319384.8711325715]}, "properties": {"d": 120.0, "pre": 1, "post": 1, "section": 48}}, {"type": "Feature", "geometry": {"type": "Point", "coordinates": [423399.0625604052, 319374.9315640524]}, "properties": {"d": 130.0, "pre": 1, "post": 1, "section": 48}}, {"type": "Feature", "geometry": {"type": "Point", "coordinates": [423397.9648456633, 319364.99199553335]}, "properties": {"d": 140.0, "pre": 1, "post": 1, "section": 48}}, {"type": "Feature", "geometry": {"type": "Point", "coordinates": [423396.8671309214, 319355.0524270142]}, "properties": {"d": 150.0, "pre": 1, "post": 1, "section": 48}}, {"type": "Feature", "geometry": {"type": "Point", "coordinates": [423920.2281375748, 319552.28604258446]}, "properties": {"d": -100.0, "pre": 0, "post": 0, "section": 49}}, {"type": "Feature", "geometry": {"type": "Point", "coordinates": [423919.273247028, 319542.33173778484]}, "properties": {"d": -90.0, "pre": 0, "post": 0, "section": 49}}, {"type": "Feature", "geometry": {"type": "Point", "coordinates": [423918.31835648126, 319532.37743298523]}, "properties": {"d": -80.0, "pre": 0, "post": 0, "section": 49}}, {"type": "Feature", "geometry": {"type": "Point", "coordinates": [423917.36346593447, 319522.42312818556]}, "properties": {"d": -70.0, "pre": 0, "post": 0, "section": 49}}, {"type": "Feature", "geometry": {"type": "Point", "coordinates": [423916.4085753877, 319512.46882338595]}, "properties": {"d": -60.0, "pre": 0, "post": 0, "section": 49}}, {"type": "Feature", "geometry": {"type": "Point", "coordinates": [423915.4536848409, 319502.51451858634]}, "properties": {"d": -50.0, "pre": 0, "post": 0, "section": 49}}, {"type": "Feature", "geometry": {"type": "Point", "coordinates": [423914.4987942941, 319492.5602137867]}, "properties": {"d": -40.0, "pre": 0, "post": 0, "section": 49}}, {"type": "Feature", "geometry": {"type": "Point", "coordinates": [423913.5439037473, 319482.6059089871]}, "properties": {"d": -30.0, "pre": 0, "post": 0, "section": 49}}, {"type": "Feature", "geometry": {"type": "Point", "coordinates": [423912.58901320054, 319472.6516041875]}, "properties": {"d": -20.0, "pre": 0, "post": 0, "section": 49}}, {"type": "Feature", "geometry": {"type": "Point", "coordinates": [423911.63412265375, 319462.6972993879]}, "properties": {"d": -10.0, "pre": 0, "post": 0, "section": 49}}, {"type": "Feature", "geometry": {"type": "Point", "coordinates": [423910.67923210695, 319452.7429945883]}, "properties": {"d": 0.0, "pre": 0, "post": 0, "section": 49}}, {"type": "Feature", "geometry": {"type": "Point", "coordinates": [423909.72434156016, 319442.78868978866]}, "properties": {"d": 10.0, "pre": 1, "post": 0, "section": 49}}, {"type": "Feature", "geometry": {"type": "Point", "coordinates": [423908.76945101336, 319432.83438498905]}, "properties": {"d": 20.0, "pre": 1, "post": 1, "section": 49}}, {"type": "Feature", "geometry": {"type": "Point", "coordinates": [423907.8145604666, 319422.88008018944]}, "properties": {"d": 30.0, "pre": 1, "post": 1, "section": 49}}, {"type": "Feature", "geometry": {"type": "Point", "coordinates": [423906.8596699198, 319412.9257753898]}, "properties": {"d": 40.0, "pre": 1, "post": 1, "section": 49}}, {"type": "Feature", "geometry": {"type": "Point", "coordinates": [423905.904779373, 319402.9714705902]}, "properties": {"d": 50.0, "pre": 1, "post": 1, "section": 49}}, {"type": "Feature", "geometry": {"type": "Point", "coordinates": [423904.94988882623, 319393.0171657906]}, "properties": {"d": 60.0, "pre": 1, "post": 1, "section": 49}}, {"type": "Feature", "geometry": {"type": "Point", "coordinates": [423903.99499827944, 319383.062860991]}, "properties": {"d": 70.0, "pre": 1, "post": 1, "section": 49}}, {"type": "Feature", "geometry": {"type": "Point", "coordinates": [423903.04010773264, 319373.1085561913]}, "properties": {"d": 80.0, "pre": 1, "post": 1, "section": 49}}, {"type": "Feature", "geometry": {"type": "Point", "coordinates": [423902.0852171859, 319363.1542513917]}, "properties": {"d": 90.0, "pre": 1, "post": 1, "section": 49}}, {"type": "Feature", "geometry": {"type": "Point", "coordinates": [423901.1303266391, 319353.1999465921]}, "properties": {"d": 100.0, "pre": 1, "post": 1, "section": 49}}, {"type": "Feature", "geometry": {"type": "Point", "coordinates": [423900.1754360923, 319343.2456417925]}, "properties": {"d": 110.0, "pre": 1, "post": 1, "section": 49}}, {"type": "Feature", "geometry": {"type": "Point", "coordinates": [423899.2205455455, 319333.2913369929]}, "properties": {"d": 120.0, "pre": 1, "post": 1, "section": 49}}, {"type": "Feature", "geometry": {"type": "Point", "coordinates": [423898.2656549987, 319323.33703219326]}, "properties": {"d": 130.0, "pre": 1, "post": 1, "section": 49}}, {"type": "Feature", "geometry": {"type": "Point", "coordinates": [423897.310764452, 319313.38272739365]}, "properties": {"d": 140.0, "pre": 1, "post": 1, "section": 49}}, {"type": "Feature", "geometry": {"type": "Point", "coordinates": [423896.3558739052, 319303.42842259404]}, "properties": {"d": 150.0, "pre": 1, "post": 1, "section": 49}}, {"type": "Feature", "geometry": {"type": "Point", "coordinates": [424416.68522416207, 319508.65873733093]}, "properties": {"d": -100.0, "pre": 0, "post": 0, "section": 50}}, {"type": "Feature", "geometry": {"type": "Point", "coordinates": [424415.89212775807, 319498.6902370378]}, "properties": {"d": -90.0, "pre": 0, "post": 0, "section": 50}}, {"type": "Feature", "geometry": {"type": "Point", "coordinates": [424415.09903135407, 319488.7217367447]}, "properties": {"d": -80.0, "pre": 0, "post": 0, "section": 50}}, {"type": "Feature", "geometry": {"type": "Point", "coordinates": [424414.30593495, 319478.75323645154]}, "properties": {"d": -70.0, "pre": 0, "post": 0, "section": 50}}, {"type": "Feature", "geometry": {"type": "Point", "coordinates": [424413.512838546, 319468.78473615844]}, "properties": {"d": -60.0, "pre": 0, "post": 0, "section": 50}}, {"type": "Feature", "geometry": {"type": "Point", "coordinates": [424412.719742142, 319458.8162358653]}, "properties": {"d": -50.0, "pre": 0, "post": 0, "section": 50}}, {"type": "Feature", "geometry": {"type": "Point", "coordinates": [424411.926645738, 319448.8477355722]}, "properties": {"d": -40.0, "pre": 0, "post": 0, "section": 50}}, {"type": "Feature", "geometry": {"type": "Point", "coordinates": [424411.133549334, 319438.87923527905]}, "properties": {"d": -30.0, "pre": 0, "post": 0, "section": 50}}, {"type": "Feature", "geometry": {"type": "Point", "coordinates": [424410.34045292996, 319428.91073498596]}, "properties": {"d": -20.0, "pre": 0, "post": 0, "section": 50}}, {"type": "Feature", "geometry": {"type": "Point", "coordinates": [424409.54735652596, 319418.9422346928]}, "properties": {"d": -10.0, "pre": 0, "post": 0, "section": 50}}, {"type": "Feature", "geometry": {"type": "Point", "coordinates": [424408.75426012196, 319408.9737343997]}, "properties": {"d": 0.0, "pre": 0, "post": 0, "section": 50}}, {"type": "Feature", "geometry": {"type": "Point", "coordinates": [424407.96116371796, 319399.0052341066]}, "properties": {"d": 10.0, "pre": 1, "post": 0, "section": 50}}, {"type": "Feature", "geometry": {"type": "Point", "coordinates": [424407.16806731396, 319389.03673381347]}, "properties": {"d": 20.0, "pre": 1, "post": 1, "section": 50}}, {"type": "Feature", "geometry": {"type": "Point", "coordinates": [424406.3749709099, 319379.0682335204]}, "properties": {"d": 30.0, "pre": 1, "post": 1, "section": 50}}, {"type": "Feature", "geometry": {"type": "Point", "coordinates": [424405.5818745059, 319369.0997332272]}, "properties": {"d": 40.0, "pre": 1, "post": 1, "section": 50}}, {"type": "Feature", "geometry": {"type": "Point", "coordinates": [424404.7887781019, 319359.13123293413]}, "properties": {"d": 50.0, "pre": 1, "post": 1, "section": 50}}, {"type": "Feature", "geometry": {"type": "Point", "coordinates": [424403.9956816979, 319349.162732641]}, "properties": {"d": 60.0, "pre": 1, "post": 1, "section": 50}}, {"type": "Feature", "geometry": {"type": "Point", "coordinates": [424403.2025852939, 319339.1942323479]}, "properties": {"d": 70.0, "pre": 1, "post": 1, "section": 50}}, {"type": "Feature", "geometry": {"type": "Point", "coordinates": [424402.40948888985, 319329.22573205474]}, "properties": {"d": 80.0, "pre": 1, "post": 1, "section": 50}}, {"type": "Feature", "geometry": {"type": "Point", "coordinates": [424401.61639248586, 319319.25723176164]}, "properties": {"d": 90.0, "pre": 1, "post": 1, "section": 50}}, {"type": "Feature", "geometry": {"type": "Point", "coordinates": [424400.82329608186, 319309.2887314685]}, "properties": {"d": 100.0, "pre": 1, "post": 1, "section": 50}}, {"type": "Feature", "geometry": {"type": "Point", "coordinates": [424400.03019967786, 319299.3202311754]}, "properties": {"d": 110.0, "pre": 1, "post": 1, "section": 50}}, {"type": "Feature", "geometry": {"type": "Point", "coordinates": [424399.23710327386, 319289.35173088225]}, "properties": {"d": 120.0, "pre": 1, "post": 1, "section": 50}}, {"type": "Feature", "geometry": {"type": "Point", "coordinates": [424398.4440068698, 319279.38323058916]}, "properties": {"d": 130.0, "pre": 1, "post": 1, "section": 50}}, {"type": "Feature", "geometry": {"type": "Point", "coordinates": [424397.6509104658, 319269.414730296]}, "properties": {"d": 140.0, "pre": 1, "post": 1, "section": 50}}, {"type": "Feature", "geometry": {"type": "Point", "coordinates": [424396.8578140618, 319259.4462300029]}, "properties": {"d": 150.0, "pre": 1, "post": 1, "section": 50}}, {"type": "Feature", "geometry": {"type": "Point", "coordinates": [424913.67244233494, 319473.47536303103]}, "properties": {"d": -100.0, "pre": 0, "post": 0, "section": 51}}, {"type": "Feature", "geometry": {"type": "Point", "coordinates": [424913.05515366024, 319463.49443348055]}, "properties": {"d": -90.0, "pre": 0, "post": 0, "section": 51}}, {"type": "Feature", "geometry": {"type": "Point", "coordinates": [424912.4378649856, 319453.51350393]}, "properties": {"d": -80.0, "pre": 0, "post": 0, "section": 51}}, {"type": "Feature", "geometry": {"type": "Point", "coordinates": [424911.820576311, 319443.5325743795]}, "properties": {"d": -70.0, "pre": 0, "post": 0, "section": 51}}, {"type": "Feature", "geometry": {"type": "Point", "coordinates": [424911.20328763634, 319433.551644829]}, "properties": {"d": -60.0, "pre": 0, "post": 0, "section": 51}}, {"type": "Feature", "geometry": {"type": "Point", "coordinates": [424910.58599896164, 319423.5707152785]}, "properties": {"d": -50.0, "pre": 0, "post": 0, "section": 51}}, {"type": "Feature", "geometry": {"type": "Point", "coordinates": [424909.968710287, 319413.589785728]}, "properties": {"d": -40.0, "pre": 0, "post": 0, "section": 51}}, {"type": "Feature", "geometry": {"type": "Point", "coordinates": [424909.3514216124, 319403.6088561775]}, "properties": {"d": -30.0, "pre": 0, "post": 0, "section": 51}}, {"type": "Feature", "geometry": {"type": "Point", "coordinates": [424908.73413293774, 319393.627926627]}, "properties": {"d": -20.0, "pre": 0, "post": 0, "section": 51}}, {"type": "Feature", "geometry": {"type": "Point", "coordinates": [424908.11684426304, 319383.64699707646]}, "properties": {"d": -10.0, "pre": 0, "post": 0, "section": 51}}, {"type": "Feature", "geometry": {"type": "Point", "coordinates": [424907.4995555884, 319373.666067526]}, "properties": {"d": 0.0, "pre": 0, "post": 0, "section": 51}}, {"type": "Feature", "geometry": {"type": "Point", "coordinates": [424906.8822669138, 319363.6851379755]}, "properties": {"d": 10.0, "pre": 1, "post": 0, "section": 51}}, {"type": "Feature", "geometry": {"type": "Point", "coordinates": [424906.2649782391, 319353.70420842496]}, "properties": {"d": 20.0, "pre": 1, "post": 1, "section": 51}}, {"type": "Feature", "geometry": {"type": "Point", "coordinates": [424905.64768956444, 319343.7232788745]}, "properties": {"d": 30.0, "pre": 1, "post": 1, "section": 51}}, {"type": "Feature", "geometry": {"type": "Point", "coordinates": [424905.0304008898, 319333.74234932393]}, "properties": {"d": 40.0, "pre": 1, "post": 1, "section": 51}}, {"type": "Feature", "geometry": {"type": "Point", "coordinates": [424904.4131122152, 319323.76141977345]}, "properties": {"d": 50.0, "pre": 1, "post": 1, "section": 51}}, {"type": "Feature", "geometry": {"type": "Point", "coordinates": [424903.7958235405, 319313.78049022297]}, "properties": {"d": 60.0, "pre": 1, "post": 1, "section": 51}}, {"type": "Feature", "geometry": {"type": "Point", "coordinates": [424903.17853486584, 319303.7995606724]}, "properties": {"d": 70.0, "pre": 1, "post": 1, "section": 51}}, {"type": "Feature", "geometry": {"type": "Point", "coordinates": [424902.5612461912, 319293.81863112195]}, "properties": {"d": 80.0, "pre": 1, "post": 1, "section": 51}}, {"type": "Feature", "geometry": {"type": "Point", "coordinates": [424901.9439575166, 319283.8377015714]}, "properties": {"d": 90.0, "pre": 1, "post": 1, "section": 51}}, {"type": "Feature", "geometry": {"type": "Point", "coordinates": [424901.3266688419, 319273.8567720209]}, "properties": {"d": 100.0, "pre": 1, "post": 1, "section": 51}}, {"type": "Feature", "geometry": {"type": "Point", "coordinates": [424900.70938016725, 319263.87584247044]}, "properties": {"d": 110.0, "pre": 1, "post": 1, "section": 51}}, {"type": "Feature", "geometry": {"type": "Point", "coordinates": [424900.0920914926, 319253.8949129199]}, "properties": {"d": 120.0, "pre": 1, "post": 1, "section": 51}}, {"type": "Feature", "geometry": {"type": "Point", "coordinates": [424899.474802818, 319243.9139833694]}, "properties": {"d": 130.0, "pre": 1, "post": 1, "section": 51}}, {"type": "Feature", "geometry": {"type": "Point", "coordinates": [424898.8575141433, 319233.9330538189]}, "properties": {"d": 140.0, "pre": 1, "post": 1, "section": 51}}, {"type": "Feature", "geometry": {"type": "Point", "coordinates": [424898.24022546865, 319223.9521242684]}, "properties": {"d": 150.0, "pre": 1, "post": 1, "section": 51}}, {"type": "Feature", "geometry": {"type": "Point", "coordinates": [425411.13126603235, 319447.29154783784]}, "properties": {"d": -100.0, "pre": 0, "post": 0, "section": 52}}, {"type": "Feature", "geometry": {"type": "Point", "coordinates": [425410.69826621056, 319437.30092667823]}, "properties": {"d": -90.0, "pre": 0, "post": 0, "section": 52}}, {"type": "Feature", "geometry": {"type": "Point", "coordinates": [425410.2652663888, 319427.3103055187]}, "properties": {"d": -80.0, "pre": 0, "post": 0, "section": 52}}, {"type": "Feature", "geometry": {"type": "Point", "coordinates": [425409.83226656704, 319417.31968435907]}, "properties": {"d": -70.0, "pre": 0, "post": 0, "section": 52}}, {"type": "Feature", "geometry": {"type": "Point", "coordinates": [425409.39926674525, 319407.32906319946]}, "properties": {"d": -60.0, "pre": 0, "post": 0, "section": 52}}, {"type": "Feature", "geometry": {"type": "Point", "coordinates": [425408.96626692347, 319397.3384420399]}, "properties": {"d": -50.0, "pre": 0, "post": 0, "section": 52}}, {"type": "Feature", "geometry": {"type": "Point", "coordinates": [425408.5332671017, 319387.3478208803]}, "properties": {"d": -40.0, "pre": 0, "post": 0, "section": 52}}, {"type": "Feature", "geometry": {"type": "Point", "coordinates": [425408.1002672799, 319377.35719972075]}, "properties": {"d": -30.0, "pre": 0, "post": 0, "section": 52}}, {"type": "Feature", "geometry": {"type": "Point", "coordinates": [425407.66726745816, 319367.36657856114]}, "properties": {"d": -20.0, "pre": 0, "post": 0, "section": 52}}, {"type": "Feature", "geometry": {"type": "Point", "coordinates": [425407.2342676364, 319357.3759574016]}, "properties": {"d": -10.0, "pre": 0, "post": 0, "section": 52}}, {"type": "Feature", "geometry": {"type": "Point", "coordinates": [425406.8012678146, 319347.385336242]}, "properties": {"d": 0.0, "pre": 0, "post": 0, "section": 52}}, {"type": "Feature", "geometry": {"type": "Point", "coordinates": [425406.3682679928, 319337.39471508237]}, "properties": {"d": 10.0, "pre": 1, "post": 0, "section": 52}}, {"type": "Feature", "geometry": {"type": "Point", "coordinates": [425405.935268171, 319327.4040939228]}, "properties": {"d": 20.0, "pre": 1, "post": 1, "section": 52}}, {"type": "Feature", "geometry": {"type": "Point", "coordinates": [425405.5022683493, 319317.4134727632]}, "properties": {"d": 30.0, "pre": 1, "post": 1, "section": 52}}, {"type": "Feature", "geometry": {"type": "Point", "coordinates": [425405.0692685275, 319307.42285160365]}, "properties": {"d": 40.0, "pre": 1, "post": 1, "section": 52}}, {"type": "Feature", "geometry": {"type": "Point", "coordinates": [425404.6362687057, 319297.43223044404]}, "properties": {"d": 50.0, "pre": 1, "post": 1, "section": 52}}, {"type": "Feature", "geometry": {"type": "Point", "coordinates": [425404.2032688839, 319287.4416092845]}, "properties": {"d": 60.0, "pre": 1, "post": 1, "section": 52}}, {"type": "Feature", "geometry": {"type": "Point", "coordinates": [425403.77026906214, 319277.4509881249]}, "properties": {"d": 70.0, "pre": 1, "post": 1, "section": 52}}, {"type": "Feature", "geometry": {"type": "Point", "coordinates": [425403.3372692404, 319267.4603669653]}, "properties": {"d": 80.0, "pre": 1, "post": 1, "section": 52}}, {"type": "Feature", "geometry": {"type": "Point", "coordinates": [425402.9042694186, 319257.4697458057]}, "properties": {"d": 90.0, "pre": 1, "post": 1, "section": 52}}, {"type": "Feature", "geometry": {"type": "Point", "coordinates": [425402.47126959683, 319247.4791246461]}, "properties": {"d": 100.0, "pre": 1, "post": 1, "section": 52}}, {"type": "Feature", "geometry": {"type": "Point", "coordinates": [425402.03826977505, 319237.48850348656]}, "properties": {"d": 110.0, "pre": 1, "post": 1, "section": 52}}, {"type": "Feature", "geometry": {"type": "Point", "coordinates": [425401.60526995326, 319227.49788232695]}, "properties": {"d": 120.0, "pre": 1, "post": 1, "section": 52}}, {"type": "Feature", "geometry": {"type": "Point", "coordinates": [425401.17227013153, 319217.5072611674]}, "properties": {"d": 130.0, "pre": 1, "post": 1, "section": 52}}, {"type": "Feature", "geometry": {"type": "Point", "coordinates": [425400.73927030974, 319207.5166400078]}, "properties": {"d": 140.0, "pre": 1, "post": 1, "section": 52}}, {"type": "Feature", "geometry": {"type": "Point", "coordinates": [425400.30627048796, 319197.5260188482]}, "properties": {"d": 150.0, "pre": 1, "post": 1, "section": 52}}, {"type": "Feature", "geometry": {"type": "Point", "coordinates": [425908.96744412807, 319430.37749856483]}, "properties": {"d": -100.0, "pre": 0, "post": 0, "section": 53}}, {"type": "Feature", "geometry": {"type": "Point", "coordinates": [425908.72126338107, 319420.3805292721]}, "properties": {"d": -90.0, "pre": 0, "post": 0, "section": 53}}, {"type": "Feature", "geometry": {"type": "Point", "coordinates": [425908.4750826341, 319410.3835599794]}, "properties": {"d": -80.0, "pre": 0, "post": 0, "section": 53}}, {"type": "Feature", "geometry": {"type": "Point", "coordinates": [425908.2289018871, 319400.3865906866]}, "properties": {"d": -70.0, "pre": 0, "post": 0, "section": 53}}, {"type": "Feature", "geometry": {"type": "Point", "coordinates": [425907.9827211401, 319390.38962139393]}, "properties": {"d": -60.0, "pre": 0, "post": 0, "section": 53}}, {"type": "Feature", "geometry": {"type": "Point", "coordinates": [425907.7365403931, 319380.3926521012]}, "properties": {"d": -50.0, "pre": 0, "post": 0, "section": 53}}, {"type": "Feature", "geometry": {"type": "Point", "coordinates": [425907.4903596461, 319370.3956828084]}, "properties": {"d": -40.0, "pre": 0, "post": 0, "section": 53}}, {"type": "Feature", "geometry": {"type": "Point", "coordinates": [425907.2441788991, 319360.3987135157]}, "properties": {"d": -30.0, "pre": 0, "post": 0, "section": 53}}, {"type": "Feature", "geometry": {"type": "Point", "coordinates": [425906.9979981521, 319350.40174422297]}, "properties": {"d": -20.0, "pre": 0, "post": 0, "section": 53}}, {"type": "Feature", "geometry": {"type": "Point", "coordinates": [425906.7518174051, 319340.40477493027]}, "properties": {"d": -10.0, "pre": 0, "post": 0, "section": 53}}, {"type": "Feature", "geometry": {"type": "Point", "coordinates": [425906.5056366581, 319330.4078056375]}, "properties": {"d": 0.0, "pre": 0, "post": 0, "section": 53}}, {"type": "Feature", "geometry": {"type": "Point", "coordinates": [425906.2594559111, 319320.41083634476]}, "properties": {"d": 10.0, "pre": 1, "post": 0, "section": 53}}, {"type": "Feature", "geometry": {"type": "Point", "coordinates": [425906.0132751641, 319310.41386705206]}, "properties": {"d": 20.0, "pre": 1, "post": 0, "section": 53}}, {"type": "Feature", "geometry": {"type": "Point", "coordinates": [425905.7670944171, 319300.4168977593]}, "properties": {"d": 30.0, "pre": 1, "post": 1, "section": 53}}, {"type": "Feature", "geometry": {"type": "Point", "coordinates": [425905.52091367013, 319290.4199284666]}, "properties": {"d": 40.0, "pre": 1, "post": 1, "section": 53}}, {"type": "Feature", "geometry": {"type": "Point", "coordinates": [425905.27473292314, 319280.42295917385]}, "properties": {"d": 50.0, "pre": 1, "post": 1, "section": 53}}, {"type": "Feature", "geometry": {"type": "Point", "coordinates": [425905.02855217614, 319270.4259898811]}, "properties": {"d": 60.0, "pre": 1, "post": 1, "section": 53}}, {"type": "Feature", "geometry": {"type": "Point", "coordinates": [425904.78237142914, 319260.4290205884]}, "properties": {"d": 70.0, "pre": 1, "post": 1, "section": 53}}, {"type": "Feature", "geometry": {"type": "Point", "coordinates": [425904.53619068215, 319250.43205129565]}, "properties": {"d": 80.0, "pre": 1, "post": 1, "section": 53}}, {"type": "Feature", "geometry": {"type": "Point", "coordinates": [425904.29000993515, 319240.43508200295]}, "properties": {"d": 90.0, "pre": 1, "post": 1, "section": 53}}, {"type": "Feature", "geometry": {"type": "Point", "coordinates": [425904.04382918816, 319230.4381127102]}, "properties": {"d": 100.0, "pre": 1, "post": 1, "section": 53}}, {"type": "Feature", "geometry": {"type": "Point", "coordinates": [425903.79764844116, 319220.4411434175]}, "properties": {"d": 110.0, "pre": 1, "post": 1, "section": 53}}, {"type": "Feature", "geometry": {"type": "Point", "coordinates": [425903.55146769417, 319210.44417412474]}, "properties": {"d": 120.0, "pre": 1, "post": 1, "section": 53}}, {"type": "Feature", "geometry": {"type": "Point", "coordinates": [425903.3052869472, 319200.447204832]}, "properties": {"d": 130.0, "pre": 1, "post": 1, "section": 53}}, {"type": "Feature", "geometry": {"type": "Point", "coordinates": [425903.0591062002, 319190.4502355393]}, "properties": {"d": 140.0, "pre": 1, "post": 1, "section": 53}}, {"type": "Feature", "geometry": {"type": "Point", "coordinates": [425902.8129254532, 319180.45326624654]}, "properties": {"d": 150.0, "pre": 1, "post": 1, "section": 53}}, {"type": "Feature", "geometry": {"type": "Point", "coordinates": [426407.067863031, 319422.70699993166]}, "properties": {"d": -100.0, "pre": 0, "post": 0, "section": 54}}, {"type": "Feature", "geometry": {"type": "Point", "coordinates": [426407.005009794, 319412.70719746005]}, "properties": {"d": -90.0, "pre": 0, "post": 0, "section": 54}}, {"type": "Feature", "geometry": {"type": "Point", "coordinates": [426406.942156557, 319402.7073949885]}, "properties": {"d": -80.0, "pre": 0, "post": 0, "section": 54}}, {"type": "Feature", "geometry": {"type": "Point", "coordinates": [426406.87930331996, 319392.7075925169]}, "properties": {"d": -70.0, "pre": 0, "post": 0, "section": 54}}, {"type": "Feature", "geometry": {"type": "Point", "coordinates": [426406.81645008293, 319382.7077900453]}, "properties": {"d": -60.0, "pre": 0, "post": 0, "section": 54}}, {"type": "Feature", "geometry": {"type": "Point", "coordinates": [426406.7535968459, 319372.70798757375]}, "properties": {"d": -50.0, "pre": 0, "post": 0, "section": 54}}, {"type": "Feature", "geometry": {"type": "Point", "coordinates": [426406.69074360887, 319362.70818510215]}, "properties": {"d": -40.0, "pre": 0, "post": 0, "section": 54}}, {"type": "Feature", "geometry": {"type": "Point", "coordinates": [426406.6278903719, 319352.7083826306]}, "properties": {"d": -30.0, "pre": 0, "post": 0, "section": 54}}, {"type": "Feature", "geometry": {"type": "Point", "coordinates": [426406.56503713486, 319342.708580159]}, "properties": {"d": -20.0, "pre": 0, "post": 0, "section": 54}}, {"type": "Feature", "geometry": {"type": "Point", "coordinates": [426406.5021838978, 319332.70877768745]}, "properties": {"d": -10.0, "pre": 0, "post": 0, "section": 54}}, {"type": "Feature", "geometry": {"type": "Point", "coordinates": [426406.4393306608, 319322.70897521585]}, "properties": {"d": 0.0, "pre": 0, "post": 0, "section": 54}}, {"type": "Feature", "geometry": {"type": "Point", "coordinates": [426406.37647742376, 319312.70917274425]}, "properties": {"d": 10.0, "pre": 1, "post": 0, "section": 54}}, {"type": "Feature", "geometry": {"type": "Point", "coordinates": [426406.31362418673, 319302.7093702727]}, "properties": {"d": 20.0, "pre": 1, "post": 0, "section": 54}}, {"type": "Feature", "geometry": {"type": "Point", "coordinates": [426406.2507709497, 319292.7095678011]}, "properties": {"d": 30.0, "pre": 1, "post": 1, "section": 54}}, {"type": "Feature", "geometry": {"type": "Point", "coordinates": [426406.1879177127, 319282.70976532955]}, "properties": {"d": 40.0, "pre": 1, "post": 1, "section": 54}}, {"type": "Feature", "geometry": {"type": "Point", "coordinates": [426406.1250644757, 319272.70996285795]}, "properties": {"d": 50.0, "pre": 1, "post": 1, "section": 54}}, {"type": "Feature", "geometry": {"type": "Point", "coordinates": [426406.06221123866, 319262.7101603864]}, "properties": {"d": 60.0, "pre": 1, "post": 1, "section": 54}}, {"type": "Feature", "geometry": {"type": "Point", "coordinates": [426405.99935800163, 319252.7103579148]}, "properties": {"d": 70.0, "pre": 1, "post": 1, "section": 54}}, {"type": "Feature", "geometry": {"type": "Point", "coordinates": [426405.9365047646, 319242.7105554432]}, "properties": {"d": 80.0, "pre": 1, "post": 1, "section": 54}}, {"type": "Feature", "geometry": {"type": "Point", "coordinates": [426405.87365152757, 319232.71075297164]}, "properties": {"d": 90.0, "pre": 1, "post": 1, "section": 54}}, {"type": "Feature", "geometry": {"type": "Point", "coordinates": [426405.8107982906, 319222.71095050004]}, "properties": {"d": 100.0, "pre": 1, "post": 1, "section": 54}}, {"type": "Feature", "geometry": {"type": "Point", "coordinates": [426405.74794505356, 319212.7111480285]}, "properties": {"d": 110.0, "pre": 1, "post": 1, "section": 54}}, {"type": "Feature", "geometry": {"type": "Point", "coordinates": [426405.68509181653, 319202.7113455569]}, "properties": {"d": 120.0, "pre": 1, "post": 1, "section": 54}}, {"type": "Feature", "geometry": {"type": "Point", "coordinates": [426405.6222385795, 319192.71154308534]}, "properties": {"d": 130.0, "pre": 1, "post": 1, "section": 54}}, {"type": "Feature", "geometry": {"type": "Point", "coordinates": [426405.55938534247, 319182.71174061374]}, "properties": {"d": 140.0, "pre": 1, "post": 1, "section": 54}}, {"type": "Feature", "geometry": {"type": "Point", "coordinates": [426405.49653210543, 319172.7119381422]}, "properties": {"d": 150.0, "pre": 1, "post": 1, "section": 54}}, {"type": "Feature", "geometry": {"type": "Point", "coordinates": [426905.3191262963, 319423.9623369474]}, "properties": {"d": -100.0, "pre": 0, "post": 0, "section": 55}}, {"type": "Feature", "geometry": {"type": "Point", "coordinates": [426905.4303544019, 319413.9629555511]}, "properties": {"d": -90.0, "pre": 0, "post": 0, "section": 55}}, {"type": "Feature", "geometry": {"type": "Point", "coordinates": [426905.54158250743, 319403.9635741548]}, "properties": {"d": -80.0, "pre": 0, "post": 0, "section": 55}}, {"type": "Feature", "geometry": {"type": "Point", "coordinates": [426905.652810613, 319393.96419275855]}, "properties": {"d": -70.0, "pre": 0, "post": 0, "section": 55}}, {"type": "Feature", "geometry": {"type": "Point", "coordinates": [426905.76403871854, 319383.9648113622]}, "properties": {"d": -60.0, "pre": 0, "post": 0, "section": 55}}, {"type": "Feature", "geometry": {"type": "Point", "coordinates": [426905.8752668241, 319373.96542996593]}, "properties": {"d": -50.0, "pre": 0, "post": 0, "section": 55}}, {"type": "Feature", "geometry": {"type": "Point", "coordinates": [426905.98649492965, 319363.96604856965]}, "properties": {"d": -40.0, "pre": 0, "post": 0, "section": 55}}, {"type": "Feature", "geometry": {"type": "Point", "coordinates": [426906.0977230352, 319353.9666671734]}, "properties": {"d": -30.0, "pre": 0, "post": 0, "section": 55}}, {"type": "Feature", "geometry": {"type": "Point", "coordinates": [426906.20895114075, 319343.96728577703]}, "properties": {"d": -20.0, "pre": 0, "post": 0, "section": 55}}, {"type": "Feature", "geometry": {"type": "Point", "coordinates": [426906.3201792463, 319333.96790438076]}, "properties": {"d": -10.0, "pre": 0, "post": 0, "section": 55}}, {"type": "Feature", "geometry": {"type": "Point", "coordinates": [426906.43140735186, 319323.9685229845]}, "properties": {"d": 0.0, "pre": 0, "post": 0, "section": 55}}, {"type": "Feature", "geometry": {"type": "Point", "coordinates": [426906.5426354574, 319313.9691415882]}, "properties": {"d": 10.0, "pre": 1, "post": 0, "section": 55}}, {"type": "Feature", "geometry": {"type": "Point", "coordinates": [426906.65386356297, 319303.9697601919]}, "properties": {"d": 20.0, "pre": 1, "post": 0, "section": 55}}, {"type": "Feature", "geometry": {"type": "Point", "coordinates": [426906.7650916685, 319293.9703787956]}, "properties": {"d": 30.0, "pre": 1, "post": 1, "section": 55}}, {"type": "Feature", "geometry": {"type": "Point", "coordinates": [426906.8763197741, 319283.9709973993]}, "properties": {"d": 40.0, "pre": 1, "post": 1, "section": 55}}, {"type": "Feature", "geometry": {"type": "Point", "coordinates": [426906.98754787963, 319273.971616003]}, "properties": {"d": 50.0, "pre": 1, "post": 1, "section": 55}}, {"type": "Feature", "geometry": {"type": "Point", "coordinates": [426907.0987759852, 319263.97223460674]}, "properties": {"d": 60.0, "pre": 1, "post": 1, "section": 55}}, {"type": "Feature", "geometry": {"type": "Point", "coordinates": [426907.21000409074, 319253.9728532104]}, "properties": {"d": 70.0, "pre": 1, "post": 1, "section": 55}}, {"type": "Feature", "geometry": {"type": "Point", "coordinates": [426907.3212321963, 319243.9734718141]}, "properties": {"d": 80.0, "pre": 1, "post": 1, "section": 55}}, {"type": "Feature", "geometry": {"type": "Point", "coordinates": [426907.43246030185, 319233.97409041785]}, "properties": {"d": 90.0, "pre": 1, "post": 1, "section": 55}}, {"type": "Feature", "geometry": {"type": "Point", "coordinates": [426907.5436884074, 319223.97470902157]}, "properties": {"d": 100.0, "pre": 1, "post": 1, "section": 55}}, {"type": "Feature", "geometry": {"type": "Point", "coordinates": [426907.65491651295, 319213.97532762523]}, "properties": {"d": 110.0, "pre": 1, "post": 1, "section": 55}}, {"type": "Feature", "geometry": {"type": "Point", "coordinates": [426907.76614461857, 319203.97594622895]}, "properties": {"d": 120.0, "pre": 1, "post": 1, "section": 55}}, {"type": "Feature", "geometry": {"type": "Point", "coordinates": [426907.8773727241, 319193.9765648327]}, "properties": {"d": 130.0, "pre": 1, "post": 1, "section": 55}}, {"type": "Feature", "geometry": {"type": "Point", "coordinates": [426907.9886008297, 319183.9771834364]}, "properties": {"d": 140.0, "pre": 1, "post": 1, "section": 55}}, {"type": "Feature", "geometry": {"type": "Point", "coordinates": [426908.0998289352, 319173.97780204006]}, "properties": {"d": 150.0, "pre": 1, "post": 1, "section": 55}}, {"type": "Feature", "geometry": {"type": "Point", "coordinates": [427403.6245381367, 319433.55506739905]}, "properties": {"d": -100.0, "pre": 0, "post": 0, "section": 56}}, {"type": "Feature", "geometry": {"type": "Point", "coordinates": [427403.8954301691, 319423.5587371971]}, "properties": {"d": -90.0, "pre": 0, "post": 0, "section": 56}}, {"type": "Feature", "geometry": {"type": "Point", "coordinates": [427404.16632220155, 319413.5624069951]}, "properties": {"d": -80.0, "pre": 0, "post": 0, "section": 56}}, {"type": "Feature", "geometry": {"type": "Point", "coordinates": [427404.437214234, 319403.5660767931]}, "properties": {"d": -70.0, "pre": 0, "post": 0, "section": 56}}, {"type": "Feature", "geometry": {"type": "Point", "coordinates": [427404.70810626645, 319393.56974659115]}, "properties": {"d": -60.0, "pre": 0, "post": 0, "section": 56}}, {"type": "Feature", "geometry": {"type": "Point", "coordinates": [427404.9789982989, 319383.5734163892]}, "properties": {"d": -50.0, "pre": 0, "post": 0, "section": 56}}, {"type": "Feature", "geometry": {"type": "Point", "coordinates": [427405.2498903313, 319373.5770861872]}, "properties": {"d": -40.0, "pre": 0, "post": 0, "section": 56}}, {"type": "Feature", "geometry": {"type": "Point", "coordinates": [427405.5207823637, 319363.5807559853]}, "properties": {"d": -30.0, "pre": 0, "post": 0, "section": 56}}, {"type": "Feature", "geometry": {"type": "Point", "coordinates": [427405.7916743962, 319353.5844257833]}, "properties": {"d": -20.0, "pre": 0, "post": 0, "section": 56}}, {"type": "Feature", "geometry": {"type": "Point", "coordinates": [427406.0625664286, 319343.58809558133]}, "properties": {"d": -10.0, "pre": 0, "post": 0, "section": 56}}, {"type": "Feature", "geometry": {"type": "Point", "coordinates": [427406.33345846104, 319333.59176537936]}, "properties": {"d": 0.0, "pre": 0, "post": 0, "section": 56}}, {"type": "Feature", "geometry": {"type": "Point", "coordinates": [427406.60435049346, 319323.5954351774]}, "properties": {"d": 10.0, "pre": 1, "post": 0, "section": 56}}, {"type": "Feature", "geometry": {"type": "Point", "coordinates": [427406.8752425259, 319313.5991049754]}, "properties": {"d": 20.0, "pre": 1, "post": 0, "section": 56}}, {"type": "Feature", "geometry": {"type": "Point", "coordinates": [427407.14613455837, 319303.60277477343]}, "properties": {"d": 30.0, "pre": 1, "post": 1, "section": 56}}, {"type": "Feature", "geometry": {"type": "Point", "coordinates": [427407.4170265908, 319293.6064445715]}, "properties": {"d": 40.0, "pre": 1, "post": 1, "section": 56}}, {"type": "Feature", "geometry": {"type": "Point", "coordinates": [427407.6879186232, 319283.61011436954]}, "properties": {"d": 50.0, "pre": 1, "post": 1, "section": 56}}, {"type": "Feature", "geometry": {"type": "Point", "coordinates": [427407.95881065563, 319273.61378416757]}, "properties": {"d": 60.0, "pre": 1, "post": 1, "section": 56}}, {"type": "Feature", "geometry": {"type": "Point", "coordinates": [427408.22970268806, 319263.6174539656]}, "properties": {"d": 70.0, "pre": 1, "post": 1, "section": 56}}, {"type": "Feature", "geometry": {"type": "Point", "coordinates": [427408.50059472054, 319253.6211237636]}, "properties": {"d": 80.0, "pre": 1, "post": 1, "section": 56}}, {"type": "Feature", "geometry": {"type": "Point", "coordinates": [427408.77148675296, 319243.62479356164]}, "properties": {"d": 90.0, "pre": 1, "post": 1, "section": 56}}, {"type": "Feature", "geometry": {"type": "Point", "coordinates": [427409.0423787854, 319233.62846335967]}, "properties": {"d": 100.0, "pre": 1, "post": 1, "section": 56}}, {"type": "Feature", "geometry": {"type": "Point", "coordinates": [427409.3132708178, 319223.6321331577]}, "properties": {"d": 110.0, "pre": 1, "post": 1, "section": 56}}, {"type": "Feature", "geometry": {"type": "Point", "coordinates": [427409.5841628502, 319213.6358029558]}, "properties": {"d": 120.0, "pre": 1, "post": 1, "section": 56}}, {"type": "Feature", "geometry": {"type": "Point", "coordinates": [427409.8550548827, 319203.6394727538]}, "properties": {"d": 130.0, "pre": 1, "post": 1, "section": 56}}, {"type": "Feature", "geometry": {"type": "Point", "coordinates": [427410.1259469151, 319193.6431425518]}, "properties": {"d": 140.0, "pre": 1, "post": 1, "section": 56}}, {"type": "Feature", "geometry": {"type": "Point", "coordinates": [427410.39683894755, 319183.64681234985]}, "properties": {"d": 150.0, "pre": 1, "post": 1, "section": 56}}, {"type": "Feature", "geometry": {"type": "Point", "coordinates": [427901.9168458828, 319450.66081001604]}, "properties": {"d": -100.0, "pre": 0, "post": 0, "section": 57}}, {"type": "Feature", "geometry": {"type": "Point", "coordinates": [427902.3286569728, 319440.6692930328]}, "properties": {"d": -90.0, "pre": 0, "post": 0, "section": 57}}, {"type": "Feature", "geometry": {"type": "Point", "coordinates": [427902.74046806287, 319430.67777604953]}, "properties": {"d": -80.0, "pre": 0, "post": 0, "section": 57}}, {"type": "Feature", "geometry": {"type": "Point", "coordinates": [427903.15227915294, 319420.68625906634]}, "properties": {"d": -70.0, "pre": 0, "post": 0, "section": 57}}, {"type": "Feature", "geometry": {"type": "Point", "coordinates": [427903.56409024296, 319410.6947420831]}, "properties": {"d": -60.0, "pre": 0, "post": 0, "section": 57}}, {"type": "Feature", "geometry": {"type": "Point", "coordinates": [427903.97590133303, 319400.7032250999]}, "properties": {"d": -50.0, "pre": 0, "post": 0, "section": 57}}, {"type": "Feature", "geometry": {"type": "Point", "coordinates": [427904.3877124231, 319390.71170811664]}, "properties": {"d": -40.0, "pre": 0, "post": 0, "section": 57}}, {"type": "Feature", "geometry": {"type": "Point", "coordinates": [427904.7995235131, 319380.72019113344]}, "properties": {"d": -30.0, "pre": 0, "post": 0, "section": 57}}, {"type": "Feature", "geometry": {"type": "Point", "coordinates": [427905.2113346032, 319370.7286741502]}, "properties": {"d": -20.0, "pre": 0, "post": 0, "section": 57}}, {"type": "Feature", "geometry": {"type": "Point", "coordinates": [427905.6231456932, 319360.737157167]}, "properties": {"d": -10.0, "pre": 0, "post": 0, "section": 57}}, {"type": "Feature", "geometry": {"type": "Point", "coordinates": [427906.0349567833, 319350.74564018374]}, "properties": {"d": 0.0, "pre": 0, "post": 0, "section": 57}}, {"type": "Feature", "geometry": {"type": "Point", "coordinates": [427906.44676787336, 319340.7541232005]}, "properties": {"d": 10.0, "pre": 1, "post": 0, "section": 57}}, {"type": "Feature", "geometry": {"type": "Point", "coordinates": [427906.8585789634, 319330.7626062173]}, "properties": {"d": 20.0, "pre": 1, "post": 0, "section": 57}}, {"type": "Feature", "geometry": {"type": "Point", "coordinates": [427907.27039005345, 319320.77108923404]}, "properties": {"d": 30.0, "pre": 1, "post": 1, "section": 57}}, {"type": "Feature", "geometry": {"type": "Point", "coordinates": [427907.68220114347, 319310.77957225085]}, "properties": {"d": 40.0, "pre": 1, "post": 1, "section": 57}}, {"type": "Feature", "geometry": {"type": "Point", "coordinates": [427908.09401223355, 319300.7880552676]}, "properties": {"d": 50.0, "pre": 1, "post": 1, "section": 57}}, {"type": "Feature", "geometry": {"type": "Point", "coordinates": [427908.5058233236, 319290.7965382844]}, "properties": {"d": 60.0, "pre": 1, "post": 1, "section": 57}}, {"type": "Feature", "geometry": {"type": "Point", "coordinates": [427908.91763441364, 319280.80502130114]}, "properties": {"d": 70.0, "pre": 1, "post": 1, "section": 57}}, {"type": "Feature", "geometry": {"type": "Point", "coordinates": [427909.3294455037, 319270.81350431795]}, "properties": {"d": 80.0, "pre": 1, "post": 1, "section": 57}}, {"type": "Feature", "geometry": {"type": "Point", "coordinates": [427909.7412565938, 319260.8219873347]}, "properties": {"d": 90.0, "pre": 1, "post": 1, "section": 57}}, {"type": "Feature", "geometry": {"type": "Point", "coordinates": [427910.1530676838, 319250.83047035144]}, "properties": {"d": 100.0, "pre": 1, "post": 1, "section": 57}}, {"type": "Feature", "geometry": {"type": "Point", "coordinates": [427910.5648787739, 319240.83895336825]}, "properties": {"d": 110.0, "pre": 1, "post": 1, "section": 57}}, {"type": "Feature", "geometry": {"type": "Point", "coordinates": [427910.9766898639, 319230.847436385]}, "properties": {"d": 120.0, "pre": 1, "post": 1, "section": 57}}, {"type": "Feature", "geometry": {"type": "Point", "coordinates": [427911.38850095397, 319220.8559194018]}, "properties": {"d": 130.0, "pre": 1, "post": 1, "section": 57}}, {"type": "Feature", "geometry": {"type": "Point", "coordinates": [427911.80031204404, 319210.86440241855]}, "properties": {"d": 140.0, "pre": 1, "post": 1, "section": 57}}, {"type": "Feature", "geometry": {"type": "Point", "coordinates": [427912.21212313406, 319200.87288543535]}, "properties": {"d": 150.0, "pre": 1, "post": 1, "section": 57}}, {"type": "Feature", "geometry": {"type": "Point", "coordinates": [428400.16501161753, 319474.26493714243]}, "properties": {"d": -100.0, "pre": 0, "post": 0, "section": 58}}, {"type": "Feature", "geometry": {"type": "Point", "coordinates": [428400.69569774595, 319464.27902845904]}, "properties": {"d": -90.0, "pre": 0, "post": 0, "section": 58}}, {"type": "Feature", "geometry": {"type": "Point", "coordinates": [428401.2263838743, 319454.29311977566]}, "properties": {"d": -80.0, "pre": 0, "post": 0, "section": 58}}, {"type": "Feature", "geometry": {"type": "Point", "coordinates": [428401.7570700027, 319444.30721109227]}, "properties": {"d": -70.0, "pre": 0, "post": 0, "section": 58}}, {"type": "Feature", "geometry": {"type": "Point", "coordinates": [428402.28775613115, 319434.3213024089]}, "properties": {"d": -60.0, "pre": 0, "post": 0, "section": 58}}, {"type": "Feature", "geometry": {"type": "Point", "coordinates": [428402.8184422595, 319424.3353937255]}, "properties": {"d": -50.0, "pre": 0, "post": 0, "section": 58}}, {"type": "Feature", "geometry": {"type": "Point", "coordinates": [428403.3491283879, 319414.34948504204]}, "properties": {"d": -40.0, "pre": 0, "post": 0, "section": 58}}, {"type": "Feature", "geometry": {"type": "Point", "coordinates": [428403.87981451635, 319404.36357635865]}, "properties": {"d": -30.0, "pre": 0, "post": 0, "section": 58}}, {"type": "Feature", "geometry": {"type": "Point", "coordinates": [428404.41050064476, 319394.37766767526]}, "properties": {"d": -20.0, "pre": 0, "post": 0, "section": 58}}, {"type": "Feature", "geometry": {"type": "Point", "coordinates": [428404.9411867731, 319384.3917589919]}, "properties": {"d": -10.0, "pre": 0, "post": 0, "section": 58}}, {"type": "Feature", "geometry": {"type": "Point", "coordinates": [428405.47187290154, 319374.4058503085]}, "properties": {"d": 0.0, "pre": 0, "post": 0, "section": 58}}, {"type": "Feature", "geometry": {"type": "Point", "coordinates": [428406.00255902996, 319364.4199416251]}, "properties": {"d": 10.0, "pre": 1, "post": 0, "section": 58}}, {"type": "Feature", "geometry": {"type": "Point", "coordinates": [428406.5332451583, 319354.4340329417]}, "properties": {"d": 20.0, "pre": 1, "post": 0, "section": 58}}, {"type": "Feature", "geometry": {"type": "Point", "coordinates": [428407.06393128674, 319344.4481242583]}, "properties": {"d": 30.0, "pre": 1, "post": 1, "section": 58}}, {"type": "Feature", "geometry": {"type": "Point", "coordinates": [428407.59461741516, 319334.4622155749]}, "properties": {"d": 40.0, "pre": 1, "post": 1, "section": 58}}, {"type": "Feature", "geometry": {"type": "Point", "coordinates": [428408.1253035436, 319324.4763068915]}, "properties": {"d": 50.0, "pre": 1, "post": 1, "section": 58}}, {"type": "Feature", "geometry": {"type": "Point", "coordinates": [428408.65598967194, 319314.4903982081]}, "properties": {"d": 60.0, "pre": 1, "post": 1, "section": 58}}, {"type": "Feature", "geometry": {"type": "Point", "coordinates": [428409.18667580036, 319304.5044895247]}, "properties": {"d": 70.0, "pre": 1, "post": 1, "section": 58}}, {"type": "Feature", "geometry": {"type": "Point", "coordinates": [428409.7173619288, 319294.5185808413]}, "properties": {"d": 80.0, "pre": 1, "post": 1, "section": 58}}, {"type": "Feature", "geometry": {"type": "Point", "coordinates": [428410.24804805714, 319284.5326721579]}, "properties": {"d": 90.0, "pre": 1, "post": 1, "section": 58}}, {"type": "Feature", "geometry": {"type": "Point", "coordinates": [428410.77873418556, 319274.54676347453]}, "properties": {"d": 100.0, "pre": 1, "post": 1, "section": 58}}, {"type": "Feature", "geometry": {"type": "Point", "coordinates": [428411.309420314, 319264.56085479114]}, "properties": {"d": 110.0, "pre": 1, "post": 1, "section": 58}}, {"type": "Feature", "geometry": {"type": "Point", "coordinates": [428411.84010644234, 319254.57494610775]}, "properties": {"d": 120.0, "pre": 1, "post": 1, "section": 58}}, {"type": "Feature", "geometry": {"type": "Point", "coordinates": [428412.37079257076, 319244.58903742436]}, "properties": {"d": 130.0, "pre": 1, "post": 1, "section": 58}}, {"type": "Feature", "geometry": {"type": "Point", "coordinates": [428412.9014786992, 319234.6031287409]}, "properties": {"d": 140.0, "pre": 1, "post": 1, "section": 58}}, {"type": "Feature", "geometry": {"type": "Point", "coordinates": [428413.4321648276, 319224.6172200575]}, "properties": {"d": 150.0, "pre": 1, "post": 1, "section": 58}}, {"type": "Feature", "geometry": {"type": "Point", "coordinates": [428898.3744625905, 319503.2154821191]}, "properties": {"d": -100.0, "pre": 0, "post": 0, "section": 59}}, {"type": "Feature", "geometry": {"type": "Point", "coordinates": [428898.99981334666, 319493.23505445133]}, "properties": {"d": -90.0, "pre": 0, "post": 0, "section": 59}}, {"type": "Feature", "geometry": {"type": "Point", "coordinates": [428899.6251641029, 319483.25462678354]}, "properties": {"d": -80.0, "pre": 0, "post": 0, "section": 59}}, {"type": "Feature", "geometry": {"type": "Point", "coordinates": [428900.2505148591, 319473.27419911575]}, "properties": {"d": -70.0, "pre": 0, "post": 0, "section": 59}}, {"type": "Feature", "geometry": {"type": "Point", "coordinates": [428900.8758656153, 319463.293771448]}, "properties": {"d": -60.0, "pre": 0, "post": 0, "section": 59}}, {"type": "Feature", "geometry": {"type": "Point", "coordinates": [428901.50121637154, 319453.31334378023]}, "properties": {"d": -50.0, "pre": 0, "post": 0, "section": 59}}, {"type": "Feature", "geometry": {"type": "Point", "coordinates": [428902.12656712777, 319443.33291611244]}, "properties": {"d": -40.0, "pre": 0, "post": 0, "section": 59}}, {"type": "Feature", "geometry": {"type": "Point", "coordinates": [428902.7519178839, 319433.35248844465]}, "properties": {"d": -30.0, "pre": 0, "post": 0, "section": 59}}, {"type": "Feature", "geometry": {"type": "Point", "coordinates": [428903.37726864015, 319423.3720607769]}, "properties": {"d": -20.0, "pre": 0, "post": 0, "section": 59}}, {"type": "Feature", "geometry": {"type": "Point", "coordinates": [428904.0026193964, 319413.39163310913]}, "properties": {"d": -10.0, "pre": 0, "post": 0, "section": 59}}, {"type": "Feature", "geometry": {"type": "Point", "coordinates": [428904.6279701526, 319403.41120544134]}, "properties": {"d": 0.0, "pre": 0, "post": 0, "section": 59}}, {"type": "Feature", "geometry": {"type": "Point", "coordinates": [428905.2533209088, 319393.43077777355]}, "properties": {"d": 10.0, "pre": 1, "post": 0, "section": 59}}, {"type": "Feature", "geometry": {"type": "Point", "coordinates": [428905.87867166504, 319383.45035010576]}, "properties": {"d": 20.0, "pre": 1, "post": 0, "section": 59}}, {"type": "Feature", "geometry": {"type": "Point", "coordinates": [428906.50402242126, 319373.46992243803]}, "properties": {"d": 30.0, "pre": 1, "post": 1, "section": 59}}, {"type": "Feature", "geometry": {"type": "Point", "coordinates": [428907.1293731774, 319363.48949477024]}, "properties": {"d": 40.0, "pre": 1, "post": 1, "section": 59}}, {"type": "Feature", "geometry": {"type": "Point", "coordinates": [428907.75472393364, 319353.50906710245]}, "properties": {"d": 50.0, "pre": 1, "post": 1, "section": 59}}, {"type": "Feature", "geometry": {"type": "Point", "coordinates": [428908.38007468986, 319343.52863943466]}, "properties": {"d": 60.0, "pre": 1, "post": 1, "section": 59}}, {"type": "Feature", "geometry": {"type": "Point", "coordinates": [428909.0054254461, 319333.54821176693]}, "properties": {"d": 70.0, "pre": 1, "post": 1, "section": 59}}, {"type": "Feature", "geometry": {"type": "Point", "coordinates": [428909.6307762023, 319323.56778409914]}, "properties": {"d": 80.0, "pre": 1, "post": 1, "section": 59}}, {"type": "Feature", "geometry": {"type": "Point", "coordinates": [428910.2561269585, 319313.58735643135]}, "properties": {"d": 90.0, "pre": 1, "post": 1, "section": 59}}, {"type": "Feature", "geometry": {"type": "Point", "coordinates": [428910.8814777147, 319303.60692876356]}, "properties": {"d": 100.0, "pre": 1, "post": 1, "section": 59}}, {"type": "Feature", "geometry": {"type": "Point", "coordinates": [428911.5068284709, 319293.62650109583]}, "properties": {"d": 110.0, "pre": 1, "post": 1, "section": 59}}, {"type": "Feature", "geometry": {"type": "Point", "coordinates": [428912.13217922713, 319283.64607342804]}, "properties": {"d": 120.0, "pre": 1, "post": 1, "section": 59}}, {"type": "Feature", "geometry": {"type": "Point", "coordinates": [428912.75752998336, 319273.66564576025]}, "properties": {"d": 130.0, "pre": 1, "post": 1, "section": 59}}, {"type": "Feature", "geometry": {"type": "Point", "coordinates": [428913.3828807396, 319263.68521809246]}, "properties": {"d": 140.0, "pre": 1, "post": 1, "section": 59}}, {"type": "Feature", "geometry": {"type": "Point", "coordinates": [428914.0082314958, 319253.70479042473]}, "properties": {"d": 150.0, "pre": 1, "post": 1, "section": 59}}, {"type": "Feature", "geometry": {"type": "Point", "coordinates": [429396.5814226746, 319536.27967498463]}, "properties": {"d": -100.0, "pre": 0, "post": 0, "section": 60}}, {"type": "Feature", "geometry": {"type": "Point", "coordinates": [429397.2762273099, 319526.30384186056]}, "properties": {"d": -90.0, "pre": 0, "post": 0, "section": 60}}, {"type": "Feature", "geometry": {"type": "Point", "coordinates": [429397.9710319452, 319516.32800873654]}, "properties": {"d": -80.0, "pre": 0, "post": 0, "section": 60}}, {"type": "Feature", "geometry": {"type": "Point", "coordinates": [429398.6658365805, 319506.35217561247]}, "properties": {"d": -70.0, "pre": 0, "post": 0, "section": 60}}, {"type": "Feature", "geometry": {"type": "Point", "coordinates": [429399.3606412158, 319496.37634248845]}, "properties": {"d": -60.0, "pre": 0, "post": 0, "section": 60}}, {"type": "Feature", "geometry": {"type": "Point", "coordinates": [429400.05544585106, 319486.4005093644]}, "properties": {"d": -50.0, "pre": 0, "post": 0, "section": 60}}, {"type": "Feature", "geometry": {"type": "Point", "coordinates": [429400.75025048637, 319476.42467624036]}, "properties": {"d": -40.0, "pre": 0, "post": 0, "section": 60}}, {"type": "Feature", "geometry": {"type": "Point", "coordinates": [429401.4450551217, 319466.4488431163]}, "properties": {"d": -30.0, "pre": 0, "post": 0, "section": 60}}, {"type": "Feature", "geometry": {"type": "Point", "coordinates": [429402.139859757, 319456.4730099923]}, "properties": {"d": -20.0, "pre": 0, "post": 0, "section": 60}}, {"type": "Feature", "geometry": {"type": "Point", "coordinates": [429402.8346643923, 319446.4971768682]}, "properties": {"d": -10.0, "pre": 0, "post": 0, "section": 60}}, {"type": "Feature", "geometry": {"type": "Point", "coordinates": [429403.5294690276, 319436.5213437442]}, "properties": {"d": 0.0, "pre": 0, "post": 0, "section": 60}}, {"type": "Feature", "geometry": {"type": "Point", "coordinates": [429404.2242736629, 319426.54551062017]}, "properties": {"d": 10.0, "pre": 1, "post": 0, "section": 60}}, {"type": "Feature", "geometry": {"type": "Point", "coordinates": [429404.9190782982, 319416.5696774961]}, "properties": {"d": 20.0, "pre": 1, "post": 0, "section": 60}}, {"type": "Feature", "geometry": {"type": "Point", "coordinates": [429405.6138829335, 319406.5938443721]}, "properties": {"d": 30.0, "pre": 1, "post": 0, "section": 60}}, {"type": "Feature", "geometry": {"type": "Point", "coordinates": [429406.3086875688, 319396.618011248]}, "properties": {"d": 40.0, "pre": 1, "post": 1, "section": 60}}, {"type": "Feature", "geometry": {"type": "Point", "coordinates": [429407.0034922041, 319386.642178124]}, "properties": {"d": 50.0, "pre": 1, "post": 1, "section": 60}}, {"type": "Feature", "geometry": {"type": "Point", "coordinates": [429407.6982968394, 319376.6663449999]}, "properties": {"d": 60.0, "pre": 1, "post": 1, "section": 60}}, {"type": "Feature", "geometry": {"type": "Point", "coordinates": [429408.3931014747, 319366.6905118759]}, "properties": {"d": 70.0, "pre": 1, "post": 1, "section": 60}}, {"type": "Feature", "geometry": {"type": "Point", "coordinates": [429409.08790611, 319356.7146787518]}, "properties": {"d": 80.0, "pre": 1, "post": 1, "section": 60}}, {"type": "Feature", "geometry": {"type": "Point", "coordinates": [429409.7827107453, 319346.7388456278]}, "properties": {"d": 90.0, "pre": 1, "post": 1, "section": 60}}, {"type": "Feature", "geometry": {"type": "Point", "coordinates": [429410.4775153806, 319336.76301250374]}, "properties": {"d": 100.0, "pre": 1, "post": 1, "section": 60}}, {"type": "Feature", "geometry": {"type": "Point", "coordinates": [429411.1723200159, 319326.7871793797]}, "properties": {"d": 110.0, "pre": 1, "post": 1, "section": 60}}, {"type": "Feature", "geometry": {"type": "Point", "coordinates": [429411.8671246512, 319316.81134625565]}, "properties": {"d": 120.0, "pre": 1, "post": 1, "section": 60}}, {"type": "Feature", "geometry": {"type": "Point", "coordinates": [429412.5619292865, 319306.83551313163]}, "properties": {"d": 130.0, "pre": 1, "post": 1, "section": 60}}, {"type": "Feature", "geometry": {"type": "Point", "coordinates": [429413.2567339218, 319296.85968000756]}, "properties": {"d": 140.0, "pre": 1, "post": 1, "section": 60}}, {"type": "Feature", "geometry": {"type": "Point", "coordinates": [429413.9515385571, 319286.88384688355]}, "properties": {"d": 150.0, "pre": 1, "post": 1, "section": 60}}, {"type": "Feature", "geometry": {"type": "Point", "coordinates": [429894.8428262912, 319572.2010806465]}, "properties": {"d": -100.0, "pre": 0, "post": 0, "section": 61}}, {"type": "Feature", "geometry": {"type": "Point", "coordinates": [429895.5820173927, 319562.22843824263]}, "properties": {"d": -90.0, "pre": 0, "post": 0, "section": 61}}, {"type": "Feature", "geometry": {"type": "Point", "coordinates": [429896.3212084941, 319552.2557958387]}, "properties": {"d": -80.0, "pre": 0, "post": 0, "section": 61}}, {"type": "Feature", "geometry": {"type": "Point", "coordinates": [429897.0603995955, 319542.28315343487]}, "properties": {"d": -70.0, "pre": 0, "post": 0, "section": 61}}, {"type": "Feature", "geometry": {"type": "Point", "coordinates": [429897.7995906969, 319532.31051103096]}, "properties": {"d": -60.0, "pre": 0, "post": 0, "section": 61}}, {"type": "Feature", "geometry": {"type": "Point", "coordinates": [429898.5387817983, 319522.3378686271]}, "properties": {"d": -50.0, "pre": 0, "post": 0, "section": 61}}, {"type": "Feature", "geometry": {"type": "Point", "coordinates": [429899.2779728997, 319512.36522622325]}, "properties": {"d": -40.0, "pre": 0, "post": 0, "section": 61}}, {"type": "Feature", "geometry": {"type": "Point", "coordinates": [429900.0171640011, 319502.39258381934]}, "properties": {"d": -30.0, "pre": 0, "post": 0, "section": 61}}, {"type": "Feature", "geometry": {"type": "Point", "coordinates": [429900.7563551025, 319492.4199414155]}, "properties": {"d": -20.0, "pre": 0, "post": 0, "section": 61}}, {"type": "Feature", "geometry": {"type": "Point", "coordinates": [429901.495546204, 319482.4472990116]}, "properties": {"d": -10.0, "pre": 0, "post": 0, "section": 61}}, {"type": "Feature", "geometry": {"type": "Point", "coordinates": [429902.2347373054, 319472.4746566077]}, "properties": {"d": 0.0, "pre": 0, "post": 0, "section": 61}}, {"type": "Feature", "geometry": {"type": "Point", "coordinates": [429902.9739284068, 319462.50201420387]}, "properties": {"d": 10.0, "pre": 1, "post": 0, "section": 61}}, {"type": "Feature", "geometry": {"type": "Point", "coordinates": [429903.71311950823, 319452.52937179996]}, "properties": {"d": 20.0, "pre": 1, "post": 0, "section": 61}}, {"type": "Feature", "geometry": {"type": "Point", "coordinates": [429904.45231060963, 319442.5567293961]}, "properties": {"d": 30.0, "pre": 1, "post": 0, "section": 61}}, {"type": "Feature", "geometry": {"type": "Point", "coordinates": [429905.19150171103, 319432.5840869922]}, "properties": {"d": 40.0, "pre": 1, "post": 1, "section": 61}}, {"type": "Feature", "geometry": {"type": "Point", "coordinates": [429905.9306928124, 319422.61144458834]}, "properties": {"d": 50.0, "pre": 1, "post": 1, "section": 61}}, {"type": "Feature", "geometry": {"type": "Point", "coordinates": [429906.6698839139, 319412.6388021845]}, "properties": {"d": 60.0, "pre": 1, "post": 1, "section": 61}}, {"type": "Feature", "geometry": {"type": "Point", "coordinates": [429907.4090750153, 319402.6661597806]}, "properties": {"d": 70.0, "pre": 1, "post": 1, "section": 61}}, {"type": "Feature", "geometry": {"type": "Point", "coordinates": [429908.1482661167, 319392.6935173767]}, "properties": {"d": 80.0, "pre": 1, "post": 1, "section": 61}}, {"type": "Feature", "geometry": {"type": "Point", "coordinates": [429908.8874572181, 319382.7208749728]}, "properties": {"d": 90.0, "pre": 1, "post": 1, "section": 61}}, {"type": "Feature", "geometry": {"type": "Point", "coordinates": [429909.62664831954, 319372.74823256896]}, "properties": {"d": 100.0, "pre": 1, "post": 1, "section": 61}}, {"type": "Feature", "geometry": {"type": "Point", "coordinates": [429910.36583942093, 319362.7755901651]}, "properties": {"d": 110.0, "pre": 1, "post": 1, "section": 61}}, {"type": "Feature", "geometry": {"type": "Point", "coordinates": [429911.10503052233, 319352.8029477612]}, "properties": {"d": 120.0, "pre": 1, "post": 1, "section": 61}}, {"type": "Feature", "geometry": {"type": "Point", "coordinates": [429911.84422162373, 319342.83030535735]}, "properties": {"d": 130.0, "pre": 1, "post": 1, "section": 61}}, {"type": "Feature", "geometry": {"type": "Point", "coordinates": [429912.5834127252, 319332.85766295344]}, "properties": {"d": 140.0, "pre": 1, "post": 1, "section": 61}}, {"type": "Feature", "geometry": {"type": "Point", "coordinates": [429913.3226038266, 319322.8850205496]}, "properties": {"d": 150.0, "pre": 1, "post": 1, "section": 61}}, {"type": "Feature", "geometry": {"type": "Point", "coordinates": [430393.22384685767, 319609.75501818943]}, "properties": {"d": -100.0, "pre": 0, "post": 0, "section": 62}}, {"type": "Feature", "geometry": {"type": "Point", "coordinates": [430393.9835812859, 319599.78391977464]}, "properties": {"d": -90.0, "pre": 0, "post": 0, "section": 62}}, {"type": "Feature", "geometry": {"type": "Point", "coordinates": [430394.7433157141, 319589.8128213598]}, "properties": {"d": -80.0, "pre": 0, "post": 0, "section": 62}}, {"type": "Feature", "geometry": {"type": "Point", "coordinates": [430395.5030501424, 319579.8417229449]}, "properties": {"d": -70.0, "pre": 0, "post": 0, "section": 62}}, {"type": "Feature", "geometry": {"type": "Point", "coordinates": [430396.26278457063, 319569.8706245301]}, "properties": {"d": -60.0, "pre": 0, "post": 0, "section": 62}}, {"type": "Feature", "geometry": {"type": "Point", "coordinates": [430397.0225189989, 319559.8995261152]}, "properties": {"d": -50.0, "pre": 0, "post": 0, "section": 62}}, {"type": "Feature", "geometry": {"type": "Point", "coordinates": [430397.78225342714, 319549.92842770036]}, "properties": {"d": -40.0, "pre": 0, "post": 0, "section": 62}}, {"type": "Feature", "geometry": {"type": "Point", "coordinates": [430398.5419878554, 319539.95732928556]}, "properties": {"d": -30.0, "pre": 0, "post": 0, "section": 62}}, {"type": "Feature", "geometry": {"type": "Point", "coordinates": [430399.3017222836, 319529.9862308707]}, "properties": {"d": -20.0, "pre": 0, "post": 0, "section": 62}}, {"type": "Feature", "geometry": {"type": "Point", "coordinates": [430400.06145671185, 319520.01513245585]}, "properties": {"d": -10.0, "pre": 0, "post": 0, "section": 62}}, {"type": "Feature", "geometry": {"type": "Point", "coordinates": [430400.8211911401, 319510.044034041]}, "properties": {"d": 0.0, "pre": 0, "post": 0, "section": 62}}, {"type": "Feature", "geometry": {"type": "Point", "coordinates": [430401.58092556836, 319500.07293562614]}, "properties": {"d": 10.0, "pre": 1, "post": 0, "section": 62}}, {"type": "Feature", "geometry": {"type": "Point", "coordinates": [430402.3406599966, 319490.1018372113]}, "properties": {"d": 20.0, "pre": 1, "post": 0, "section": 62}}, {"type": "Feature", "geometry": {"type": "Point", "coordinates": [430403.1003944248, 319480.13073879643]}, "properties": {"d": 30.0, "pre": 1, "post": 0, "section": 62}}, {"type": "Feature", "geometry": {"type": "Point", "coordinates": [430403.86012885306, 319470.15964038164]}, "properties": {"d": 40.0, "pre": 1, "post": 1, "section": 62}}, {"type": "Feature", "geometry": {"type": "Point", "coordinates": [430404.6198632813, 319460.1885419668]}, "properties": {"d": 50.0, "pre": 1, "post": 1, "section": 62}}, {"type": "Feature", "geometry": {"type": "Point", "coordinates": [430405.3795977096, 319450.2174435519]}, "properties": {"d": 60.0, "pre": 1, "post": 1, "section": 62}}, {"type": "Feature", "geometry": {"type": "Point", "coordinates": [430406.1393321378, 319440.2463451371]}, "properties": {"d": 70.0, "pre": 1, "post": 1, "section": 62}}, {"type": "Feature", "geometry": {"type": "Point", "coordinates": [430406.8990665661, 319430.2752467222]}, "properties": {"d": 80.0, "pre": 1, "post": 1, "section": 62}}, {"type": "Feature", "geometry": {"type": "Point", "coordinates": [430407.6588009943, 319420.30414830736]}, "properties": {"d": 90.0, "pre": 1, "post": 1, "section": 62}}, {"type": "Feature", "geometry": {"type": "Point", "coordinates": [430408.41853542253, 319410.33304989256]}, "properties": {"d": 100.0, "pre": 1, "post": 1, "section": 62}}, {"type": "Feature", "geometry": {"type": "Point", "coordinates": [430409.1782698508, 319400.3619514777]}, "properties": {"d": 110.0, "pre": 1, "post": 1, "section": 62}}, {"type": "Feature", "geometry": {"type": "Point", "coordinates": [430409.93800427904, 319390.39085306285]}, "properties": {"d": 120.0, "pre": 1, "post": 1, "section": 62}}, {"type": "Feature", "geometry": {"type": "Point", "coordinates": [430410.6977387073, 319380.419754648]}, "properties": {"d": 130.0, "pre": 1, "post": 1, "section": 62}}, {"type": "Feature", "geometry": {"type": "Point", "coordinates": [430411.45747313555, 319370.44865623314]}, "properties": {"d": 140.0, "pre": 1, "post": 1, "section": 62}}, {"type": "Feature", "geometry": {"type": "Point", "coordinates": [430412.21720756375, 319360.4775578183]}, "properties": {"d": 150.0, "pre": 1, "post": 1, "section": 62}}, {"type": "Feature", "geometry": {"type": "Point", "coordinates": [430891.78522175725, 319647.8004875988]}, "properties": {"d": -100.0, "pre": 0, "post": 0, "section": 63}}, {"type": "Feature", "geometry": {"type": "Point", "coordinates": [430892.54386894614, 319637.8293064028]}, "properties": {"d": -90.0, "pre": 0, "post": 0, "section": 63}}, {"type": "Feature", "geometry": {"type": "Point", "coordinates": [430893.302516135, 319627.85812520684]}, "properties": {"d": -80.0, "pre": 0, "post": 0, "section": 63}}, {"type": "Feature", "geometry": {"type": "Point", "coordinates": [430894.0611633239, 319617.8869440109]}, "properties": {"d": -70.0, "pre": 0, "post": 0, "section": 63}}, {"type": "Feature", "geometry": {"type": "Point", "coordinates": [430894.81981051277, 319607.9157628149]}, "properties": {"d": -60.0, "pre": 0, "post": 0, "section": 63}}, {"type": "Feature", "geometry": {"type": "Point", "coordinates": [430895.5784577016, 319597.94458161894]}, "properties": {"d": -50.0, "pre": 0, "post": 0, "section": 63}}, {"type": "Feature", "geometry": {"type": "Point", "coordinates": [430896.3371048905, 319587.973400423]}, "properties": {"d": -40.0, "pre": 0, "post": 0, "section": 63}}, {"type": "Feature", "geometry": {"type": "Point", "coordinates": [430897.0957520794, 319578.002219227]}, "properties": {"d": -30.0, "pre": 0, "post": 0, "section": 63}}, {"type": "Feature", "geometry": {"type": "Point", "coordinates": [430897.8543992683, 319568.03103803104]}, "properties": {"d": -20.0, "pre": 0, "post": 0, "section": 63}}, {"type": "Feature", "geometry": {"type": "Point", "coordinates": [430898.6130464571, 319558.0598568351]}, "properties": {"d": -10.0, "pre": 0, "post": 0, "section": 63}}, {"type": "Feature", "geometry": {"type": "Point", "coordinates": [430899.371693646, 319548.0886756391]}, "properties": {"d": 0.0, "pre": 1, "post": 0, "section": 63}}, {"type": "Feature", "geometry": {"type": "Point", "coordinates": [430900.1303408349, 319538.11749444314]}, "properties": {"d": 10.0, "pre": 1, "post": 0, "section": 63}}, {"type": "Feature", "geometry": {"type": "Point", "coordinates": [430900.88898802374, 319528.1463132472]}, "properties": {"d": 20.0, "pre": 1, "post": 0, "section": 63}}, {"type": "Feature", "geometry": {"type": "Point", "coordinates": [430901.64763521263, 319518.1751320512]}, "properties": {"d": 30.0, "pre": 1, "post": 0, "section": 63}}, {"type": "Feature", "geometry": {"type": "Point", "coordinates": [430902.4062824015, 319508.20395085524]}, "properties": {"d": 40.0, "pre": 1, "post": 1, "section": 63}}, {"type": "Feature", "geometry": {"type": "Point", "coordinates": [430903.1649295904, 319498.2327696593]}, "properties": {"d": 50.0, "pre": 1, "post": 1, "section": 63}}, {"type": "Feature", "geometry": {"type": "Point", "coordinates": [430903.92357677926, 319488.2615884633]}, "properties": {"d": 60.0, "pre": 1, "post": 1, "section": 63}}, {"type": "Feature", "geometry": {"type": "Point", "coordinates": [430904.68222396815, 319478.29040726734]}, "properties": {"d": 70.0, "pre": 1, "post": 1, "section": 63}}, {"type": "Feature", "geometry": {"type": "Point", "coordinates": [430905.44087115704, 319468.3192260714]}, "properties": {"d": 80.0, "pre": 1, "post": 1, "section": 63}}, {"type": "Feature", "geometry": {"type": "Point", "coordinates": [430906.1995183459, 319458.3480448754]}, "properties": {"d": 90.0, "pre": 1, "post": 1, "section": 63}}, {"type": "Feature", "geometry": {"type": "Point", "coordinates": [430906.9581655348, 319448.37686367944]}, "properties": {"d": 100.0, "pre": 1, "post": 1, "section": 63}}, {"type": "Feature", "geometry": {"type": "Point", "coordinates": [430907.71681272367, 319438.4056824835]}, "properties": {"d": 110.0, "pre": 1, "post": 1, "section": 63}}, {"type": "Feature", "geometry": {"type": "Point", "coordinates": [430908.4754599125, 319428.4345012875]}, "properties": {"d": 120.0, "pre": 1, "post": 1, "section": 63}}, {"type": "Feature", "geometry": {"type": "Point", "coordinates": [430909.2341071014, 319418.46332009154]}, "properties": {"d": 130.0, "pre": 1, "post": 1, "section": 63}}, {"type": "Feature", "geometry": {"type": "Point", "coordinates": [430909.9927542903, 319408.4921388956]}, "properties": {"d": 140.0, "pre": 1, "post": 1, "section": 63}}, {"type": "Feature", "geometry": {"type": "Point", "coordinates": [430910.7514014792, 319398.5209576996]}, "properties": {"d": 150.0, "pre": 1, "post": 1, "section": 63}}, {"type": "Feature", "geometry": {"type": "Point", "coordinates": [431390.57236573676, 319685.32712299214]}, "properties": {"d": -100.0, "pre": 0, "post": 0, "section": 64}}, {"type": "Feature", "geometry": {"type": "Point", "coordinates": [431391.3113775184, 319675.35446729837]}, "properties": {"d": -90.0, "pre": 0, "post": 0, "section": 64}}, {"type": "Feature", "geometry": {"type": "Point", "coordinates": [431392.05038930004, 319665.3818116046]}, "properties": {"d": -80.0, "pre": 0, "post": 0, "section": 64}}, {"type": "Feature", "geometry": {"type": "Point", "coordinates": [431392.7894010817, 319655.40915591083]}, "properties": {"d": -70.0, "pre": 0, "post": 0, "section": 64}}, {"type": "Feature", "geometry": {"type": "Point", "coordinates": [431393.5284128633, 319645.43650021707]}, "properties": {"d": -60.0, "pre": 0, "post": 0, "section": 64}}, {"type": "Feature", "geometry": {"type": "Point", "coordinates": [431394.26742464496, 319635.4638445233]}, "properties": {"d": -50.0, "pre": 0, "post": 0, "section": 64}}, {"type": "Feature", "geometry": {"type": "Point", "coordinates": [431395.0064364266, 319625.49118882953]}, "properties": {"d": -40.0, "pre": 0, "post": 0, "section": 64}}, {"type": "Feature", "geometry": {"type": "Point", "coordinates": [431395.74544820824, 319615.5185331357]}, "properties": {"d": -30.0, "pre": 0, "post": 0, "section": 64}}, {"type": "Feature", "geometry": {"type": "Point", "coordinates": [431396.4844599899, 319605.54587744194]}, "properties": {"d": -20.0, "pre": 0, "post": 0, "section": 64}}, {"type": "Feature", "geometry": {"type": "Point", "coordinates": [431397.2234717715, 319595.5732217482]}, "properties": {"d": -10.0, "pre": 0, "post": 0, "section": 64}}, {"type": "Feature", "geometry": {"type": "Point", "coordinates": [431397.96248355316, 319585.6005660544]}, "properties": {"d": 0.0, "pre": 1, "post": 0, "section": 64}}, {"type": "Feature", "geometry": {"type": "Point", "coordinates": [431398.7014953348, 319575.62791036064]}, "properties": {"d": 10.0, "pre": 1, "post": 0, "section": 64}}, {"type": "Feature", "geometry": {"type": "Point", "coordinates": [431399.44050711644, 319565.65525466687]}, "properties": {"d": 20.0, "pre": 1, "post": 0, "section": 64}}, {"type": "Feature", "geometry": {"type": "Point", "coordinates": [431400.1795188981, 319555.6825989731]}, "properties": {"d": 30.0, "pre": 1, "post": 0, "section": 64}}, {"type": "Feature", "geometry": {"type": "Point", "coordinates": [431400.9185306797, 319545.7099432793]}, "properties": {"d": 40.0, "pre": 1, "post": 1, "section": 64}}, {"type": "Feature", "geometry": {"type": "Point", "coordinates": [431401.65754246135, 319535.7372875855]}, "properties": {"d": 50.0, "pre": 1, "post": 1, "section": 64}}, {"type": "Feature", "geometry": {"type": "Point", "coordinates": [431402.396554243, 319525.76463189174]}, "properties": {"d": 60.0, "pre": 1, "post": 1, "section": 64}}, {"type": "Feature", "geometry": {"type": "Point", "coordinates": [431403.13556602463, 319515.791976198]}, "properties": {"d": 70.0, "pre": 1, "post": 1, "section": 64}}, {"type": "Feature", "geometry": {"type": "Point", "coordinates": [431403.8745778063, 319505.8193205042]}, "properties": {"d": 80.0, "pre": 1, "post": 1, "section": 64}}, {"type": "Feature", "geometry": {"type": "Point", "coordinates": [431404.6135895879, 319495.84666481044]}, "properties": {"d": 90.0, "pre": 1, "post": 1, "section": 64}}, {"type": "Feature", "geometry": {"type": "Point", "coordinates": [431405.35260136955, 319485.87400911667]}, "properties": {"d": 100.0, "pre": 1, "post": 1, "section": 64}}, {"type": "Feature", "geometry": {"type": "Point", "coordinates": [431406.0916131512, 319475.90135342284]}, "properties": {"d": 110.0, "pre": 1, "post": 1, "section": 64}}, {"type": "Feature", "geometry": {"type": "Point", "coordinates": [431406.83062493283, 319465.9286977291]}, "properties": {"d": 120.0, "pre": 1, "post": 1, "section": 64}}, {"type": "Feature", "geometry": {"type": "Point", "coordinates": [431407.56963671447, 319455.9560420353]}, "properties": {"d": 130.0, "pre": 1, "post": 1, "section": 64}}, {"type": "Feature", "geometry": {"type": "Point", "coordinates": [431408.3086484961, 319445.98338634154]}, "properties": {"d": 140.0, "pre": 1, "post": 1, "section": 64}}, {"type": "Feature", "geometry": {"type": "Point", "coordinates": [431409.04766027775, 319436.0107306478]}, "properties": {"d": 150.0, "pre": 1, "post": 1, "section": 64}}, {"type": "Feature", "geometry": {"type": "Point", "coordinates": [431889.60776569805, 319721.4962159619]}, "properties": {"d": -100.0, "pre": 0, "post": 0, "section": 65}}, {"type": "Feature", "geometry": {"type": "Point", "coordinates": [431890.3124009465, 319711.52107239567]}, "properties": {"d": -90.0, "pre": 0, "post": 0, "section": 65}}, {"type": "Feature", "geometry": {"type": "Point", "coordinates": [431891.01703619503, 319701.5459288294]}, "properties": {"d": -80.0, "pre": 0, "post": 0, "section": 65}}, {"type": "Feature", "geometry": {"type": "Point", "coordinates": [431891.72167144355, 319691.5707852632]}, "properties": {"d": -70.0, "pre": 0, "post": 0, "section": 65}}, {"type": "Feature", "geometry": {"type": "Point", "coordinates": [431892.426306692, 319681.595641697]}, "properties": {"d": -60.0, "pre": 0, "post": 0, "section": 65}}, {"type": "Feature", "geometry": {"type": "Point", "coordinates": [431893.13094194053, 319671.6204981308]}, "properties": {"d": -50.0, "pre": 0, "post": 0, "section": 65}}, {"type": "Feature", "geometry": {"type": "Point", "coordinates": [431893.835577189, 319661.6453545646]}, "properties": {"d": -40.0, "pre": 0, "post": 0, "section": 65}}, {"type": "Feature", "geometry": {"type": "Point", "coordinates": [431894.5402124375, 319651.6702109984]}, "properties": {"d": -30.0, "pre": 0, "post": 0, "section": 65}}, {"type": "Feature", "geometry": {"type": "Point", "coordinates": [431895.24484768603, 319641.6950674321]}, "properties": {"d": -20.0, "pre": 0, "post": 0, "section": 65}}, {"type": "Feature", "geometry": {"type": "Point", "coordinates": [431895.9494829345, 319631.7199238659]}, "properties": {"d": -10.0, "pre": 0, "post": 0, "section": 65}}, {"type": "Feature", "geometry": {"type": "Point", "coordinates": [431896.654118183, 319621.7447802997]}, "properties": {"d": 0.0, "pre": 1, "post": 0, "section": 65}}, {"type": "Feature", "geometry": {"type": "Point", "coordinates": [431897.35875343153, 319611.7696367335]}, "properties": {"d": 10.0, "pre": 1, "post": 0, "section": 65}}, {"type": "Feature", "geometry": {"type": "Point", "coordinates": [431898.06338868, 319601.7944931673]}, "properties": {"d": 20.0, "pre": 1, "post": 0, "section": 65}}, {"type": "Feature", "geometry": {"type": "Point", "coordinates": [431898.7680239285, 319591.81934960105]}, "properties": {"d": 30.0, "pre": 1, "post": 0, "section": 65}}, {"type": "Feature", "geometry": {"type": "Point", "coordinates": [431899.47265917703, 319581.84420603485]}, "properties": {"d": 40.0, "pre": 1, "post": 1, "section": 65}}, {"type": "Feature", "geometry": {"type": "Point", "coordinates": [431900.1772944255, 319571.86906246864]}, "properties": {"d": 50.0, "pre": 1, "post": 1, "section": 65}}, {"type": "Feature", "geometry": {"type": "Point", "coordinates": [431900.881929674, 319561.89391890244]}, "properties": {"d": 60.0, "pre": 1, "post": 1, "section": 65}}, {"type": "Feature", "geometry": {"type": "Point", "coordinates": [431901.5865649225, 319551.91877533623]}, "properties": {"d": 70.0, "pre": 1, "post": 1, "section": 65}}, {"type": "Feature", "geometry": {"type": "Point", "coordinates": [431902.291200171, 319541.94363177003]}, "properties": {"d": 80.0, "pre": 1, "post": 1, "section": 65}}, {"type": "Feature", "geometry": {"type": "Point", "coordinates": [431902.9958354195, 319531.96848820377]}, "properties": {"d": 90.0, "pre": 1, "post": 1, "section": 65}}, {"type": "Feature", "geometry": {"type": "Point", "coordinates": [431903.700470668, 319521.99334463757]}, "properties": {"d": 100.0, "pre": 1, "post": 1, "section": 65}}, {"type": "Feature", "geometry": {"type": "Point", "coordinates": [431904.4051059165, 319512.01820107136]}, "properties": {"d": 110.0, "pre": 1, "post": 1, "section": 65}}, {"type": "Feature", "geometry": {"type": "Point", "coordinates": [431905.109741165, 319502.04305750516]}, "properties": {"d": 120.0, "pre": 1, "post": 1, "section": 65}}, {"type": "Feature", "geometry": {"type": "Point", "coordinates": [431905.8143764135, 319492.06791393895]}, "properties": {"d": 130.0, "pre": 1, "post": 1, "section": 65}}, {"type": "Feature", "geometry": {"type": "Point", "coordinates": [431906.519011662, 319482.09277037275]}, "properties": {"d": 140.0, "pre": 1, "post": 1, "section": 65}}, {"type": "Feature", "geometry": {"type": "Point", "coordinates": [431907.2236469105, 319472.1176268065]}, "properties": {"d": 150.0, "pre": 1, "post": 1, "section": 65}}, {"type": "Feature", "geometry": {"type": "Point", "coordinates": [432388.8875964091, 319755.67338074534]}, "properties": {"d": -100.0, "pre": 0, "post": 0, "section": 66}}, {"type": "Feature", "geometry": {"type": "Point", "coordinates": [432389.5474713198, 319745.69517624244]}, "properties": {"d": -90.0, "pre": 0, "post": 0, "section": 66}}, {"type": "Feature", "geometry": {"type": "Point", "coordinates": [432390.20734623045, 319735.7169717395]}, "properties": {"d": -80.0, "pre": 0, "post": 0, "section": 66}}, {"type": "Feature", "geometry": {"type": "Point", "coordinates": [432390.8672211411, 319725.7387672366]}, "properties": {"d": -70.0, "pre": 0, "post": 0, "section": 66}}, {"type": "Feature", "geometry": {"type": "Point", "coordinates": [432391.5270960518, 319715.76056273363]}, "properties": {"d": -60.0, "pre": 0, "post": 0, "section": 66}}, {"type": "Feature", "geometry": {"type": "Point", "coordinates": [432392.18697096244, 319705.78235823073]}, "properties": {"d": -50.0, "pre": 0, "post": 0, "section": 66}}, {"type": "Feature", "geometry": {"type": "Point", "coordinates": [432392.8468458731, 319695.8041537278]}, "properties": {"d": -40.0, "pre": 0, "post": 0, "section": 66}}, {"type": "Feature", "geometry": {"type": "Point", "coordinates": [432393.5067207838, 319685.8259492249]}, "properties": {"d": -30.0, "pre": 0, "post": 0, "section": 66}}, {"type": "Feature", "geometry": {"type": "Point", "coordinates": [432394.16659569443, 319675.8477447219]}, "properties": {"d": -20.0, "pre": 0, "post": 0, "section": 66}}, {"type": "Feature", "geometry": {"type": "Point", "coordinates": [432394.8264706051, 319665.869540219]}, "properties": {"d": -10.0, "pre": 0, "post": 0, "section": 66}}, {"type": "Feature", "geometry": {"type": "Point", "coordinates": [432395.48634551576, 319655.89133571606]}, "properties": {"d": 0.0, "pre": 1, "post": 0, "section": 66}}, {"type": "Feature", "geometry": {"type": "Point", "coordinates": [432396.1462204264, 319645.9131312131]}, "properties": {"d": 10.0, "pre": 1, "post": 0, "section": 66}}, {"type": "Feature", "geometry": {"type": "Point", "coordinates": [432396.8060953371, 319635.9349267102]}, "properties": {"d": 20.0, "pre": 1, "post": 0, "section": 66}}, {"type": "Feature", "geometry": {"type": "Point", "coordinates": [432397.46597024775, 319625.95672220725]}, "properties": {"d": 30.0, "pre": 1, "post": 0, "section": 66}}, {"type": "Feature", "geometry": {"type": "Point", "coordinates": [432398.1258451584, 319615.97851770435]}, "properties": {"d": 40.0, "pre": 1, "post": 1, "section": 66}}, {"type": "Feature", "geometry": {"type": "Point", "coordinates": [432398.7857200691, 319606.0003132014]}, "properties": {"d": 50.0, "pre": 1, "post": 1, "section": 66}}, {"type": "Feature", "geometry": {"type": "Point", "coordinates": [432399.44559497974, 319596.0221086985]}, "properties": {"d": 60.0, "pre": 1, "post": 1, "section": 66}}, {"type": "Feature", "geometry": {"type": "Point", "coordinates": [432400.1054698904, 319586.04390419554]}, "properties": {"d": 70.0, "pre": 1, "post": 1, "section": 66}}, {"type": "Feature", "geometry": {"type": "Point", "coordinates": [432400.76534480107, 319576.06569969264]}, "properties": {"d": 80.0, "pre": 1, "post": 1, "section": 66}}, {"type": "Feature", "geometry": {"type": "Point", "coordinates": [432401.42521971173, 319566.0874951897]}, "properties": {"d": 90.0, "pre": 1, "post": 1, "section": 66}}, {"type": "Feature", "geometry": {"type": "Point", "coordinates": [432402.0850946224, 319556.1092906868]}, "properties": {"d": 100.0, "pre": 1, "post": 1, "section": 66}}, {"type": "Feature", "geometry": {"type": "Point", "coordinates": [432402.74496953306, 319546.1310861838]}, "properties": {"d": 110.0, "pre": 1, "post": 1, "section": 66}}, {"type": "Feature", "geometry": {"type": "Point", "coordinates": [432403.4048444437, 319536.15288168093]}, "properties": {"d": 120.0, "pre": 1, "post": 1, "section": 66}}, {"type": "Feature", "geometry": {"type": "Point", "coordinates": [432404.0647193544, 319526.174677178]}, "properties": {"d": 130.0, "pre": 1, "post": 1, "section": 66}}, {"type": "Feature", "geometry": {"type": "Point", "coordinates": [432404.72459426505, 319516.1964726751]}, "properties": {"d": 140.0, "pre": 1, "post": 1, "section": 66}}, {"type": "Feature", "geometry": {"type": "Point", "coordinates": [432405.3844691757, 319506.2182681721]}, "properties": {"d": 150.0, "pre": 1, "post": 1, "section": 66}}, {"type": "Feature", "geometry": {"type": "Point", "coordinates": [432888.3826158599, 319787.45180900843]}, "properties": {"d": -100.0, "pre": 0, "post": 0, "section": 67}}, {"type": "Feature", "geometry": {"type": "Point", "coordinates": [432888.9920503506, 319777.47039680363]}, "properties": {"d": -90.0, "pre": 0, "post": 0, "section": 67}}, {"type": "Feature", "geometry": {"type": "Point", "coordinates": [432889.60148484126, 319767.4889845989]}, "properties": {"d": -80.0, "pre": 0, "post": 0, "section": 67}}, {"type": "Feature", "geometry": {"type": "Point", "coordinates": [432890.21091933193, 319757.5075723941]}, "properties": {"d": -70.0, "pre": 0, "post": 0, "section": 67}}, {"type": "Feature", "geometry": {"type": "Point", "coordinates": [432890.8203538226, 319747.5261601893]}, "properties": {"d": -60.0, "pre": 0, "post": 0, "section": 67}}, {"type": "Feature", "geometry": {"type": "Point", "coordinates": [432891.4297883132, 319737.54474798456]}, "properties": {"d": -50.0, "pre": 0, "post": 0, "section": 67}}, {"type": "Feature", "geometry": {"type": "Point", "coordinates": [432892.0392228039, 319727.56333577976]}, "properties": {"d": -40.0, "pre": 0, "post": 0, "section": 67}}, {"type": "Feature", "geometry": {"type": "Point", "coordinates": [432892.6486572946, 319717.581923575]}, "properties": {"d": -30.0, "pre": 0, "post": 0, "section": 67}}, {"type": "Feature", "geometry": {"type": "Point", "coordinates": [432893.25809178525, 319707.6005113702]}, "properties": {"d": -20.0, "pre": 0, "post": 0, "section": 67}}, {"type": "Feature", "geometry": {"type": "Point", "coordinates": [432893.8675262759, 319697.6190991655]}, "properties": {"d": -10.0, "pre": 0, "post": 0, "section": 67}}, {"type": "Feature", "geometry": {"type": "Point", "coordinates": [432894.4769607666, 319687.6376869607]}, "properties": {"d": 0.0, "pre": 1, "post": 0, "section": 67}}, {"type": "Feature", "geometry": {"type": "Point", "coordinates": [432895.08639525727, 319677.6562747559]}, "properties": {"d": 10.0, "pre": 1, "post": 0, "section": 67}}, {"type": "Feature", "geometry": {"type": "Point", "coordinates": [432895.69582974794, 319667.67486255115]}, "properties": {"d": 20.0, "pre": 1, "post": 0, "section": 67}}, {"type": "Feature", "geometry": {"type": "Point", "coordinates": [432896.3052642386, 319657.69345034636]}, "properties": {"d": 30.0, "pre": 1, "post": 0, "section": 67}}, {"type": "Feature", "geometry": {"type": "Point", "coordinates": [432896.9146987293, 319647.7120381416]}, "properties": {"d": 40.0, "pre": 1, "post": 1, "section": 67}}, {"type": "Feature", "geometry": {"type": "Point", "coordinates": [432897.52413321997, 319637.7306259368]}, "properties": {"d": 50.0, "pre": 1, "post": 1, "section": 67}}, {"type": "Feature", "geometry": {"type": "Point", "coordinates": [432898.1335677106, 319627.7492137321]}, "properties": {"d": 60.0, "pre": 1, "post": 1, "section": 67}}, {"type": "Feature", "geometry": {"type": "Point", "coordinates": [432898.74300220126, 319617.7678015273]}, "properties": {"d": 70.0, "pre": 1, "post": 1, "section": 67}}, {"type": "Feature", "geometry": {"type": "Point", "coordinates": [432899.35243669193, 319607.7863893225]}, "properties": {"d": 80.0, "pre": 1, "post": 1, "section": 67}}, {"type": "Feature", "geometry": {"type": "Point", "coordinates": [432899.9618711826, 319597.80497711775]}, "properties": {"d": 90.0, "pre": 1, "post": 1, "section": 67}}, {"type": "Feature", "geometry": {"type": "Point", "coordinates": [432900.5713056733, 319587.82356491295]}, "properties": {"d": 100.0, "pre": 1, "post": 1, "section": 67}}, {"type": "Feature", "geometry": {"type": "Point", "coordinates": [432901.18074016395, 319577.8421527082]}, "properties": {"d": 110.0, "pre": 1, "post": 1, "section": 67}}, {"type": "Feature", "geometry": {"type": "Point", "coordinates": [432901.7901746546, 319567.8607405034]}, "properties": {"d": 120.0, "pre": 1, "post": 1, "section": 67}}, {"type": "Feature", "geometry": {"type": "Point", "coordinates": [432902.3996091453, 319557.8793282987]}, "properties": {"d": 130.0, "pre": 1, "post": 1, "section": 67}}, {"type": "Feature", "geometry": {"type": "Point", "coordinates": [432903.009043636, 319547.8979160939]}, "properties": {"d": 140.0, "pre": 1, "post": 1, "section": 67}}, {"type": "Feature", "geometry": {"type": "Point", "coordinates": [432903.61847812665, 319537.9165038891]}, "properties": {"d": 150.0, "pre": 1, "post": 1, "section": 67}}, {"type": "Feature", "geometry": {"type": "Point", "coordinates": [433388.04269638204, 319816.66452682257]}, "properties": {"d": -100.0, "pre": 0, "post": 0, "section": 68}}, {"type": "Feature", "geometry": {"type": "Point", "coordinates": [433388.600831646, 319806.68011472037]}, "properties": {"d": -90.0, "pre": 0, "post": 0, "section": 68}}, {"type": "Feature", "geometry": {"type": "Point", "coordinates": [433389.15896691, 319796.6957026181]}, "properties": {"d": -80.0, "pre": 0, "post": 0, "section": 68}}, {"type": "Feature", "geometry": {"type": "Point", "coordinates": [433389.71710217395, 319786.7112905159]}, "properties": {"d": -70.0, "pre": 0, "post": 0, "section": 68}}, {"type": "Feature", "geometry": {"type": "Point", "coordinates": [433390.2752374379, 319776.7268784137]}, "properties": {"d": -60.0, "pre": 0, "post": 0, "section": 68}}, {"type": "Feature", "geometry": {"type": "Point", "coordinates": [433390.8333727019, 319766.74246631144]}, "properties": {"d": -50.0, "pre": 0, "post": 0, "section": 68}}, {"type": "Feature", "geometry": {"type": "Point", "coordinates": [433391.39150796586, 319756.75805420923]}, "properties": {"d": -40.0, "pre": 0, "post": 0, "section": 68}}, {"type": "Feature", "geometry": {"type": "Point", "coordinates": [433391.94964322983, 319746.773642107]}, "properties": {"d": -30.0, "pre": 0, "post": 0, "section": 68}}, {"type": "Feature", "geometry": {"type": "Point", "coordinates": [433392.5077784938, 319736.78923000477]}, "properties": {"d": -20.0, "pre": 0, "post": 0, "section": 68}}, {"type": "Feature", "geometry": {"type": "Point", "coordinates": [433393.0659137578, 319726.8048179025]}, "properties": {"d": -10.0, "pre": 0, "post": 0, "section": 68}}, {"type": "Feature", "geometry": {"type": "Point", "coordinates": [433393.62404902175, 319716.8204058003]}, "properties": {"d": 0.0, "pre": 1, "post": 0, "section": 68}}, {"type": "Feature", "geometry": {"type": "Point", "coordinates": [433394.1821842857, 319706.8359936981]}, "properties": {"d": 10.0, "pre": 1, "post": 0, "section": 68}}, {"type": "Feature", "geometry": {"type": "Point", "coordinates": [433394.7403195497, 319696.85158159584]}, "properties": {"d": 20.0, "pre": 1, "post": 0, "section": 68}}, {"type": "Feature", "geometry": {"type": "Point", "coordinates": [433395.29845481366, 319686.86716949363]}, "properties": {"d": 30.0, "pre": 1, "post": 0, "section": 68}}, {"type": "Feature", "geometry": {"type": "Point", "coordinates": [433395.85659007763, 319676.8827573914]}, "properties": {"d": 40.0, "pre": 1, "post": 1, "section": 68}}, {"type": "Feature", "geometry": {"type": "Point", "coordinates": [433396.4147253416, 319666.89834528917]}, "properties": {"d": 50.0, "pre": 1, "post": 1, "section": 68}}, {"type": "Feature", "geometry": {"type": "Point", "coordinates": [433396.9728606056, 319656.9139331869]}, "properties": {"d": 60.0, "pre": 1, "post": 1, "section": 68}}, {"type": "Feature", "geometry": {"type": "Point", "coordinates": [433397.53099586954, 319646.9295210847]}, "properties": {"d": 70.0, "pre": 1, "post": 1, "section": 68}}, {"type": "Feature", "geometry": {"type": "Point", "coordinates": [433398.0891311335, 319636.9451089825]}, "properties": {"d": 80.0, "pre": 1, "post": 1, "section": 68}}, {"type": "Feature", "geometry": {"type": "Point", "coordinates": [433398.6472663975, 319626.96069688024]}, "properties": {"d": 90.0, "pre": 1, "post": 1, "section": 68}}, {"type": "Feature", "geometry": {"type": "Point", "coordinates": [433399.20540166146, 319616.97628477804]}, "properties": {"d": 100.0, "pre": 1, "post": 1, "section": 68}}, {"type": "Feature", "geometry": {"type": "Point", "coordinates": [433399.7635369254, 319606.9918726758]}, "properties": {"d": 110.0, "pre": 1, "post": 1, "section": 68}}, {"type": "Feature", "geometry": {"type": "Point", "coordinates": [433400.3216721894, 319597.0074605736]}, "properties": {"d": 120.0, "pre": 1, "post": 1, "section": 68}}, {"type": "Feature", "geometry": {"type": "Point", "coordinates": [433400.87980745337, 319587.02304847137]}, "properties": {"d": 130.0, "pre": 1, "post": 1, "section": 68}}, {"type": "Feature", "geometry": {"type": "Point", "coordinates": [433401.43794271734, 319577.0386363691]}, "properties": {"d": 140.0, "pre": 1, "post": 1, "section": 68}}, {"type": "Feature", "geometry": {"type": "Point", "coordinates": [433401.9960779813, 319567.0542242669]}, "properties": {"d": 150.0, "pre": 1, "post": 1, "section": 68}}, {"type": "Feature", "geometry": {"type": "Point", "coordinates": [433887.803740756, 319843.3845210644]}, "properties": {"d": -100.0, "pre": 0, "post": 0, "section": 69}}, {"type": "Feature", "geometry": {"type": "Point", "coordinates": [433888.31441317627, 319833.39756889275]}, "properties": {"d": -90.0, "pre": 0, "post": 0, "section": 69}}, {"type": "Feature", "geometry": {"type": "Point", "coordinates": [433888.8250855965, 319823.4106167211]}, "properties": {"d": -80.0, "pre": 0, "post": 0, "section": 69}}, {"type": "Feature", "geometry": {"type": "Point", "coordinates": [433889.33575801674, 319813.4236645494]}, "properties": {"d": -70.0, "pre": 0, "post": 0, "section": 69}}, {"type": "Feature", "geometry": {"type": "Point", "coordinates": [433889.84643043694, 319803.43671237776]}, "properties": {"d": -60.0, "pre": 0, "post": 0, "section": 69}}, {"type": "Feature", "geometry": {"type": "Point", "coordinates": [433890.3571028572, 319793.4497602061]}, "properties": {"d": -50.0, "pre": 0, "post": 0, "section": 69}}, {"type": "Feature", "geometry": {"type": "Point", "coordinates": [433890.8677752774, 319783.46280803444]}, "properties": {"d": -40.0, "pre": 0, "post": 0, "section": 69}}, {"type": "Feature", "geometry": {"type": "Point", "coordinates": [433891.3784476977, 319773.4758558627]}, "properties": {"d": -30.0, "pre": 0, "post": 0, "section": 69}}, {"type": "Feature", "geometry": {"type": "Point", "coordinates": [433891.8891201179, 319763.48890369106]}, "properties": {"d": -20.0, "pre": 0, "post": 0, "section": 69}}, {"type": "Feature", "geometry": {"type": "Point", "coordinates": [433892.39979253814, 319753.5019515194]}, "properties": {"d": -10.0, "pre": 0, "post": 0, "section": 69}}, {"type": "Feature", "geometry": {"type": "Point", "coordinates": [433892.91046495835, 319743.51499934774]}, "properties": {"d": 0.0, "pre": 1, "post": 0, "section": 69}}, {"type": "Feature", "geometry": {"type": "Point", "coordinates": [433893.42113737855, 319733.5280471761]}, "properties": {"d": 10.0, "pre": 1, "post": 0, "section": 69}}, {"type": "Feature", "geometry": {"type": "Point", "coordinates": [433893.9318097988, 319723.5410950044]}, "properties": {"d": 20.0, "pre": 1, "post": 0, "section": 69}}, {"type": "Feature", "geometry": {"type": "Point", "coordinates": [433894.442482219, 319713.55414283276]}, "properties": {"d": 30.0, "pre": 1, "post": 1, "section": 69}}, {"type": "Feature", "geometry": {"type": "Point", "coordinates": [433894.9531546393, 319703.56719066104]}, "properties": {"d": 40.0, "pre": 1, "post": 1, "section": 69}}, {"type": "Feature", "geometry": {"type": "Point", "coordinates": [433895.4638270595, 319693.5802384894]}, "properties": {"d": 50.0, "pre": 1, "post": 1, "section": 69}}, {"type": "Feature", "geometry": {"type": "Point", "coordinates": [433895.97449947975, 319683.5932863177]}, "properties": {"d": 60.0, "pre": 1, "post": 1, "section": 69}}, {"type": "Feature", "geometry": {"type": "Point", "coordinates": [433896.48517189996, 319673.60633414605]}, "properties": {"d": 70.0, "pre": 1, "post": 1, "section": 69}}, {"type": "Feature", "geometry": {"type": "Point", "coordinates": [433896.9958443202, 319663.6193819744]}, "properties": {"d": 80.0, "pre": 1, "post": 1, "section": 69}}, {"type": "Feature", "geometry": {"type": "Point", "coordinates": [433897.5065167404, 319653.63242980273]}, "properties": {"d": 90.0, "pre": 1, "post": 1, "section": 69}}, {"type": "Feature", "geometry": {"type": "Point", "coordinates": [433898.0171891607, 319643.6454776311]}, "properties": {"d": 100.0, "pre": 1, "post": 1, "section": 69}}, {"type": "Feature", "geometry": {"type": "Point", "coordinates": [433898.5278615809, 319633.65852545935]}, "properties": {"d": 110.0, "pre": 1, "post": 1, "section": 69}}, {"type": "Feature", "geometry": {"type": "Point", "coordinates": [433899.03853400116, 319623.6715732877]}, "properties": {"d": 120.0, "pre": 1, "post": 1, "section": 69}}, {"type": "Feature", "geometry": {"type": "Point", "coordinates": [433899.54920642136, 319613.68462111603]}, "properties": {"d": 130.0, "pre": 1, "post": 1, "section": 69}}, {"type": "Feature", "geometry": {"type": "Point", "coordinates": [433900.0598788416, 319603.69766894437]}, "properties": {"d": 140.0, "pre": 1, "post": 1, "section": 69}}, {"type": "Feature", "geometry": {"type": "Point", "coordinates": [433900.57055126183, 319593.7107167727]}, "properties": {"d": 150.0, "pre": 1, "post": 1, "section": 69}}, {"type": "Feature", "geometry": {"type": "Point", "coordinates": [434387.59540205455, 319867.91231815]}, "properties": {"d": -100.0, "pre": 0, "post": 0, "section": 70}}, {"type": "Feature", "geometry": {"type": "Point", "coordinates": [434388.06677315215, 319857.92343386356]}, "properties": {"d": -90.0, "pre": 0, "post": 0, "section": 70}}, {"type": "Feature", "geometry": {"type": "Point", "coordinates": [434388.5381442498, 319847.93454957707]}, "properties": {"d": -80.0, "pre": 0, "post": 0, "section": 70}}, {"type": "Feature", "geometry": {"type": "Point", "coordinates": [434389.0095153474, 319837.94566529064]}, "properties": {"d": -70.0, "pre": 0, "post": 0, "section": 70}}, {"type": "Feature", "geometry": {"type": "Point", "coordinates": [434389.48088644503, 319827.95678100415]}, "properties": {"d": -60.0, "pre": 0, "post": 0, "section": 70}}, {"type": "Feature", "geometry": {"type": "Point", "coordinates": [434389.95225754264, 319817.9678967177]}, "properties": {"d": -50.0, "pre": 0, "post": 0, "section": 70}}, {"type": "Feature", "geometry": {"type": "Point", "coordinates": [434390.42362864024, 319807.9790124312]}, "properties": {"d": -40.0, "pre": 0, "post": 0, "section": 70}}, {"type": "Feature", "geometry": {"type": "Point", "coordinates": [434390.89499973785, 319797.9901281448]}, "properties": {"d": -30.0, "pre": 0, "post": 0, "section": 70}}, {"type": "Feature", "geometry": {"type": "Point", "coordinates": [434391.3663708355, 319788.0012438583]}, "properties": {"d": -20.0, "pre": 0, "post": 0, "section": 70}}, {"type": "Feature", "geometry": {"type": "Point", "coordinates": [434391.8377419331, 319778.0123595719]}, "properties": {"d": -10.0, "pre": 0, "post": 0, "section": 70}}, {"type": "Feature", "geometry": {"type": "Point", "coordinates": [434392.30911303073, 319768.0234752854]}, "properties": {"d": 0.0, "pre": 1, "post": 0, "section": 70}}, {"type": "Feature", "geometry": {"type": "Point", "coordinates": [434392.78048412834, 319758.0345909989]}, "properties": {"d": 10.0, "pre": 1, "post": 0, "section": 70}}, {"type": "Feature", "geometry": {"type": "Point", "coordinates": [434393.25185522594, 319748.04570671247]}, "properties": {"d": 20.0, "pre": 1, "post": 0, "section": 70}}, {"type": "Feature", "geometry": {"type": "Point", "coordinates": [434393.7232263236, 319738.056822426]}, "properties": {"d": 30.0, "pre": 1, "post": 1, "section": 70}}, {"type": "Feature", "geometry": {"type": "Point", "coordinates": [434394.1945974212, 319728.06793813955]}, "properties": {"d": 40.0, "pre": 1, "post": 1, "section": 70}}, {"type": "Feature", "geometry": {"type": "Point", "coordinates": [434394.6659685188, 319718.07905385306]}, "properties": {"d": 50.0, "pre": 1, "post": 1, "section": 70}}, {"type": "Feature", "geometry": {"type": "Point", "coordinates": [434395.1373396164, 319708.0901695666]}, "properties": {"d": 60.0, "pre": 1, "post": 1, "section": 70}}, {"type": "Feature", "geometry": {"type": "Point", "coordinates": [434395.60871071403, 319698.10128528014]}, "properties": {"d": 70.0, "pre": 1, "post": 1, "section": 70}}, {"type": "Feature", "geometry": {"type": "Point", "coordinates": [434396.08008181164, 319688.1124009937]}, "properties": {"d": 80.0, "pre": 1, "post": 1, "section": 70}}, {"type": "Feature", "geometry": {"type": "Point", "coordinates": [434396.5514529093, 319678.1235167072]}, "properties": {"d": 90.0, "pre": 1, "post": 1, "section": 70}}, {"type": "Feature", "geometry": {"type": "Point", "coordinates": [434397.0228240069, 319668.1346324208]}, "properties": {"d": 100.0, "pre": 1, "post": 1, "section": 70}}, {"type": "Feature", "geometry": {"type": "Point", "coordinates": [434397.4941951045, 319658.1457481343]}, "properties": {"d": 110.0, "pre": 1, "post": 1, "section": 70}}, {"type": "Feature", "geometry": {"type": "Point", "coordinates": [434397.9655662021, 319648.15686384786]}, "properties": {"d": 120.0, "pre": 1, "post": 1, "section": 70}}, {"type": "Feature", "geometry": {"type": "Point", "coordinates": [434398.43693729973, 319638.1679795614]}, "properties": {"d": 130.0, "pre": 1, "post": 1, "section": 70}}, {"type": "Feature", "geometry": {"type": "Point", "coordinates": [434398.90830839734, 319628.17909527494]}, "properties": {"d": 140.0, "pre": 1, "post": 1, "section": 70}}, {"type": "Feature", "geometry": {"type": "Point", "coordinates": [434399.379679495, 319618.19021098845]}, "properties": {"d": 150.0, "pre": 1, "post": 1, "section": 70}}, {"type": "Feature", "geometry": {"type": "Point", "coordinates": [434887.348049926, 319890.7514379718]}, "properties": {"d": -100.0, "pre": 0, "post": 0, "section": 71}}, {"type": "Feature", "geometry": {"type": "Point", "coordinates": [434887.7920079972, 319880.761297771]}, "properties": {"d": -90.0, "pre": 0, "post": 0, "section": 71}}, {"type": "Feature", "geometry": {"type": "Point", "coordinates": [434888.23596606846, 319870.77115757024]}, "properties": {"d": -80.0, "pre": 0, "post": 0, "section": 71}}, {"type": "Feature", "geometry": {"type": "Point", "coordinates": [434888.67992413964, 319860.7810173695]}, "properties": {"d": -70.0, "pre": 0, "post": 0, "section": 71}}, {"type": "Feature", "geometry": {"type": "Point", "coordinates": [434889.1238822109, 319850.7908771687]}, "properties": {"d": -60.0, "pre": 0, "post": 0, "section": 71}}, {"type": "Feature", "geometry": {"type": "Point", "coordinates": [434889.5678402821, 319840.80073696794]}, "properties": {"d": -50.0, "pre": 0, "post": 0, "section": 71}}, {"type": "Feature", "geometry": {"type": "Point", "coordinates": [434890.0117983533, 319830.8105967672]}, "properties": {"d": -40.0, "pre": 0, "post": 0, "section": 71}}, {"type": "Feature", "geometry": {"type": "Point", "coordinates": [434890.4557564245, 319820.8204565664]}, "properties": {"d": -30.0, "pre": 0, "post": 0, "section": 71}}, {"type": "Feature", "geometry": {"type": "Point", "coordinates": [434890.89971449575, 319810.83031636564]}, "properties": {"d": -20.0, "pre": 0, "post": 0, "section": 71}}, {"type": "Feature", "geometry": {"type": "Point", "coordinates": [434891.34367256693, 319800.8401761649]}, "properties": {"d": -10.0, "pre": 0, "post": 0, "section": 71}}, {"type": "Feature", "geometry": {"type": "Point", "coordinates": [434891.78763063817, 319790.8500359641]}, "properties": {"d": 0.0, "pre": 1, "post": 0, "section": 71}}, {"type": "Feature", "geometry": {"type": "Point", "coordinates": [434892.2315887094, 319780.85989576334]}, "properties": {"d": 10.0, "pre": 1, "post": 0, "section": 71}}, {"type": "Feature", "geometry": {"type": "Point", "coordinates": [434892.6755467806, 319770.86975556257]}, "properties": {"d": 20.0, "pre": 1, "post": 0, "section": 71}}, {"type": "Feature", "geometry": {"type": "Point", "coordinates": [434893.1195048518, 319760.8796153618]}, "properties": {"d": 30.0, "pre": 1, "post": 1, "section": 71}}, {"type": "Feature", "geometry": {"type": "Point", "coordinates": [434893.56346292305, 319750.88947516104]}, "properties": {"d": 40.0, "pre": 1, "post": 1, "section": 71}}, {"type": "Feature", "geometry": {"type": "Point", "coordinates": [434894.0074209942, 319740.89933496027]}, "properties": {"d": 50.0, "pre": 1, "post": 1, "section": 71}}, {"type": "Feature", "geometry": {"type": "Point", "coordinates": [434894.45137906546, 319730.9091947595]}, "properties": {"d": 60.0, "pre": 1, "post": 1, "section": 71}}, {"type": "Feature", "geometry": {"type": "Point", "coordinates": [434894.8953371367, 319720.91905455873]}, "properties": {"d": 70.0, "pre": 1, "post": 1, "section": 71}}, {"type": "Feature", "geometry": {"type": "Point", "coordinates": [434895.3392952079, 319710.92891435797]}, "properties": {"d": 80.0, "pre": 1, "post": 1, "section": 71}}, {"type": "Feature", "geometry": {"type": "Point", "coordinates": [434895.7832532791, 319700.9387741572]}, "properties": {"d": 90.0, "pre": 1, "post": 1, "section": 71}}, {"type": "Feature", "geometry": {"type": "Point", "coordinates": [434896.22721135034, 319690.94863395643]}, "properties": {"d": 100.0, "pre": 1, "post": 1, "section": 71}}, {"type": "Feature", "geometry": {"type": "Point", "coordinates": [434896.6711694216, 319680.95849375566]}, "properties": {"d": 110.0, "pre": 1, "post": 1, "section": 71}}, {"type": "Feature", "geometry": {"type": "Point", "coordinates": [434897.11512749275, 319670.9683535549]}, "properties": {"d": 120.0, "pre": 1, "post": 1, "section": 71}}, {"type": "Feature", "geometry": {"type": "Point", "coordinates": [434897.559085564, 319660.97821335413]}, "properties": {"d": 130.0, "pre": 1, "post": 1, "section": 71}}, {"type": "Feature", "geometry": {"type": "Point", "coordinates": [434898.0030436352, 319650.98807315336]}, "properties": {"d": 140.0, "pre": 1, "post": 1, "section": 71}}, {"type": "Feature", "geometry": {"type": "Point", "coordinates": [434898.4470017064, 319640.9979329526]}, "properties": {"d": 150.0, "pre": 1, "post": 1, "section": 71}}, {"type": "Feature", "geometry": {"type": "Point", "coordinates": [435386.99779421807, 319912.5729771498]}, "properties": {"d": -100.0, "pre": 0, "post": 0, "section": 72}}, {"type": "Feature", "geometry": {"type": "Point", "coordinates": [435387.42915787344, 319902.58228521195]}, "properties": {"d": -90.0, "pre": 0, "post": 0, "section": 72}}, {"type": "Feature", "geometry": {"type": "Point", "coordinates": [435387.8605215288, 319892.5915932741]}, "properties": {"d": -80.0, "pre": 0, "post": 0, "section": 72}}, {"type": "Feature", "geometry": {"type": "Point", "coordinates": [435388.2918851841, 319882.60090133623]}, "properties": {"d": -70.0, "pre": 0, "post": 0, "section": 72}}, {"type": "Feature", "geometry": {"type": "Point", "coordinates": [435388.7232488395, 319872.61020939844]}, "properties": {"d": -60.0, "pre": 0, "post": 0, "section": 72}}, {"type": "Feature", "geometry": {"type": "Point", "coordinates": [435389.15461249487, 319862.6195174606]}, "properties": {"d": -50.0, "pre": 0, "post": 0, "section": 72}}, {"type": "Feature", "geometry": {"type": "Point", "coordinates": [435389.5859761502, 319852.6288255227]}, "properties": {"d": -40.0, "pre": 0, "post": 0, "section": 72}}, {"type": "Feature", "geometry": {"type": "Point", "coordinates": [435390.01733980555, 319842.6381335849]}, "properties": {"d": -30.0, "pre": 0, "post": 0, "section": 72}}, {"type": "Feature", "geometry": {"type": "Point", "coordinates": [435390.4487034609, 319832.6474416471]}, "properties": {"d": -20.0, "pre": 0, "post": 0, "section": 72}}, {"type": "Feature", "geometry": {"type": "Point", "coordinates": [435390.88006711623, 319822.6567497092]}, "properties": {"d": -10.0, "pre": 0, "post": 0, "section": 72}}, {"type": "Feature", "geometry": {"type": "Point", "coordinates": [435391.3114307716, 319812.66605777136]}, "properties": {"d": 0.0, "pre": 1, "post": 0, "section": 72}}, {"type": "Feature", "geometry": {"type": "Point", "coordinates": [435391.742794427, 319802.6753658335]}, "properties": {"d": 10.0, "pre": 1, "post": 0, "section": 72}}, {"type": "Feature", "geometry": {"type": "Point", "coordinates": [435392.1741580823, 319792.68467389565]}, "properties": {"d": 20.0, "pre": 1, "post": 0, "section": 72}}, {"type": "Feature", "geometry": {"type": "Point", "coordinates": [435392.60552173766, 319782.69398195785]}, "properties": {"d": 30.0, "pre": 1, "post": 1, "section": 72}}, {"type": "Feature", "geometry": {"type": "Point", "coordinates": [435393.036885393, 319772.70329002]}, "properties": {"d": 40.0, "pre": 1, "post": 1, "section": 72}}, {"type": "Feature", "geometry": {"type": "Point", "coordinates": [435393.46824904834, 319762.71259808214]}, "properties": {"d": 50.0, "pre": 1, "post": 1, "section": 72}}, {"type": "Feature", "geometry": {"type": "Point", "coordinates": [435393.8996127037, 319752.7219061443]}, "properties": {"d": 60.0, "pre": 1, "post": 1, "section": 72}}, {"type": "Feature", "geometry": {"type": "Point", "coordinates": [435394.3309763591, 319742.7312142065]}, "properties": {"d": 70.0, "pre": 1, "post": 1, "section": 72}}, {"type": "Feature", "geometry": {"type": "Point", "coordinates": [435394.7623400144, 319732.74052226864]}, "properties": {"d": 80.0, "pre": 1, "post": 1, "section": 72}}, {"type": "Feature", "geometry": {"type": "Point", "coordinates": [435395.19370366976, 319722.7498303308]}, "properties": {"d": 90.0, "pre": 1, "post": 1, "section": 72}}, {"type": "Feature", "geometry": {"type": "Point", "coordinates": [435395.62506732513, 319712.7591383929]}, "properties": {"d": 100.0, "pre": 1, "post": 1, "section": 72}}, {"type": "Feature", "geometry": {"type": "Point", "coordinates": [435396.05643098045, 319702.7684464551]}, "properties": {"d": 110.0, "pre": 1, "post": 1, "section": 72}}, {"type": "Feature", "geometry": {"type": "Point", "coordinates": [435396.4877946358, 319692.7777545173]}, "properties": {"d": 120.0, "pre": 1, "post": 1, "section": 72}}, {"type": "Feature", "geometry": {"type": "Point", "coordinates": [435396.9191582912, 319682.7870625794]}, "properties": {"d": 130.0, "pre": 1, "post": 1, "section": 72}}, {"type": "Feature", "geometry": {"type": "Point", "coordinates": [435397.35052194656, 319672.79637064156]}, "properties": {"d": 140.0, "pre": 1, "post": 1, "section": 72}}, {"type": "Feature", "geometry": {"type": "Point", "coordinates": [435397.7818856019, 319662.80567870376]}, "properties": {"d": 150.0, "pre": 1, "post": 1, "section": 72}}, {"type": "Feature", "geometry": {"type": "Point", "coordinates": [435886.4889934558, 319934.1712581745]}, "properties": {"d": -100.0, "pre": 0, "post": 0, "section": 73}}, {"type": "Feature", "geometry": {"type": "Point", "coordinates": [435886.92455847486, 319924.18074852217]}, "properties": {"d": -90.0, "pre": 0, "post": 0, "section": 73}}, {"type": "Feature", "geometry": {"type": "Point", "coordinates": [435887.36012349394, 319914.1902388698]}, "properties": {"d": -80.0, "pre": 0, "post": 0, "section": 73}}, {"type": "Feature", "geometry": {"type": "Point", "coordinates": [435887.7956885131, 319904.19972921745]}, "properties": {"d": -70.0, "pre": 0, "post": 0, "section": 73}}, {"type": "Feature", "geometry": {"type": "Point", "coordinates": [435888.23125353217, 319894.20921956503]}, "properties": {"d": -60.0, "pre": 0, "post": 0, "section": 73}}, {"type": "Feature", "geometry": {"type": "Point", "coordinates": [435888.66681855125, 319884.2187099127]}, "properties": {"d": -50.0, "pre": 0, "post": 0, "section": 73}}, {"type": "Feature", "geometry": {"type": "Point", "coordinates": [435889.1023835704, 319874.2282002603]}, "properties": {"d": -40.0, "pre": 0, "post": 0, "section": 73}}, {"type": "Feature", "geometry": {"type": "Point", "coordinates": [435889.5379485895, 319864.23769060796]}, "properties": {"d": -30.0, "pre": 0, "post": 0, "section": 73}}, {"type": "Feature", "geometry": {"type": "Point", "coordinates": [435889.97351360857, 319854.24718095554]}, "properties": {"d": -20.0, "pre": 0, "post": 0, "section": 73}}, {"type": "Feature", "geometry": {"type": "Point", "coordinates": [435890.4090786277, 319844.2566713032]}, "properties": {"d": -10.0, "pre": 0, "post": 0, "section": 73}}, {"type": "Feature", "geometry": {"type": "Point", "coordinates": [435890.8446436468, 319834.2661616508]}, "properties": {"d": 0.0, "pre": 0, "post": 0, "section": 73}}, {"type": "Feature", "geometry": {"type": "Point", "coordinates": [435891.2802086659, 319824.27565199847]}, "properties": {"d": 10.0, "pre": 1, "post": 0, "section": 73}}, {"type": "Feature", "geometry": {"type": "Point", "coordinates": [435891.715773685, 319814.2851423461]}, "properties": {"d": 20.0, "pre": 1, "post": 0, "section": 73}}, {"type": "Feature", "geometry": {"type": "Point", "coordinates": [435892.1513387041, 319804.2946326937]}, "properties": {"d": 30.0, "pre": 1, "post": 1, "section": 73}}, {"type": "Feature", "geometry": {"type": "Point", "coordinates": [435892.5869037232, 319794.30412304134]}, "properties": {"d": 40.0, "pre": 1, "post": 1, "section": 73}}, {"type": "Feature", "geometry": {"type": "Point", "coordinates": [435893.02246874233, 319784.313613389]}, "properties": {"d": 50.0, "pre": 1, "post": 1, "section": 73}}, {"type": "Feature", "geometry": {"type": "Point", "coordinates": [435893.4580337614, 319774.3231037366]}, "properties": {"d": 60.0, "pre": 1, "post": 1, "section": 73}}, {"type": "Feature", "geometry": {"type": "Point", "coordinates": [435893.8935987805, 319764.3325940842]}, "properties": {"d": 70.0, "pre": 1, "post": 1, "section": 73}}, {"type": "Feature", "geometry": {"type": "Point", "coordinates": [435894.32916379964, 319754.34208443185]}, "properties": {"d": 80.0, "pre": 1, "post": 1, "section": 73}}, {"type": "Feature", "geometry": {"type": "Point", "coordinates": [435894.7647288187, 319744.3515747795]}, "properties": {"d": 90.0, "pre": 1, "post": 1, "section": 73}}, {"type": "Feature", "geometry": {"type": "Point", "coordinates": [435895.2002938378, 319734.36106512713]}, "properties": {"d": 100.0, "pre": 1, "post": 1, "section": 73}}, {"type": "Feature", "geometry": {"type": "Point", "coordinates": [435895.63585885696, 319724.3705554747]}, "properties": {"d": 110.0, "pre": 1, "post": 1, "section": 73}}, {"type": "Feature", "geometry": {"type": "Point", "coordinates": [435896.07142387604, 319714.38004582236]}, "properties": {"d": 120.0, "pre": 1, "post": 1, "section": 73}}, {"type": "Feature", "geometry": {"type": "Point", "coordinates": [435896.5069888952, 319704.38953617]}, "properties": {"d": 130.0, "pre": 1, "post": 1, "section": 73}}, {"type": "Feature", "geometry": {"type": "Point", "coordinates": [435896.94255391427, 319694.39902651764]}, "properties": {"d": 140.0, "pre": 1, "post": 1, "section": 73}}, {"type": "Feature", "geometry": {"type": "Point", "coordinates": [435897.37811893335, 319684.4085168652]}, "properties": {"d": 150.0, "pre": 1, "post": 1, "section": 73}}, {"type": "Feature", "geometry": {"type": "Point", "coordinates": [436385.7743842028, 319956.41294797364]}, "properties": {"d": -100.0, "pre": 0, "post": 0, "section": 74}}, {"type": "Feature", "geometry": {"type": "Point", "coordinates": [436386.23186256987, 319946.4234177773]}, "properties": {"d": -90.0, "pre": 0, "post": 0, "section": 74}}, {"type": "Feature", "geometry": {"type": "Point", "coordinates": [436386.68934093695, 319936.43388758093]}, "properties": {"d": -80.0, "pre": 0, "post": 0, "section": 74}}, {"type": "Feature", "geometry": {"type": "Point", "coordinates": [436387.14681930403, 319926.44435738464]}, "properties": {"d": -70.0, "pre": 0, "post": 0, "section": 74}}, {"type": "Feature", "geometry": {"type": "Point", "coordinates": [436387.6042976711, 319916.4548271883]}, "properties": {"d": -60.0, "pre": 0, "post": 0, "section": 74}}, {"type": "Feature", "geometry": {"type": "Point", "coordinates": [436388.0617760382, 319906.4652969919]}, "properties": {"d": -50.0, "pre": 0, "post": 0, "section": 74}}, {"type": "Feature", "geometry": {"type": "Point", "coordinates": [436388.5192544053, 319896.4757667956]}, "properties": {"d": -40.0, "pre": 0, "post": 0, "section": 74}}, {"type": "Feature", "geometry": {"type": "Point", "coordinates": [436388.97673277237, 319886.4862365992]}, "properties": {"d": -30.0, "pre": 0, "post": 0, "section": 74}}, {"type": "Feature", "geometry": {"type": "Point", "coordinates": [436389.43421113945, 319876.4967064029]}, "properties": {"d": -20.0, "pre": 0, "post": 0, "section": 74}}, {"type": "Feature", "geometry": {"type": "Point", "coordinates": [436389.89168950653, 319866.50717620656]}, "properties": {"d": -10.0, "pre": 0, "post": 0, "section": 74}}, {"type": "Feature", "geometry": {"type": "Point", "coordinates": [436390.3491678736, 319856.5176460102]}, "properties": {"d": 0.0, "pre": 0, "post": 0, "section": 74}}, {"type": "Feature", "geometry": {"type": "Point", "coordinates": [436390.8066462407, 319846.52811581385]}, "properties": {"d": 10.0, "pre": 1, "post": 0, "section": 74}}, {"type": "Feature", "geometry": {"type": "Point", "coordinates": [436391.2641246078, 319836.5385856175]}, "properties": {"d": 20.0, "pre": 1, "post": 0, "section": 74}}, {"type": "Feature", "geometry": {"type": "Point", "coordinates": [436391.72160297487, 319826.5490554212]}, "properties": {"d": 30.0, "pre": 1, "post": 1, "section": 74}}, {"type": "Feature", "geometry": {"type": "Point", "coordinates": [436392.17908134195, 319816.55952522485]}, "properties": {"d": 40.0, "pre": 1, "post": 1, "section": 74}}, {"type": "Feature", "geometry": {"type": "Point", "coordinates": [436392.63655970903, 319806.5699950285]}, "properties": {"d": 50.0, "pre": 1, "post": 1, "section": 74}}, {"type": "Feature", "geometry": {"type": "Point", "coordinates": [436393.0940380761, 319796.58046483214]}, "properties": {"d": 60.0, "pre": 1, "post": 1, "section": 74}}, {"type": "Feature", "geometry": {"type": "Point", "coordinates": [436393.5515164432, 319786.5909346358]}, "properties": {"d": 70.0, "pre": 1, "post": 1, "section": 74}}, {"type": "Feature", "geometry": {"type": "Point", "coordinates": [436394.0089948103, 319776.6014044395]}, "properties": {"d": 80.0, "pre": 1, "post": 1, "section": 74}}, {"type": "Feature", "geometry": {"type": "Point", "coordinates": [436394.46647317737, 319766.6118742431]}, "properties": {"d": 90.0, "pre": 1, "post": 1, "section": 74}}, {"type": "Feature", "geometry": {"type": "Point", "coordinates": [436394.92395154445, 319756.6223440468]}, "properties": {"d": 100.0, "pre": 1, "post": 1, "section": 74}}, {"type": "Feature", "geometry": {"type": "Point", "coordinates": [436395.38142991153, 319746.6328138504]}, "properties": {"d": 110.0, "pre": 1, "post": 1, "section": 74}}, {"type": "Feature", "geometry": {"type": "Point", "coordinates": [436395.8389082786, 319736.6432836541]}, "properties": {"d": 120.0, "pre": 1, "post": 1, "section": 74}}, {"type": "Feature", "geometry": {"type": "Point", "coordinates": [436396.2963866457, 319726.65375345777]}, "properties": {"d": 130.0, "pre": 1, "post": 1, "section": 74}}, {"type": "Feature", "geometry": {"type": "Point", "coordinates": [436396.7538650128, 319716.6642232614]}, "properties": {"d": 140.0, "pre": 1, "post": 1, "section": 74}}, {"type": "Feature", "geometry": {"type": "Point", "coordinates": [436397.21134337987, 319706.67469306506]}, "properties": {"d": 150.0, "pre": 1, "post": 1, "section": 74}}, {"type": "Feature", "geometry": {"type": "Point", "coordinates": [436884.81356925605, 319980.18231409456]}, "properties": {"d": -100.0, "pre": 0, "post": 0, "section": 75}}, {"type": "Feature", "geometry": {"type": "Point", "coordinates": [436885.3104764601, 319970.1946675635]}, "properties": {"d": -90.0, "pre": 0, "post": 0, "section": 75}}, {"type": "Feature", "geometry": {"type": "Point", "coordinates": [436885.8073836642, 319960.20702103234]}, "properties": {"d": -80.0, "pre": 0, "post": 0, "section": 75}}, {"type": "Feature", "geometry": {"type": "Point", "coordinates": [436886.3042908682, 319950.2193745012]}, "properties": {"d": -70.0, "pre": 0, "post": 0, "section": 75}}, {"type": "Feature", "geometry": {"type": "Point", "coordinates": [436886.8011980723, 319940.2317279701]}, "properties": {"d": -60.0, "pre": 0, "post": 0, "section": 75}}, {"type": "Feature", "geometry": {"type": "Point", "coordinates": [436887.29810527636, 319930.244081439]}, "properties": {"d": -50.0, "pre": 0, "post": 0, "section": 75}}, {"type": "Feature", "geometry": {"type": "Point", "coordinates": [436887.79501248046, 319920.2564349079]}, "properties": {"d": -40.0, "pre": 0, "post": 0, "section": 75}}, {"type": "Feature", "geometry": {"type": "Point", "coordinates": [436888.2919196845, 319910.26878837676]}, "properties": {"d": -30.0, "pre": 0, "post": 0, "section": 75}}, {"type": "Feature", "geometry": {"type": "Point", "coordinates": [436888.7888268886, 319900.2811418456]}, "properties": {"d": -20.0, "pre": 0, "post": 0, "section": 75}}, {"type": "Feature", "geometry": {"type": "Point", "coordinates": [436889.28573409264, 319890.29349531454]}, "properties": {"d": -10.0, "pre": 0, "post": 0, "section": 75}}, {"type": "Feature", "geometry": {"type": "Point", "coordinates": [436889.78264129674, 319880.3058487834]}, "properties": {"d": 0.0, "pre": 0, "post": 0, "section": 75}}, {"type": "Feature", "geometry": {"type": "Point", "coordinates": [436890.27954850084, 319870.31820225227]}, "properties": {"d": 10.0, "pre": 1, "post": 0, "section": 75}}, {"type": "Feature", "geometry": {"type": "Point", "coordinates": [436890.7764557049, 319860.3305557212]}, "properties": {"d": 20.0, "pre": 1, "post": 0, "section": 75}}, {"type": "Feature", "geometry": {"type": "Point", "coordinates": [436891.273362909, 319850.34290919005]}, "properties": {"d": 30.0, "pre": 1, "post": 1, "section": 75}}, {"type": "Feature", "geometry": {"type": "Point", "coordinates": [436891.770270113, 319840.3552626589]}, "properties": {"d": 40.0, "pre": 1, "post": 1, "section": 75}}, {"type": "Feature", "geometry": {"type": "Point", "coordinates": [436892.2671773171, 319830.3676161278]}, "properties": {"d": 50.0, "pre": 1, "post": 1, "section": 75}}, {"type": "Feature", "geometry": {"type": "Point", "coordinates": [436892.76408452116, 319820.3799695967]}, "properties": {"d": 60.0, "pre": 1, "post": 1, "section": 75}}, {"type": "Feature", "geometry": {"type": "Point", "coordinates": [436893.26099172526, 319810.3923230656]}, "properties": {"d": 70.0, "pre": 1, "post": 1, "section": 75}}, {"type": "Feature", "geometry": {"type": "Point", "coordinates": [436893.7578989293, 319800.40467653447]}, "properties": {"d": 80.0, "pre": 1, "post": 1, "section": 75}}, {"type": "Feature", "geometry": {"type": "Point", "coordinates": [436894.2548061334, 319790.41703000333]}, "properties": {"d": 90.0, "pre": 1, "post": 1, "section": 75}}, {"type": "Feature", "geometry": {"type": "Point", "coordinates": [436894.75171333743, 319780.42938347225]}, "properties": {"d": 100.0, "pre": 1, "post": 1, "section": 75}}, {"type": "Feature", "geometry": {"type": "Point", "coordinates": [436895.24862054153, 319770.4417369411]}, "properties": {"d": 110.0, "pre": 1, "post": 1, "section": 75}}, {"type": "Feature", "geometry": {"type": "Point", "coordinates": [436895.7455277456, 319760.45409040997]}, "properties": {"d": 120.0, "pre": 1, "post": 1, "section": 75}}, {"type": "Feature", "geometry": {"type": "Point", "coordinates": [436896.2424349497, 319750.4664438789]}, "properties": {"d": 130.0, "pre": 1, "post": 1, "section": 75}}, {"type": "Feature", "geometry": {"type": "Point", "coordinates": [436896.73934215377, 319740.47879734775]}, "properties": {"d": 140.0, "pre": 1, "post": 1, "section": 75}}, {"type": "Feature", "geometry": {"type": "Point", "coordinates": [436897.2362493578, 319730.49115081667]}, "properties": {"d": 150.0, "pre": 1, "post": 1, "section": 75}}, {"type": "Feature", "geometry": {"type": "Point", "coordinates": [437383.5711706717, 320006.3254219743]}, "properties": {"d": -100.0, "pre": 0, "post": 0, "section": 76}}, {"type": "Feature", "geometry": {"type": "Point", "coordinates": [437384.1237065048, 319996.34069843515]}, "properties": {"d": -90.0, "pre": 0, "post": 0, "section": 76}}, {"type": "Feature", "geometry": {"type": "Point", "coordinates": [437384.67624233797, 319986.355974896]}, "properties": {"d": -80.0, "pre": 0, "post": 0, "section": 76}}, {"type": "Feature", "geometry": {"type": "Point", "coordinates": [437385.2287781711, 319976.37125135685]}, "properties": {"d": -70.0, "pre": 0, "post": 0, "section": 76}}, {"type": "Feature", "geometry": {"type": "Point", "coordinates": [437385.78131400427, 319966.3865278177]}, "properties": {"d": -60.0, "pre": 0, "post": 0, "section": 76}}, {"type": "Feature", "geometry": {"type": "Point", "coordinates": [437386.3338498374, 319956.40180427855]}, "properties": {"d": -50.0, "pre": 0, "post": 0, "section": 76}}, {"type": "Feature", "geometry": {"type": "Point", "coordinates": [437386.8863856706, 319946.4170807394]}, "properties": {"d": -40.0, "pre": 0, "post": 0, "section": 76}}, {"type": "Feature", "geometry": {"type": "Point", "coordinates": [437387.43892150366, 319936.4323572003]}, "properties": {"d": -30.0, "pre": 0, "post": 0, "section": 76}}, {"type": "Feature", "geometry": {"type": "Point", "coordinates": [437387.9914573368, 319926.44763366116]}, "properties": {"d": -20.0, "pre": 0, "post": 0, "section": 76}}, {"type": "Feature", "geometry": {"type": "Point", "coordinates": [437388.54399316997, 319916.462910122]}, "properties": {"d": -10.0, "pre": 0, "post": 0, "section": 76}}, {"type": "Feature", "geometry": {"type": "Point", "coordinates": [437389.0965290031, 319906.47818658286]}, "properties": {"d": 0.0, "pre": 0, "post": 0, "section": 76}}, {"type": "Feature", "geometry": {"type": "Point", "coordinates": [437389.64906483627, 319896.4934630437]}, "properties": {"d": 10.0, "pre": 1, "post": 0, "section": 76}}, {"type": "Feature", "geometry": {"type": "Point", "coordinates": [437390.2016006694, 319886.50873950456]}, "properties": {"d": 20.0, "pre": 1, "post": 1, "section": 76}}, {"type": "Feature", "geometry": {"type": "Point", "coordinates": [437390.75413650257, 319876.5240159654]}, "properties": {"d": 30.0, "pre": 1, "post": 1, "section": 76}}, {"type": "Feature", "geometry": {"type": "Point", "coordinates": [437391.30667233566, 319866.5392924263]}, "properties": {"d": 40.0, "pre": 1, "post": 1, "section": 76}}, {"type": "Feature", "geometry": {"type": "Point", "coordinates": [437391.8592081688, 319856.55456888716]}, "properties": {"d": 50.0, "pre": 1, "post": 1, "section": 76}}, {"type": "Feature", "geometry": {"type": "Point", "coordinates": [437392.41174400196, 319846.569845348]}, "properties": {"d": 60.0, "pre": 1, "post": 1, "section": 76}}, {"type": "Feature", "geometry": {"type": "Point", "coordinates": [437392.9642798351, 319836.58512180886]}, "properties": {"d": 70.0, "pre": 1, "post": 1, "section": 76}}, {"type": "Feature", "geometry": {"type": "Point", "coordinates": [437393.51681566826, 319826.6003982697]}, "properties": {"d": 80.0, "pre": 1, "post": 1, "section": 76}}, {"type": "Feature", "geometry": {"type": "Point", "coordinates": [437394.0693515014, 319816.61567473056]}, "properties": {"d": 90.0, "pre": 1, "post": 1, "section": 76}}, {"type": "Feature", "geometry": {"type": "Point", "coordinates": [437394.6218873345, 319806.6309511914]}, "properties": {"d": 100.0, "pre": 1, "post": 1, "section": 76}}, {"type": "Feature", "geometry": {"type": "Point", "coordinates": [437395.17442316766, 319796.6462276523]}, "properties": {"d": 110.0, "pre": 1, "post": 1, "section": 76}}, {"type": "Feature", "geometry": {"type": "Point", "coordinates": [437395.7269590008, 319786.6615041132]}, "properties": {"d": 120.0, "pre": 1, "post": 1, "section": 76}}, {"type": "Feature", "geometry": {"type": "Point", "coordinates": [437396.27949483396, 319776.676780574]}, "properties": {"d": 130.0, "pre": 1, "post": 1, "section": 76}}, {"type": "Feature", "geometry": {"type": "Point", "coordinates": [437396.8320306671, 319766.6920570349]}, "properties": {"d": 140.0, "pre": 1, "post": 1, "section": 76}}, {"type": "Feature", "geometry": {"type": "Point", "coordinates": [437397.38456650026, 319756.7073334957]}, "properties": {"d": 150.0, "pre": 1, "post": 1, "section": 76}}, {"type": "Feature", "geometry": {"type": "Point", "coordinates": [437882.01562011335, 320035.5961026115]}, "properties": {"d": -100.0, "pre": 0, "post": 0, "section": 77}}, {"type": "Feature", "geometry": {"type": "Point", "coordinates": [437882.63761881745, 320025.61546547693]}, "properties": {"d": -90.0, "pre": 0, "post": 0, "section": 77}}, {"type": "Feature", "geometry": {"type": "Point", "coordinates": [437883.25961752154, 320015.63482834236]}, "properties": {"d": -80.0, "pre": 0, "post": 0, "section": 77}}, {"type": "Feature", "geometry": {"type": "Point", "coordinates": [437883.8816162257, 320005.6541912078]}, "properties": {"d": -70.0, "pre": 0, "post": 0, "section": 77}}, {"type": "Feature", "geometry": {"type": "Point", "coordinates": [437884.5036149298, 319995.6735540732]}, "properties": {"d": -60.0, "pre": 0, "post": 0, "section": 77}}, {"type": "Feature", "geometry": {"type": "Point", "coordinates": [437885.1256136339, 319985.6929169386]}, "properties": {"d": -50.0, "pre": 0, "post": 0, "section": 77}}, {"type": "Feature", "geometry": {"type": "Point", "coordinates": [437885.74761233805, 319975.71227980405]}, "properties": {"d": -40.0, "pre": 0, "post": 0, "section": 77}}, {"type": "Feature", "geometry": {"type": "Point", "coordinates": [437886.36961104214, 319965.7316426695]}, "properties": {"d": -30.0, "pre": 0, "post": 0, "section": 77}}, {"type": "Feature", "geometry": {"type": "Point", "coordinates": [437886.99160974624, 319955.7510055349]}, "properties": {"d": -20.0, "pre": 0, "post": 0, "section": 77}}, {"type": "Feature", "geometry": {"type": "Point", "coordinates": [437887.6136084504, 319945.7703684003]}, "properties": {"d": -10.0, "pre": 0, "post": 0, "section": 77}}, {"type": "Feature", "geometry": {"type": "Point", "coordinates": [437888.2356071545, 319935.78973126574]}, "properties": {"d": 0.0, "pre": 0, "post": 0, "section": 77}}, {"type": "Feature", "geometry": {"type": "Point", "coordinates": [437888.8576058586, 319925.80909413117]}, "properties": {"d": 10.0, "pre": 1, "post": 0, "section": 77}}, {"type": "Feature", "geometry": {"type": "Point", "coordinates": [437889.47960456274, 319915.8284569966]}, "properties": {"d": 20.0, "pre": 1, "post": 1, "section": 77}}, {"type": "Feature", "geometry": {"type": "Point", "coordinates": [437890.10160326684, 319905.847819862]}, "properties": {"d": 30.0, "pre": 1, "post": 1, "section": 77}}, {"type": "Feature", "geometry": {"type": "Point", "coordinates": [437890.72360197094, 319895.86718272744]}, "properties": {"d": 40.0, "pre": 1, "post": 1, "section": 77}}, {"type": "Feature", "geometry": {"type": "Point", "coordinates": [437891.3456006751, 319885.88654559286]}, "properties": {"d": 50.0, "pre": 1, "post": 1, "section": 77}}, {"type": "Feature", "geometry": {"type": "Point", "coordinates": [437891.9675993792, 319875.9059084583]}, "properties": {"d": 60.0, "pre": 1, "post": 1, "section": 77}}, {"type": "Feature", "geometry": {"type": "Point", "coordinates": [437892.5895980833, 319865.9252713237]}, "properties": {"d": 70.0, "pre": 1, "post": 1, "section": 77}}, {"type": "Feature", "geometry": {"type": "Point", "coordinates": [437893.21159678744, 319855.94463418913]}, "properties": {"d": 80.0, "pre": 1, "post": 1, "section": 77}}, {"type": "Feature", "geometry": {"type": "Point", "coordinates": [437893.83359549154, 319845.96399705455]}, "properties": {"d": 90.0, "pre": 1, "post": 1, "section": 77}}, {"type": "Feature", "geometry": {"type": "Point", "coordinates": [437894.45559419564, 319835.98335992]}, "properties": {"d": 100.0, "pre": 1, "post": 1, "section": 77}}, {"type": "Feature", "geometry": {"type": "Point", "coordinates": [437895.0775928998, 319826.0027227854]}, "properties": {"d": 110.0, "pre": 1, "post": 1, "section": 77}}, {"type": "Feature", "geometry": {"type": "Point", "coordinates": [437895.6995916039, 319816.0220856508]}, "properties": {"d": 120.0, "pre": 1, "post": 1, "section": 77}}, {"type": "Feature", "geometry": {"type": "Point", "coordinates": [437896.32159030804, 319806.04144851625]}, "properties": {"d": 130.0, "pre": 1, "post": 1, "section": 77}}, {"type": "Feature", "geometry": {"type": "Point", "coordinates": [437896.94358901214, 319796.06081138167]}, "properties": {"d": 140.0, "pre": 1, "post": 1, "section": 77}}, {"type": "Feature", "geometry": {"type": "Point", "coordinates": [437897.56558771624, 319786.0801742471]}, "properties": {"d": 150.0, "pre": 1, "post": 1, "section": 77}}, {"type": "Feature", "geometry": {"type": "Point", "coordinates": [438380.1199363471, 320068.6065209917]}, "properties": {"d": -100.0, "pre": 0, "post": 0, "section": 78}}, {"type": "Feature", "geometry": {"type": "Point", "coordinates": [438380.82192936493, 320058.63119113236]}, "properties": {"d": -90.0, "pre": 0, "post": 0, "section": 78}}, {"type": "Feature", "geometry": {"type": "Point", "coordinates": [438381.5239223828, 320048.65586127306]}, "properties": {"d": -80.0, "pre": 0, "post": 0, "section": 78}}, {"type": "Feature", "geometry": {"type": "Point", "coordinates": [438382.2259154006, 320038.6805314137]}, "properties": {"d": -70.0, "pre": 0, "post": 0, "section": 78}}, {"type": "Feature", "geometry": {"type": "Point", "coordinates": [438382.92790841847, 320028.70520155434]}, "properties": {"d": -60.0, "pre": 0, "post": 0, "section": 78}}, {"type": "Feature", "geometry": {"type": "Point", "coordinates": [438383.6299014363, 320018.729871695]}, "properties": {"d": -50.0, "pre": 0, "post": 0, "section": 78}}, {"type": "Feature", "geometry": {"type": "Point", "coordinates": [438384.33189445414, 320008.75454183563]}, "properties": {"d": -40.0, "pre": 0, "post": 0, "section": 78}}, {"type": "Feature", "geometry": {"type": "Point", "coordinates": [438385.03388747195, 319998.7792119763]}, "properties": {"d": -30.0, "pre": 0, "post": 0, "section": 78}}, {"type": "Feature", "geometry": {"type": "Point", "coordinates": [438385.7358804898, 319988.8038821169]}, "properties": {"d": -20.0, "pre": 0, "post": 0, "section": 78}}, {"type": "Feature", "geometry": {"type": "Point", "coordinates": [438386.4378735076, 319978.82855225756]}, "properties": {"d": -10.0, "pre": 0, "post": 0, "section": 78}}, {"type": "Feature", "geometry": {"type": "Point", "coordinates": [438387.1398665255, 319968.8532223982]}, "properties": {"d": 0.0, "pre": 0, "post": 0, "section": 78}}, {"type": "Feature", "geometry": {"type": "Point", "coordinates": [438387.84185954335, 319958.87789253885]}, "properties": {"d": 10.0, "pre": 1, "post": 0, "section": 78}}, {"type": "Feature", "geometry": {"type": "Point", "coordinates": [438388.54385256115, 319948.9025626795]}, "properties": {"d": 20.0, "pre": 1, "post": 1, "section": 78}}, {"type": "Feature", "geometry": {"type": "Point", "coordinates": [438389.245845579, 319938.92723282013]}, "properties": {"d": 30.0, "pre": 1, "post": 1, "section": 78}}, {"type": "Feature", "geometry": {"type": "Point", "coordinates": [438389.9478385968, 319928.9519029608]}, "properties": {"d": 40.0, "pre": 1, "post": 1, "section": 78}}, {"type": "Feature", "geometry": {"type": "Point", "coordinates": [438390.6498316147, 319918.9765731014]}, "properties": {"d": 50.0, "pre": 1, "post": 1, "section": 78}}, {"type": "Feature", "geometry": {"type": "Point", "coordinates": [438391.3518246325, 319909.00124324206]}, "properties": {"d": 60.0, "pre": 1, "post": 1, "section": 78}}, {"type": "Feature", "geometry": {"type": "Point", "coordinates": [438392.05381765036, 319899.0259133827]}, "properties": {"d": 70.0, "pre": 1, "post": 1, "section": 78}}, {"type": "Feature", "geometry": {"type": "Point", "coordinates": [438392.75581066817, 319889.05058352335]}, "properties": {"d": 80.0, "pre": 1, "post": 1, "section": 78}}, {"type": "Feature", "geometry": {"type": "Point", "coordinates": [438393.45780368603, 319879.07525366405]}, "properties": {"d": 90.0, "pre": 1, "post": 1, "section": 78}}, {"type": "Feature", "geometry": {"type": "Point", "coordinates": [438394.15979670384, 319869.0999238047]}, "properties": {"d": 100.0, "pre": 1, "post": 1, "section": 78}}, {"type": "Feature", "geometry": {"type": "Point", "coordinates": [438394.8617897217, 319859.12459394534]}, "properties": {"d": 110.0, "pre": 1, "post": 1, "section": 78}}, {"type": "Feature", "geometry": {"type": "Point", "coordinates": [438395.5637827395, 319849.149264086]}, "properties": {"d": 120.0, "pre": 1, "post": 1, "section": 78}}, {"type": "Feature", "geometry": {"type": "Point", "coordinates": [438396.2657757574, 319839.1739342266]}, "properties": {"d": 130.0, "pre": 1, "post": 1, "section": 78}}, {"type": "Feature", "geometry": {"type": "Point", "coordinates": [438396.96776877524, 319829.19860436727]}, "properties": {"d": 140.0, "pre": 1, "post": 1, "section": 78}}, {"type": "Feature", "geometry": {"type": "Point", "coordinates": [438397.66976179305, 319819.2232745079]}, "properties": {"d": 150.0, "pre": 1, "post": 1, "section": 78}}, {"type": "Feature", "geometry": {"type": "Point", "coordinates": [438877.8648080448, 320105.7850020194]}, "properties": {"d": -100.0, "pre": 0, "post": 0, "section": 79}}, {"type": "Feature", "geometry": {"type": "Point", "coordinates": [438878.65325844864, 320095.8161331788]}, "properties": {"d": -90.0, "pre": 0, "post": 0, "section": 79}}, {"type": "Feature", "geometry": {"type": "Point", "coordinates": [438879.4417088525, 320085.8472643382]}, "properties": {"d": -80.0, "pre": 0, "post": 0, "section": 79}}, {"type": "Feature", "geometry": {"type": "Point", "coordinates": [438880.23015925626, 320075.8783954976]}, "properties": {"d": -70.0, "pre": 0, "post": 0, "section": 79}}, {"type": "Feature", "geometry": {"type": "Point", "coordinates": [438881.0186096601, 320065.9095266571]}, "properties": {"d": -60.0, "pre": 0, "post": 0, "section": 79}}, {"type": "Feature", "geometry": {"type": "Point", "coordinates": [438881.80706006393, 320055.9406578165]}, "properties": {"d": -50.0, "pre": 0, "post": 0, "section": 79}}, {"type": "Feature", "geometry": {"type": "Point", "coordinates": [438882.59551046777, 320045.9717889759]}, "properties": {"d": -40.0, "pre": 0, "post": 0, "section": 79}}, {"type": "Feature", "geometry": {"type": "Point", "coordinates": [438883.3839608716, 320036.00292013533]}, "properties": {"d": -30.0, "pre": 0, "post": 0, "section": 79}}, {"type": "Feature", "geometry": {"type": "Point", "coordinates": [438884.17241127545, 320026.03405129473]}, "properties": {"d": -20.0, "pre": 0, "post": 0, "section": 79}}, {"type": "Feature", "geometry": {"type": "Point", "coordinates": [438884.9608616793, 320016.0651824542]}, "properties": {"d": -10.0, "pre": 0, "post": 0, "section": 79}}, {"type": "Feature", "geometry": {"type": "Point", "coordinates": [438885.7493120831, 320006.0963136136]}, "properties": {"d": 0.0, "pre": 0, "post": 0, "section": 79}}, {"type": "Feature", "geometry": {"type": "Point", "coordinates": [438886.53776248696, 319996.127444773]}, "properties": {"d": 10.0, "pre": 1, "post": 0, "section": 79}}, {"type": "Feature", "geometry": {"type": "Point", "coordinates": [438887.3262128908, 319986.15857593244]}, "properties": {"d": 20.0, "pre": 1, "post": 1, "section": 79}}, {"type": "Feature", "geometry": {"type": "Point", "coordinates": [438888.11466329463, 319976.18970709183]}, "properties": {"d": 30.0, "pre": 1, "post": 1, "section": 79}}, {"type": "Feature", "geometry": {"type": "Point", "coordinates": [438888.90311369847, 319966.2208382513]}, "properties": {"d": 40.0, "pre": 1, "post": 1, "section": 79}}, {"type": "Feature", "geometry": {"type": "Point", "coordinates": [438889.6915641023, 319956.2519694107]}, "properties": {"d": 50.0, "pre": 1, "post": 1, "section": 79}}, {"type": "Feature", "geometry": {"type": "Point", "coordinates": [438890.48001450615, 319946.2831005701]}, "properties": {"d": 60.0, "pre": 1, "post": 1, "section": 79}}, {"type": "Feature", "geometry": {"type": "Point", "coordinates": [438891.26846491, 319936.31423172954]}, "properties": {"d": 70.0, "pre": 1, "post": 1, "section": 79}}, {"type": "Feature", "geometry": {"type": "Point", "coordinates": [438892.05691531376, 319926.34536288894]}, "properties": {"d": 80.0, "pre": 1, "post": 1, "section": 79}}, {"type": "Feature", "geometry": {"type": "Point", "coordinates": [438892.8453657176, 319916.37649404834]}, "properties": {"d": 90.0, "pre": 1, "post": 1, "section": 79}}, {"type": "Feature", "geometry": {"type": "Point", "coordinates": [438893.63381612144, 319906.4076252078]}, "properties": {"d": 100.0, "pre": 1, "post": 1, "section": 79}}, {"type": "Feature", "geometry": {"type": "Point", "coordinates": [438894.4222665253, 319896.4387563672]}, "properties": {"d": 110.0, "pre": 1, "post": 1, "section": 79}}, {"type": "Feature", "geometry": {"type": "Point", "coordinates": [438895.2107169291, 319886.46988752665]}, "properties": {"d": 120.0, "pre": 1, "post": 1, "section": 79}}, {"type": "Feature", "geometry": {"type": "Point", "coordinates": [438895.99916733295, 319876.50101868605]}, "properties": {"d": 130.0, "pre": 1, "post": 1, "section": 79}}, {"type": "Feature", "geometry": {"type": "Point", "coordinates": [438896.7876177368, 319866.53214984544]}, "properties": {"d": 140.0, "pre": 1, "post": 1, "section": 79}}, {"type": "Feature", "geometry": {"type": "Point", "coordinates": [438897.5760681406, 319856.5632810049]}, "properties": {"d": 150.0, "pre": 1, "post": 1, "section": 79}}, {"type": "Feature", "geometry": {"type": "Point", "coordinates": [439375.2438892717, 320147.34343201923]}, "properties": {"d": -100.0, "pre": 0, "post": 0, "section": 80}}, {"type": "Feature", "geometry": {"type": "Point", "coordinates": [439376.1206412485, 320137.3819408672]}, "properties": {"d": -90.0, "pre": 0, "post": 0, "section": 80}}, {"type": "Feature", "geometry": {"type": "Point", "coordinates": [439376.99739322526, 320127.4204497152]}, "properties": {"d": -80.0, "pre": 0, "post": 0, "section": 80}}, {"type": "Feature", "geometry": {"type": "Point", "coordinates": [439377.87414520205, 320117.4589585632]}, "properties": {"d": -70.0, "pre": 0, "post": 0, "section": 80}}, {"type": "Feature", "geometry": {"type": "Point", "coordinates": [439378.75089717883, 320107.4974674113]}, "properties": {"d": -60.0, "pre": 0, "post": 0, "section": 80}}, {"type": "Feature", "geometry": {"type": "Point", "coordinates": [439379.6276491556, 320097.53597625927]}, "properties": {"d": -50.0, "pre": 0, "post": 0, "section": 80}}, {"type": "Feature", "geometry": {"type": "Point", "coordinates": [439380.50440113246, 320087.57448510727]}, "properties": {"d": -40.0, "pre": 0, "post": 0, "section": 80}}, {"type": "Feature", "geometry": {"type": "Point", "coordinates": [439381.38115310925, 320077.61299395526]}, "properties": {"d": -30.0, "pre": 0, "post": 0, "section": 80}}, {"type": "Feature", "geometry": {"type": "Point", "coordinates": [439382.25790508604, 320067.6515028033]}, "properties": {"d": -20.0, "pre": 0, "post": 0, "section": 80}}, {"type": "Feature", "geometry": {"type": "Point", "coordinates": [439383.1346570628, 320057.6900116513]}, "properties": {"d": -10.0, "pre": 0, "post": 0, "section": 80}}, {"type": "Feature", "geometry": {"type": "Point", "coordinates": [439384.0114090396, 320047.7285204993]}, "properties": {"d": 0.0, "pre": 0, "post": 0, "section": 80}}, {"type": "Feature", "geometry": {"type": "Point", "coordinates": [439384.8881610164, 320037.7670293473]}, "properties": {"d": 10.0, "pre": 1, "post": 0, "section": 80}}, {"type": "Feature", "geometry": {"type": "Point", "coordinates": [439385.7649129932, 320027.8055381953]}, "properties": {"d": 20.0, "pre": 1, "post": 1, "section": 80}}, {"type": "Feature", "geometry": {"type": "Point", "coordinates": [439386.64166496997, 320017.84404704336]}, "properties": {"d": 30.0, "pre": 1, "post": 1, "section": 80}}, {"type": "Feature", "geometry": {"type": "Point", "coordinates": [439387.51841694675, 320007.88255589135]}, "properties": {"d": 40.0, "pre": 1, "post": 1, "section": 80}}, {"type": "Feature", "geometry": {"type": "Point", "coordinates": [439388.3951689236, 319997.92106473935]}, "properties": {"d": 50.0, "pre": 1, "post": 1, "section": 80}}, {"type": "Feature", "geometry": {"type": "Point", "coordinates": [439389.2719209004, 319987.95957358734]}, "properties": {"d": 60.0, "pre": 1, "post": 1, "section": 80}}, {"type": "Feature", "geometry": {"type": "Point", "coordinates": [439390.14867287717, 319977.9980824354]}, "properties": {"d": 70.0, "pre": 1, "post": 1, "section": 80}}, {"type": "Feature", "geometry": {"type": "Point", "coordinates": [439391.02542485396, 319968.0365912834]}, "properties": {"d": 80.0, "pre": 1, "post": 1, "section": 80}}, {"type": "Feature", "geometry": {"type": "Point", "coordinates": [439391.90217683074, 319958.0751001314]}, "properties": {"d": 90.0, "pre": 1, "post": 1, "section": 80}}, {"type": "Feature", "geometry": {"type": "Point", "coordinates": [439392.77892880753, 319948.1136089794]}, "properties": {"d": 100.0, "pre": 1, "post": 1, "section": 80}}, {"type": "Feature", "geometry": {"type": "Point", "coordinates": [439393.6556807843, 319938.1521178274]}, "properties": {"d": 110.0, "pre": 1, "post": 1, "section": 80}}, {"type": "Feature", "geometry": {"type": "Point", "coordinates": [439394.5324327611, 319928.19062667544]}, "properties": {"d": 120.0, "pre": 1, "post": 1, "section": 80}}, {"type": "Feature", "geometry": {"type": "Point", "coordinates": [439395.40918473795, 319918.22913552343]}, "properties": {"d": 130.0, "pre": 1, "post": 1, "section": 80}}, {"type": "Feature", "geometry": {"type": "Point", "coordinates": [439396.28593671473, 319908.26764437143]}, "properties": {"d": 140.0, "pre": 1, "post": 1, "section": 80}}, {"type": "Feature", "geometry": {"type": "Point", "coordinates": [439397.1626886915, 319898.3061532194]}, "properties": {"d": 150.0, "pre": 1, "post": 1, "section": 80}}, {"type": "Feature", "geometry": {"type": "Point", "coordinates": [439872.2704657369, 320193.2559471916]}, "properties": {"d": -100.0, "pre": 0, "post": 0, "section": 81}}, {"type": "Feature", "geometry": {"type": "Point", "coordinates": [439873.2324380452, 320183.3023242694]}, "properties": {"d": -90.0, "pre": 0, "post": 0, "section": 81}}, {"type": "Feature", "geometry": {"type": "Point", "coordinates": [439874.19441035343, 320173.34870134713]}, "properties": {"d": -80.0, "pre": 0, "post": 0, "section": 81}}, {"type": "Feature", "geometry": {"type": "Point", "coordinates": [439875.15638266166, 320163.3950784249]}, "properties": {"d": -70.0, "pre": 0, "post": 0, "section": 81}}, {"type": "Feature", "geometry": {"type": "Point", "coordinates": [439876.11835496995, 320153.44145550265]}, "properties": {"d": -60.0, "pre": 0, "post": 0, "section": 81}}, {"type": "Feature", "geometry": {"type": "Point", "coordinates": [439877.0803272782, 320143.4878325804]}, "properties": {"d": -50.0, "pre": 0, "post": 0, "section": 81}}, {"type": "Feature", "geometry": {"type": "Point", "coordinates": [439878.0422995864, 320133.53420965816]}, "properties": {"d": -40.0, "pre": 0, "post": 0, "section": 81}}, {"type": "Feature", "geometry": {"type": "Point", "coordinates": [439879.0042718947, 320123.5805867359]}, "properties": {"d": -30.0, "pre": 0, "post": 0, "section": 81}}, {"type": "Feature", "geometry": {"type": "Point", "coordinates": [439879.9662442029, 320113.6269638137]}, "properties": {"d": -20.0, "pre": 0, "post": 0, "section": 81}}, {"type": "Feature", "geometry": {"type": "Point", "coordinates": [439880.9282165112, 320103.67334089143]}, "properties": {"d": -10.0, "pre": 0, "post": 0, "section": 81}}, {"type": "Feature", "geometry": {"type": "Point", "coordinates": [439881.89018881944, 320093.7197179692]}, "properties": {"d": 0.0, "pre": 0, "post": 0, "section": 81}}, {"type": "Feature", "geometry": {"type": "Point", "coordinates": [439882.85216112767, 320083.76609504694]}, "properties": {"d": 10.0, "pre": 1, "post": 0, "section": 81}}, {"type": "Feature", "geometry": {"type": "Point", "coordinates": [439883.81413343595, 320073.8124721247]}, "properties": {"d": 20.0, "pre": 1, "post": 1, "section": 81}}, {"type": "Feature", "geometry": {"type": "Point", "coordinates": [439884.7761057442, 320063.85884920246]}, "properties": {"d": 30.0, "pre": 1, "post": 1, "section": 81}}, {"type": "Feature", "geometry": {"type": "Point", "coordinates": [439885.73807805247, 320053.9052262802]}, "properties": {"d": 40.0, "pre": 1, "post": 1, "section": 81}}, {"type": "Feature", "geometry": {"type": "Point", "coordinates": [439886.7000503607, 320043.951603358]}, "properties": {"d": 50.0, "pre": 1, "post": 1, "section": 81}}, {"type": "Feature", "geometry": {"type": "Point", "coordinates": [439887.6620226689, 320033.9979804357]}, "properties": {"d": 60.0, "pre": 1, "post": 1, "section": 81}}, {"type": "Feature", "geometry": {"type": "Point", "coordinates": [439888.6239949772, 320024.0443575135]}, "properties": {"d": 70.0, "pre": 1, "post": 1, "section": 81}}, {"type": "Feature", "geometry": {"type": "Point", "coordinates": [439889.58596728544, 320014.09073459124]}, "properties": {"d": 80.0, "pre": 1, "post": 1, "section": 81}}, {"type": "Feature", "geometry": {"type": "Point", "coordinates": [439890.54793959367, 320004.137111669]}, "properties": {"d": 90.0, "pre": 1, "post": 1, "section": 81}}, {"type": "Feature", "geometry": {"type": "Point", "coordinates": [439891.50991190196, 319994.18348874676]}, "properties": {"d": 100.0, "pre": 1, "post": 1, "section": 81}}, {"type": "Feature", "geometry": {"type": "Point", "coordinates": [439892.4718842102, 319984.2298658245]}, "properties": {"d": 110.0, "pre": 1, "post": 1, "section": 81}}, {"type": "Feature", "geometry": {"type": "Point", "coordinates": [439893.4338565185, 319974.27624290227]}, "properties": {"d": 120.0, "pre": 1, "post": 1, "section": 81}}, {"type": "Feature", "geometry": {"type": "Point", "coordinates": [439894.3958288267, 319964.32261998]}, "properties": {"d": 130.0, "pre": 1, "post": 1, "section": 81}}, {"type": "Feature", "geometry": {"type": "Point", "coordinates": [439895.35780113493, 319954.36899705784]}, "properties": {"d": 140.0, "pre": 1, "post": 1, "section": 81}}, {"type": "Feature", "geometry": {"type": "Point", "coordinates": [439896.3197734432, 319944.4153741356]}, "properties": {"d": 150.0, "pre": 1, "post": 1, "section": 81}}]}